path,validation_result,failed_rule_count
https://courts.ca.gov/sites/default/files/courts/default/2024-08/ab1058_grantmanual.pdf,Error,0
https://courts.ca.gov/sites/default/files/courts/default/2024-08/lr-2022-online-infraction-adjudication-and-ability-to-pay-determinations_2022.pdf,Error,0
https://courts.ca.gov/sites/default/files/courts/default/2024-08/policiesproceduresandtips.pdf,Error,0
https://courts.ca.gov/sites/default/files/courts/default/2024-08/pdr-rfa-attachment-d.pdf,Error,0
https://courts.ca.gov/sites/default/files/courts/default/2024-08/pretrial-risk-assessment-tool-validation_june-2021_finalposted.pdf,Error,0
https://courts.ca.gov/sites/default/files/courts/default/2024-08/ubps-2022-final.pdf,Error,0
https://courts.ca.gov/sites/default/files/courts/default/2024-08/cfcc_jcfinfobrief.pdf,Error,0
https://courts.ca.gov/sites/default/files/courts/default/2024-08/ab1058-2019-flf-program-tools-handout4.pdf,Error,0
https://courts.ca.gov/sites/default/files/courts/default/2024-08/2018-jc-bail.pdf,Error,0
https://courts.ca.gov/sites/default/files/courts/default/2024-08/cfcc_brief_educ.pdf,Error,0
https://courts.ca.gov/sites/default/files/courts/default/2024-08/lr-2020-online-traffic-adjudication-ability-to-pay-ba2018.pdf,Error,0
https://courts.ca.gov/sites/default/files/courts/default/2024-08/cfcc_brief_substance.pdf,Error,0
https://courts.ca.gov/sites/default/files/courts/default/2024-08/cfcc_brief_healthcare.pdf,Error,0
https://courts.ca.gov/sites/default/files/courts/default/2024-08/pretrial_pilot_program_leg_report_january_2021.pdf,Error,0
https://courts.ca.gov/sites/default/files/courts/default/2024-08/access-to-visitation-grant-program-report-to-the-legislature-march-2018.pdf,Error,0
https://courts.ca.gov/sites/default/files/courts/default/2024-08/cfcc_brief_mentalhealthcare.pdf,Error,0
https://courts.ca.gov/sites/default/files/courts/default/2024-08/2017-jc-bail.pdf,Error,0
https://courts.ca.gov/sites/default/files/courts/default/2024-08/ab1058-implicit-bias-handout1.pdf,Error,0
https://courts.ca.gov/sites/default/files/courts/default/2024-12/tuolumne_audit_report_final_8-09-12.pdf,Error,0
https://courts.ca.gov/sites/default/files/courts/default/2024-12/btb25-4n-01.pdf,Error,0
https://courts.ca.gov/sites/default/files/courts/default/2024-12/jc-20121026-info5.pdf,Error,0
https://courts.ca.gov/sites/default/files/courts/default/2024-12/itac-dr2c_roadmap.pdf,Error,0
https://courts.ca.gov/sites/default/files/courts/default/2024-12/audit-report-madera-20150219.pdf,Error,0
https://courts.ca.gov/sites/default/files/courts/default/2024-12/lr-2022-jc-judicial-branch-courthouse-construction-status-update-2020-21-gov-70371_8.pdf,Error,0
https://courts.ca.gov/sites/default/files/courts/default/2024-12/alameda-audit-report-final-4-26-2013.pdf,Error,0
https://courts.ca.gov/sites/default/files/courts/default/2024-12/audit-report-kings-20160624.pdf,Error,0
https://courts.ca.gov/sites/default/files/courts/default/2024-12/tcfwg-20130219-cap-expenditures.pdf,Error,0
https://courts.ca.gov/sites/default/files/courts/default/2024-12/lr-2022-online-infraction-adjudication-and-ability-to-pay-determinations_2022.pdf,Error,0
https://courts.ca.gov/sites/default/files/courts/default/2024-12/lr-2022-jc-state-tc-imf-modernization-fund-21-22-gov-77209i.pdf,Error,0
https://courts.ca.gov/sites/default/files/courts/default/2024-12/audit-report-nevada-20150219.pdf,Error,0
https://courts.ca.gov/sites/default/files/courts/default/2024-12/receipts-expenditures-from-local-courthouse-const-fund.pdf,Error,0
https://courts.ca.gov/sites/default/files/courts/default/2024-12/2022-jo-demographic-data.pdf,Error,0
https://courts.ca.gov/sites/default/files/courts/default/2024-12/jc-20121214-itemp.pdf,Error,0
https://courts.ca.gov/sites/default/files/courts/default/2024-12/btb25-2c-02.pdf,Error,0
https://courts.ca.gov/sites/default/files/courts/default/2024-12/lr-2020-semi-annual-jbcl-contract-report-jan-2020-jun-2020.pdf,Error,0
https://courts.ca.gov/sites/default/files/courts/default/2024-12/vendorpricinglist.pdf,Error,0
https://courts.ca.gov/sites/default/files/courts/default/2024-12/audit-report-yolo-20160226.pdf,Error,0
https://courts.ca.gov/sites/default/files/courts/default/2024-12/final-audit-report-santa-clara-2011-2012-06-05.pdf,Error,0
https://courts.ca.gov/sites/default/files/courts/default/2024-12/audit-report-monterey-20131213.pdf,Error,0
https://courts.ca.gov/sites/default/files/courts/default/2024-12/lr-2021-jo-demographic-data.pdf,Error,0
https://courts.ca.gov/sites/default/files/courts/default/2024-12/2018-jo-demographic-data.pdf,Error,0
https://courts.ca.gov/sites/default/files/courts/default/2024-12/eldoradoaudit1011.pdf,Error,0
https://courts.ca.gov/sites/default/files/courts/default/2024-12/lr-2020-jc-demographic-data-justices-judges-gender-gov12011_5_n.pdf,Error,0
https://courts.ca.gov/sites/default/files/courts/default/2024-12/20101214item15.pdf,Error,0
https://courts.ca.gov/sites/default/files/courts/default/2024-12/102309itemg.pdf,Error,0
https://courts.ca.gov/sites/default/files/courts/default/2024-12/tcbac-20240418-rande-materials.pdf,Error,0
https://courts.ca.gov/sites/default/files/courts/default/2024-12/audit-report-marin-20140729.pdf,Error,0
https://courts.ca.gov/sites/default/files/courts/default/2024-12/lr-2021-court-innovations-grant-program-ba-2016.pdf,Error,0
https://courts.ca.gov/sites/default/files/courts/default/2024-12/audit-report-mendocino-20140822.pdf,Error,0
https://courts.ca.gov/sites/default/files/courts/default/2024-12/del-norte-superior-court-audit-report_10-16-2012.pdf,Error,0
https://courts.ca.gov/sites/default/files/courts/default/2024-12/lr-2021-ca_community_corrections_performance_incentives_act-pc_1232.pdf,Error,0
https://courts.ca.gov/sites/default/files/courts/default/2024-12/lr-2021-jc-receipts-expenditures-local-courthouse-construction-gov-70403d.pdf,Error,0
https://courts.ca.gov/sites/default/files/courts/default/2024-12/20110722item3.pdf,Error,0
https://courts.ca.gov/sites/default/files/courts/default/2024-12/btb24-5a-5.pdf,Error,0
https://courts.ca.gov/sites/default/files/courts/default/2024-12/audit-report-san-bernardino-20151211.pdf,Error,0
https://courts.ca.gov/sites/default/files/courts/default/2024-12/audit-report-humboldt-20160826.pdf,Error,0
https://courts.ca.gov/sites/default/files/courts/default/2024-12/2dca-04.pdf,Error,0
https://courts.ca.gov/sites/default/files/courts/default/2024-12/audit-report-lake-20150122.pdf,Error,0
https://courts.ca.gov/sites/default/files/courts/default/2024-12/specialfunds-allocationrollover-1011.pdf,Error,0
https://courts.ca.gov/sites/default/files/courts/default/2024-12/lr-2021-jc-status-update-jb-courthouse-construction-2019-20-gov-70371_8.pdf,Error,0
https://courts.ca.gov/sites/default/files/courts/default/2024-12/2021-jo-demographic-data.pdf,Error,0
https://courts.ca.gov/sites/default/files/courts/default/2024-12/audit-report-yuba-20140425.pdf,Error,0
https://courts.ca.gov/sites/default/files/courts/default/2024-12/audit-report-kern-20170728.pdf,Error,0
https://courts.ca.gov/sites/default/files/courts/default/2024-12/lr-2021-standards-and-measures-promoting-fair-and-efficient-administration-of-justice_gov-77001.5.pdf,Error,0
https://courts.ca.gov/sites/default/files/courts/default/2024-12/lr-2021-trial-court-interpreters-program-expenditure-report-fy-19-20.pdf,Error,0
https://courts.ca.gov/sites/default/files/courts/default/2024-12/audit-report-fresno-20170119.pdf,Error,0
https://courts.ca.gov/sites/default/files/courts/default/2024-12/allocationsecurity-1011.pdf,Error,0
https://courts.ca.gov/sites/default/files/courts/default/2024-12/final-audit-report-mariposa-2012-06-05.pdf,Error,0
https://courts.ca.gov/sites/default/files/courts/default/2024-12/fmu-final-combined-audit-report-4-26-2013.pdf,Error,0
https://courts.ca.gov/sites/default/files/courts/default/2024-12/lr-2017-jc-receipts-expenditures-local-courthouse-construction.pdf,Error,0
https://courts.ca.gov/sites/default/files/courts/default/2024-12/lr-2015-statewidecollections.pdf,Error,0
https://courts.ca.gov/sites/default/files/courts/default/2024-12/2019-jo-demographic-data.pdf,Error,0
https://courts.ca.gov/sites/default/files/courts/default/2024-12/2012-demographic-report.pdf,Error,0
https://courts.ca.gov/sites/default/files/courts/default/2024-12/vri-guidelines.pdf,Error,0
https://courts.ca.gov/sites/default/files/courts/default/2024-12/lr-2021-jc-receipts-expenditures-local-courthouse-construction-gov-70403.pdf,Error,0
https://courts.ca.gov/sites/default/files/courts/default/2024-12/lr-2020-online-traffic-adjudication-ability-to-pay-ba2018.pdf,Error,0
https://courts.ca.gov/sites/default/files/courts/default/2024-12/audit-report-orange-20130823.pdf,Error,0
https://courts.ca.gov/sites/default/files/courts/default/2024-12/lr-2020-court-innovations-grant-program-report-to-legislature.pdf,Error,0
https://courts.ca.gov/sites/default/files/courts/default/2024-12/lr-2021-pretrial-pilot-program-ba-2019.pdf,Error,0
https://courts.ca.gov/sites/default/files/courts/default/2024-12/2015-demographic-report.pdf,Error,0
https://courts.ca.gov/sites/default/files/courts/default/2024-12/lr-2023-standards-measures-promote-fair-efficient-admin-justice-gov-77001.5.pdf,Error,0
https://courts.ca.gov/sites/default/files/courts/default/2024-12/audit-report-tulare-20160226.pdf,Error,0
https://courts.ca.gov/sites/default/files/courts/default/2024-12/2023-jo-demographic-data.pdf,Error,0
https://courts.ca.gov/sites/default/files/courts/default/2024-12/lr-2022-jc-receipts-expenditures-local-courthouse-construction-gov-70403.pdf,Error,0
https://courts.ca.gov/sites/default/files/courts/default/2024-12/sanjoaquinaudit1011.pdf,Error,0
https://courts.ca.gov/sites/default/files/courts/default/2024-12/btb25-2b-01.pdf,Error,0
https://courts.ca.gov/sites/default/files/courts/default/2024-12/2016-demographic-report.pdf,Error,0
https://courts.ca.gov/sites/default/files/courts/default/2024-12/santa-barbara-audit-report-7-25-2013.pdf,Error,0
https://courts.ca.gov/sites/default/files/courts/default/2024-12/napaaudit1011.pdf,Error,0
https://courts.ca.gov/sites/default/files/courts/default/2024-12/lr-2020-tc-interpreters-program-expenditure-fy-2018-19-ba2018.pdf,Error,0
https://courts.ca.gov/sites/default/files/courts/default/2024-12/san-diego-audit-report-12-13-2011-final.pdf,Error,0
https://courts.ca.gov/sites/default/files/courts/default/2024-12/btb25-2n-02.pdf,Error,0
https://courts.ca.gov/sites/default/files/courts/default/2024-12/lr-2020-jc-ca-community-corrections-performance-incentives-act-pen1232.pdf,Error,0
https://courts.ca.gov/sites/default/files/courts/default/2024-12/final-audit-report-riverside-superior-court-2-28-2012.pdf,Error,0
https://courts.ca.gov/sites/default/files/courts/default/2024-12/lr-2023-jc-receipts-expenditures-local-courthouse-construction-gov-70403.pdf,Error,0
https://courts.ca.gov/sites/default/files/courts/default/2024-12/2017-demographic-report.pdf,Error,0
https://courts.ca.gov/sites/default/files/courts/default/2024-12/2020-jo-demographic-data.pdf,Error,0
https://courts.ca.gov/sites/default/files/courts/default/2024-12/lr-2019-jc-demographic-data-justices-judges-gender-gov-12011_5_n.pdf,Error,0
https://courts.ca.gov/sites/default/files/courts/default/2024-12/cfwg-121312.pdf,Error,0
https://courts.ca.gov/sites/default/files/courts/default/2024-12/lr-2021-state-trial-court-electronic-filing-and-document-service-accessibility-compliance-civil-procedure-10106h5a.pdf,Error,0
https://courts.ca.gov/sites/default/files/courts/default/2024-12/lr-2020-standards-measures-promote-fair-efficient-administration-of-justice-nov1.pdf,Error,0
https://courts.ca.gov/sites/default/files/courts/default/2024-12/lr-2021-criminal-dispositions-by-race-ethnicity-1170_45.pdf,Error,0
https://courts.ca.gov/sites/default/files/courts/default/2024-12/audit-report-sutter-20140627-w_redact.pdf,Error,0
https://courts.ca.gov/sites/default/files/courts/default/2024-12/2014-demographic-report.pdf,Error,0
https://courts.ca.gov/sites/default/files/courts/default/2024-12/lr-2021-criminal-dispositions-by-race-ethnicity_pc1170_45.pdf,Error,0
https://courts.ca.gov/sites/default/files/courts/default/2024-12/jc-20150626-item4.pdf,Error,0
https://courts.ca.gov/sites/default/files/courts/default/2024-12/lr-2024-jo-demographic-data-gov-12011.5n.pdf,Error,0
https://courts.ca.gov/sites/default/files/courts/default/2024-12/audit-report-merced-20180328.pdf,Error,0
https://courts.ca.gov/sites/default/files/courts/default/2024-12/btb25-3j-01.pdf,Error,0
https://courts.ca.gov/sites/default/files/courts/default/2024-12/lr-2023-tctf-exp-fund-bal-2022-23-68502_5b-77202_5b.pdf,Error,0
https://courts.ca.gov/sites/default/files/courts/default/2024-12/btb25-2d-01.pdf,Error,0
https://courts.ca.gov/sites/default/files/courts/default/2024-12/2013-demographic-report.pdf,Error,0
https://courts.ca.gov/sites/default/files/courts/default/2024-12/collections-report-to-legislature-fy-2011-2012.pdf,Error,0
https://courts.ca.gov/sites/default/files/courts/default/2024-12/annual_jbcl_contract_rpt_july2020-june2021.pdf,Error,0
https://courts.ca.gov/sites/default/files/courts/default/2024-12/stanislaus-final-audit-report_10_16_2012.pdf,Error,0
https://courts.ca.gov/sites/default/files/courts/default/2024-12/2024-jo-demographic-data.pdf,Error,0
https://courts.ca.gov/sites/default/files/courts/default/2024-12/cycguide_appendix-c_sbrycyouthvolunteerapplication.pdf,Error,0
https://courts.ca.gov/sites/default/files/courts/default/2024-11/fw015infos.pdf,Error,0
https://courts.ca.gov/sites/default/files/courts/default/2024-11/fw001s.pdf,Error,0
https://courts.ca.gov/sites/default/files/courts/default/2024-11/dv505infov.pdf,Error,0
https://courts.ca.gov/sites/default/files/courts/default/2024-11/jv817.pdf,Error,0
https://courts.ca.gov/sites/default/files/courts/default/2024-11/app022.pdf,Error,0
https://courts.ca.gov/sites/default/files/courts/default/2024-11/ea300v.pdf,Error,0
https://courts.ca.gov/sites/default/files/courts/default/2024-11/cr168.pdf,Error,0
https://courts.ca.gov/sites/default/files/courts/default/2024-11/gv716.pdf,Error,0
https://courts.ca.gov/sites/default/files/courts/default/2024-11/tr200k.pdf,Error,0
https://courts.ca.gov/sites/default/files/courts/default/2024-11/ea115infos.pdf,Error,0
https://courts.ca.gov/sites/default/files/courts/default/2024-11/ch716k.pdf,Error,0
https://courts.ca.gov/sites/default/files/courts/default/2024-11/dv110k.pdf,Error,0
https://courts.ca.gov/sites/default/files/courts/default/2024-11/dv165v.pdf,Error,0
https://courts.ca.gov/sites/default/files/courts/default/2024-11/fl830s.pdf,Error,0
https://courts.ca.gov/sites/default/files/courts/default/2024-11/fl684c.pdf,Error,0
https://courts.ca.gov/sites/default/files/courts/default/2024-11/ea315v.pdf,Error,0
https://courts.ca.gov/sites/default/files/courts/default/2024-11/ch165s.pdf,Error,0
https://courts.ca.gov/sites/default/files/courts/default/2024-11/cr415.pdf,Error,0
https://courts.ca.gov/sites/default/files/courts/default/2024-11/fl105a.pdf,Error,0
https://courts.ca.gov/sites/default/files/courts/default/2024-11/wv200s.pdf,Error,0
https://courts.ca.gov/sites/default/files/courts/default/2024-11/dv840t.pdf,Error,0
https://courts.ca.gov/sites/default/files/courts/default/2024-11/dv250c.pdf,Error,0
https://courts.ca.gov/sites/default/files/courts/default/2024-11/fl676s.pdf,Error,0
https://courts.ca.gov/sites/default/files/courts/default/2024-11/pldc520.pdf,Error,0
https://courts.ca.gov/sites/default/files/courts/default/2024-11/adr105.pdf,Error,0
https://courts.ca.gov/sites/default/files/courts/default/2024-10/amador-sch1-1516.pdf,Error,0
https://courts.ca.gov/sites/default/files/courts/default/2024-10/sacramento-qfs4fy0910.pdf,Error,0
https://courts.ca.gov/sites/default/files/courts/default/2024-10/glenn-sch1-1415.pdf,Error,0
https://courts.ca.gov/sites/default/files/courts/default/2024-10/sonoma-7a-1011.pdf,Error,0
https://courts.ca.gov/sites/default/files/courts/default/2024-10/imperial-sch1-1314.pdf,Error,0
https://courts.ca.gov/sites/default/files/courts/default/2024-10/yoloqfs3fy0910.pdf,Error,0
https://courts.ca.gov/sites/default/files/courts/default/2024-10/marin-ror4.pdf,Error,0
https://courts.ca.gov/sites/default/files/courts/default/2024-10/sonoma-7a-1213.pdf,Error,0
https://courts.ca.gov/sites/default/files/courts/default/2024-10/glenn-ror4.pdf,Error,0
https://courts.ca.gov/sites/default/files/courts/default/2024-10/yuba-ror-fy1213.pdf,Error,0
https://courts.ca.gov/sites/default/files/courts/default/2024-10/alameda-sch1-1516.pdf,Error,0
https://courts.ca.gov/sites/default/files/courts/default/2024-10/alameda-7a-1011.pdf,Error,0
https://courts.ca.gov/sites/default/files/courts/default/2024-10/nevada-7a-1213.pdf,Error,0
https://courts.ca.gov/sites/default/files/courts/default/2024-10/butte-sch1-1314.pdf,Error,0
https://courts.ca.gov/sites/default/files/courts/default/2024-10/fresno-qfs4fy0910a.pdf,Error,0
https://courts.ca.gov/sites/default/files/courts/default/2024-10/del-norte-ror4.pdf,Error,0
https://courts.ca.gov/sites/default/files/courts/default/2024-10/yuba-ror4-2011.pdf,Error,0
https://courts.ca.gov/sites/default/files/courts/default/2024-10/jc-20150626-iteml.pdf,Error,0
https://courts.ca.gov/sites/default/files/courts/default/2024-10/madera-ror-fy1112.pdf,Error,0
https://courts.ca.gov/sites/default/files/courts/default/2024-10/alameda-7a-1213.pdf,Error,0
https://courts.ca.gov/sites/default/files/courts/default/2024-10/jc-20130823-itemf.pdf,Error,0
https://courts.ca.gov/sites/default/files/courts/default/2024-10/alpine-ror-fy1112.pdf,Error,0
https://courts.ca.gov/sites/default/files/courts/default/2024-10/mono-ror4.pdf,Error,0
https://courts.ca.gov/sites/default/files/courts/default/2024-10/glenn-sch1-1213.pdf,Error,0
https://courts.ca.gov/sites/default/files/courts/default/2024-10/santa-barbara-qfs4fy0910.pdf,Error,0
https://courts.ca.gov/sites/default/files/courts/default/2024-10/7a-1516-fresno.pdf,Error,0
https://courts.ca.gov/sites/default/files/courts/default/2024-10/contra-costa-sch1-1314.pdf,Error,0
https://courts.ca.gov/sites/default/files/courts/default/2024-10/siskiyou-ror4-2011.pdf,Error,0
https://courts.ca.gov/sites/default/files/courts/default/2024-10/contra-costac07ror3.pdf,Error,0
https://courts.ca.gov/sites/default/files/courts/default/2024-10/santa-cruz-sch1-1314.pdf,Error,0
https://courts.ca.gov/sites/default/files/courts/default/2024-10/jc_governance_policies.pdf,Error,0
https://courts.ca.gov/sites/default/files/courts/default/2024-10/alameda-qfs4fy0910.pdf,Error,0
https://courts.ca.gov/sites/default/files/courts/default/2024-10/sb_36_pretrial_pilot_program_aggregated_data_report.pdf,Error,0
https://courts.ca.gov/sites/default/files/courts/default/2024-10/nevada-ror4.pdf,Error,0
https://courts.ca.gov/sites/default/files/courts/default/2024-10/stanislaus-sch1-1314.pdf,Error,0
https://courts.ca.gov/sites/default/files/courts/default/2024-10/orange-sch1-1314.pdf,Error,0
https://courts.ca.gov/sites/default/files/courts/default/2024-10/shasta-7a-1112.pdf,Error,0
https://courts.ca.gov/sites/default/files/courts/default/2024-10/sacramento-sch1-1516.pdf,Error,0
https://courts.ca.gov/sites/default/files/courts/default/2024-10/hr-staffing-metrics-2324-12.pdf,Error,0
https://courts.ca.gov/sites/default/files/courts/default/2024-10/tuolumne-sch1-1314.pdf,Error,0
https://courts.ca.gov/sites/default/files/courts/default/2024-10/san-mateo-sch1-1516.pdf,Error,0
https://courts.ca.gov/sites/default/files/courts/default/2024-10/yolo-7a-1213.pdf,Error,0
https://courts.ca.gov/sites/default/files/courts/default/2024-10/fresno-ror4.pdf,Error,0
https://courts.ca.gov/sites/default/files/courts/default/2024-10/lassen-ror4-2011.pdf,Error,0
https://courts.ca.gov/sites/default/files/courts/default/2024-10/amador-ror-fy1112.pdf,Error,0
https://courts.ca.gov/sites/default/files/courts/default/2024-10/kern-qfs4fy0910.pdf,Error,0
https://courts.ca.gov/sites/default/files/courts/default/2024-10/alpine-7a-1011.pdf,Error,0
https://courts.ca.gov/sites/default/files/courts/default/2024-10/calaveras-sch1-1516.pdf,Error,0
https://courts.ca.gov/sites/default/files/courts/default/2024-10/merced-24-sch1-1011.pdf,Error,0
https://courts.ca.gov/sites/default/files/courts/default/2024-10/lassen-ror4.pdf,Error,0
https://courts.ca.gov/sites/default/files/courts/default/2024-10/marin-21-sch1-1011.pdf,Error,0
https://courts.ca.gov/sites/default/files/courts/default/2024-10/riverside-qfs4fy0910.pdf,Error,0
https://courts.ca.gov/sites/default/files/courts/default/2024-10/alpine-7a-1213.pdf,Error,0
https://courts.ca.gov/sites/default/files/courts/default/2024-10/itemf.pdf,Error,0
https://courts.ca.gov/sites/default/files/courts/default/2024-10/sonoma-qfs4fy0910.pdf,Error,0
https://courts.ca.gov/sites/default/files/courts/default/2024-10/lassen-qfs4.pdf,Error,0
https://courts.ca.gov/sites/default/files/courts/default/2024-10/santa-cruz-ror-fy1213.pdf,Error,0
https://courts.ca.gov/sites/default/files/courts/default/2024-10/shasta-ror-fy1112.pdf,Error,0
https://courts.ca.gov/sites/default/files/courts/default/2024-10/san-mateo-qfs4fy0910.pdf,Error,0
https://courts.ca.gov/sites/default/files/courts/default/2024-10/placer-sch1-1516.pdf,Error,0
https://courts.ca.gov/sites/default/files/courts/default/2024-10/mendocino-ror-q4-fy1011.pdf,Error,0
https://courts.ca.gov/sites/default/files/courts/default/2024-10/jc-20140729-itemg.pdf,Error,0
https://courts.ca.gov/sites/default/files/courts/default/2024-10/madera-sch1-1516.pdf,Error,0
https://courts.ca.gov/sites/default/files/courts/default/2024-10/glenn-qfs4fy0910.pdf,Error,0
https://courts.ca.gov/sites/default/files/courts/default/2024-10/sonoma-sch1-1516.pdf,Error,0
https://courts.ca.gov/sites/default/files/courts/default/2024-10/sierra-ror4.pdf,Error,0
https://courts.ca.gov/sites/default/files/courts/default/2024-10/mono-7a-1213.pdf,Error,0
https://courts.ca.gov/sites/default/files/courts/default/2024-10/sutter-7a-1213.pdf,Error,0
https://courts.ca.gov/sites/default/files/courts/default/2024-10/shasta-ror4-2011.pdf,Error,0
https://courts.ca.gov/sites/default/files/courts/default/2024-10/stanislaus-ror-q4-fy1011.pdf,Error,0
https://courts.ca.gov/sites/default/files/courts/default/2024-10/humboldt-ror4-2011.pdf,Error,0
https://courts.ca.gov/sites/default/files/courts/default/2024-10/tehama-7a-1112.pdf,Error,0
https://courts.ca.gov/sites/default/files/courts/default/2024-10/mono-7a-1011.pdf,Error,0
https://courts.ca.gov/sites/default/files/courts/default/2024-10/jc-20150626-itemn.pdf,Error,0
https://courts.ca.gov/sites/default/files/courts/default/2024-10/fresno-7a-1112.pdf,Error,0
https://courts.ca.gov/sites/default/files/courts/default/2024-10/jc-20150417-info2.pdf,Error,0
https://courts.ca.gov/sites/default/files/courts/default/2024-10/lake-ror4-2011.pdf,Error,0
https://courts.ca.gov/sites/default/files/courts/default/2024-10/el-dorado-ror4-2011.pdf,Error,0
https://courts.ca.gov/sites/default/files/courts/default/2024-10/los-angeles-ror4.pdf,Error,0
https://courts.ca.gov/sites/default/files/courts/default/2024-10/yolo-qfs4fy0910.pdf,Error,0
https://courts.ca.gov/sites/default/files/courts/default/2024-10/modoc-sch1-1516.pdf,Error,0
https://courts.ca.gov/sites/default/files/courts/default/2024-10/san-joaquin-7a-1213.pdf,Error,0
https://courts.ca.gov/sites/default/files/courts/default/2024-10/butte-qfs4fy0910.pdf,Error,0
https://courts.ca.gov/sites/default/files/courts/default/2024-10/lpa_intervisionsystemsllc_ma-201807_amendment3.pdf,Error,0
https://courts.ca.gov/sites/default/files/courts/default/2024-10/yuba-qfs4fy0910.pdf,Error,0
https://courts.ca.gov/sites/default/files/courts/default/2024-10/inyo-7a-1011.pdf,Error,0
https://courts.ca.gov/sites/default/files/courts/default/2024-10/el-dorado-09-sch1-1011l.pdf,Error,0
https://courts.ca.gov/sites/default/files/courts/default/2024-10/san-francisco-ror4-2011.pdf,Error,0
https://courts.ca.gov/sites/default/files/courts/default/2024-10/inyo-7a-1213.pdf,Error,0
https://courts.ca.gov/sites/default/files/courts/default/2024-10/sanbernardino-7a-1112.pdf,Error,0
https://courts.ca.gov/sites/default/files/courts/default/2024-10/modoc-sch1-1314.pdf,Error,0
https://courts.ca.gov/sites/default/files/courts/default/2024-10/del-norte-ror4-2011.pdf,Error,0
https://courts.ca.gov/sites/default/files/courts/default/2024-10/fresno-10-sch1-1011.pdf,Error,0
https://courts.ca.gov/sites/default/files/courts/default/2024-10/jc-20150122-info2.pdf,Error,0
https://courts.ca.gov/sites/default/files/courts/default/2024-10/amador-7a-1011.pdf,Error,0
https://courts.ca.gov/sites/default/files/courts/default/2024-10/solano-7a-1011.pdf,Error,0
https://courts.ca.gov/sites/default/files/courts/default/2024-10/kern-7a-1011.pdf,Error,0
https://courts.ca.gov/sites/default/files/courts/default/2024-10/amador-03-sch1-1011.pdf,Error,0
https://courts.ca.gov/sites/default/files/courts/default/2024-10/santa-barbara-ror4-2011.pdf,Error,0
https://courts.ca.gov/sites/default/files/courts/default/2024-10/calaveras-sch1-1314.pdf,Error,0
https://courts.ca.gov/sites/default/files/courts/default/2024-10/7a-hcrc-1516.pdf,Error,0
https://courts.ca.gov/sites/default/files/courts/default/2024-10/jc-20141028-info3.pdf,Error,0
https://courts.ca.gov/sites/default/files/courts/default/2024-10/amador-7a-1213.pdf,Error,0
https://courts.ca.gov/sites/default/files/courts/default/2024-10/santa-clara-sch1-1213.pdf,Error,0
https://courts.ca.gov/sites/default/files/courts/default/2024-10/solano-7a-1213.pdf,Error,0
https://courts.ca.gov/sites/default/files/courts/default/2024-10/alameda-ror-fy1213.pdf,Error,0
https://courts.ca.gov/sites/default/files/courts/default/2024-10/kern-7a-1213.pdf,Error,0
https://courts.ca.gov/sites/default/files/courts/default/2024-10/colusa-ror4-2011.pdf,Error,0
https://courts.ca.gov/sites/default/files/courts/default/2024-10/alameda-ror-4-2011.pdf,Error,0
https://courts.ca.gov/sites/default/files/courts/default/2024-10/kernqfs3fy0910.pdf,Error,0
https://courts.ca.gov/sites/default/files/courts/default/2024-10/santa-clara-sch1-1415.pdf,Error,0
https://courts.ca.gov/sites/default/files/courts/default/2024-10/madera-sch1-1314.pdf,Error,0
https://courts.ca.gov/sites/default/files/courts/default/2024-10/oee-coa-1011.pdf,Error,0
https://courts.ca.gov/sites/default/files/courts/default/2024-10/sonoma-sch1-1314.pdf,Error,0
https://courts.ca.gov/sites/default/files/courts/default/2024-10/jc-20140425-item2.pdf,Error,0
https://courts.ca.gov/sites/default/files/courts/default/2024-10/tulare-ror4.pdf,Error,0
https://courts.ca.gov/sites/default/files/courts/default/2024-10/sanbenito-7a-1112.pdf,Error,0
https://courts.ca.gov/sites/default/files/courts/default/2024-10/inyo-sch1-1213.pdf,Error,0
https://courts.ca.gov/sites/default/files/courts/default/2024-10/santa-cruz-44-sch1-1011.pdf,Error,0
https://courts.ca.gov/sites/default/files/courts/default/2024-10/santa-cruz-sch1-1516.pdf,Error,0
https://courts.ca.gov/sites/default/files/courts/default/2024-10/sutter-ror4.pdf,Error,0
https://courts.ca.gov/sites/default/files/courts/default/2024-10/santa-cruz-qfs4fy0910.pdf,Error,0
https://courts.ca.gov/sites/default/files/courts/default/2024-10/fresno-ror-fy1112.pdf,Error,0
https://courts.ca.gov/sites/default/files/courts/default/2024-10/calaveras-05-sch1-1011.pdf,Error,0
https://courts.ca.gov/sites/default/files/courts/default/2024-10/contra-costa-sch1-1516.pdf,Error,0
https://courts.ca.gov/sites/default/files/courts/default/2024-10/los-angeles-7a-1011.pdf,Error,0
https://courts.ca.gov/sites/default/files/courts/default/2024-10/riverside-ror-fy1213.pdf,Error,0
https://courts.ca.gov/sites/default/files/courts/default/2024-10/stanislaus-sch1-1516.pdf,Error,0
https://courts.ca.gov/sites/default/files/courts/default/2024-10/orange-sch1-1516.pdf,Error,0
https://courts.ca.gov/sites/default/files/courts/default/2024-10/napa-28-sch1-1011.pdf,Error,0
https://courts.ca.gov/sites/default/files/courts/default/2024-10/kern-ror-fy1213.pdf,Error,0
https://courts.ca.gov/sites/default/files/courts/default/2024-10/los-angeles-7a-1213.pdf,Error,0
https://courts.ca.gov/sites/default/files/courts/default/2024-10/madera-7a-1011.pdf,Error,0
https://courts.ca.gov/sites/default/files/courts/default/2024-10/glenn-ror-fy1213.pdf,Error,0
https://courts.ca.gov/sites/default/files/courts/default/2024-10/sacramento-sch1-1314.pdf,Error,0
https://courts.ca.gov/sites/default/files/courts/default/2024-10/kingsqfs3fy0910.pdf,Error,0
https://courts.ca.gov/sites/default/files/courts/default/2024-10/inyo-sch1-1415.pdf,Error,0
https://courts.ca.gov/sites/default/files/courts/default/2024-10/san-mateo-ror-fy1213.pdf,Error,0
https://courts.ca.gov/sites/default/files/courts/default/2024-10/madera-7a-1213.pdf,Error,0
https://courts.ca.gov/sites/default/files/courts/default/2024-10/glenn-ror-fy1011.pdf,Error,0
https://courts.ca.gov/sites/default/files/courts/default/2024-10/san-luis-obispo-ror4.pdf,Error,0
https://courts.ca.gov/sites/default/files/courts/default/2024-10/tuolumne-sch1-1516.pdf,Error,0
https://courts.ca.gov/sites/default/files/courts/default/2024-10/madera-ror4.pdf,Error,0
https://courts.ca.gov/sites/default/files/courts/default/2024-10/7a-2122-butte.pdf,Error,0
https://courts.ca.gov/sites/default/files/courts/default/2024-10/el-dorado-ror4.pdf,Error,0
https://courts.ca.gov/sites/default/files/courts/default/2024-10/san-mateo-sch1-1314.pdf,Error,0
https://courts.ca.gov/sites/default/files/courts/default/2024-10/merced-ror-fy1213.pdf,Error,0
https://courts.ca.gov/sites/default/files/courts/default/2024-10/amador-sch1-1314.pdf,Error,0
https://courts.ca.gov/sites/default/files/courts/default/2024-10/mariposa-sch1-1213.pdf,Error,0
https://courts.ca.gov/sites/default/files/courts/default/2024-10/butte-ro4-2011.pdf,Error,0
https://courts.ca.gov/sites/default/files/courts/default/2024-10/stanislaus-sched1-1415.pdf,Error,0
https://courts.ca.gov/sites/default/files/courts/default/2024-10/alameda-sch1-1314.pdf,Error,0
https://courts.ca.gov/sites/default/files/courts/default/2024-10/sandiego-ror-q4-fy1011.pdf,Error,0
https://courts.ca.gov/sites/default/files/courts/default/2024-10/sierra-46-sch1-1011.pdf,Error,0
https://courts.ca.gov/sites/default/files/courts/default/2024-10/20101214item15.pdf,Error,0
https://courts.ca.gov/sites/default/files/courts/default/2024-10/imperial-sch1-1516.pdf,Error,0
https://courts.ca.gov/sites/default/files/courts/default/2024-10/alpine-sch1-1415.pdf,Error,0
https://courts.ca.gov/sites/default/files/courts/default/2024-10/lassen-7a-1213.pdf,Error,0
https://courts.ca.gov/sites/default/files/courts/default/2024-10/humboldt-ror-fy1112.pdf,Error,0
https://courts.ca.gov/sites/default/files/courts/default/2024-10/102309itemg.pdf,Error,0
https://courts.ca.gov/sites/default/files/courts/default/2024-10/mariposa-ror-fy1112.pdf,Error,0
https://courts.ca.gov/sites/default/files/courts/default/2024-10/butte-sch1-1516.pdf,Error,0
https://courts.ca.gov/sites/default/files/courts/default/2024-10/alpine-sch1-1213.pdf,Error,0
https://courts.ca.gov/sites/default/files/courts/default/2024-10/lassen-7a-1011.pdf,Error,0
https://courts.ca.gov/sites/default/files/courts/default/2024-10/el-dorado-ror-fy1213.pdf,Error,0
https://courts.ca.gov/sites/default/files/courts/default/2024-10/shasta-ror4.pdf,Error,0
https://courts.ca.gov/sites/default/files/courts/default/2024-10/san-benito-35-sch1-1011.pdf,Error,0
https://courts.ca.gov/sites/default/files/courts/default/2024-10/mono-ror-q4-fy1011.pdf,Error,0
https://courts.ca.gov/sites/default/files/courts/default/2024-10/yolo-ror-fy1213.pdf,Error,0
https://courts.ca.gov/sites/default/files/courts/default/2024-10/mariposa-sch1-1415.pdf,Error,0
https://courts.ca.gov/sites/default/files/courts/default/2024-10/modoc-7a-1213.pdf,Error,0
https://courts.ca.gov/sites/default/files/courts/default/2024-10/mariposa-qfs4fy0910a.pdf,Error,0
https://courts.ca.gov/sites/default/files/courts/default/2024-10/nevada-7a-1112.pdf,Error,0
https://courts.ca.gov/sites/default/files/courts/default/2024-10/yubaqfs3fy0910.pdf,Error,0
https://courts.ca.gov/sites/default/files/courts/default/2024-10/amador-sch1-1213.pdf,Error,0
https://courts.ca.gov/sites/default/files/courts/default/2024-10/riverside-7a-1213.pdf,Error,0
https://courts.ca.gov/sites/default/files/courts/default/2024-10/mariposa-sch1-1314.pdf,Error,0
https://courts.ca.gov/sites/default/files/courts/default/2024-10/mendocino-ror4.pdf,Error,0
https://courts.ca.gov/sites/default/files/courts/default/2024-10/merced-qfs4fy0910a.pdf,Error,0
https://courts.ca.gov/sites/default/files/courts/default/2024-10/madera-ror-fy1213.pdf,Error,0
https://courts.ca.gov/sites/default/files/courts/default/2024-10/alameda-7a-1112.pdf,Error,0
https://courts.ca.gov/sites/default/files/courts/default/2024-10/san-benito-7a-1213.pdf,Error,0
https://courts.ca.gov/sites/default/files/courts/default/2024-10/alpine-ror-fy1213.pdf,Error,0
https://courts.ca.gov/sites/default/files/courts/default/2024-10/hr-staffing-metrics-1718-06.pdf,Error,0
https://courts.ca.gov/sites/default/files/courts/default/2024-10/contra-costa-07-sch1-1011.pdf,Error,0
https://courts.ca.gov/sites/default/files/courts/default/2024-10/alameda-sch1-1213.pdf,Error,0
https://courts.ca.gov/sites/default/files/courts/default/2024-10/alpine-sch1-1314.pdf,Error,0
https://courts.ca.gov/sites/default/files/courts/default/2024-10/7a-2122-kings.pdf,Error,0
https://courts.ca.gov/sites/default/files/courts/default/2024-10/jc-20130725-itemc.pdf,Error,0
https://courts.ca.gov/sites/default/files/courts/default/2024-10/alameda-sch1-1415.pdf,Error,0
https://courts.ca.gov/sites/default/files/courts/default/2024-10/nevada-29-sch1-1011.pdf,Error,0
https://courts.ca.gov/sites/default/files/courts/default/2024-10/amador-sch1-1415.pdf,Error,0
https://courts.ca.gov/sites/default/files/courts/default/2024-10/glenn-sch1-1516.pdf,Error,0
https://courts.ca.gov/sites/default/files/courts/default/2024-10/butte-ror-fy1112.pdf,Error,0
https://courts.ca.gov/sites/default/files/courts/default/2024-10/yolo-ror4-2011.pdf,Error,0
https://courts.ca.gov/sites/default/files/courts/default/2024-10/yuba-ror-fy1112.pdf,Error,0
https://courts.ca.gov/sites/default/files/courts/default/2024-10/contra-costa-ror4.pdf,Error,0
https://courts.ca.gov/sites/default/files/courts/default/2024-10/sonoma-7a-1112.pdf,Error,0
https://courts.ca.gov/sites/default/files/courts/default/2024-10/santacruzqfs3fy0910.pdf,Error,0
https://courts.ca.gov/sites/default/files/courts/default/2024-10/san-mateo-sch1-1415.pdf,Error,0
https://courts.ca.gov/sites/default/files/courts/default/2024-10/tulare-ror4-2011.pdf,Error,0
https://courts.ca.gov/sites/default/files/courts/default/2024-10/merced-7a-1213.pdf,Error,0
https://courts.ca.gov/sites/default/files/courts/default/2024-10/inyo-sch1-1314.pdf,Error,0
https://courts.ca.gov/sites/default/files/courts/default/2024-10/sacramento-sch1-1415.pdf,Error,0
https://courts.ca.gov/sites/default/files/courts/default/2024-10/amador-ror-fy1213.pdf,Error,0
https://courts.ca.gov/sites/default/files/courts/default/2024-10/solano-ror4.pdf,Error,0
https://courts.ca.gov/sites/default/files/courts/default/2024-10/sacramento-sch1-1213.pdf,Error,0
https://courts.ca.gov/sites/default/files/courts/default/2024-10/mono-qfs4fy0910.pdf,Error,0
https://courts.ca.gov/sites/default/files/courts/default/2024-10/shasta-7a-1011.pdf,Error,0
https://courts.ca.gov/sites/default/files/courts/default/2024-10/losangeles-7a-1112.pdf,Error,0
https://courts.ca.gov/sites/default/files/courts/default/2024-10/amador-ror4-1011-2011.pdf,Error,0
https://courts.ca.gov/sites/default/files/courts/default/2024-10/oee-jcc-1011.pdf,Error,0
https://courts.ca.gov/sites/default/files/courts/default/2024-10/san-mateo-sch1-1213.pdf,Error,0
https://courts.ca.gov/sites/default/files/courts/default/2024-10/shasta-7a-1213.pdf,Error,0
https://courts.ca.gov/sites/default/files/courts/default/2024-10/sierra-ror4-2011.pdf,Error,0
https://courts.ca.gov/sites/default/files/courts/default/2024-10/shasta-ror-fy1213.pdf,Error,0
https://courts.ca.gov/sites/default/files/courts/default/2024-10/calaveras-sch1-1213.pdf,Error,0
https://courts.ca.gov/sites/default/files/courts/default/2024-10/madera-sch1-1415.pdf,Error,0
https://courts.ca.gov/sites/default/files/courts/default/2024-10/sonoma-sch1-1415.pdf,Error,0
https://courts.ca.gov/sites/default/files/courts/default/2024-10/hr-staffing-metrics-1718-05.pdf,Error,0
https://courts.ca.gov/sites/default/files/courts/default/2024-10/santa-clara-sch1-1314.pdf,Error,0
https://courts.ca.gov/sites/default/files/courts/default/2024-10/placer-sch1-1415.pdf,Error,0
https://courts.ca.gov/sites/default/files/courts/default/2024-10/sacramento-ror-q4-fy1011.pdf,Error,0
https://courts.ca.gov/sites/default/files/courts/default/2024-10/yolo-ror4.pdf,Error,0
https://courts.ca.gov/sites/default/files/courts/default/2024-10/modoc-25-sch1-1011.pdf,Error,0
https://courts.ca.gov/sites/default/files/courts/default/2024-10/plumas-ror4.pdf,Error,0
https://courts.ca.gov/sites/default/files/courts/default/2024-10/trinity-7a-1213.pdf,Error,0
https://courts.ca.gov/sites/default/files/courts/default/2024-10/placer-sch1-1213.pdf,Error,0
https://courts.ca.gov/sites/default/files/courts/default/2024-10/calaverasqfsf30910.pdf,Error,0
https://courts.ca.gov/sites/default/files/courts/default/2024-10/hr-staffing-metrics-1920-08.pdf,Error,0
https://courts.ca.gov/sites/default/files/courts/default/2024-10/alpine-7a-1112.pdf,Error,0
https://courts.ca.gov/sites/default/files/courts/default/2024-10/calaveras-sch1-1415.pdf,Error,0
https://courts.ca.gov/sites/default/files/courts/default/2024-10/madera-sch1-1213.pdf,Error,0
https://courts.ca.gov/sites/default/files/courts/default/2024-10/santa-cruz-ror-fy1112.pdf,Error,0
https://courts.ca.gov/sites/default/files/courts/default/2024-10/sonoma-sch1-1213.pdf,Error,0
https://courts.ca.gov/sites/default/files/courts/default/2024-10/jc-20150821-itemf.pdf,Error,0
https://courts.ca.gov/sites/default/files/courts/default/2024-10/hr-staffing-metrics-1920-09.pdf,Error,0
https://courts.ca.gov/sites/default/files/courts/default/2024-10/san-luis-obispo-ror4-2011.pdf,Error,0
https://courts.ca.gov/sites/default/files/courts/default/2024-10/sutter-ror4-2011.pdf,Error,0
https://courts.ca.gov/sites/default/files/courts/default/2024-10/20110722item3.pdf,Error,0
https://courts.ca.gov/sites/default/files/courts/default/2024-10/humboldt-qfs4fy0910.pdf,Error,0
https://courts.ca.gov/sites/default/files/courts/default/2024-10/tehama-7a-1011.pdf,Error,0
https://courts.ca.gov/sites/default/files/courts/default/2024-10/mono-7a-1112.pdf,Error,0
https://courts.ca.gov/sites/default/files/courts/default/2024-10/kings-ror-fy1213.pdf,Error,0
https://courts.ca.gov/sites/default/files/courts/default/2024-10/fresno-7a-1011.pdf,Error,0
https://courts.ca.gov/sites/default/files/courts/default/2024-10/modoc-sch1-1213.pdf,Error,0
https://courts.ca.gov/sites/default/files/courts/default/2024-10/san-diego-7a-1213.pdf,Error,0
https://courts.ca.gov/sites/default/files/courts/default/2024-10/jc-20150728-itemh.pdf,Error,0
https://courts.ca.gov/sites/default/files/courts/default/2024-10/shastaqfs3fy0910.pdf,Error,0
https://courts.ca.gov/sites/default/files/courts/default/2024-10/hr-staffing-metrics-1718-04.pdf,Error,0
https://courts.ca.gov/sites/default/files/courts/default/2024-10/sanfrancisco-7a-1112.pdf,Error,0
https://courts.ca.gov/sites/default/files/courts/default/2024-10/tehama-7a-1213.pdf,Error,0
https://courts.ca.gov/sites/default/files/courts/default/2024-10/lakeqfs3fy0910.pdf,Error,0
https://courts.ca.gov/sites/default/files/courts/default/2024-10/fresno-7a-1213.pdf,Error,0
https://courts.ca.gov/sites/default/files/courts/default/2024-10/mendocinoqfs3fy0910.pdf,Error,0
https://courts.ca.gov/sites/default/files/courts/default/2024-10/san-diego-7a-1011.pdf,Error,0
https://courts.ca.gov/sites/default/files/courts/default/2024-10/napa-ror4-2011.pdf,Error,0
https://courts.ca.gov/sites/default/files/courts/default/2024-10/santa-barbara-ror-fy1112.pdf,Error,0
https://courts.ca.gov/sites/default/files/courts/default/2024-10/jc-20131213-itemn.pdf,Error,0
https://courts.ca.gov/sites/default/files/courts/default/2024-10/riverside-ror4.pdf,Error,0
https://courts.ca.gov/sites/default/files/courts/default/2024-10/madera-qfs4fy0910.pdf,Error,0
https://courts.ca.gov/sites/default/files/courts/default/2024-10/tehama-ror4-2011.pdf,Error,0
https://courts.ca.gov/sites/default/files/courts/default/2024-10/alpine-qfs4fy0910.pdf,Error,0
https://courts.ca.gov/sites/default/files/courts/default/2024-10/glenn-11-sch1-1011.pdf,Error,0
https://courts.ca.gov/sites/default/files/courts/default/2024-10/trinity-ror4-2011.pdf,Error,0
https://courts.ca.gov/sites/default/files/courts/default/2024-10/jc-20121026-itemh.pdf,Error,0
https://courts.ca.gov/sites/default/files/courts/default/2024-10/san-joaquin-ror4-2011.pdf,Error,0
https://courts.ca.gov/sites/default/files/courts/default/2024-10/tulare-7a-1213.pdf,Error,0
https://courts.ca.gov/sites/default/files/courts/default/2024-10/qfs-2122-q3-kings.pdf,Error,0
https://courts.ca.gov/sites/default/files/courts/default/2024-10/solano-48-sch1-1011.pdf,Error,0
https://courts.ca.gov/sites/default/files/courts/default/2024-10/mendocino-7a-1213.pdf,Error,0
https://courts.ca.gov/sites/default/files/courts/default/2024-10/amador-qfs4fy0910.pdf,Error,0
https://courts.ca.gov/sites/default/files/courts/default/2024-10/ad-hoc-workgroup-on-post-pandemic-initiatives_improving-the-juror-experience-report.pdf,Error,0
https://courts.ca.gov/sites/default/files/courts/default/2024-10/alpine-02-sch1-1011.pdf,Error,0
https://courts.ca.gov/sites/default/files/courts/default/2024-10/santa-clara-sch1-1516.pdf,Error,0
https://courts.ca.gov/sites/default/files/courts/default/2024-10/merced-ror4.pdf,Error,0
https://courts.ca.gov/sites/default/files/courts/default/2024-10/cms_1034607_amd05-fe.pdf,Error,0
https://courts.ca.gov/sites/default/files/courts/default/2024-10/san_mateo_7a.pdf,Error,0
https://courts.ca.gov/sites/default/files/courts/default/2024-10/7a-hcrc-1011.pdf,Error,0
https://courts.ca.gov/sites/default/files/courts/default/2024-10/kern-ror4-2011.pdf,Error,0
https://courts.ca.gov/sites/default/files/courts/default/2024-10/fresno-ror4-2011.pdf,Error,0
https://courts.ca.gov/sites/default/files/courts/default/2024-10/alameda-ror4.pdf,Error,0
https://courts.ca.gov/sites/default/files/courts/default/2024-10/solano-7a-1112.pdf,Error,0
https://courts.ca.gov/sites/default/files/courts/default/2024-10/amador-7a-1112.pdf,Error,0
https://courts.ca.gov/sites/default/files/courts/default/2024-10/solano-ror4-2011.pdf,Error,0
https://courts.ca.gov/sites/default/files/courts/default/2024-10/tulare-54-sch1-1011.pdf,Error,0
https://courts.ca.gov/sites/default/files/courts/default/2024-10/mono-ror-fy1213.pdf,Error,0
https://courts.ca.gov/sites/default/files/courts/default/2024-10/7a-hcrc-1415.pdf,Error,0
https://courts.ca.gov/sites/default/files/courts/default/2024-10/glenn-ror-fy1112.pdf,Error,0
https://courts.ca.gov/sites/default/files/courts/default/2024-10/monterey-ror4.pdf,Error,0
https://courts.ca.gov/sites/default/files/courts/default/2024-10/inyo-sch1-1516.pdf,Error,0
https://courts.ca.gov/sites/default/files/courts/default/2024-10/santa-cruz-sch1-1213.pdf,Error,0
https://courts.ca.gov/sites/default/files/courts/default/2024-10/san-bernardino-ror4.pdf,Error,0
https://courts.ca.gov/sites/default/files/courts/default/2024-10/kings-ror4-2011.pdf,Error,0
https://courts.ca.gov/sites/default/files/courts/default/2024-10/jc-20140627-itemg.pdf,Error,0
https://courts.ca.gov/sites/default/files/courts/default/2024-10/humboldt-11-sch1-1011.pdf,Error,0
https://courts.ca.gov/sites/default/files/courts/default/2024-10/tuolumne-sch1-1415.pdf,Error,0
https://courts.ca.gov/sites/default/files/courts/default/2024-10/contra-costa-sch1-1213.pdf,Error,0
https://courts.ca.gov/sites/default/files/courts/default/2024-10/jc-20120622-itemb.pdf,Error,0
https://courts.ca.gov/sites/default/files/courts/default/2024-10/nevada-ror-q4-fy1011.pdf,Error,0
https://courts.ca.gov/sites/default/files/courts/default/2024-10/madera-7a-1112.pdf,Error,0
https://courts.ca.gov/sites/default/files/courts/default/2024-10/hr-staffing-metrics-1718-03.pdf,Error,0
https://courts.ca.gov/sites/default/files/courts/default/2024-10/jc-20130226-circulating2c.pdf,Error,0
https://courts.ca.gov/sites/default/files/courts/default/2024-10/san-mateo-ror-fy1112.pdf,Error,0
https://courts.ca.gov/sites/default/files/courts/default/2024-10/butte-ror4.pdf,Error,0
https://courts.ca.gov/sites/default/files/courts/default/2024-10/orange-sch1-1213.pdf,Error,0
https://courts.ca.gov/sites/default/files/courts/default/2024-10/stanislaus-sch1-1213.pdf,Error,0
https://courts.ca.gov/sites/default/files/courts/default/2024-10/los-angeles-19-sch1-1011.pdf,Error,0
https://courts.ca.gov/sites/default/files/courts/default/2024-10/shasta-qfs4fy0910.pdf,Error,0
https://courts.ca.gov/sites/default/files/courts/default/2024-10/santacruz-7a-1112.pdf,Error,0
https://courts.ca.gov/sites/default/files/courts/default/2024-10/napa-ror4.pdf,Error,0
https://courts.ca.gov/sites/default/files/courts/default/2024-10/fresno-ror-fy1213.pdf,Error,0
https://courts.ca.gov/sites/default/files/courts/default/2024-10/orange-sch1-1415.pdf,Error,0
https://courts.ca.gov/sites/default/files/courts/default/2024-10/jc-20141028-itemj.pdf,Error,0
https://courts.ca.gov/sites/default/files/courts/default/2024-10/santa-cruz-sch1-1415.pdf,Error,0
https://courts.ca.gov/sites/default/files/courts/default/2024-10/riverside-ror-fy1112.pdf,Error,0
https://courts.ca.gov/sites/default/files/courts/default/2024-10/tuolumne-sch1-1213.pdf,Error,0
https://courts.ca.gov/sites/default/files/courts/default/2024-10/eldorado-qfs4fy0910.pdf,Error,0
https://courts.ca.gov/sites/default/files/courts/default/2024-10/contra-costa-sch1-1415.pdf,Error,0
https://courts.ca.gov/sites/default/files/courts/default/2024-10/santa-clara-43-sch1-1011.pdf,Error,0
https://courts.ca.gov/sites/default/files/courts/default/2024-10/kern-ror-fy1112.pdf,Error,0
https://courts.ca.gov/sites/default/files/courts/default/2024-10/ventura-ror4.pdf,Error,0
https://courts.ca.gov/sites/default/files/courts/default/2024-10/jc-20150122-itemj.pdf,Error,0
https://courts.ca.gov/sites/default/files/courts/default/2024-10/lassen-7a-1112.pdf,Error,0
https://courts.ca.gov/sites/default/files/courts/default/2024-10/ventura-ror4-2011.pdf,Error,0
https://courts.ca.gov/sites/default/files/courts/default/2024-10/humboldt-ror-fy1213.pdf,Error,0
https://courts.ca.gov/sites/default/files/courts/default/2024-10/mariposa-sch1-1516.pdf,Error,0
https://courts.ca.gov/sites/default/files/courts/default/2024-10/plumas-ror4-2011.pdf,Error,0
https://courts.ca.gov/sites/default/files/courts/default/2024-10/c357a.pdf,Error,0
https://courts.ca.gov/sites/default/files/courts/default/2024-10/el-dorado-ror-fy1112.pdf,Error,0
https://courts.ca.gov/sites/default/files/courts/default/2024-10/butte-sch1-1415.pdf,Error,0
https://courts.ca.gov/sites/default/files/courts/default/2024-10/yolo-ror-fy1112.pdf,Error,0
https://courts.ca.gov/sites/default/files/courts/default/2024-10/imperial-sch1-1213.pdf,Error,0
https://courts.ca.gov/sites/default/files/courts/default/2024-10/san-francisco-38-sch1-1011.pdf,Error,0
https://courts.ca.gov/sites/default/files/courts/default/2024-10/riverside-ror4-2011.pdf,Error,0
https://courts.ca.gov/sites/default/files/courts/default/2024-10/riverside-33-sch1-1011.pdf,Error,0
https://courts.ca.gov/sites/default/files/courts/default/2024-10/san-bernardino-ror4-2011.pdf,Error,0
https://courts.ca.gov/sites/default/files/courts/default/2024-10/calaveras-ror4.pdf,Error,0
https://courts.ca.gov/sites/default/files/courts/default/2024-10/del-norte-08-sch1-1011.pdf,Error,0
https://courts.ca.gov/sites/default/files/courts/default/2024-10/fin-res-dis-resources-and-links-spring-2022.pdf,Error,0
https://courts.ca.gov/sites/default/files/courts/default/2024-10/los-angeles-qfs4fy0910b.pdf,Error,0
https://courts.ca.gov/sites/default/files/courts/default/2024-10/placer-7a-1213.pdf,Error,0
https://courts.ca.gov/sites/default/files/courts/default/2024-10/butte-sch1-1213.pdf,Error,0
https://courts.ca.gov/sites/default/files/courts/default/2024-10/hr-staffing-metrics-1718-02.pdf,Error,0
https://courts.ca.gov/sites/default/files/courts/default/2024-10/alpine-sch1-1516.pdf,Error,0
https://courts.ca.gov/sites/default/files/courts/default/2024-10/imperial-sch1-1415.pdf,Error,0
https://courts.ca.gov/sites/default/files/courts/default/2024-10/glenn-sch1-1314.pdf,Error,0
https://courts.ca.gov/sites/default/files/courts/default/2024-10/san-benito-ror4-2011.pdf,Error,0
https://courts.ca.gov/sites/default/files/courts/default/2024-10/sonoma-ror4.pdf,Error,0
https://courts.ca.gov/sites/default/files/courts/default/2024-10/san-mateo-ror4.pdf,Error,0
https://courts.ca.gov/sites/default/files/courts/default/2024-10/jc-20130226-itemj.pdf,Error,0
https://courts.ca.gov/sites/default/files/courts/default/2024-10/placer-7a-1011.pdf,Error,0
https://courts.ca.gov/sites/default/files/courts/default/2024-10/kings-qfs4fy0910.pdf,Error,0
https://courts.ca.gov/sites/default/files/courts/default/2024-10/del-norte-sch1-1516.pdf,Error,0
https://courts.ca.gov/sites/default/files/courts/default/2024-10/tehama-sch1-1415.pdf,Error,0
https://courts.ca.gov/sites/default/files/courts/default/2024-10/san-joaquin-39-sch1-1011a.pdf,Error,0
https://courts.ca.gov/sites/default/files/courts/default/2024-10/napa-sch1-1415.pdf,Error,0
https://courts.ca.gov/sites/default/files/courts/default/2024-10/monterey-sch1-1314.pdf,Error,0
https://courts.ca.gov/sites/default/files/courts/default/2024-10/orange-qfs4fy0910.pdf,Error,0
https://courts.ca.gov/sites/default/files/courts/default/2024-10/el-dorado-sch1-1314.pdf,Error,0
https://courts.ca.gov/sites/default/files/courts/default/2024-10/jc-20150219-info3.pdf,Error,0
https://courts.ca.gov/sites/default/files/courts/default/2024-10/san-joaquin-sch1-1415.pdf,Error,0
https://courts.ca.gov/sites/default/files/courts/default/2024-10/santa-clara-ror4.pdf,Error,0
https://courts.ca.gov/sites/default/files/courts/default/2024-10/lake-qfs4fy0910.pdf,Error,0
https://courts.ca.gov/sites/default/files/courts/default/2024-10/trinity-sch1-1415.pdf,Error,0
https://courts.ca.gov/sites/default/files/courts/default/2024-10/madera-20-sch1-1011.pdf,Error,0
https://courts.ca.gov/sites/default/files/courts/default/2024-10/kings-7a-1213.pdf,Error,0
https://courts.ca.gov/sites/default/files/courts/default/2024-10/san-francisco-sch1-1516.pdf,Error,0
https://courts.ca.gov/sites/default/files/courts/default/2024-10/san-joaquin-sch1-1213.pdf,Error,0
https://courts.ca.gov/sites/default/files/courts/default/2024-10/marin-ror-4-2011.pdf,Error,0
https://courts.ca.gov/sites/default/files/courts/default/2024-10/marin-ror-fy1213.pdf,Error,0
https://courts.ca.gov/sites/default/files/courts/default/2024-10/calaveras-7a-1011.pdf,Error,0
https://courts.ca.gov/sites/default/files/courts/default/2024-10/mendocino-sch1-1314.pdf,Error,0
https://courts.ca.gov/sites/default/files/courts/default/2024-10/los-angeles-sch1-1516.pdf,Error,0
https://courts.ca.gov/sites/default/files/courts/default/2024-10/trinity-sch1-1213.pdf,Error,0
https://courts.ca.gov/sites/default/files/courts/default/2024-10/lake-sch1-1314.pdf,Error,0
https://courts.ca.gov/sites/default/files/courts/default/2024-10/7a-1718-inyo.pdf,Error,0
https://courts.ca.gov/sites/default/files/courts/default/2024-10/tehama-sch1-1213.pdf,Error,0
https://courts.ca.gov/sites/default/files/courts/default/2024-10/shasta-sch1-1314.pdf,Error,0
https://courts.ca.gov/sites/default/files/courts/default/2024-10/merced-sch1-1314.pdf,Error,0
https://courts.ca.gov/sites/default/files/courts/default/2024-10/napa-sch1-1213.pdf,Error,0
https://courts.ca.gov/sites/default/files/courts/default/2024-10/calaveras-7a-1213.pdf,Error,0
https://courts.ca.gov/sites/default/files/courts/default/2024-10/humboldt-sch1-1314.pdf,Error,0
https://courts.ca.gov/sites/default/files/courts/default/2024-10/tulare-qfs4fy0910a.pdf,Error,0
https://courts.ca.gov/sites/default/files/courts/default/2024-10/placer-qfs4fy0910.pdf,Error,0
https://courts.ca.gov/sites/default/files/courts/default/2024-10/san-joaquin-ror4.pdf,Error,0
https://courts.ca.gov/sites/default/files/courts/default/2024-10/santa-clara-qfs4fy0910.pdf,Error,0
https://courts.ca.gov/sites/default/files/courts/default/2024-10/fresno-sch1-1213.pdf,Error,0
https://courts.ca.gov/sites/default/files/courts/default/2024-10/kern-sch1-1213.pdf,Error,0
https://courts.ca.gov/sites/default/files/courts/default/2024-10/plumas-7a-1213.pdf,Error,0
https://courts.ca.gov/sites/default/files/courts/default/2024-10/solano-sch1-1213.pdf,Error,0
https://courts.ca.gov/sites/default/files/courts/default/2024-10/siskiyou-7a-1213.pdf,Error,0
https://courts.ca.gov/sites/default/files/courts/default/2024-10/jcc-job-application.pdf,Error,0
https://courts.ca.gov/sites/default/files/courts/default/2024-10/calaveras-qfs4fy0910.pdf,Error,0
https://courts.ca.gov/sites/default/files/courts/default/2024-10/tehama-ror-fy1213.pdf,Error,0
https://courts.ca.gov/sites/default/files/courts/default/2024-10/marin-sch1-1314.pdf,Error,0
https://courts.ca.gov/sites/default/files/courts/default/2024-10/tehama-ror4.pdf,Error,0
https://courts.ca.gov/sites/default/files/courts/default/2024-10/colusa-sch1-1516.pdf,Error,0
https://courts.ca.gov/sites/default/files/courts/default/2024-10/neogov-ma-202101-amendment_1.pdf,Error,0
https://courts.ca.gov/sites/default/files/courts/default/2024-10/imperial-ror-fy1213.pdf,Error,0
https://courts.ca.gov/sites/default/files/courts/default/2024-10/jc-20140627-itemj.pdf,Error,0
https://courts.ca.gov/sites/default/files/courts/default/2024-10/solano-sch1-1415.pdf,Error,0
https://courts.ca.gov/sites/default/files/courts/default/2024-10/fresno-sch1-1415.pdf,Error,0
https://courts.ca.gov/sites/default/files/courts/default/2024-10/kern-sch1-1415.pdf,Error,0
https://courts.ca.gov/sites/default/files/courts/default/2024-10/orange-ror4.pdf,Error,0
https://courts.ca.gov/sites/default/files/courts/default/2024-10/santa-barbara-sch1-1516.pdf,Error,0
https://courts.ca.gov/sites/default/files/courts/default/2024-10/modoc-ror4.pdf,Error,0
https://courts.ca.gov/sites/default/files/courts/default/2024-10/tuolumne-ror4-2011.pdf,Error,0
https://courts.ca.gov/sites/default/files/courts/default/2024-10/inyo-ror-fy1112.pdf,Error,0
https://courts.ca.gov/sites/default/files/courts/default/2024-10/san-diego-sch1-1415.pdf,Error,0
https://courts.ca.gov/sites/default/files/courts/default/2024-10/lassen-sch1-1314.pdf,Error,0
https://courts.ca.gov/sites/default/files/courts/default/2024-10/nevada-sch1-1314.pdf,Error,0
https://courts.ca.gov/sites/default/files/courts/default/2024-10/humboldt-ror4.pdf,Error,0
https://courts.ca.gov/sites/default/files/courts/default/2024-10/tuolumne-7a-1112.pdf,Error,0
https://courts.ca.gov/sites/default/files/courts/default/2024-10/inyo-ror04.pdf,Error,0
https://courts.ca.gov/sites/default/files/courts/default/2024-10/kings-sch1-1415.pdf,Error,0
https://courts.ca.gov/sites/default/files/courts/default/2024-10/san-francisco-ror4.pdf,Error,0
https://courts.ca.gov/sites/default/files/courts/default/2024-10/mono-sch1-1516.pdf,Error,0
https://courts.ca.gov/sites/default/files/courts/default/2024-10/kings-ror4.pdf,Error,0
https://courts.ca.gov/sites/default/files/courts/default/2024-10/orange-ror4-2011.pdf,Error,0
https://courts.ca.gov/sites/default/files/courts/default/2024-10/hr-staffing-metrics-1920-01.pdf,Error,0
https://courts.ca.gov/sites/default/files/courts/default/2024-10/01242022-bbc-meeting-materials.pdf,Error,0
https://courts.ca.gov/sites/default/files/courts/default/2024-10/stanislaus-7a-1213.pdf,Error,0
https://courts.ca.gov/sites/default/files/courts/default/2024-10/siskiyou-sch1-1314.pdf,Error,0
https://courts.ca.gov/sites/default/files/courts/default/2024-10/siskiyou-ror4.pdf,Error,0
https://courts.ca.gov/sites/default/files/courts/default/2024-10/san-diego-sch1-1213.pdf,Error,0
https://courts.ca.gov/sites/default/files/courts/default/2024-10/kings-16-sch1-1011.pdf,Error,0
https://courts.ca.gov/sites/default/files/courts/default/2024-10/kings-sch1-1213.pdf,Error,0
https://courts.ca.gov/sites/default/files/courts/default/2024-10/stanislaus-7a-1011.pdf,Error,0
https://courts.ca.gov/sites/default/files/courts/default/2024-10/jc-20150122-iteme.pdf,Error,0
https://courts.ca.gov/sites/default/files/courts/default/2024-10/plumas-sch1-1415.pdf,Error,0
https://courts.ca.gov/sites/default/files/courts/default/2024-10/san-benito-sch1-1213.pdf,Error,0
https://courts.ca.gov/sites/default/files/courts/default/2024-10/ventura-sch1-1415.pdf,Error,0
https://courts.ca.gov/sites/default/files/courts/default/2024-10/solano-ror-fy1213.pdf,Error,0
https://courts.ca.gov/sites/default/files/courts/default/2024-10/san-bernardino-sch1-1213.pdf,Error,0
https://courts.ca.gov/sites/default/files/courts/default/2024-10/riverside-sch1-1213.pdf,Error,0
https://courts.ca.gov/sites/default/files/courts/default/2024-10/yuba-sch1-1314.pdf,Error,0
https://courts.ca.gov/sites/default/files/courts/default/2024-10/sacramento-7a-1011.pdf,Error,0
https://courts.ca.gov/sites/default/files/courts/default/2024-10/imperial-ror4-2011.pdf,Error,0
https://courts.ca.gov/sites/default/files/courts/default/2024-10/yolo-57-sch1-1011.pdf,Error,0
https://courts.ca.gov/sites/default/files/courts/default/2024-10/san-bernardino-sch1-1415.pdf,Error,0
https://courts.ca.gov/sites/default/files/courts/default/2024-10/riverside-sch1-1415.pdf,Error,0
https://courts.ca.gov/sites/default/files/courts/default/2024-10/ventura-qfs4fy0910.pdf,Error,0
https://courts.ca.gov/sites/default/files/courts/default/2024-10/san-bernardino-36-sch1-1011.pdf,Error,0
https://courts.ca.gov/sites/default/files/courts/default/2024-10/san-luis-obispo-ror-fy1112.pdf,Error,0
https://courts.ca.gov/sites/default/files/courts/default/2024-10/san-luis-obispo-40-sch1-1011.pdf,Error,0
https://courts.ca.gov/sites/default/files/courts/default/2024-10/contracosta-7a-1112.pdf,Error,0
https://courts.ca.gov/sites/default/files/courts/default/2024-10/sacramento-7a-1213.pdf,Error,0
https://courts.ca.gov/sites/default/files/courts/default/2024-10/trinity-qfs4fy0910.pdf,Error,0
https://courts.ca.gov/sites/default/files/courts/default/2024-10/san-benito-sch1-1415.pdf,Error,0
https://courts.ca.gov/sites/default/files/courts/default/2024-10/ventura-sch1-1213.pdf,Error,0
https://courts.ca.gov/sites/default/files/courts/default/2024-10/kern-ror4.pdf,Error,0
https://courts.ca.gov/sites/default/files/courts/default/2024-10/del-norte-ror-fy1213.pdf,Error,0
https://courts.ca.gov/sites/default/files/courts/default/2024-10/yolo-sch1-1213.pdf,Error,0
https://courts.ca.gov/sites/default/files/courts/default/2024-10/lake-ror-fy1213.pdf,Error,0
https://courts.ca.gov/sites/default/files/courts/default/2024-10/stanislaus-ror-fy1112.pdf,Error,0
https://courts.ca.gov/sites/default/files/courts/default/2024-10/sanluisobispo-7a-1112.pdf,Error,0
https://courts.ca.gov/sites/default/files/courts/default/2024-10/sutter-ror-fy1112.pdf,Error,0
https://courts.ca.gov/sites/default/files/courts/default/2024-10/monterey-27-sch1-1011.pdf,Error,0
https://courts.ca.gov/sites/default/files/courts/default/2024-10/yuba-sch1-1516.pdf,Error,0
https://courts.ca.gov/sites/default/files/courts/default/2024-10/sanjoaquin-7a-1112.pdf,Error,0
https://courts.ca.gov/sites/default/files/courts/default/2024-10/sanbernardinoqfs3fy0910.pdf,Error,0
https://courts.ca.gov/sites/default/files/courts/default/2024-10/losangeles-ror-q4-fy1011.pdf,Error,0
https://courts.ca.gov/sites/default/files/courts/default/2024-10/sonoma-49-sch1-1011.pdf,Error,0
https://courts.ca.gov/sites/default/files/courts/default/2024-10/del-norte-7a-1011.pdf,Error,0
https://courts.ca.gov/sites/default/files/courts/default/2024-10/santa-barbara-42-sch1-1011.pdf,Error,0
https://courts.ca.gov/sites/default/files/courts/default/2024-10/yolo-sch1-1415.pdf,Error,0
https://courts.ca.gov/sites/default/files/courts/default/2024-10/jc-20150821-itemk.pdf,Error,0
https://courts.ca.gov/sites/default/files/courts/default/2024-10/del-norte-7a-1213.pdf,Error,0
https://courts.ca.gov/sites/default/files/courts/default/2024-10/tuolumne-qfs4fy0910.pdf,Error,0
https://courts.ca.gov/sites/default/files/courts/default/2024-10/inyo-14-sch1-1011.pdf,Error,0
https://courts.ca.gov/sites/default/files/courts/default/2024-10/san-joaquin-qfs4fy0910.pdf,Error,0
https://courts.ca.gov/sites/default/files/courts/default/2024-10/marin-qfs4fy0910.pdf,Error,0
https://courts.ca.gov/sites/default/files/courts/default/2024-10/nevada-qfs4fy0910.pdf,Error,0
https://courts.ca.gov/sites/default/files/courts/default/2024-10/nevada-sch1-1516.pdf,Error,0
https://courts.ca.gov/sites/default/files/courts/default/2024-10/lassen-sch1-1516.pdf,Error,0
https://courts.ca.gov/sites/default/files/courts/default/2024-10/sierra-sch1-1213.pdf,Error,0
https://courts.ca.gov/sites/default/files/courts/default/2024-10/monterey-ror-fy1112.pdf,Error,0
https://courts.ca.gov/sites/default/files/courts/default/2024-10/modoc-qfs4fy0910.pdf,Error,0
https://courts.ca.gov/sites/default/files/courts/default/2024-10/tulare-sch1-1415.pdf,Error,0
https://courts.ca.gov/sites/default/files/courts/default/2024-10/san-mateo-ror4-2011.pdf,Error,0
https://courts.ca.gov/sites/default/files/courts/default/2024-10/san-mateo-41-sch1-1011.pdf,Error,0
https://courts.ca.gov/sites/default/files/courts/default/2024-10/humboldt-7a-1112.pdf,Error,0
https://courts.ca.gov/sites/default/files/courts/default/2024-10/ventura-7a-1213.pdf,Error,0
https://courts.ca.gov/sites/default/files/courts/default/2024-10/santa-clara-ror-fy1213.pdf,Error,0
https://courts.ca.gov/sites/default/files/courts/default/2024-10/mono-sch1-1314.pdf,Error,0
https://courts.ca.gov/sites/default/files/courts/default/2024-10/lpa-rapiscan-ma-2017-10-amendment-2.pdf,Error,0
https://courts.ca.gov/sites/default/files/courts/default/2024-10/sierra-sch1-1617.pdf,Error,0
https://courts.ca.gov/sites/default/files/courts/default/2024-10/imperial-qfs4fy0910.pdf,Error,0
https://courts.ca.gov/sites/default/files/courts/default/2024-10/sierra-sch1-1415.pdf,Error,0
https://courts.ca.gov/sites/default/files/courts/default/2024-10/imperial-ror4.pdf,Error,0
https://courts.ca.gov/sites/default/files/courts/default/2024-10/monterey-7a-1213.pdf,Error,0
https://courts.ca.gov/sites/default/files/courts/default/2024-10/oee-jbfp-1011.pdf,Error,0
https://courts.ca.gov/sites/default/files/courts/default/2024-10/sanfranciscoqfs3fy0910.pdf,Error,0
https://courts.ca.gov/sites/default/files/courts/default/2024-10/calaveras-ror-fy1213.pdf,Error,0
https://courts.ca.gov/sites/default/files/courts/default/2024-10/tulare-sch1-1213.pdf,Error,0
https://courts.ca.gov/sites/default/files/courts/default/2024-10/siskiyou-sch1-1516.pdf,Error,0
https://courts.ca.gov/sites/default/files/courts/default/2024-10/tehama-qfs4fy0910.pdf,Error,0
https://courts.ca.gov/sites/default/files/courts/default/2024-10/tuolumne-ror4.pdf,Error,0
https://courts.ca.gov/sites/default/files/courts/default/2024-10/madera-ror4-2011.pdf,Error,0
https://courts.ca.gov/sites/default/files/courts/default/2024-10/plumas-32-sch1-1011.pdf,Error,0
https://courts.ca.gov/sites/default/files/courts/default/2024-10/siskiyou-47-sch1-1011.pdf,Error,0
https://courts.ca.gov/sites/default/files/courts/default/2024-10/sonoma-ror4-2011.pdf,Error,0
https://courts.ca.gov/sites/default/files/courts/default/2024-10/sierra-7a-1011.pdf,Error,0
https://courts.ca.gov/sites/default/files/courts/default/2024-10/siskiyou-qfs4fy0910.pdf,Error,0
https://courts.ca.gov/sites/default/files/courts/default/2024-10/contra-costa-qfs4fy0910.pdf,Error,0
https://courts.ca.gov/sites/default/files/courts/default/2024-10/placer-ror4-2011.pdf,Error,0
https://courts.ca.gov/sites/default/files/courts/default/2024-10/oee-sc-1011.pdf,Error,0
https://courts.ca.gov/sites/default/files/courts/default/2024-10/sierra-7a-1213.pdf,Error,0
https://courts.ca.gov/sites/default/files/courts/default/2024-10/colusa-7a-1112.pdf,Error,0
https://courts.ca.gov/sites/default/files/courts/default/2024-10/colusa-sch1-1314.pdf,Error,0
https://courts.ca.gov/sites/default/files/courts/default/2024-10/jc-20130117-itemh.pdf,Error,0
https://courts.ca.gov/sites/default/files/courts/default/2024-10/marin-sch1-1516.pdf,Error,0
https://courts.ca.gov/sites/default/files/courts/default/2024-10/hr-staffing-metrics-1920-07.pdf,Error,0
https://courts.ca.gov/sites/default/files/courts/default/2024-10/colusa-qfs4fy0910.pdf,Error,0
https://courts.ca.gov/sites/default/files/courts/default/2024-10/santa-barbara-sch1-1314.pdf,Error,0
https://courts.ca.gov/sites/default/files/courts/default/2024-10/calaveras-ror4-2011.pdf,Error,0
https://courts.ca.gov/sites/default/files/courts/default/2024-10/lake-ror4.pdf,Error,0
https://courts.ca.gov/sites/default/files/courts/default/2024-10/monterey-sch1-1516.pdf,Error,0
https://courts.ca.gov/sites/default/files/courts/default/2024-10/solano-qfs4fy0910.pdf,Error,0
https://courts.ca.gov/sites/default/files/courts/default/2024-10/del-norte-sch1-1314.pdf,Error,0
https://courts.ca.gov/sites/default/files/courts/default/2024-10/butte-04-sch1-1011.pdf,Error,0
https://courts.ca.gov/sites/default/files/courts/default/2024-10/glenn-7a-1011.pdf,Error,0
https://courts.ca.gov/sites/default/files/courts/default/2024-10/san-diego-ror-fy1112.pdf,Error,0
https://courts.ca.gov/sites/default/files/courts/default/2024-10/san-luis-obispo-sch1-1415.pdf,Error,0
https://courts.ca.gov/sites/default/files/courts/default/2024-10/el-dorado-sch1-1516.pdf,Error,0
https://courts.ca.gov/sites/default/files/courts/default/2024-10/san-diego-ror4.pdf,Error,0
https://courts.ca.gov/sites/default/files/courts/default/2024-10/7a-1819-glenn.pdf,Error,0
https://courts.ca.gov/sites/default/files/courts/default/2024-10/glenn-7a-1213.pdf,Error,0
https://courts.ca.gov/sites/default/files/courts/default/2024-10/modoc-ror4-2011.pdf,Error,0
https://courts.ca.gov/sites/default/files/courts/default/2024-10/sutter-sch1-1415.pdf,Error,0
https://courts.ca.gov/sites/default/files/courts/default/2024-10/mendocino-sch1-1516.pdf,Error,0
https://courts.ca.gov/sites/default/files/courts/default/2024-10/ventura-56-sch1-1011.pdf,Error,0
https://courts.ca.gov/sites/default/files/courts/default/2024-10/los-angeles-sch1-1314.pdf,Error,0
https://courts.ca.gov/sites/default/files/courts/default/2024-10/trinity-ror-fy1213.pdf,Error,0
https://courts.ca.gov/sites/default/files/courts/default/2024-10/lake-sch1-1516.pdf,Error,0
https://courts.ca.gov/sites/default/files/courts/default/2024-10/san-luis-obispo-sch1-1213.pdf,Error,0
https://courts.ca.gov/sites/default/files/courts/default/2024-10/san-francisco-sch1-1314.pdf,Error,0
https://courts.ca.gov/sites/default/files/courts/default/2024-10/sierra-qfs4fy0910.pdf,Error,0
https://courts.ca.gov/sites/default/files/courts/default/2024-10/sutter-sch1-1213.pdf,Error,0
https://courts.ca.gov/sites/default/files/courts/default/2024-10/ventura-ror-fy1213.pdf,Error,0
https://courts.ca.gov/sites/default/files/courts/default/2024-10/merced-sch1-1516.pdf,Error,0
https://courts.ca.gov/sites/default/files/courts/default/2024-10/delnorte-qfs4fy0910.pdf,Error,0
https://courts.ca.gov/sites/default/files/courts/default/2024-10/plumas-ror-fy1112.pdf,Error,0
https://courts.ca.gov/sites/default/files/courts/default/2024-10/humboldt-sch1-1516.pdf,Error,0
https://courts.ca.gov/sites/default/files/courts/default/2024-10/sacramento-ror4.pdf,Error,0
https://courts.ca.gov/sites/default/files/courts/default/2024-10/jc-20131213-itemr.pdf,Error,0
https://courts.ca.gov/sites/default/files/courts/default/2024-10/marin-7a-1112.pdf,Error,0
https://courts.ca.gov/sites/default/files/courts/default/2024-10/shasta-sch1-1516.pdf,Error,0
https://courts.ca.gov/sites/default/files/courts/default/2024-10/san-francisco-7a-1213.pdf,Error,0
https://courts.ca.gov/sites/default/files/courts/default/2024-10/del-norte-sch1-1213.pdf,Error,0
https://courts.ca.gov/sites/default/files/courts/default/2024-10/yuba-58-sch1-1011.pdf,Error,0
https://courts.ca.gov/sites/default/files/courts/default/2024-10/san-joaquin-ror-fy1112.pdf,Error,0
https://courts.ca.gov/sites/default/files/courts/default/2024-10/stanislaus-50-sch1-1011.pdf,Error,0
https://courts.ca.gov/sites/default/files/courts/default/2024-10/07262021-bbc-agenda-materials.pdf,Error,0
https://courts.ca.gov/sites/default/files/courts/default/2024-10/san-francisco-sch1-1415.pdf,Error,0
https://courts.ca.gov/sites/default/files/courts/default/2024-10/fresno-7afy_20092010.pdf,Error,0
https://courts.ca.gov/sites/default/files/courts/default/2024-10/los-angeles-sch1-1415.pdf,Error,0
https://courts.ca.gov/sites/default/files/courts/default/2024-10/calaveras-7a-1112.pdf,Error,0
https://courts.ca.gov/sites/default/files/courts/default/2024-10/sutter-51-sch1-1011.pdf,Error,0
https://courts.ca.gov/sites/default/files/courts/default/2024-10/san-francisco-sch1-1213.pdf,Error,0
https://courts.ca.gov/sites/default/files/courts/default/2024-10/san-luis-obispo-sch1-1314.pdf,Error,0
https://courts.ca.gov/sites/default/files/courts/default/2024-10/san-joaquin-sch1-1516.pdf,Error,0
https://courts.ca.gov/sites/default/files/courts/default/2024-10/sutter-sch1-1314.pdf,Error,0
https://courts.ca.gov/sites/default/files/courts/default/2024-10/sutter-qfs4fy0910.pdf,Error,0
https://courts.ca.gov/sites/default/files/courts/default/2024-10/los-angeles-sch1-1213.pdf,Error,0
https://courts.ca.gov/sites/default/files/courts/default/2024-10/trinity-sch1-1516.pdf,Error,0
https://courts.ca.gov/sites/default/files/courts/default/2024-10/del-norte-sch1-1415.pdf,Error,0
https://courts.ca.gov/sites/default/files/courts/default/2024-10/stanislaus-qfs4fy0910.pdf,Error,0
https://courts.ca.gov/sites/default/files/courts/default/2024-10/napa-sch1-1516.pdf,Error,0
https://courts.ca.gov/sites/default/files/courts/default/2024-10/orange-30-sch1-1011.pdf,Error,0
https://courts.ca.gov/sites/default/files/courts/default/2024-10/modoc-sch1_1415.pdf,Error,0
https://courts.ca.gov/sites/default/files/courts/default/2024-10/kern-sch1-1516.pdf,Error,0
https://courts.ca.gov/sites/default/files/courts/default/2024-10/solano-sch1-1516.pdf,Error,0
https://courts.ca.gov/sites/default/files/courts/default/2024-10/santa-barbara-sch1-1415.pdf,Error,0
https://courts.ca.gov/sites/default/files/courts/default/2024-10/imperial-ror-fy1112.pdf,Error,0
https://courts.ca.gov/sites/default/files/courts/default/2024-10/san-luis-obispo-7a-1213.pdf,Error,0
https://courts.ca.gov/sites/default/files/courts/default/2024-10/colusa-sch1-1415.pdf,Error,0
https://courts.ca.gov/sites/default/files/courts/default/2024-10/san-benito-qfs4fy0910.pdf,Error,0
https://courts.ca.gov/sites/default/files/courts/default/2024-10/santa-clara-ror4-2011.pdf,Error,0
https://courts.ca.gov/sites/default/files/courts/default/2024-10/plumas-7a-1112.pdf,Error,0
https://courts.ca.gov/sites/default/files/courts/default/2024-10/trinity-ror4.pdf,Error,0
https://courts.ca.gov/sites/default/files/courts/default/2024-10/itemm.pdf,Error,0
https://courts.ca.gov/sites/default/files/courts/default/2024-10/colusa-sch1-1213.pdf,Error,0
https://courts.ca.gov/sites/default/files/courts/default/2024-10/mariposa-7a-1213.pdf,Error,0
https://courts.ca.gov/sites/default/files/courts/default/2024-10/el-dorado-7a-1213.pdf,Error,0
https://courts.ca.gov/sites/default/files/courts/default/2024-10/jc-20121214-itemi.pdf,Error,0
https://courts.ca.gov/sites/default/files/courts/default/2024-10/oee-hcrc-1011.pdf,Error,0
https://courts.ca.gov/sites/default/files/courts/default/2024-10/santa-barbara-sch1-1213.pdf,Error,0
https://courts.ca.gov/sites/default/files/courts/default/2024-10/7a-1415-fresno.pdf,Error,0
https://courts.ca.gov/sites/default/files/courts/default/2024-10/placer-ror4.pdf,Error,0
https://courts.ca.gov/sites/default/files/courts/default/2024-10/jc-20140627-info3.pdf,Error,0
https://courts.ca.gov/sites/default/files/courts/default/2024-10/stanislaus-7a-1112.pdf,Error,0
https://courts.ca.gov/sites/default/files/courts/default/2024-10/colusa-ror-fy1112.pdf,Error,0
https://courts.ca.gov/sites/default/files/courts/default/2024-10/sierra-sch1-1314.pdf,Error,0
https://courts.ca.gov/sites/default/files/courts/default/2024-10/santa-cruz-rorr4-2011.pdf,Error,0
https://courts.ca.gov/sites/default/files/courts/default/2024-10/7a-2122-napa.pdf,Error,0
https://courts.ca.gov/sites/default/files/courts/default/2024-10/mono-sch1-1213.pdf,Error,0
https://courts.ca.gov/sites/default/files/courts/default/2024-10/lake-17-sch1-1011.pdf,Error,0
https://courts.ca.gov/sites/default/files/courts/default/2024-10/san-benito-ror4.pdf,Error,0
https://courts.ca.gov/sites/default/files/courts/default/2024-10/sacramento-34-sch1-1011.pdf,Error,0
https://courts.ca.gov/sites/default/files/courts/default/2024-10/tuolumne-55-sch1-1011.pdf,Error,0
https://courts.ca.gov/sites/default/files/courts/default/2024-10/santa-cruz-ror4.pdf,Error,0
https://courts.ca.gov/sites/default/files/courts/default/2024-10/santa_barbara_7a.pdf,Error,0
https://courts.ca.gov/sites/default/files/courts/default/2024-10/inyo-ror-fy1213.pdf,Error,0
https://courts.ca.gov/sites/default/files/courts/default/2024-10/tuolumne-7a-1213.pdf,Error,0
https://courts.ca.gov/sites/default/files/courts/default/2024-10/contra-costa-ror-fy1112.pdf,Error,0
https://courts.ca.gov/sites/default/files/courts/default/2024-10/yuba-ror4.pdf,Error,0
https://courts.ca.gov/sites/default/files/courts/default/2024-10/tulare-sch1-1314.pdf,Error,0
https://courts.ca.gov/sites/default/files/courts/default/2024-10/fin-rev-dist-session3a-inyo-pleading-wizard-spring-2020.pdf,Error,0
https://courts.ca.gov/sites/default/files/courts/default/2024-10/inyo-ror4-2011.pdf,Error,0
https://courts.ca.gov/sites/default/files/courts/default/2024-10/san-diego-sch1-1516.pdf,Error,0
https://courts.ca.gov/sites/default/files/courts/default/2024-10/kings-sch1-1516.pdf,Error,0
https://courts.ca.gov/sites/default/files/courts/default/2024-10/tuolumne-7a-1011.pdf,Error,0
https://courts.ca.gov/sites/default/files/courts/default/2024-10/stanislaus-ror4.pdf,Error,0
https://courts.ca.gov/sites/default/files/courts/default/2024-10/lpa-brinks-ma201604-amendment-3.pdf,Error,0
https://courts.ca.gov/sites/default/files/courts/default/2024-10/lake-7a-1213.pdf,Error,0
https://courts.ca.gov/sites/default/files/courts/default/2024-10/jcreporton08-09branchexpenditures.pdf,Error,0
https://courts.ca.gov/sites/default/files/courts/default/2024-10/san-benito-sch1-1516.pdf,Error,0
https://courts.ca.gov/sites/default/files/courts/default/2024-10/yolo-sch1-1314.pdf,Error,0
https://courts.ca.gov/sites/default/files/courts/default/2024-10/san-luis-obispo-ror-fy1213.pdf,Error,0
https://courts.ca.gov/sites/default/files/courts/default/2024-10/plumas-qfs4fy0910.pdf,Error,0
https://courts.ca.gov/sites/default/files/courts/default/2024-10/jc-20150626-itemp.pdf,Error,0
https://courts.ca.gov/sites/default/files/courts/default/2024-10/san-francisco-qfs4fy0910.pdf,Error,0
https://courts.ca.gov/sites/default/files/courts/default/2024-10/alpine-ror4-2011.pdf,Error,0
https://courts.ca.gov/sites/default/files/courts/default/2024-10/santa-barbara-7a-1213.pdf,Error,0
https://courts.ca.gov/sites/default/files/courts/default/2024-10/san-bernardino-sch1-1516.pdf,Error,0
https://courts.ca.gov/sites/default/files/courts/default/2024-10/riverside-sch1-1516.pdf,Error,0
https://courts.ca.gov/sites/default/files/courts/default/2024-10/del-norte-ror-fy1112.pdf,Error,0
https://courts.ca.gov/sites/default/files/courts/default/2024-10/fresno-sch1-1516b.pdf,Error,0
https://courts.ca.gov/sites/default/files/courts/default/2024-10/itemn.pdf,Error,0
https://courts.ca.gov/sites/default/files/courts/default/2024-10/san-diego-qfs4fy0910.pdf,Error,0
https://courts.ca.gov/sites/default/files/courts/default/2024-10/yuba-7a-1213.pdf,Error,0
https://courts.ca.gov/sites/default/files/courts/default/2024-10/7a-1718-delnorte.pdf,Error,0
https://courts.ca.gov/sites/default/files/courts/default/2024-10/mariposa-ror4-2011.pdf,Error,0
https://courts.ca.gov/sites/default/files/courts/default/2024-10/plumas-sch1-1516.pdf,Error,0
https://courts.ca.gov/sites/default/files/courts/default/2024-10/ventura-sch1-1516.pdf,Error,0
https://courts.ca.gov/sites/default/files/courts/default/2024-10/san-benito-sch1-1314.pdf,Error,0
https://courts.ca.gov/sites/default/files/courts/default/2024-10/yolo-sch1-1516.pdf,Error,0
https://courts.ca.gov/sites/default/files/courts/default/2024-10/alameda-01-sch1-1011.pdf,Error,0
https://courts.ca.gov/sites/default/files/courts/default/2024-10/riverside-sch1-1314.pdf,Error,0
https://courts.ca.gov/sites/default/files/courts/default/2024-10/san-bernardino-sch1-1314.pdf,Error,0
https://courts.ca.gov/sites/default/files/courts/default/2024-10/yuba-sch1-1213.pdf,Error,0
https://courts.ca.gov/sites/default/files/courts/default/2024-10/butte-7a-1213.pdf,Error,0
https://courts.ca.gov/sites/default/files/courts/default/2024-10/mariposa-22-sch1-1011.pdf,Error,0
https://courts.ca.gov/sites/default/files/courts/default/2024-10/colusa-06-sch1-1011.pdf,Error,0
https://courts.ca.gov/sites/default/files/courts/default/2024-10/lake-ror-fy1112.pdf,Error,0
https://courts.ca.gov/sites/default/files/courts/default/2024-10/santa-clara-7a-1213.pdf,Error,0
https://courts.ca.gov/sites/default/files/courts/default/2024-10/yuba-sch1-1415.pdf,Error,0
https://courts.ca.gov/sites/default/files/courts/default/2024-10/hwg-20210311-notice-agenda.pdf,Error,0
https://courts.ca.gov/sites/default/files/courts/default/2024-10/sutter-ror-fy1213.pdf,Error,0
https://courts.ca.gov/sites/default/files/courts/default/2024-10/alpine-ror4.pdf,Error,0
https://courts.ca.gov/sites/default/files/courts/default/2024-10/ventura-sch1-1314.pdf,Error,0
https://courts.ca.gov/sites/default/files/courts/default/2024-10/san-mateo-7a-1213.pdf,Error,0
https://courts.ca.gov/sites/default/files/courts/default/2024-10/plumas-sch1-1314.pdf,Error,0
https://courts.ca.gov/sites/default/files/courts/default/2024-10/san-diego-37-sch1-1011.pdf,Error,0
https://courts.ca.gov/sites/default/files/courts/default/2024-10/monterey-ror4--2011.pdf,Error,0
https://courts.ca.gov/sites/default/files/courts/default/2024-10/nevada-sch1-1213.pdf,Error,0
https://courts.ca.gov/sites/default/files/courts/default/2024-10/lassen-sch1-1213.pdf,Error,0
https://courts.ca.gov/sites/default/files/courts/default/2024-10/sierra-sch1-1516.pdf,Error,0
https://courts.ca.gov/sites/default/files/courts/default/2024-10/colusa-ror4.pdf,Error,0
https://courts.ca.gov/sites/default/files/courts/default/2024-10/shasta-45-sch1-1011.pdf,Error,0
https://courts.ca.gov/sites/default/files/courts/default/2024-10/siskiyou-sch1-1415.pdf,Error,0
https://courts.ca.gov/sites/default/files/courts/default/2024-10/jc-20130823-itemh.pdf,Error,0
https://courts.ca.gov/sites/default/files/courts/default/2024-10/santa-cruz-7a-1213.pdf,Error,0
https://courts.ca.gov/sites/default/files/courts/default/2024-10/calaveras-ror-fy1112.pdf,Error,0
https://courts.ca.gov/sites/default/files/courts/default/2024-10/amador-ror4.pdf,Error,0
https://courts.ca.gov/sites/default/files/courts/default/2024-10/napa-qfs4fy0910.pdf,Error,0
https://courts.ca.gov/sites/default/files/courts/default/2024-10/mariposa-ror4.pdf,Error,0
https://courts.ca.gov/sites/default/files/courts/default/2024-10/placer-31-sch1-1011.pdf,Error,0
https://courts.ca.gov/sites/default/files/courts/default/2024-10/humboldt-7a-1011.pdf,Error,0
https://courts.ca.gov/sites/default/files/courts/default/2024-10/nevada-sch1-1415.pdf,Error,0
https://courts.ca.gov/sites/default/files/courts/default/2024-10/lassen-sch1-1415.pdf,Error,0
https://courts.ca.gov/sites/default/files/courts/default/2024-10/san-diego-sch1-1314.pdf,Error,0
https://courts.ca.gov/sites/default/files/courts/default/2024-10/kings-sch1-1314.pdf,Error,0
https://courts.ca.gov/sites/default/files/courts/default/2024-10/orange-7a-1213.pdf,Error,0
https://courts.ca.gov/sites/default/files/courts/default/2024-10/santa-clara-ror-fy1112.pdf,Error,0
https://courts.ca.gov/sites/default/files/courts/default/2024-10/tulare-sch1-1516.pdf,Error,0
https://courts.ca.gov/sites/default/files/courts/default/2024-10/humboldt-7a-1213.pdf,Error,0
https://courts.ca.gov/sites/default/files/courts/default/2024-10/siskiyou-sch1-1213.pdf,Error,0
https://courts.ca.gov/sites/default/files/courts/default/2024-10/kern-sch1-1314.pdf,Error,0
https://courts.ca.gov/sites/default/files/courts/default/2024-10/colusa-7a-1213.pdf,Error,0
https://courts.ca.gov/sites/default/files/courts/default/2024-10/solano-sch1-1314.pdf,Error,0
https://courts.ca.gov/sites/default/files/courts/default/2024-10/mono-26-sch1-1011final.pdf,Error,0
https://courts.ca.gov/sites/default/files/courts/default/2024-10/tehama-52-sch1-1011.pdf,Error,0
https://courts.ca.gov/sites/default/files/courts/default/2024-10/imperial-13-sch1-1011.pdf,Error,0
https://courts.ca.gov/sites/default/files/courts/default/2024-10/colusa-7a-1011.pdf,Error,0
https://courts.ca.gov/sites/default/files/courts/default/2024-10/lassen-ror-fy1213.pdf,Error,0
https://courts.ca.gov/sites/default/files/courts/default/2024-10/marin-sch1-1415.pdf,Error,0
https://courts.ca.gov/sites/default/files/courts/default/2024-10/kern-15-schedule1-1011.pdf,Error,0
https://courts.ca.gov/sites/default/files/courts/default/2024-10/lassen-18-sch1-1011.pdf,Error,0
https://courts.ca.gov/sites/default/files/courts/default/2024-10/7a-2122-monterey.pdf,Error,0
https://courts.ca.gov/sites/default/files/courts/default/2024-10/mendocino-qfs4fy0910.pdf,Error,0
https://courts.ca.gov/sites/default/files/courts/default/2024-10/trinity-11-sch1-1011.pdf,Error,0
https://courts.ca.gov/sites/default/files/courts/default/2024-10/contra-costa-7a-1213.pdf,Error,0
https://courts.ca.gov/sites/default/files/courts/default/2024-10/san-bernardino-7a-1213.pdf,Error,0
https://courts.ca.gov/sites/default/files/courts/default/2024-10/marin-sch1-1213.pdf,Error,0
https://courts.ca.gov/sites/default/files/courts/default/2024-10/imperial-7a-1213.pdf,Error,0
https://courts.ca.gov/sites/default/files/courts/default/2024-10/merced-ror-q4-fy1011.pdf,Error,0
https://courts.ca.gov/sites/default/files/courts/default/2024-10/contra-costa-7a-1011.pdf,Error,0
https://courts.ca.gov/sites/default/files/courts/default/2024-10/sierra-7a-1112.pdf,Error,0
https://courts.ca.gov/sites/default/files/courts/default/2024-10/san-bernardino-7a-1011.pdf,Error,0
https://courts.ca.gov/sites/default/files/courts/default/2024-10/inyo-qfs4fy0910.pdf,Error,0
https://courts.ca.gov/sites/default/files/courts/default/2024-10/trinity-ror-fy1112.pdf,Error,0
https://courts.ca.gov/sites/default/files/courts/default/2024-10/merced-sch1-1415.pdf,Error,0
https://courts.ca.gov/sites/default/files/courts/default/2024-10/monterey-sch1-1213.pdf,Error,0
https://courts.ca.gov/sites/default/files/courts/default/2024-10/humboldt-sch1-1415.pdf,Error,0
https://courts.ca.gov/sites/default/files/courts/default/2024-10/shasta-sch1-1415.pdf,Error,0
https://courts.ca.gov/sites/default/files/courts/default/2024-10/san-bernardino-qfs4fy0910.pdf,Error,0
https://courts.ca.gov/sites/default/files/courts/default/2024-10/mendocino-sch1-1415.pdf,Error,0
https://courts.ca.gov/sites/default/files/courts/default/2024-10/ventura-ror-fy1112.pdf,Error,0
https://courts.ca.gov/sites/default/files/courts/default/2024-10/san-luis-obispo-qfs4fy0910.pdf,Error,0
https://courts.ca.gov/sites/default/files/courts/default/2024-10/lake-sch1-1415.pdf,Error,0
https://courts.ca.gov/sites/default/files/courts/default/2024-10/marin-7a-1213.pdf,Error,0
https://courts.ca.gov/sites/default/files/courts/default/2024-10/el-dorado-sch1-1213.pdf,Error,0
https://courts.ca.gov/sites/default/files/courts/default/2024-10/napa-7a-1213.pdf,Error,0
https://courts.ca.gov/sites/default/files/courts/default/2024-10/shasta_7a.pdf,Error,0
https://courts.ca.gov/sites/default/files/courts/default/2024-10/lake-sch1-1213.pdf,Error,0
https://courts.ca.gov/sites/default/files/courts/default/2024-10/trinity-sch1-1314.pdf,Error,0
https://courts.ca.gov/sites/default/files/courts/default/2024-10/monterey-qfs4fy0910-lj.pdf,Error,0
https://courts.ca.gov/sites/default/files/courts/default/2024-10/022610item3.pdf,Error,0
https://courts.ca.gov/sites/default/files/courts/default/2024-10/el-dorado-sch1-1415.pdf,Error,0
https://courts.ca.gov/sites/default/files/courts/default/2024-10/san-luis-obispo-sch1-1516.pdf,Error,0
https://courts.ca.gov/sites/default/files/courts/default/2024-10/qfs-2021-q4-kings.pdf,Error,0
https://courts.ca.gov/sites/default/files/courts/default/2024-10/sutter-sch1-1516.pdf,Error,0
https://courts.ca.gov/sites/default/files/courts/default/2024-10/san-joaquin-sch1-1314.pdf,Error,0
https://courts.ca.gov/sites/default/files/courts/default/2024-10/napa-sch1-1314.pdf,Error,0
https://courts.ca.gov/sites/default/files/courts/default/2024-10/merced-sch1-1213.pdf,Error,0
https://courts.ca.gov/sites/default/files/courts/default/2024-10/santa-barbara-ror4.pdf,Error,0
https://courts.ca.gov/sites/default/files/courts/default/2024-10/humboldt-sch1-1213.pdf,Error,0
https://courts.ca.gov/sites/default/files/courts/default/2024-10/monterey-sch1-1415.pdf,Error,0
https://courts.ca.gov/sites/default/files/courts/default/2024-10/mendocino-23-sch1-1011.pdf,Error,0
https://courts.ca.gov/sites/default/files/courts/default/2024-10/shasta-sch1-1213.pdf,Error,0
https://courts.ca.gov/sites/default/files/courts/default/2024-10/tehama-sch1-1314.pdf,Error,0
https://courts.ca.gov/sites/default/files/courts/default/2024-10/glenn-7a-1112.pdf,Error,0
https://courts.ca.gov/system/files/jcc_policy_asbestos_mgmt_for_court_facilities.pdf,Error,0
https://courts.ca.gov/system/files/jc-facility-modification-policy.pdf,Error,0
https://courts.ca.gov/system/files/design-build-conflict-interest-policy.pdf,Error,0
https://courts.ca.gov/system/files/2024-08/Jury-Service-Prescreening-Questionnaire-Template.pdf,Error,0
https://courts.ca.gov/system/files/2025-07/rt100infov.pdf,Error,0
https://courts.ca.gov/system/files/2025-07/sc104cc.pdf,Error,0
https://courts.ca.gov/system/files/file/cscac-20210407-notice.pdf,Error,0
https://courts.ca.gov/system/files/file/itac-20171204-agenda-public.pdf,Error,0
https://courts.ca.gov/system/files/file/famjuv-20170112-agenda.pdf,Error,0
https://courts.ca.gov/system/files/file/tcbac-20201119-noticeandagenda.pdf,Error,0
https://courts.ca.gov/system/files/file/jctc-20181015-agenda.pdf,Error,0
https://courts.ca.gov/system/files/file/jbbc-20200528-minutes.pdf,Error,0
https://courts.ca.gov/system/files/file/rules-20210414-notice-agenda.pdf,Error,0
https://courts.ca.gov/system/files/file/cscac-20180306-agenda.pdf,Error,0
https://courts.ca.gov/system/files/file/executiveandplanning-20210708-minutes.pdf,Error,0
https://courts.ca.gov/system/files/file/paf-20190815-materials.pdf,Error,0
https://courts.ca.gov/system/files/file/ctac-20150730-jats-minutes.pdf,Error,0
https://courts.ca.gov/system/files/file/itac-20181203-materials.pdf,Error,0
https://courts.ca.gov/system/files/file/ciap-20170602-las-notice.pdf,Error,0
https://courts.ca.gov/system/files/file/cjcac-20220209-mh-noticeagenda.pdf,Error,0
https://courts.ca.gov/system/files/file/cscac-20210312-legsub-agenda.pdf,Error,0
https://courts.ca.gov/system/files/file/cjcac-20200708-mh-noticeagenda-openandclosed.pdf,Error,0
https://courts.ca.gov/system/files/file/jctc-20190408-minutes.pdf,Error,0
https://courts.ca.gov/system/files/file/waac-20200303-minutes.pdf,Error,0
https://courts.ca.gov/system/files/file/paf-20200709-noticeagenda.pdf,Error,0
https://courts.ca.gov/system/files/file/tcbac-20190603-materials.pdf,Error,0
https://courts.ca.gov/system/files/file/itac-20210623-notice-agenda-open.pdf,Error,0
https://courts.ca.gov/system/files/file/cfac-20210616-noticeandagenda.pdf,Error,0
https://courts.ca.gov/system/files/file/jc-20121026-info5.pdf,Error,0
https://courts.ca.gov/system/files/file/cscac-20220405-notice.pdf,Error,0
https://courts.ca.gov/system/files/file/paf-20201210-lasc-noticeagenda.pdf,Error,0
https://courts.ca.gov/system/files/file/famjuv-20210621-noticeagenda.pdf,Error,0
https://courts.ca.gov/system/files/file/itac-20211027-notice-agenda.pdf,Error,0
https://courts.ca.gov/system/files/file/tcbac-20190228-fms-minutes.pdf,Error,0
https://courts.ca.gov/system/files/file/itac-dr2c_roadmap.pdf,Error,0
https://courts.ca.gov/system/files/file/famjuv-20210726-noticeagenda.pdf,Error,0
https://courts.ca.gov/system/files/file/forum-20210610-materials.pdf,Error,0
https://courts.ca.gov/system/files/file/cjcac-20201209-mh-minutes_closed.pdf,Error,0
https://courts.ca.gov/system/files/file/jctc-20180725-materials.pdf,Error,0
https://courts.ca.gov/system/files/file/tcfmac-20201207-notice-agenda.pdf,Error,0
https://courts.ca.gov/system/files/file/vote-mail-rules-court-1056-memo-and-draft-changes.pdf,Error,0
https://courts.ca.gov/system/files/file/cjcac-20210317-mh-notice-agenda-closed.pdf,Error,0
https://courts.ca.gov/system/files/file/tcfmac-20210412-notice-agenda.pdf,Error,0
https://courts.ca.gov/system/files/file/tcbac-20201125-fps-minutes.pdf,Error,0
https://courts.ca.gov/system/files/file/judicial-branch-data-and-information-governance-policy-proposal-finalpdf.pdf,Error,0
https://courts.ca.gov/system/files/file/cscac-20220128-legsub-agenda.pdf,Error,0
https://courts.ca.gov/system/files/file/cjcac-20211208-mh-minutes.pdf,Error,0
https://courts.ca.gov/system/files/file/eandp-20191010-notice-agenda.pdf,Error,0
https://courts.ca.gov/system/files/file/jctc-20210208-materials.pdf,Error,0
https://courts.ca.gov/system/files/file/rules-20200930-notice-agenda.pdf,Error,0
https://courts.ca.gov/system/files/file/csac-20210209-materials.pdf,Error,0
https://courts.ca.gov/system/files/file/eandp-20190903-mm.pdf,Error,0
https://courts.ca.gov/system/files/file/aac-20181212-rs-notice-agenda.pdf,Error,0
https://courts.ca.gov/system/files/file/cfac-20190829-agenda.pdf,Error,0
https://courts.ca.gov/system/files/file/famjuv-20200615-noticeagenda.pdf,Error,0
https://courts.ca.gov/system/files/file/tcbac-20201015-minutes.pdf,Error,0
https://courts.ca.gov/system/files/file/famjuv-20210301-noticeagenda.pdf,Error,0
https://courts.ca.gov/system/files/file/aac-20180702-jats-notice-agenda.pdf,Error,0
https://courts.ca.gov/system/files/file/forum-20171214-agenda.pdf,Error,0
https://courts.ca.gov/system/files/file/ceac-20191031-notice_agenda.pdf,Error,0
https://courts.ca.gov/system/files/file/jbbc-cfac-20191219-minutes.pdf,Error,0
https://courts.ca.gov/system/files/file/ceac-20210208-jbsiss-notice-agenda.pdf,Error,0
https://courts.ca.gov/system/files/file/paf-20190920-notice-agenda.pdf,Error,0
https://courts.ca.gov/system/files/file/cfac-20210616-minutes.pdf,Error,0
https://courts.ca.gov/system/files/file/cscac-20190327-legsub-agenda.pdf,Error,0
https://courts.ca.gov/system/files/file/jctc-20250512-materials_0.pdf,Error,0
https://courts.ca.gov/system/files/file/pmhac-20211109-noticeagenda.pdf,Error,0
https://courts.ca.gov/system/files/file/tcfmac-20200601-notice-agenda.pdf,Error,0
https://courts.ca.gov/system/files/file/itac-20180316-agenda-public.pdf,Error,0
https://courts.ca.gov/system/files/file/jbbc-20190718-materials.pdf,Error,0
https://courts.ca.gov/system/files/file/cjcac-20210310-mh-noticeagenda-closed.pdf,Error,0
https://courts.ca.gov/system/files/file/cscac-20220112-pos-notice.pdf,Error,0
https://courts.ca.gov/system/files/file/cscac-20180710-frs-agenda.pdf,Error,0
https://courts.ca.gov/system/files/file/tcbac-20180712-fms-materials.pdf,Error,0
https://courts.ca.gov/system/files/file/cscac-20180718-legsub-agenda.pdf,Error,0
https://courts.ca.gov/system/files/file/cjcac-20181128-notice-agenda.pdf,Error,0
https://courts.ca.gov/system/files/file/paf-20201210-lasc-minutes.pdf,Error,0
https://courts.ca.gov/system/files/file/tcbac-20150805-fms-materials.pdf,Error,0
https://courts.ca.gov/system/files/file/tcbac-20201005-materials.pdf,Error,0
https://courts.ca.gov/system/files/file/itac-20210127-minutes.pdf,Error,0
https://courts.ca.gov/system/files/file/executiveandplanning-20210415-notice-agenda.pdf,Error,0
https://courts.ca.gov/system/files/file/cscac-20200508-ls-agenda.pdf,Error,0
https://courts.ca.gov/system/files/file/jctc-20191115-agenda.pdf,Error,0
https://courts.ca.gov/system/files/file/itac-20210706-rps-materials-public.pdf,Error,0
https://courts.ca.gov/system/files/file/tcbac-20180321-re-materials.pdf,Error,0
https://courts.ca.gov/system/files/file/famjuv-20210614-noticeagenda.pdf,Error,0
https://courts.ca.gov/system/files/file/bof1024.pdf,Error,0
https://courts.ca.gov/system/files/file/forum-20210610-minutes-approved.pdf,Error,0
https://courts.ca.gov/system/files/file/cjcac-20190724-notice-agenda.pdf,Error,0
https://courts.ca.gov/system/files/file/itac-20211025-rps-supplmaterials-public.pdf,Error,0
https://courts.ca.gov/system/files/file/famjuv-20210315-noticeagenda.pdf,Error,0
https://courts.ca.gov/system/files/file/cfac-20200710-noticeandagenda.pdf,Error,0
https://courts.ca.gov/system/files/file/traffic-20181220-agenda-notice.pdf,Error,0
https://courts.ca.gov/system/files/file/cfac-jbbc-20191219-minutes.pdf,Error,0
https://courts.ca.gov/system/files/file/itemf.pdf,Error,0
https://courts.ca.gov/system/files/file/cscac-20170823-legsub-agenda.pdf,Error,0
https://courts.ca.gov/system/files/file/cscac-20180418-legsub-agenda.pdf,Error,0
https://courts.ca.gov/system/files/file/tcfmac-20210514-open-minutes.pdf,Error,0
https://courts.ca.gov/system/files/file/executiveandplanning-20210701-minutes.pdf,Error,0
https://courts.ca.gov/system/files/file/cjcac-20200210-vcmf-notice-agendapdf.pdf,Error,0
https://courts.ca.gov/system/files/file/tcfmac-20191202-agenda.pdf,Error,0
https://courts.ca.gov/system/files/file/csac-20171130-agenda.pdf,Error,0
https://courts.ca.gov/system/files/file/cjcac-20201130-notice-agenda.pdf,Error,0
https://courts.ca.gov/system/files/file/aac-20170117-ads-agenda.pdf,Error,0
https://courts.ca.gov/system/files/file/aac-20190221-agenda.pdf,Error,0
https://courts.ca.gov/system/files/file/itac-20190710-minutes.pdf,Error,0
https://courts.ca.gov/system/files/file/paf-20191017-notice-agenda_open_closed.pdf,Error,0
https://courts.ca.gov/system/files/file/famjuv-20220124-noticeagenda.pdf,Error,0
https://courts.ca.gov/system/files/file/tcbac-20190424-rande-minutes.pdf,Error,0
https://courts.ca.gov/system/files/file/ciap-20211215-noticeandagenda.pdf,Error,0
https://courts.ca.gov/system/files/file/itac-20171204-minutes.pdf,Error,0
https://courts.ca.gov/system/files/file/eandp-20190515-mm.pdf,Error,0
https://courts.ca.gov/system/files/file/tcfmac-20210412-minutes.pdf,Error,0
https://courts.ca.gov/system/files/file/itac-20151216-jats-minutes.pdf,Error,0
https://courts.ca.gov/system/files/file/cfac-20181212-iooc-notice.pdf,Error,0
https://courts.ca.gov/system/files/file/jctc-20190314-materials.pdf,Error,0
https://courts.ca.gov/system/files/file/aac-20170130-notice-agenda.pdf,Error,0
https://courts.ca.gov/system/files/file/csac-20170908-minutes.pdf,Error,0
https://courts.ca.gov/system/files/file/famjuv-20170223-agenda.pdf,Error,0
https://courts.ca.gov/system/files/file/aac-20210702-rs-materials.pdf,Error,0
https://courts.ca.gov/system/files/file/jctc-20210308-agenda.pdf,Error,0
https://courts.ca.gov/system/files/file/tcbac-20190603-minutes.pdf,Error,0
https://courts.ca.gov/system/files/file/tcbac-20160622-crs-materials.pdf,Error,0
https://courts.ca.gov/system/files/file/paf-20210617-notice-agenda_open.pdf,Error,0
https://courts.ca.gov/system/files/file/tcbac-20171004-fps-minutes.pdf,Error,0
https://courts.ca.gov/system/files/file/forum-20201302-noticeagenda.pdf,Error,0
https://courts.ca.gov/system/files/file/cscac-20190801-agenda.pdf,Error,0
https://courts.ca.gov/system/files/file/famjuv-20180205-agenda.pdf,Error,0
https://courts.ca.gov/system/files/file/cfac-20161118-materials.pdf,Error,0
https://courts.ca.gov/system/files/file/tcbac-20190522-rande-noticeandagenda.pdf,Error,0
https://courts.ca.gov/system/files/file/lc-20220303-notice-agenda.pdf,Error,0
https://courts.ca.gov/system/files/file/itac-20190415-minutes.pdf,Error,0
https://courts.ca.gov/system/files/file/jctc-20210820-minutes.pdf,Error,0
https://courts.ca.gov/system/files/file/cscac-20210726-sclcs-notice.pdf,Error,0
https://courts.ca.gov/system/files/file/jbbc-20210105-minutes.pdf,Error,0
https://courts.ca.gov/system/files/file/csac-20190228-minutes.pdf,Error,0
https://courts.ca.gov/system/files/file/executiveandplanning-20200420-minutes.pdf,Error,0
https://courts.ca.gov/system/files/file/pmhac-20190718-noticeagenda.pdf,Error,0
https://courts.ca.gov/system/files/file/cscac-20200302-pos-agenda.pdf,Error,0
https://courts.ca.gov/system/files/file/jctc-20210913-agenda.pdf,Error,0
https://courts.ca.gov/system/files/file/famjuv-2021125-noticeagenda.pdf,Error,0
https://courts.ca.gov/system/files/file/itac-20181026-notice-public.pdf,Error,0
https://courts.ca.gov/system/files/file/cfac-20190829-minutes.pdf,Error,0
https://courts.ca.gov/system/files/file/jctc-20180523-agenda-public.pdf,Error,0
https://courts.ca.gov/system/files/file/tcbac-20190408-rande-materials.pdf,Error,0
https://courts.ca.gov/system/files/file/aac-20220203-rs-agenda.pdf,Error,0
https://courts.ca.gov/system/files/file/jctc-20200713-supplemental-materials.pdf,Error,0
https://courts.ca.gov/system/files/file/cscac-20220321-c19s-notice.pdf,Error,0
https://courts.ca.gov/system/files/file/jbbc-20200528-noticeandagenda.pdf,Error,0
https://courts.ca.gov/system/files/file/tcbac-20211119-rande-materials.pdf,Error,0
https://courts.ca.gov/system/files/file/tcbac-20210218-fms-noticeandagenda.pdf,Error,0
https://courts.ca.gov/system/files/file/jctc-20180312-minutes.pdf,Error,0
https://courts.ca.gov/system/files/file/rupro-20170224-agenda.pdf,Error,0
https://courts.ca.gov/system/files/file/paf-20200820-noticeagenda.pdf,Error,0
https://courts.ca.gov/system/files/file/itac-20200122-rps-minutes-open.pdf,Error,0
https://courts.ca.gov/system/files/file/eandp-20190305-minutes.pdf,Error,0
https://courts.ca.gov/system/files/file/clac-20170426-agenda.pdf,Error,0
https://courts.ca.gov/system/files/file/openmeetinnoticeandagendaforweb111921.pdf,Error,0
https://courts.ca.gov/system/files/file/aecomm-20150729-materials.pdf,Error,0
https://courts.ca.gov/system/files/file/eandp-20181003-notice_agenda.pdf,Error,0
https://courts.ca.gov/system/files/file/tcpjac-ceac-20170316-jls-agenda.pdf,Error,0
https://courts.ca.gov/system/files/file/cscac-20200522-ls-agenda.pdf,Error,0
https://courts.ca.gov/system/files/file/tcbac-20180521-fms-minutes.pdf,Error,0
https://courts.ca.gov/system/files/file/famjuv-20200727-noticeagenda.pdf,Error,0
https://courts.ca.gov/system/files/file/itac-20211130-materials.pdf,Error,0
https://courts.ca.gov/system/files/file/clac-20170411-agenda.pdf,Error,0
https://courts.ca.gov/system/files/file/aac-20200901-agenda.pdf,Error,0
https://courts.ca.gov/system/files/file/itac-20180122-rps-agenda-public.pdf,Error,0
https://courts.ca.gov/system/files/file/cscac-20210202-sclcs-agenda.pdf,Error,0
https://courts.ca.gov/system/files/file/forum-20210812-noticeagenda.pdf,Error,0
https://courts.ca.gov/system/files/file/rules-20201102-materials.pdf,Error,0
https://courts.ca.gov/system/files/file/cscac-20180717-frs-agenda.pdf,Error,0
https://courts.ca.gov/system/files/file/cfcc_brief_substance_0.pdf,Error,0
https://courts.ca.gov/system/files/file/sytf_20220112_noticeagenda.pdf,Error,0
https://courts.ca.gov/system/files/file/cscac-20200805-agenda.pdf,Error,0
https://courts.ca.gov/system/files/file/csac-20181029-notice-agenda.pdf,Error,0
https://courts.ca.gov/system/files/file/ceac-20180810-jbsiss-materials.pdf,Error,0
https://courts.ca.gov/system/files/file/tcfmac-20181203-open-minutes.pdf,Error,0
https://courts.ca.gov/system/files/file/jctc-20211108-agenda.pdf,Error,0
https://courts.ca.gov/system/files/file/tcbac-20180531-materials.pdf,Error,0
https://courts.ca.gov/system/files/file/audit-20190712-agenda.pdf,Error,0
https://courts.ca.gov/system/files/file/tcbac-20210415-fms-noticeandagenda.pdf,Error,0
https://courts.ca.gov/system/files/file/lr-2024-standards-measures-promote-fair-efficient-admin-justice-gov-770015.pdf,Error,0
https://courts.ca.gov/system/files/file/traffic-20170407-agenda.pdf,Error,0
https://courts.ca.gov/system/files/file/jc-20121214-itemp.pdf,Error,0
https://courts.ca.gov/system/files/file/cscac-20220218-legsub-agenda.pdf,Error,0
https://courts.ca.gov/system/files/file/cfac-20211008-materials.pdf,Error,0
https://courts.ca.gov/system/files/file/tcfmac-20200601-approved-minutes.pdf,Error,0
https://courts.ca.gov/system/files/file/itac-20191202-minutes.pdf,Error,0
https://courts.ca.gov/system/files/file/tcbac-20200917-fps-minutes.pdf,Error,0
https://courts.ca.gov/system/files/file/cjcac-20191016-vs-notice-agenda.pdf,Error,0
https://courts.ca.gov/system/files/file/waac-20200303-notice-agenda.pdf,Error,0
https://courts.ca.gov/system/files/file/tcbac-20210409-rande-minutes.pdf,Error,0
https://courts.ca.gov/system/files/file/cjcac_20210910_vcmf_noticeagenda.pdf,Error,0
https://courts.ca.gov/system/files/file/itac-20170505-materials.pdf,Error,0
https://courts.ca.gov/system/files/file/executiveandplanning-20210525-notice-agenda.pdf,Error,0
https://courts.ca.gov/system/files/file/cfac-20190416-minutes.pdf,Error,0
https://courts.ca.gov/system/files/file/tcbac-20190408-rande-minutes.pdf,Error,0
https://courts.ca.gov/system/files/file/cscac-20220217-rafs-notice.pdf,Error,0
https://courts.ca.gov/system/files/file/cjcac-20210609-mh-noticeagenda.pdf,Error,0
https://courts.ca.gov/system/files/file/cscac-20220404-c19s-notice.pdf,Error,0
https://courts.ca.gov/system/files/file/itac-iam-finalreport.pdf,Error,0
https://courts.ca.gov/system/files/file/jcc_policy_asbestos_mgmt_for_court_facilities.pdf,Error,0
https://courts.ca.gov/system/files/file/cfcc_brief_healthcare_0.pdf,Error,0
https://courts.ca.gov/system/files/file/tcfmac-20190408-open-minutes.pdf,Error,0
https://courts.ca.gov/system/files/file/pmhac-20220316-noticeagenda.pdf,Error,0
https://courts.ca.gov/system/files/file/clac-20170308-agenda.pdf,Error,0
https://courts.ca.gov/system/files/file/rules-20201119-notice-agenda.pdf,Error,0
https://courts.ca.gov/system/files/file/itac-20190208-notice-agenda-public.pdf,Error,0
https://courts.ca.gov/system/files/file/itac-20201104-rps-notice-agenda-public.pdf,Error,0
https://courts.ca.gov/system/files/file/itac-20180622-agenda-public.pdf,Error,0
https://courts.ca.gov/system/files/file/itac-20210915-supplementalmaterials.pdf,Error,0
https://courts.ca.gov/system/files/file/lc-20210513-agenda-notice.pdf,Error,0
https://courts.ca.gov/system/files/file/executiveandplanning-20210708-notice-agenda.pdf,Error,0
https://courts.ca.gov/system/files/file/tcbac-20180712-fms-minutes.pdf,Error,0
https://courts.ca.gov/system/files/file/jctc-20210208-minutes.pdf,Error,0
https://courts.ca.gov/system/files/file/eandp-20190313-notice-agenda.pdf,Error,0
https://courts.ca.gov/system/files/file/tcfmac-20200720-approved-minutes.pdf,Error,0
https://courts.ca.gov/system/files/file/eandp-20191217-minutes.pdf,Error,0
https://courts.ca.gov/system/files/file/forum-20170608-agenda.pdf,Error,0
https://courts.ca.gov/system/files/file/cjcac-20201028-notice-agenda.pdf,Error,0
https://courts.ca.gov/system/files/file/itac-20210224-notice-agenda.pdf,Error,0
https://courts.ca.gov/system/files/file/csac-20190724-materials.pdf,Error,0
https://courts.ca.gov/system/files/file/jbbc-20210105-noticeandagenda.pdf,Error,0
https://courts.ca.gov/system/files/file/tcfmac-20211115-notice-agenda.pdf,Error,0
https://courts.ca.gov/system/files/file/executiveandplanning-20210209-notice-agenda.pdf,Error,0
https://courts.ca.gov/system/files/file/jctc-20190516-minutes.pdf,Error,0
https://courts.ca.gov/system/files/file/jctc-20200914-supplemental-materials.pdf,Error,0
https://courts.ca.gov/system/files/file/cjcac-20210305-vcmf-noticeagenda-open.pdf,Error,0
https://courts.ca.gov/system/files/file/jctc-20180611-materials.pdf,Error,0
https://courts.ca.gov/system/files/file/cjcac-20190403-vs-notice-agenda.pdf,Error,0
https://courts.ca.gov/system/files/file/aac-itac-20180702-minutes.pdf,Error,0
https://courts.ca.gov/system/files/file/forum-2021209-minutes-approved.pdf,Error,0
https://courts.ca.gov/system/files/file/jbbc-20200924-noticeandagenda.pdf,Error,0
https://courts.ca.gov/system/files/file/executiveandplanning-20210608-notice-agenda.pdf,Error,0
https://courts.ca.gov/system/files/file/cfac-20250925-materials.pdf,Error,0
https://courts.ca.gov/system/files/file/itac-20200122-rps-notice-agenda-public.pdf,Error,0
https://courts.ca.gov/system/files/file/jctc-20210111-minutes.pdf,Error,0
https://courts.ca.gov/system/files/file/eandp-20190213-notice-agenda.pdf,Error,0
https://courts.ca.gov/system/files/file/itac-20170807-minutes.pdf,Error,0
https://courts.ca.gov/system/files/file/tcbac-20190617-fms-noticeandagenda.pdf,Error,0
https://courts.ca.gov/system/files/file/itac-20200917-notice-agenda-public.pdf,Error,0
https://courts.ca.gov/system/files/file/itac-20201104-rps-materials-public.pdf,Error,0
https://courts.ca.gov/system/files/file/famjuv-20200406-noticeagenda.pdf,Error,0
https://courts.ca.gov/system/files/file/paf-20190815-notice-agenda.pdf,Error,0
https://courts.ca.gov/system/files/file/aac-20170112-rs-notice-agenda.pdf,Error,0
https://courts.ca.gov/system/files/file/eandp-20180807-notice-agenda.pdf,Error,0
https://courts.ca.gov/system/files/file/audit-20190208-agenda.pdf,Error,0
https://courts.ca.gov/system/files/file/eandp-20190903-minutes.pdf,Error,0
https://courts.ca.gov/system/files/file/tcpjac-ceac-20170209-jls-agenda.pdf,Error,0
https://courts.ca.gov/system/files/file/cfac-20181212-iooc-agenda.pdf,Error,0
https://courts.ca.gov/system/files/file/tcbac-20180326-fms-materials.pdf,Error,0
https://courts.ca.gov/system/files/file/judicial-branch-facilities-program-oversight.pdf,Error,0
https://courts.ca.gov/system/files/file/csac-20191023-minutes.pdf,Error,0
https://courts.ca.gov/system/files/file/cscac-20220318-legsub-agenda.pdf,Error,0
https://courts.ca.gov/system/files/file/clac20180719-agenda.pdf,Error,0
https://courts.ca.gov/system/files/file/lc-20211014-materials.pdf,Error,0
https://courts.ca.gov/system/files/file/ciap-20201116-materials.pdf,Error,0
https://courts.ca.gov/system/files/file/audit-20200210-agenda.pdf,Error,0
https://courts.ca.gov/system/files/file/lc-20210527-agenda-notice.pdf,Error,0
https://courts.ca.gov/system/files/file/csac-20190724-notice-agenda.pdf,Error,0
https://courts.ca.gov/system/files/file/ceac-20191213-jbsis-notice-agenda.pdf,Error,0
https://courts.ca.gov/system/files/file/cscac-20180608-frs-agenda.pdf,Error,0
https://courts.ca.gov/system/files/file/executiveandplanning-20210929-minutes.pdf,Error,0
https://courts.ca.gov/system/files/file/eandp-20180518-mm.pdf,Error,0
https://courts.ca.gov/system/files/file/itac-20190102-materials.pdf,Error,0
https://courts.ca.gov/system/files/file/famjuv-20190729-noticeagenda.pdf,Error,0
https://courts.ca.gov/system/files/file/cscac-20210122-legsub-agenda.pdf,Error,0
https://courts.ca.gov/system/files/file/cscac-20190205-adr-agenda.pdf,Error,0
https://courts.ca.gov/system/files/file/tcpjac_ceac-20190703-jls-notice_agenda.pdf,Error,0
https://courts.ca.gov/system/files/file/cjer-20230914-materials.pdf,Error,0
https://courts.ca.gov/system/files/file/itac-20210324-notice-agenda.pdf,Error,0
https://courts.ca.gov/system/files/file/itac-20170807-materials.pdf,Error,0
https://courts.ca.gov/system/files/file/tcfmac-20220131-notice-agenda.pdf,Error,0
https://courts.ca.gov/system/files/file/ceac-20220204-tcfp-notice-agenda.pdf,Error,0
https://courts.ca.gov/system/files/file/paf-20190301-noticeagenda.pdf,Error,0
https://courts.ca.gov/system/files/file/jctc-20191125-materials.pdf,Error,0
https://courts.ca.gov/system/files/file/ceac-20191213-jbsiss-materials.pdf,Error,0
https://courts.ca.gov/system/files/file/aac-20190128-jats-minutes.pdf,Error,0
https://courts.ca.gov/system/files/file/tcbac-20191008-fms-minutes.pdf,Error,0
https://courts.ca.gov/system/files/file/waac-20180919-notice-agenda.pdf,Error,0
https://courts.ca.gov/system/files/file/cfac-20220419-noticeandagenda.pdf,Error,0
https://courts.ca.gov/system/files/file/itac-dr-framework-how.pdf,Error,0
https://courts.ca.gov/system/files/file/cjcac-20161014-minutes.pdf,Error,0
https://courts.ca.gov/system/files/file/itac-20171027-materials.pdf,Error,0
https://courts.ca.gov/system/files/file/tcpjac-ceac-20180628-jls-agenda.pdf,Error,0
https://courts.ca.gov/system/files/file/cfac-20200205-minutes.pdf,Error,0
https://courts.ca.gov/system/files/file/itac-20200203-minutes.pdf,Error,0
https://courts.ca.gov/system/files/file/aac-itac-20180205-minutes.pdf,Error,0
https://courts.ca.gov/system/files/file/executiveandplanning-20210520-notice-agenda.pdf,Error,0
https://courts.ca.gov/system/files/file/executiveandplanning-20210311-minutes.pdf,Error,0
https://courts.ca.gov/system/files/file/tcbac-20201015-materials.pdf,Error,0
https://courts.ca.gov/system/files/file/jctc-20190812-agenda.pdf,Error,0
https://courts.ca.gov/system/files/file/prop66-20180518-agenda.pdf,Error,0
https://courts.ca.gov/system/files/file/cjcac-20201104-mh-notice-agenda-closed.pdf,Error,0
https://courts.ca.gov/system/files/file/jctc-20210820-materials.pdf,Error,0
https://courts.ca.gov/system/files/file/forum-20171012-agenda.pdf,Error,0
https://courts.ca.gov/system/files/file/tcbac-20191121-minutes.pdf,Error,0
https://courts.ca.gov/system/files/file/cscac-20200227-prs-agenda.pdf,Error,0
https://courts.ca.gov/system/files/file/tcfmac-20180129-open-minutes.pdf,Error,0
https://courts.ca.gov/system/files/file/cjcac-20201119-notice-agenda.pdf,Error,0
https://courts.ca.gov/system/files/file/cscac-20190624-pos-agenda.pdf,Error,0
https://courts.ca.gov/system/files/file/paf-20200916-noticeagenda.pdf,Error,0
https://courts.ca.gov/system/files/file/tcbac-20200917-fps-noticeandagenda.pdf,Error,0
https://courts.ca.gov/system/files/file/tcbac-20150729-res-materials.pdf,Error,0
https://courts.ca.gov/system/files/file/tcbac-20190725-fps-minutes.pdf,Error,0
https://courts.ca.gov/system/files/file/pmhac-20180405-legsub-agenda.pdf,Error,0
https://courts.ca.gov/system/files/file/famjuv-vawep-20210923-noticeagenda.pdf,Error,0
https://courts.ca.gov/system/files/file/cfac-20190829-notice.pdf,Error,0
https://courts.ca.gov/system/files/file/ciap-20201116-notice.pdf,Error,0
https://courts.ca.gov/system/files/file/itac-20180316-minutes.pdf,Error,0
https://courts.ca.gov/system/files/file/tcbac-20140603-agenda-materials.pdf,Error,0
https://courts.ca.gov/system/files/file/aac-20180830-rs-notice-agenda.pdf,Error,0
https://courts.ca.gov/system/files/file/tcpjac-ceac-20170612-jls-agenda.pdf,Error,0
https://courts.ca.gov/system/files/file/voice-text-report.pdf,Error,0
https://courts.ca.gov/system/files/file/lr-2025-jc-receipts-expenditures-local-courthouse-construction-gov-70403.pdf,Error,0
https://courts.ca.gov/system/files/file/cjer-20220913-materials.pdf,Error,0
https://courts.ca.gov/system/files/file/ceac-20171018-agenda.pdf,Error,0
https://courts.ca.gov/system/files/file/tcbac-20190124-minutes.pdf,Error,0
https://courts.ca.gov/system/files/file/jctc-20181015-materials.pdf,Error,0
https://courts.ca.gov/system/files/file/clac-20210225-notice-agenda.pdf,Error,0
https://courts.ca.gov/system/files/file/eandp-20190607-minutes.pdf,Error,0
https://courts.ca.gov/system/files/file/csac-20210209-notice-agenda.pdf,Error,0
https://courts.ca.gov/system/files/file/jctc-20200511-agenda.pdf,Error,0
https://courts.ca.gov/system/files/file/cfac-20181207-minutes.pdf,Error,0
https://courts.ca.gov/system/files/file/eandp-20191114-notice_agenda.pdf,Error,0
https://courts.ca.gov/system/files/file/tcfmac-20211206-open-minutes.pdf,Error,0
https://courts.ca.gov/system/files/file/jctc-20201014-materials.pdf,Error,0
https://courts.ca.gov/system/files/file/cjcac-20181206-mh-agenda-notice.pdf,Error,0
https://courts.ca.gov/system/files/file/itac-materials-20230809.pdf,Error,0
https://courts.ca.gov/system/files/file/executiveandplanning-20201210-minutes.pdf,Error,0
https://courts.ca.gov/system/files/file/itac-20210428-materials.pdf,Error,0
https://courts.ca.gov/system/files/file/final-cjcac-051320-mh-noticeagenda-openandclosed.pdf,Error,0
https://courts.ca.gov/system/files/file/tcbac-20200602-fms-noticeandagenda.pdf,Error,0
https://courts.ca.gov/system/files/file/paf-20210315-notice-agenda_open.pdf,Error,0
https://courts.ca.gov/system/files/file/aac-20190925-materials.pdf,Error,0
https://courts.ca.gov/system/files/file/cjcac-20200210-vcmf-notice-agenda.pdf,Error,0
https://courts.ca.gov/system/files/file/itac-20161202-minutes.pdf,Error,0
https://courts.ca.gov/system/files/file/audit-20210310-agenda.pdf,Error,0
https://courts.ca.gov/system/files/file/tcpjac-ceac-20190307-jls-notice_agenda.pdf,Error,0
https://courts.ca.gov/system/files/file/tcfmac-20180409-open-minutes.pdf,Error,0
https://courts.ca.gov/system/files/file/cjcac-20210317-mh-minutes_closed.pdf,Error,0
https://courts.ca.gov/system/files/file/famjuv-20180226-agenda.pdf,Error,0
https://courts.ca.gov/system/files/file/rules-20220203-notice-agenda.pdf,Error,0
https://courts.ca.gov/system/files/file/cjcac-20210908-mh-minutes.pdf,Error,0
https://courts.ca.gov/system/files/file/itac-20190710-notice-agenda-public.pdf,Error,0
https://courts.ca.gov/system/files/file/famjuv-20240429-materials.pdf,Error,0
https://courts.ca.gov/system/files/file/ceac-20211116-tcfp-notice-agenda.pdf,Error,0
https://courts.ca.gov/system/files/file/jctc-20210208-agenda.pdf,Error,0
https://courts.ca.gov/system/files/file/tcbac-20140417-materials.pdf,Error,0
https://courts.ca.gov/system/files/file/cfac-20220207-minutes.pdf,Error,0
https://courts.ca.gov/system/files/file/tcbac-20191121-fps-minutes.pdf,Error,0
https://courts.ca.gov/system/files/file/aac-20170118-rs-notice-agenda.pdf,Error,0
https://courts.ca.gov/system/files/file/tcbac-20190926-fps-minutes.pdf,Error,0
https://courts.ca.gov/system/files/file/jbbc-20210813-minutes.pdf,Error,0
https://courts.ca.gov/system/files/file/pmhac-20181107-noticeagenda.pdf,Error,0
https://courts.ca.gov/system/files/file/itac-20181203-notice-agenda-public.pdf,Error,0
https://courts.ca.gov/system/files/file/famjuv-20170323-agenda.pdf,Error,0
https://courts.ca.gov/system/files/file/tcbac-20240418-rande-materials.pdf,Error,0
https://courts.ca.gov/system/files/file/ciap-20170602-las-agenda.pdf,Error,0
https://courts.ca.gov/system/files/file/itac-20180430-notice-agenda-public.pdf,Error,0
https://courts.ca.gov/system/files/file/waac-20210224-notice-agenda.pdf,Error,0
https://courts.ca.gov/system/files/file/cjcac-20211013-mh-noticeagenda.pdf,Error,0
https://courts.ca.gov/system/files/file/famjuv-20210426-noticeagenda.pdf,Error,0
https://courts.ca.gov/system/files/file/tcbac-20170523-agenda.pdf,Error,0
https://courts.ca.gov/system/files/file/final-cjcac-203030-mh-noticeagenda-openandclosed.pdf,Error,0
https://courts.ca.gov/system/files/file/ctac-20150316-jats-minutes.pdf,Error,0
https://courts.ca.gov/system/files/file/famjuv-20171204-agenda.pdf,Error,0
https://courts.ca.gov/system/files/file/famjuv-20200224-materials-family.pdf,Error,0
https://courts.ca.gov/system/files/file/aac-20180911-minutes.pdf,Error,0
https://courts.ca.gov/system/files/file/csac-20201008-materials.pdf,Error,0
https://courts.ca.gov/system/files/file/aac-20180702-jats-materials.pdf,Error,0
https://courts.ca.gov/system/files/file/tcbac-20211130-noticeandagenda.pdf,Error,0
https://courts.ca.gov/system/files/file/executiveandplanning-20241018-mm.pdf,Error,0
https://courts.ca.gov/system/files/file/jctc-20210624-materials.pdf,Error,0
https://courts.ca.gov/system/files/file/tcbac-20150707-res-materials.pdf,Error,0
https://courts.ca.gov/system/files/file/famjuv-20220131-noticeagenda.pdf,Error,0
https://courts.ca.gov/system/files/file/famjuv-20170413-agenda.pdf,Error,0
https://courts.ca.gov/system/files/file/famjuv-20211025-noticeagenda.pdf,Error,0
https://courts.ca.gov/system/files/file/aac-itac-20190701-notice-agenda-updated.pdf,Error,0
https://courts.ca.gov/system/files/file/clac-20171016-agenda.pdf,Error,0
https://courts.ca.gov/system/files/file/itac-20210224-minutes.pdf,Error,0
https://courts.ca.gov/system/files/file/rupro-20180405-notice-agenda.pdf,Error,0
https://courts.ca.gov/system/files/file/forum-20201210-noticeagenda.pdf,Error,0
https://courts.ca.gov/system/files/file/rules-20211209-notice-agenda.pdf,Error,0
https://courts.ca.gov/system/files/file/cscac-20190227-pos-agenda.pdf,Error,0
https://courts.ca.gov/system/files/file/executiveandplanning-20210923-minutes.pdf,Error,0
https://courts.ca.gov/system/files/file/famjuv-20190805-noticeagenda.pdf,Error,0
https://courts.ca.gov/system/files/file/pmhac-20190314-noticeagenda.pdf,Error,0
https://courts.ca.gov/system/files/file/tcbac-20170320-re-materials.pdf,Error,0
https://courts.ca.gov/system/files/file/paf-20210819-materials.pdf,Error,0
https://courts.ca.gov/system/files/file/famjuv-2021111-noticeagenda.pdf,Error,0
https://courts.ca.gov/system/files/file/audit-20220201-agenda.pdf,Error,0
https://courts.ca.gov/system/files/file/aac-20200604-ls-agenda.pdf,Error,0
https://courts.ca.gov/system/files/file/jbbc-20190923-noticeandagenda.pdf,Error,0
https://courts.ca.gov/system/files/file/aac-20220509-ahsoiae-agenda.pdf,Error,0
https://courts.ca.gov/system/files/file/eandp-20210311-notice-agenda.pdf,Error,0
https://courts.ca.gov/system/files/file/cjcac-20210721-mh-noticeagenda.pdf,Error,0
https://courts.ca.gov/system/files/file/aac-20180911-notice-agenda.pdf,Error,0
https://courts.ca.gov/system/files/file/famjuv-20200810-noticeagenda.pdf,Error,0
https://courts.ca.gov/system/files/file/cfac-20250922-ccrs-materials_0.pdf,Error,0
https://courts.ca.gov/system/files/file/cfac-20200117-cn-minutes.pdf,Error,0
https://courts.ca.gov/system/files/file/waac-20190815-materials.pdf,Error,0
https://courts.ca.gov/system/files/file/tcbac-20200430-noticeandagenda.pdf,Error,0
https://courts.ca.gov/system/files/file/itac-20180622-materials.pdf,Error,0
https://courts.ca.gov/system/files/file/executiveandplanning-20200827-minutes.pdf,Error,0
https://courts.ca.gov/system/files/file/rupro-20170308-agenda.pdf,Error,0
https://courts.ca.gov/system/files/file/aac-20191017-ads-agenda.pdf,Error,0
https://courts.ca.gov/system/files/file/tcfmac-20200413-open-minutes.pdf,Error,0
https://courts.ca.gov/system/files/file/csac-20180131-agenda.pdf,Error,0
https://courts.ca.gov/system/files/file/tcfmac-20200831-minutes.pdf,Error,0
https://courts.ca.gov/system/files/file/clac-20190820-notice-agenda.pdf,Error,0
https://courts.ca.gov/system/files/file/itac-20200701-rps-materials-public.pdf,Error,0
https://courts.ca.gov/system/files/file/itac-20171010-materials.pdf,Error,0
https://courts.ca.gov/system/files/file/clac-20201103-notice-agenda.pdf,Error,0
https://courts.ca.gov/system/files/file/rules-20201006-notice-agenda.pdf,Error,0
https://courts.ca.gov/system/files/file/eandp-20200227-minutes.pdf,Error,0
https://courts.ca.gov/system/files/file/clac-20211210-notice-agenda.pdf,Error,0
https://courts.ca.gov/system/files/file/sytf_20220126_noticeagenda.pdf,Error,0
https://courts.ca.gov/system/files/file/aac-20200130-ads-agenda.pdf,Error,0
https://courts.ca.gov/system/files/file/paf-20200813-lasc-minutes.pdf,Error,0
https://courts.ca.gov/system/files/file/csac-20180426-minutes.pdf,Error,0
https://courts.ca.gov/system/files/file/tcbac-20200409-rande-materials.pdf,Error,0
https://courts.ca.gov/system/files/file/jctc-20190516-notice-agenda.pdf,Error,0
https://courts.ca.gov/system/files/file/tcbac-20210112-minutes.pdf,Error,0
https://courts.ca.gov/system/files/file/jbwcp-20170224-minutes.pdf,Error,0
https://courts.ca.gov/system/files/file/rupro-20170830-agenda.pdf,Error,0
https://courts.ca.gov/system/files/file/tcfmac-20190826-approved-minutes.pdf,Error,0
https://courts.ca.gov/system/files/file/tcbac-20180531-minutes.pdf,Error,0
https://courts.ca.gov/system/files/file/famjuv-20171030-agenda.pdf,Error,0
https://courts.ca.gov/system/files/file/jctc-20210524-agenda.pdf,Error,0
https://courts.ca.gov/system/files/file/tcbac-20181213-notice-agenda.pdf,Error,0
https://courts.ca.gov/system/files/file/tcfmac-20210308-notice-agenda.pdf,Error,0
https://courts.ca.gov/system/files/file/cscac-20180307-legsub-agenda.pdf,Error,0
https://courts.ca.gov/system/files/file/itac-20191104-rps-materials-public.pdf,Error,0
https://courts.ca.gov/system/files/file/tcbac-20190201-materials.pdf,Error,0
https://courts.ca.gov/system/files/file/cjcac-20191003-mh-notice-agenda.pdf,Error,0
https://courts.ca.gov/system/files/file/paf-20200416-notice-agenda_openclosed.pdf,Error,0
https://courts.ca.gov/system/files/file/ceac-20210127-jbsiss-notice-agenda.pdf,Error,0
https://courts.ca.gov/system/files/file/jctc-2020309-agenda.pdf,Error,0
https://courts.ca.gov/system/files/file/tcfmac-20160829-meeting-materials.pdf,Error,0
https://courts.ca.gov/system/files/file/famjuv-20201116-noticeagenda.pdf,Error,0
https://courts.ca.gov/system/files/file/famjuv-20190123-materials.pdf,Error,0
https://courts.ca.gov/system/files/file/pmhac-20190530-noticeagenda.pdf,Error,0
https://courts.ca.gov/system/files/file/eandp-20191217-notice-agenda.pdf,Error,0
https://courts.ca.gov/system/files/file/csac-20190430-minutes.pdf,Error,0
https://courts.ca.gov/system/files/file/tcbac-20150805-materials.pdf,Error,0
https://courts.ca.gov/system/files/file/itac-20200803-materials.pdf,Error,0
https://courts.ca.gov/system/files/file/cscac-20210317-uccls-agenda.pdf,Error,0
https://courts.ca.gov/system/files/file/famjuv-20220110-noticeagenda.pdf,Error,0
https://courts.ca.gov/system/files/file/itac-20200420-notice-agenda-public.pdf,Error,0
https://courts.ca.gov/system/files/file/tcfmac-20180827-agenda.pdf,Error,0
https://courts.ca.gov/system/files/file/tcbac-20200521-fps-minutes.pdf,Error,0
https://courts.ca.gov/system/files/file/itac-dr-framework.pdf,Error,0
https://courts.ca.gov/system/files/file/famjuv-20220214-noticeagenda.pdf,Error,0
https://courts.ca.gov/system/files/file/tcpjac-ceac-20170315-jls-agenda.pdf,Error,0
https://courts.ca.gov/system/files/file/tcpjac-20170531-agenda.pdf,Error,0
https://courts.ca.gov/system/files/file/cjcac-20201209-mh-noticeagenda-closed.pdf,Error,0
https://courts.ca.gov/system/files/file/tcfmac-20200127-open-minutes.pdf,Error,0
https://courts.ca.gov/system/files/file/cfac-20190221-agenda.pdf,Error,0
https://courts.ca.gov/system/files/file/itac-20201002-notice-agenda.pdf,Error,0
https://courts.ca.gov/system/files/file/itac-20210127-materials.pdf,Error,0
https://courts.ca.gov/system/files/file/jbbc-20211104-noticeandagenda.pdf,Error,0
https://courts.ca.gov/system/files/file/itac-20171027-minutes.pdf,Error,0
https://courts.ca.gov/system/files/file/pmhac-20190424-legsub-agenda.pdf,Error,0
https://courts.ca.gov/system/files/file/cjcac-20181019-vs-notice-agenda.pdf,Error,0
https://courts.ca.gov/system/files/file/itac-minutes-20200605.pdf,Error,0
https://courts.ca.gov/system/files/file/2023_leg_report_77001-5.pdf,Error,0
https://courts.ca.gov/system/files/file/waac-20170106-agenda.pdf,Error,0
https://courts.ca.gov/system/files/file/aac-20180227-minutes.pdf,Error,0
https://courts.ca.gov/system/files/file/tcbac-20170711-fps-materials.pdf,Error,0
https://courts.ca.gov/system/files/file/aac-20200630-rs-materials.pdf,Error,0
https://courts.ca.gov/system/files/file/aac-20210716-agenda.pdf,Error,0
https://courts.ca.gov/system/files/file/cjcac_vcmf_20210305_minutes.pdf,Error,0
https://courts.ca.gov/system/files/file/tcbac-20180518-re-notice-agenda.pdf,Error,0
https://courts.ca.gov/system/files/file/famjuv-20170601-agenda.pdf,Error,0
https://courts.ca.gov/system/files/file/tcbac-20190725-minutes.pdf,Error,0
https://courts.ca.gov/system/files/file/aac-20190626-ads-agenda.pdf,Error,0
https://courts.ca.gov/system/files/file/famjuv-20211213-noticeagenda.pdf,Error,0
https://courts.ca.gov/system/files/file/famjuv-20220307-noticeagenda.pdf,Error,0
https://courts.ca.gov/system/files/file/tcfmac-20200831-notice-agenda.pdf,Error,0
https://courts.ca.gov/system/files/file/itac-20210127-agenda.pdf,Error,0
https://courts.ca.gov/system/files/file/cjcac-20200909-mh-noticeagenda-closed.pdf,Error,0
https://courts.ca.gov/system/files/file/aac-20170118-rs-materials.pdf,Error,0
https://courts.ca.gov/system/files/file/tcbac-20181113-notice-agenda.pdf,Error,0
https://courts.ca.gov/system/files/file/famjuv-20170810-comments.pdf,Error,0
https://courts.ca.gov/system/files/file/itac-20211025-rps-minutes-final.pdf,Error,0
https://courts.ca.gov/system/files/file/lc-20210624-agenda-notice.pdf,Error,0
https://courts.ca.gov/system/files/file/waac-20210423-notice-agenda.pdf,Error,0
https://courts.ca.gov/system/files/file/cfac-20190621-cn-notice.pdf,Error,0
https://courts.ca.gov/system/files/file/tcbac-20211014-noticeandagenda.pdf,Error,0
https://courts.ca.gov/system/files/file/itac-20190621-materials.pdf,Error,0
https://courts.ca.gov/system/files/file/tcfmac-20201029-minutes.pdf,Error,0
https://courts.ca.gov/system/files/file/aac-20210624-legsub-agenda.pdf,Error,0
https://courts.ca.gov/system/files/file/audit-20190628-materials.pdf,Error,0
https://courts.ca.gov/system/files/file/cscac-20200501-ls-agenda.pdf,Error,0
https://courts.ca.gov/system/files/file/famjuv-20190916-noticeagenda.pdf,Error,0
https://courts.ca.gov/system/files/file/tcbac-20190219-minutes.pdf,Error,0
https://courts.ca.gov/system/files/file/rules-20210513-notice-agenda.pdf,Error,0
https://courts.ca.gov/system/files/file/cscac-20200226-rf-agenda.pdf,Error,0
https://courts.ca.gov/system/files/file/judicial-branch-data-and-information-governance-policy-proposal-final.pdf,Error,0
https://courts.ca.gov/system/files/file/tcbac-2019807-minutes.pdf,Error,0
https://courts.ca.gov/system/files/file/rupro-20170419-agenda.pdf,Error,0
https://courts.ca.gov/system/files/file/cscac-20210719-sclcs-notice.pdf,Error,0
https://courts.ca.gov/system/files/file/ceac-20180806-jbsiss-materials-email.pdf,Error,0
https://courts.ca.gov/system/files/file/ciap-20170607-las-agenda.pdf,Error,0
https://courts.ca.gov/system/files/file/tcbac-20200123-minutes.pdf,Error,0
https://courts.ca.gov/system/files/file/tcbac-20181113-minutes.pdf,Error,0
https://courts.ca.gov/system/files/file/cscac-20180530-frs-agenda.pdf,Error,0
https://courts.ca.gov/system/files/file/cscac-20190424-legsub-agenda.pdf,Error,0
https://courts.ca.gov/system/files/file/jctc-20190114-agenda.pdf,Error,0
https://courts.ca.gov/system/files/file/itac-20181026-materials.pdf,Error,0
https://courts.ca.gov/system/files/file/shriver-probate-2017.pdf,Error,0
https://courts.ca.gov/system/files/file/aac-20170911-minutes.pdf,Error,0
https://courts.ca.gov/system/files/file/ceac-20211103-notice_agenda.pdf,Error,0
https://courts.ca.gov/system/files/file/tcfmac-20170410-minutes.pdf,Error,0
https://courts.ca.gov/system/files/file/cscac-20190225-frs-agenda.pdf,Error,0
https://courts.ca.gov/system/files/file/tcpjac-ceac-20170525-jls-agenda.pdf,Error,0
https://courts.ca.gov/system/files/file/famjuv-20211108-noticeagenda.pdf,Error,0
https://courts.ca.gov/system/files/file/executiveandplanning-20210929-mm.pdf,Error,0
https://courts.ca.gov/system/files/file/jbbc-20191115-materials.pdf,Error,0
https://courts.ca.gov/system/files/file/tcfmac-20200127-agenda.pdf,Error,0
https://courts.ca.gov/system/files/file/aac-20200203-rs-agenda.pdf,Error,0
https://courts.ca.gov/system/files/file/rules-20220228-notice-agenda.pdf,Error,0
https://courts.ca.gov/system/files/file/cjcac-20220207-vcmf-notice-agenda.pdf,Error,0
https://courts.ca.gov/system/files/file/famjuv-20170302-agenda.pdf,Error,0
https://courts.ca.gov/system/files/file/aac-20210301-agenda.pdf,Error,0
https://courts.ca.gov/system/files/file/traffic-20170523-agenda.pdf,Error,0
https://courts.ca.gov/system/files/file/jctc-20200713-minutes.pdf,Error,0
https://courts.ca.gov/system/files/file/traffic-20171220-agenda.pdf,Error,0
https://courts.ca.gov/system/files/file/itac-20190304-notice-agenda-public.pdf,Error,0
https://courts.ca.gov/system/files/file/cjcac-20200422-agenda.pdf,Error,0
https://courts.ca.gov/system/files/file/famjuv-20200504-noticeagenda.pdf,Error,0
https://courts.ca.gov/system/files/file/executiveandplanning-20210824-minutes.pdf,Error,0
https://courts.ca.gov/system/files/file/pmhac-20220120-noticeagenda-cs.pdf,Error,0
https://courts.ca.gov/system/files/file/jbbc-20210518-noticeandagenda.pdf,Error,0
https://courts.ca.gov/system/files/file/pclc-20190912-notice-agenda-m.pdf,Error,0
https://courts.ca.gov/system/files/file/jctc-20160613-materials.pdf,Error,0
https://courts.ca.gov/system/files/file/traffic-20170214-agenda.pdf,Error,0
https://courts.ca.gov/system/files/file/cscac-20190228-pos-agenda.pdf,Error,0
https://courts.ca.gov/system/files/file/itac-20210112-rps-minutes-final.pdf,Error,0
https://courts.ca.gov/system/files/file/executiveandplanning-20210209-minutes.pdf,Error,0
https://courts.ca.gov/system/files/file/rules-20210927-agenda.pdf,Error,0
https://courts.ca.gov/system/files/file/cscac-20210205-agenda.pdf,Error,0
https://courts.ca.gov/system/files/file/ceac-20200518-jbsiss-agenda.pdf,Error,0
https://courts.ca.gov/system/files/file/ceac-20220128-jbsiss-materials.pdf,Error,0
https://courts.ca.gov/system/files/file/audit-20200714-agenda.pdf,Error,0
https://courts.ca.gov/system/files/file/famjuv-20210712-noticeagenda.pdf,Error,0
https://courts.ca.gov/system/files/file/ciap-20211021-notice-pse.pdf,Error,0
https://courts.ca.gov/system/files/file/jctc-20200914-agenda.pdf,Error,0
https://courts.ca.gov/system/files/file/tcbac-20210422-minutes.pdf,Error,0
https://courts.ca.gov/system/files/file/paf-20190731-agenda.pdf,Error,0
https://courts.ca.gov/system/files/file/forum-20210211-minutes-approved.pdf,Error,0
https://courts.ca.gov/system/files/file/tcbac-20181018-minutes.pdf,Error,0
https://courts.ca.gov/system/files/file/tcbac-20210805-noticeandagenda.pdf,Error,0
https://courts.ca.gov/system/files/file/jbbc-20211104-materials.pdf,Error,0
https://courts.ca.gov/system/files/file/famjuv-20180122-agenda.pdf,Error,0
https://courts.ca.gov/system/files/file/tcpjac-ceac-20161013-jls-agenda.pdf,Error,0
https://courts.ca.gov/system/files/file/traffic-20171011-agenda.pdf,Error,0
https://courts.ca.gov/system/files/file/lc-20211209-notice-agenda.pdf,Error,0
https://courts.ca.gov/system/files/file/aac-itac-20190204-jats-notice-agenda-public.pdf,Error,0
https://courts.ca.gov/system/files/file/tcbac-20200618-materials.pdf,Error,0
https://courts.ca.gov/system/files/file/audit-20191021-agenda.pdf,Error,0
https://courts.ca.gov/system/files/file/cscac-20210521-legsub-agenda.pdf,Error,0
https://courts.ca.gov/system/files/file/jbwcp-20211310-agenda.pdf,Error,0
https://courts.ca.gov/system/files/file/pmhac-20220308-noticeagenda.pdf,Error,0
https://courts.ca.gov/system/files/file/aac-20210702-rs-agenda.pdf,Error,0
https://courts.ca.gov/system/files/file/eandp-20190515-notice_agenda.pdf,Error,0
https://courts.ca.gov/system/files/file/tcbac-20201119-fps-minutes.pdf,Error,0
https://courts.ca.gov/system/files/file/clac-20170609-agenda.pdf,Error,0
https://courts.ca.gov/system/files/file/rules-20211220-notice-agenda.pdf,Error,0
https://courts.ca.gov/system/files/file/aac-20190925-minutes.pdf,Error,0
https://courts.ca.gov/system/files/file/tcbac-20190502-noticeandagenda.pdf,Error,0
https://courts.ca.gov/system/files/file/legislationcommittee-20200618-notice-agenda.pdf,Error,0
https://courts.ca.gov/system/files/file/waac-20190815-minutes.pdf,Error,0
https://courts.ca.gov/system/files/file/cjcac-20170508-agenda.pdf,Error,0
https://courts.ca.gov/system/files/file/executiveandplanning-20210302-minutes.pdf,Error,0
https://courts.ca.gov/system/files/file/itac-20210623-materials.pdf,Error,0
https://courts.ca.gov/system/files/file/shriver-20210322-noticeagenda.pdf,Error,0
https://courts.ca.gov/system/files/file/tcbac-20200812-minutes.pdf,Error,0
https://courts.ca.gov/system/files/file/tcbac-20190911-minutes.pdf,Error,0
https://courts.ca.gov/system/files/file/tcbac-20200812-materials.pdf,Error,0
https://courts.ca.gov/system/files/file/tcfmac-20201029-notice-agenda.pdf,Error,0
https://courts.ca.gov/system/files/file/csac-20180426-agenda.pdf,Error,0
https://courts.ca.gov/system/files/file/aac-itac-20190128-jats-notice-agenda-public.pdf,Error,0
https://courts.ca.gov/system/files/file/lapitf-20181217-notice-agenda.pdf,Error,0
https://courts.ca.gov/system/files/file/tcpjac-20191023-notice_agenda.pdf,Error,0
https://courts.ca.gov/system/files/file/tcpjac-ceac-20180821-jls-agenda.pdf,Error,0
https://courts.ca.gov/system/files/file/apjac-20180320-agenda.pdf,Error,0
https://courts.ca.gov/system/files/file/csac-20220209-materials.pdf,Error,0
https://courts.ca.gov/system/files/file/jctc-20191115-minutes.pdf,Error,0
https://courts.ca.gov/system/files/file/clac-20210316-notice-agenda.pdf,Error,0
https://courts.ca.gov/system/files/file/tcbac-20200611-minutes.pdf,Error,0
https://courts.ca.gov/system/files/file/tcfmac-20210308-minutes.pdf,Error,0
https://courts.ca.gov/system/files/file/famjuv-20170224-agenda.pdf,Error,0
https://courts.ca.gov/system/files/file/cscac-20200619-ls-agenda.pdf,Error,0
https://courts.ca.gov/system/files/file/jctc-20180108-agenda.pdf,Error,0
https://courts.ca.gov/system/files/file/cfac-20190621-cn-agenda.pdf,Error,0
https://courts.ca.gov/system/files/file/cjcac-20210512-mh-notice-agenda-closed.pdf,Error,0
https://courts.ca.gov/system/files/file/aac-20180830-rs-materials.pdf,Error,0
https://courts.ca.gov/system/files/file/legislationcommittee-20200730-notice-agenda.pdf,Error,0
https://courts.ca.gov/system/files/file/lc-20210422-notice-agenda.pdf,Error,0
https://courts.ca.gov/system/files/file/aac-20180717-agenda.pdf,Error,0
https://courts.ca.gov/system/files/file/tcbac-20181213-minutes.pdf,Error,0
https://courts.ca.gov/system/files/file/ceac-20161115-materials2.pdf,Error,0
https://courts.ca.gov/system/files/file/jctc-20171211-agenda.pdf,Error,0
https://courts.ca.gov/system/files/file/cjcac-20190115-js-notice-agenda.pdf,Error,0
https://courts.ca.gov/system/files/file/jc-report_st-grant-program_fy24-25_cycle-6_09232024.pdf,Error,0
https://courts.ca.gov/system/files/file/tcbac-20210309-minutes.pdf,Error,0
https://courts.ca.gov/system/files/file/legislationcommittee-20200604-notice-agenda.pdf,Error,0
https://courts.ca.gov/system/files/file/vawep-20200915-notice-agenda.pdf,Error,0
https://courts.ca.gov/system/files/file/rules-20210922-agenda.pdf,Error,0
https://courts.ca.gov/system/files/file/tcbac-201104-fms-materials.pdf,Error,0
https://courts.ca.gov/system/files/file/tcfmac-20210830-open-minutes.pdf,Error,0
https://courts.ca.gov/system/files/file/jctc-20190909-agenda.pdf,Error,0
https://courts.ca.gov/system/files/file/aac-20170126-ls-notice-agenda.pdf,Error,0
https://courts.ca.gov/system/files/file/aac-20200305-minutes.pdf,Error,0
https://courts.ca.gov/system/files/file/tcfmac-20190719-agenda.pdf,Error,0
https://courts.ca.gov/system/files/file/tcbac-20200716-noticeandagenda.pdf,Error,0
https://courts.ca.gov/system/files/file/jctc-20180910-agenda.pdf,Error,0
https://courts.ca.gov/system/files/file/jctc-20210308-materials.pdf,Error,0
https://courts.ca.gov/system/files/file/cjcac-20210210-mh-minutes_closed.pdf,Error,0
https://courts.ca.gov/system/files/file/aac-20180629-rs-notice-agenda.pdf,Error,0
https://courts.ca.gov/system/files/file/jbbc-20210311-minutes.pdf,Error,0
https://courts.ca.gov/system/files/file/ceac-20171214-agenda.pdf,Error,0
https://courts.ca.gov/system/files/file/audit-20190208-minutes.pdf,Error,0
https://courts.ca.gov/system/files/file/csac-20191023-materials.pdf,Error,0
https://courts.ca.gov/system/files/file/tcbac-20190522-rande-minutes.pdf,Error,0
https://courts.ca.gov/system/files/file/ubps-2022-final.pdf,Error,0
https://courts.ca.gov/system/files/file/jc-facility-modification-policy.pdf,Error,0
https://courts.ca.gov/system/files/file/cfac-20190221-notice.pdf,Error,0
https://courts.ca.gov/system/files/file/tcbac-20190522-rande-materials.pdf,Error,0
https://courts.ca.gov/system/files/file/forum-20210408-minutes-public-approved.pdf,Error,0
https://courts.ca.gov/system/files/file/tcfmac-20180525-open-minutes.pdf,Error,0
https://courts.ca.gov/system/files/file/itac-20171010-minutes.pdf,Error,0
https://courts.ca.gov/system/files/file/tcbac-20190725-fps-noticeandagenda.pdf,Error,0
https://courts.ca.gov/system/files/file/executiveandplanning-20210311-mm.pdf,Error,0
https://courts.ca.gov/system/files/file/jctc-20200713-materials.pdf,Error,0
https://courts.ca.gov/system/files/file/tcfmac-20220307-notice-agenda.pdf,Error,0
https://courts.ca.gov/system/files/file/waac-20170411-agenda.pdf,Error,0
https://courts.ca.gov/system/files/file/tcpjac-ceac-20170420-jls-agenda.pdf,Error,0
https://courts.ca.gov/system/files/file/famjuv-20210222-noticeagenda.pdf,Error,0
https://courts.ca.gov/system/files/file/cfac-20180927-minutes.pdf,Error,0
https://courts.ca.gov/system/files/file/famjuv-20210419-noticeagenda.pdf,Error,0
https://courts.ca.gov/system/files/file/ceac-20190201-notice_agenda.pdf,Error,0
https://courts.ca.gov/system/files/file/tcfmac-20190517-agenda.pdf,Error,0
https://courts.ca.gov/system/files/file/tcfmac-20210719-open-minutes.pdf,Error,0
https://courts.ca.gov/system/files/file/executiveandplanning-20211209-notice-agenda.pdf,Error,0
https://courts.ca.gov/system/files/file/tcbac-20181011-minutes.pdf,Error,0
https://courts.ca.gov/system/files/file/pmhac-20191113-noticeagenda.pdf,Error,0
https://courts.ca.gov/system/files/file/cscac-20180523-frs-agenda.pdf,Error,0
https://courts.ca.gov/system/files/file/aac-20190211-rs-agenda.pdf,Error,0
https://courts.ca.gov/system/files/file/forum-20170817-agenda.pdf,Error,0
https://courts.ca.gov/system/files/file/sytf_20211214_noticeagenda.pdf,Error,0
https://courts.ca.gov/system/files/file/rules-20211008-notice-agenda.pdf,Error,0
https://courts.ca.gov/system/files/file/lc-20210722-notice-agenda.pdf,Error,0
https://courts.ca.gov/system/files/file/tcfmac-20181012-agenda.pdf,Error,0
https://courts.ca.gov/system/files/file/ceac-20201109-jbsiss-notice-agenda.pdf,Error,0
https://courts.ca.gov/system/files/file/csac-20180426-materials.pdf,Error,0
https://courts.ca.gov/system/files/file/tcbac-20181018-fms-minutes.pdf,Error,0
https://courts.ca.gov/system/files/file/cjcac-20190522-notice-agenda.pdf,Error,0
https://courts.ca.gov/system/files/file/tcpjac_20161020-materials.pdf,Error,0
https://courts.ca.gov/system/files/file/itac-20201102-notice-agenda-public.pdf,Error,0
https://courts.ca.gov/system/files/file/csac-20210513-notice-agenda.pdf,Error,0
https://courts.ca.gov/system/files/file/2023_leg_report_77001-5_0.pdf,Error,0
https://courts.ca.gov/system/files/file/traffic-20170314-agenda.pdf,Error,0
https://courts.ca.gov/system/files/file/itac-20180621-rps-minutes-public.pdf,Error,0
https://courts.ca.gov/system/files/file/tcbac-20210218-fms-minutes.pdf,Error,0
https://courts.ca.gov/system/files/file/itac-20190208-minutes.pdf,Error,0
https://courts.ca.gov/system/files/file/ceac-20180927-rms-materials.pdf,Error,0
https://courts.ca.gov/system/files/file/jbbc-20200723-noticeandagenda.pdf,Error,0
https://courts.ca.gov/system/files/file/aac-20200722-minutes.pdf,Error,0
https://courts.ca.gov/system/files/file/itac-20220203-rps-notice-agenda-public.pdf,Error,0
https://courts.ca.gov/system/files/file/csac-20210513-materials.pdf,Error,0
https://courts.ca.gov/system/files/file/famjuv-20170316-agenda.pdf,Error,0
https://courts.ca.gov/system/files/file/tcbac-20200123-additional-material.pdf,Error,0
https://courts.ca.gov/system/files/file/rules-20220301-agenda.pdf,Error,0
https://courts.ca.gov/system/files/file/jbbc-20210311-noticeandagenda.pdf,Error,0
https://courts.ca.gov/system/files/file/cjcac-20200129-mh-notice-agenda.pdf,Error,0
https://courts.ca.gov/system/files/file/waac-20190529-materials.pdf,Error,0
https://courts.ca.gov/system/files/file/tcbac-20200716-minutes.pdf,Error,0
https://courts.ca.gov/system/files/file/famjuv-20170202-agenda.pdf,Error,0
https://courts.ca.gov/system/files/file/csac-20180131-minutes.pdf,Error,0
https://courts.ca.gov/system/files/file/jctc-20220214-agenda.pdf,Error,0
https://courts.ca.gov/system/files/file/cfac-20190416-agenda.pdf,Error,0
https://courts.ca.gov/system/files/file/tcfmac-20220131-open-minutes.pdf,Error,0
https://courts.ca.gov/system/files/file/itac-20210915-notice-agenda.pdf,Error,0
https://courts.ca.gov/system/files/file/aac-20191114-agenda.pdf,Error,0
https://courts.ca.gov/system/files/file/ceac-20220204-tcfp-materials.pdf,Error,0
https://courts.ca.gov/system/files/file/eandp-20190313-minutes.pdf,Error,0
https://courts.ca.gov/system/files/file/ciap-20200310-materials.pdf,Error,0
https://courts.ca.gov/system/files/file/waac-20181022-materials.pdf,Error,0
https://courts.ca.gov/system/files/file/cfac-20211109-minutes.pdf,Error,0
https://courts.ca.gov/system/files/file/aac-20180717-minutes.pdf,Error,0
https://courts.ca.gov/system/files/file/aac-20190627-rs-agenda.pdf,Error,0
https://courts.ca.gov/system/files/file/jbwcp-20220223-agenda.pdf,Error,0
https://courts.ca.gov/system/files/file/pmhac-20190815-noticeagenda.pdf,Error,0
https://courts.ca.gov/system/files/file/jbbc-20190514-minutes.pdf,Error,0
https://courts.ca.gov/system/files/file/tcbac-20200618-minutes.pdf,Error,0
https://courts.ca.gov/system/files/file/itac-20211027-materials.pdf,Error,0
https://courts.ca.gov/system/files/file/famjuv-20181022-materials-av.pdf,Error,0
https://courts.ca.gov/system/files/file/famjuv-20200413-noticeagenda.pdf,Error,0
https://courts.ca.gov/system/files/file/executiveandplanning-20210824-notice-agenda.pdf,Error,0
https://courts.ca.gov/system/files/file/audit-20200210-minutes.pdf,Error,0
https://courts.ca.gov/system/files/file/shriver-20200326-opennotice.pdf,Error,0
https://courts.ca.gov/system/files/file/aac-20190221-minutes.pdf,Error,0
https://courts.ca.gov/system/files/file/famjuv-20171002-agenda.pdf,Error,0
https://courts.ca.gov/system/files/file/itac-20180827-notice-agenda-public.pdf,Error,0
https://courts.ca.gov/system/files/file/tcfmac-20210514-notice-agenda.pdf,Error,0
https://courts.ca.gov/system/files/file/tcfmac-20200417-open-minutes.pdf,Error,0
https://courts.ca.gov/system/files/file/tcbac-20160307-proposal.pdf,Error,0
https://courts.ca.gov/system/files/file/itac-20180202-minutes.pdf,Error,0
https://courts.ca.gov/system/files/file/tcfmac-20180525-agenda.pdf,Error,0
https://courts.ca.gov/system/files/file/itac-20210112-rps-notice-agenda-public.pdf,Error,0
https://courts.ca.gov/system/files/file/csac-20190228-materials.pdf,Error,0
https://courts.ca.gov/system/files/file/cfac-20220207-noticeandagenda.pdf,Error,0
https://courts.ca.gov/system/files/file/itac-20220203-rps-minutes-final.pdf,Error,0
https://courts.ca.gov/system/files/file/rules-20201102-notice-agenda.pdf,Error,0
https://courts.ca.gov/system/files/file/tcfmac-20200309-agenda.pdf,Error,0
https://courts.ca.gov/system/files/file/jbbc-20201112-noticeandagenda.pdf,Error,0
https://courts.ca.gov/system/files/file/tcbac-20191008-fms-materials.pdf,Error,0
https://courts.ca.gov/system/files/file/itac-20210728-minutes.pdf,Error,0
https://courts.ca.gov/system/files/file/tcfmac-20201207-minutes.pdf,Error,0
https://courts.ca.gov/system/files/file/jctc-20220831-materials.pdf,Error,0
https://courts.ca.gov/system/files/file/famjuv-20200622-noticeagenda.pdf,Error,0
https://courts.ca.gov/system/files/file/csac-20180131-materials.pdf,Error,0
https://courts.ca.gov/system/files/file/famjuv-20200518-noticeagenda.pdf,Error,0
https://courts.ca.gov/system/files/file/rules-20210203-notice-agenda.pdf,Error,0
https://courts.ca.gov/system/files/file/famjuv-20200323-noticeagenda.pdf,Error,0
https://courts.ca.gov/system/files/file/tcpjac-ceac-20170517-jls-agenda.pdf,Error,0
https://courts.ca.gov/system/files/file/tcbac-20210922-fms-noticeandagenda.pdf,Error,0
https://courts.ca.gov/system/files/file/ceac-20181005-jbsiss-notice-agenda.pdf,Error,0
https://courts.ca.gov/system/files/file/paf-20210218-notice-agenda.pdf,Error,0
https://courts.ca.gov/system/files/file/jbbc-20190718-minutes.pdf,Error,0
https://courts.ca.gov/system/files/file/jctc-20190924-minutes.pdf,Error,0
https://courts.ca.gov/system/files/file/jctc-20201202-agenda.pdf,Error,0
https://courts.ca.gov/system/files/file/tcbac-20190617-fms-materials.pdf,Error,0
https://courts.ca.gov/system/files/file/tcfmac-20170127-minutes.pdf,Error,0
https://courts.ca.gov/system/files/file/ceac-20190916-jbsiss-notice-agenda.pdf,Error,0
https://courts.ca.gov/system/files/file/famjuv-20210308-noticeagenda.pdf,Error,0
https://courts.ca.gov/system/files/file/aac-20200722-agenda.pdf,Error,0
https://courts.ca.gov/system/files/file/aac-20210301-minutes.pdf,Error,0
https://courts.ca.gov/system/files/file/jctc-20200825-meeting-materials.pdf,Error,0
https://courts.ca.gov/system/files/file/cjer-20210902-materials.pdf,Error,0
https://courts.ca.gov/system/files/file/jctc-20180611-minutes.pdf,Error,0
https://courts.ca.gov/system/files/file/tcbac-20180518-re-minutes.pdf,Error,0
https://courts.ca.gov/system/files/file/aac-20220222-rs-agenda.pdf,Error,0
https://courts.ca.gov/system/files/file/cscac-20200224-rf-agenda.pdf,Error,0
https://courts.ca.gov/system/files/file/tcfmac-20211029-open-minutes.pdf,Error,0
https://courts.ca.gov/system/files/file/itac-20190702-rps-minutes-public.pdf,Error,0
https://courts.ca.gov/system/files/file/jctc-20171016-minutes.pdf,Error,0
https://courts.ca.gov/system/files/file/ceac-20171214-materials.pdf,Error,0
https://courts.ca.gov/system/files/file/cjcac-20170810-agenda.pdf,Error,0
https://courts.ca.gov/system/files/file/tcbac-20210112-noticeandagenda.pdf,Error,0
https://courts.ca.gov/system/files/file/itac-20170531-jats-minutes.pdf,Error,0
https://courts.ca.gov/system/files/file/cjcac-20201203-vcmf-noticeagenda-open.pdf,Error,0
https://courts.ca.gov/system/files/file/paf-20200618-noticeagenda.pdf,Error,0
https://courts.ca.gov/system/files/file/csac-20220209-notice-agenda.pdf,Error,0
https://courts.ca.gov/system/files/file/ceac-20201210-tcfp-notice-agenda.pdf,Error,0
https://courts.ca.gov/system/files/file/2018-jc-bail.pdf,Error,0
https://courts.ca.gov/system/files/file/csac-20200714-minutes.pdf,Error,0
https://courts.ca.gov/system/files/file/clac-20170616-agenda.pdf,Error,0
https://courts.ca.gov/system/files/file/jbbc-20210526-minutes.pdf,Error,0
https://courts.ca.gov/system/files/file/paf-20190328-materials.pdf,Error,0
https://courts.ca.gov/system/files/file/paf-20170809-agenda.pdf,Error,0
https://courts.ca.gov/system/files/file/jctc-20210624-agenda.pdf,Error,0
https://courts.ca.gov/system/files/file/tcfmac-20191202-approved-minutes.pdf,Error,0
https://courts.ca.gov/system/files/file/tcbac-20210929-fps-minutes.pdf,Error,0
https://courts.ca.gov/system/files/file/executiveandplanning-20210415-minutes.pdf,Error,0
https://courts.ca.gov/system/files/file/jctc-20180514-minutes.pdf,Error,0
https://courts.ca.gov/system/files/file/cscac-20180627-agenda.pdf,Error,0
https://courts.ca.gov/system/files/file/paf-20201015-notice-agenda_open_closed_session.pdf,Error,0
https://courts.ca.gov/system/files/file/executiveandplanning-20200827-notice-agenda.pdf,Error,0
https://courts.ca.gov/system/files/file/waac-20191118-notice-agenda.pdf,Error,0
https://courts.ca.gov/system/files/file/tcbac-20200220-fms-minutes.pdf,Error,0
https://courts.ca.gov/system/files/file/cfcc_brief_educ.pdf,Error,0
https://courts.ca.gov/system/files/file/cscac-20191121-agenda.pdf,Error,0
https://courts.ca.gov/system/files/file/tcbac-20190117-minutes.pdf,Error,0
https://courts.ca.gov/system/files/file/cscac-20200529-ls-agenda.pdf,Error,0
https://courts.ca.gov/system/files/file/cscac-20190709-rf-agenda.pdf,Error,0
https://courts.ca.gov/system/files/file/rupro-20200225-materials.pdf,Error,0
https://courts.ca.gov/system/files/file/itac-20190122-rps-materials-public.pdf,Error,0
https://courts.ca.gov/system/files/file/csac-20201008-minutes.pdf,Error,0
https://courts.ca.gov/system/files/file/itac-20190621-minutes.pdf,Error,0
https://courts.ca.gov/system/files/file/notice_and_agenda_12_1_2020.pdf,Error,0
https://courts.ca.gov/system/files/file/csac-20170111-minutes.pdf,Error,0
https://courts.ca.gov/system/files/file/jctc-20200116-agenda.pdf,Error,0
https://courts.ca.gov/system/files/file/forum-20191212-noticeagenda.pdf,Error,0
https://courts.ca.gov/system/files/file/famjuv-20210329-noticeagenda.pdf,Error,0
https://courts.ca.gov/system/files/file/cscac-20180808-legsub-agenda.pdf,Error,0
https://courts.ca.gov/system/files/file/cscac-20190708-frs-agenda.pdf,Error,0
https://courts.ca.gov/system/files/file/tcfmac-20181203-agenda.pdf,Error,0
https://courts.ca.gov/system/files/file/tcbac-20210805-fps-minutes.pdf,Error,0
https://courts.ca.gov/system/files/file/vri-guidelines.pdf,Error,0
https://courts.ca.gov/system/files/file/lc-20211202-agenda-notice.pdf,Error,0
https://courts.ca.gov/system/files/file/tcbac-20181018-fms-notice-agenda.pdf,Error,0
https://courts.ca.gov/system/files/file/cscac-20220210-c19s-notice.pdf,Error,0
https://courts.ca.gov/system/files/file/tcbac-20180518-re-materials.pdf,Error,0
https://courts.ca.gov/system/files/file/jctc-20171016-materials.pdf,Error,0
https://courts.ca.gov/system/files/file/jctc-20200116-materials-ebinder.pdf,Error,0
https://courts.ca.gov/system/files/file/itac-20190621-notice-agenda-public.pdf,Error,0
https://courts.ca.gov/system/files/file/aac-20190701-jats-minutes.pdf,Error,0
https://courts.ca.gov/system/files/file/famjuv-20210628-noticeagenda.pdf,Error,0
https://courts.ca.gov/system/files/file/cfac-20200921-noticeandagenda.pdf,Error,0
https://courts.ca.gov/system/files/file/paf-20220217-notice-agenda_open_closed_session.pdf,Error,0
https://courts.ca.gov/system/files/file/cjcac-20181206-mh-materials.pdf,Error,0
https://courts.ca.gov/system/files/file/traffic-20170726-agenda.pdf,Error,0
https://courts.ca.gov/system/files/file/eandp-20191231-minutes.pdf,Error,0
https://courts.ca.gov/system/files/file/famjuv-20200302-noticeagenda.pdf,Error,0
https://courts.ca.gov/system/files/file/aac-20191114-minutes.pdf,Error,0
https://courts.ca.gov/system/files/file/tcbac-20210309-fps-minutes.pdf,Error,0
https://courts.ca.gov/system/files/file/pmhac-20180222-legsub-agenda.pdf,Error,0
https://courts.ca.gov/system/files/file/itac-20211025-rps-notice-agenda-public.pdf,Error,0
https://courts.ca.gov/system/files/file/tcfmac-20140725-materials.pdf,Error,0
https://courts.ca.gov/system/files/file/cscac-20200220-rf-agenda.pdf,Error,0
https://courts.ca.gov/system/files/file/aac-20190715-rs-agenda.pdf,Error,0
https://courts.ca.gov/system/files/file/tcbac-20200409-rande-noticeandagenda.pdf,Error,0
https://courts.ca.gov/system/files/file/eandp-20181025-minutes.pdf,Error,0
https://courts.ca.gov/system/files/file/tcpjac-ceac-20170406-jls-agenda.pdf,Error,0
https://courts.ca.gov/system/files/file/cfac-20190621-cn-minutes.pdf,Error,0
https://courts.ca.gov/system/files/file/waac-20161012-materials.pdf,Error,0
https://courts.ca.gov/system/files/file/audit-20181205-materials.pdf,Error,0
https://courts.ca.gov/system/files/file/clac-20170227-agenda.pdf,Error,0
https://courts.ca.gov/system/files/file/itac-20190702-rps-materials-public.pdf,Error,0
https://courts.ca.gov/system/files/file/cjcac-20200610-mh-minutes.pdf,Error,0
https://courts.ca.gov/system/files/file/cfac-20181212-iooc-minutes.pdf,Error,0
https://courts.ca.gov/system/files/file/jbbc-20190718-noticeandagenda.pdf,Error,0
https://courts.ca.gov/system/files/file/20210125-closed-meeting-and-agenda-notice.pdf,Error,0
https://courts.ca.gov/system/files/file/jc-20121026-itemh_0.pdf,Error,0
https://courts.ca.gov/system/files/file/pmhac-20190711-noticeagenda.pdf,Error,0
https://courts.ca.gov/system/files/file/famjuv-20211018-noticeagenda.pdf,Error,0
https://courts.ca.gov/system/files/file/paf-20190328-agenda.pdf,Error,0
https://courts.ca.gov/system/files/file/cfcc_brief_mentalhealthcare_0.pdf,Error,0
https://courts.ca.gov/system/files/file/executiveandplanning-20210520-minutes.pdf,Error,0
https://courts.ca.gov/system/files/file/tcbac-20190807-noticeandagenda.pdf,Error,0
https://courts.ca.gov/system/files/file/jbbc-20201112-minutes.pdf,Error,0
https://courts.ca.gov/system/files/file/cfcc_brief_substance.pdf,Error,0
https://courts.ca.gov/system/files/file/executiveandplanning-20210112-minutes.pdf,Error,0
https://courts.ca.gov/system/files/file/cscac-20220510-adr-notice.pdf,Error,0
https://courts.ca.gov/system/files/file/executiveandplanning-20201021-minutes.pdf,Error,0
https://courts.ca.gov/system/files/file/itac-minutes-20200803.pdf,Error,0
https://courts.ca.gov/system/files/file/famjuv-20170309-agenda.pdf,Error,0
https://courts.ca.gov/system/files/file/tcbac-20210902-fps-minutes.pdf,Error,0
https://courts.ca.gov/system/files/file/itac-20180622-minutes.pdf,Error,0
https://courts.ca.gov/system/files/file/itac-20210728-materials.pdf,Error,0
https://courts.ca.gov/system/files/file/executiveandplanning-20200424-minutes.pdf,Error,0
https://courts.ca.gov/system/files/file/lc-20220210-notice-agenda.pdf,Error,0
https://courts.ca.gov/system/files/file/eandp-20190213-minutes.pdf,Error,0
https://courts.ca.gov/system/files/file/ad-hoc-workgroup-post-pandemic-initiatives_improving-juror-experience-report.pdf,Error,0
https://courts.ca.gov/system/files/file/cfac-jbbc-20191219-noticeandagenda.pdf,Error,0
https://courts.ca.gov/system/files/file/aac-20220120-agenda.pdf,Error,0
https://courts.ca.gov/system/files/file/tcbac-20191009-minutes.pdf,Error,0
https://courts.ca.gov/system/files/file/eandp-20200227-notice-agenda.pdf,Error,0
https://courts.ca.gov/system/files/file/forum-20161215-agenda.pdf,Error,0
https://courts.ca.gov/system/files/file/tcbac-20190321-fps-minutes.pdf,Error,0
https://courts.ca.gov/system/files/file/famjuv-20200316-noticeagenda.pdf,Error,0
https://courts.ca.gov/system/files/file/cscac-20201105-sclc-agenda.pdf,Error,0
https://courts.ca.gov/system/files/file/traffic-20181105-notice-agenda.pdf,Error,0
https://courts.ca.gov/system/files/file/itac-minutes-20201102.pdf,Error,0
https://courts.ca.gov/system/files/file/tcbac-20180731-minutes.pdf,Error,0
https://courts.ca.gov/system/files/file/cscac-20180523-legsub-agenda.pdf,Error,0
https://courts.ca.gov/system/files/file/pmhac-20210915-noticeagenda.pdf,Error,0
https://courts.ca.gov/system/files/file/cscac-20190226-rf-agenda.pdf,Error,0
https://courts.ca.gov/system/files/file/itac-20170317-minutes.pdf,Error,0
https://courts.ca.gov/system/files/file/cjcac-20220309-mh-noticeagenda.pdf,Error,0
https://courts.ca.gov/system/files/file/jctc-20200713-agenda.pdf,Error,0
https://courts.ca.gov/system/files/file/eandp-20190418-minutes.pdf,Error,0
https://courts.ca.gov/system/files/file/cscac-20200304-rf-agenda.pdf,Error,0
https://courts.ca.gov/system/files/file/cscac-20170105-po-agenda.pdf,Error,0
https://courts.ca.gov/system/files/file/cjcac-20190109-mh-notice-agenda.pdf,Error,0
https://courts.ca.gov/system/files/file/famjuv-20210322-noticeagenda.pdf,Error,0
https://courts.ca.gov/system/files/file/itac-minutes-2020521.pdf,Error,0
https://courts.ca.gov/system/files/file/jctc-20210510-minutes.pdf,Error,0
https://courts.ca.gov/system/files/file/cjcac-20170403-mhs-agenda.pdf,Error,0
https://courts.ca.gov/system/files/file/itac-20161117-jats-minutes.pdf,Error,0
https://courts.ca.gov/system/files/file/tcbac-20200618-noticeandagenda.pdf,Error,0
https://courts.ca.gov/system/files/file/eandp-20190418-minutes_0.pdf,Error,0
https://courts.ca.gov/system/files/file/ceac-20210210-notice_agenda.pdf,Error,0
https://courts.ca.gov/system/files/file/aac-20200605-materials.pdf,Error,0
https://courts.ca.gov/system/files/file/aac-20211201-agenda.pdf,Error,0
https://courts.ca.gov/system/files/file/rules-20200826-notice-agenda.pdf,Error,0
https://courts.ca.gov/system/files/file/aac-20181115-rs-notice-agenda.pdf,Error,0
https://courts.ca.gov/system/files/file/itac-20180702-minutes.pdf,Error,0
https://courts.ca.gov/system/files/file/famjuv-20181115-noticeagenda.pdf,Error,0
https://courts.ca.gov/system/files/file/famjuv-20200309-noticeagenda.pdf,Error,0
https://courts.ca.gov/system/files/file/aac-20180830-jats-notice-agenda.pdf,Error,0
https://courts.ca.gov/system/files/file/cscac-20210129-legsub-agenda.pdf,Error,0
https://courts.ca.gov/system/files/file/famjuv-20170322-agenda.pdf,Error,0
https://courts.ca.gov/system/files/file/famjuv-20200608-noticeagenda.pdf,Error,0
https://courts.ca.gov/system/files/file/cfac-20181207-agenda.pdf,Error,0
https://courts.ca.gov/system/files/file/paf-20211216-notice-agenda_open.pdf,Error,0
https://courts.ca.gov/system/files/file/aac-20180305-minutes.pdf,Error,0
https://courts.ca.gov/system/files/file/famjuv-20170925-agenda.pdf,Error,0
https://courts.ca.gov/system/files/file/tcbac-20190301-re-minutes.pdf,Error,0
https://courts.ca.gov/system/files/file/itac-20190122-rps-minutes-public.pdf,Error,0
https://courts.ca.gov/system/files/file/tcfmac-20190128-agenda.pdf,Error,0
https://courts.ca.gov/system/files/file/csac-20210819-notice-agenda.pdf,Error,0
https://courts.ca.gov/system/files/file/itac-20170317-materials.pdf,Error,0
https://courts.ca.gov/system/files/file/lc-20201008-materials.pdf,Error,0
https://courts.ca.gov/system/files/file/paf-20211021-notice-agenda_open_closed_session.pdf,Error,0
https://courts.ca.gov/system/files/file/pmhac-20220203-noticeagenda.pdf,Error,0
https://courts.ca.gov/system/files/file/itac-20210706-rps-notice-agenda-public.pdf,Error,0
https://courts.ca.gov/system/files/file/tcbac-20190502-minutes.pdf,Error,0
https://courts.ca.gov/system/files/file/jctc-20200210-agenda.pdf,Error,0
https://courts.ca.gov/system/files/file/forum-20211014-minutes-approved.pdf,Error,0
https://courts.ca.gov/system/files/file/cfac-20191001-agenda.pdf,Error,0
https://courts.ca.gov/system/files/file/famjuv-20190819-noticeagenda.pdf,Error,0
https://courts.ca.gov/system/files/file/paf-20170228-agenda.pdf,Error,0
https://courts.ca.gov/system/files/file/itac-20190819-minutes.pdf,Error,0
https://courts.ca.gov/system/files/file/las-20211007-materials.pdf,Error,0
https://courts.ca.gov/system/files/file/lc-20210805-notice-agenda.pdf,Error,0
https://courts.ca.gov/system/files/file/forum-20210812-minutes-approved.pdf,Error,0
https://courts.ca.gov/system/files/file/paf-20170614-agenda.pdf,Error,0
https://courts.ca.gov/system/files/file/cscac-20190307-agenda.pdf,Error,0
https://courts.ca.gov/system/files/file/jbwcp-20220328-agenda.pdf,Error,0
https://courts.ca.gov/system/files/file/cjcac-notice-and-agenda-2-24-2021-closed.pdf,Error,0
https://courts.ca.gov/system/files/file/itac-20191004-notice-agenda-public.pdf,Error,0
https://courts.ca.gov/system/files/file/itac-20200203-materials.pdf,Error,0
https://courts.ca.gov/system/files/file/aac-20190129-ads-agenda.pdf,Error,0
https://courts.ca.gov/system/files/file/forum-20200611-noticeagenda.pdf,Error,0
https://courts.ca.gov/system/files/file/csac-20200113-minutes.pdf,Error,0
https://courts.ca.gov/system/files/file/tcfmac-20191011-approved-minutes.pdf,Error,0
https://courts.ca.gov/system/files/file/cfac-20191001-notice.pdf,Error,0
https://courts.ca.gov/system/files/file/ceac-20180215-materials.pdf,Error,0
https://courts.ca.gov/system/files/file/tcfmac-20181012-open-minutes.pdf,Error,0
https://courts.ca.gov/system/files/file/lapitf-20181217-materials.pdf,Error,0
https://courts.ca.gov/system/files/file/tcfmac-20200309-open-minutes.pdf,Error,0
https://courts.ca.gov/system/files/file/tcfmac-20191011-agenda.pdf,Error,0
https://courts.ca.gov/system/files/file/pmhac-20200124-noticeagenda.pdf,Error,0
https://courts.ca.gov/system/files/file/jctc-20190211-agenda.pdf,Error,0
https://courts.ca.gov/system/files/file/jctc-20210820-agenda.pdf,Error,0
https://courts.ca.gov/system/files/file/itac-20210915-minutes.pdf,Error,0
https://courts.ca.gov/system/files/file/itac-20200605-notice-agenda-public.pdf,Error,0
https://courts.ca.gov/system/files/file/jctc-20190226-agenda.pdf,Error,0
https://courts.ca.gov/system/files/file/cjcac-20181026-notice-agenda.pdf,Error,0
https://courts.ca.gov/system/files/file/paf-20211007-lasc-noticeagenda.pdf,Error,0
https://courts.ca.gov/system/files/file/aac-20210318-legsub-agenda.pdf,Error,0
https://courts.ca.gov/system/files/file/itac-20180430-minutes.pdf,Error,0
https://courts.ca.gov/system/files/file/cfac-20181207-notice.pdf,Error,0
https://courts.ca.gov/system/files/file/csac-20200714-notice-agenda.pdf,Error,0
https://courts.ca.gov/system/files/file/rules-20220104-agenda.pdf,Error,0
https://courts.ca.gov/system/files/file/pmhac-20180809-legsub-agenda.pdf,Error,0
https://courts.ca.gov/system/files/file/itac-20171027-agenda-public.pdf,Error,0
https://courts.ca.gov/system/files/file/cfcc_brief_healthcare.pdf,Error,0
https://courts.ca.gov/system/files/file/itac-20190702-rps-notice-agenda.pdf,Error,0
https://courts.ca.gov/system/files/file/cscac-20190129-rf-agenda.pdf,Error,0
https://courts.ca.gov/system/files/file/tcbac-20190117-fps-materials-1.pdf,Error,0
https://courts.ca.gov/system/files/file/tcbac-20211021-fps-noticeandagenda.pdf,Error,0
https://courts.ca.gov/system/files/file/itac-20200701-rps-minutes-open.pdf,Error,0
https://courts.ca.gov/system/files/file/cjcac-20201104-mh-minutes_closed.pdf,Error,0
https://courts.ca.gov/system/files/file/forum-20220414-materials.pdf,Error,0
https://courts.ca.gov/system/files/file/jctc-20180910-minutes.pdf,Error,0
https://courts.ca.gov/system/files/file/jctc-20211213-agenda.pdf,Error,0
https://courts.ca.gov/system/files/file/tcbac-20190117-notice-agenda.pdf,Error,0
https://courts.ca.gov/system/files/file/jctc-20210510-agenda.pdf,Error,0
https://courts.ca.gov/system/files/file/famjuv-20190318-noticeagenda.pdf,Error,0
https://courts.ca.gov/system/files/file/eandp-20190418-notice-agenda.pdf,Error,0
https://courts.ca.gov/system/files/file/csac-20200714-materials.pdf,Error,0
https://courts.ca.gov/system/files/file/forum-20210812-materials.pdf,Error,0
https://courts.ca.gov/system/files/file/tcfmac-20180309-open-minutes.pdf,Error,0
https://courts.ca.gov/system/files/file/tcbac-20190301-rande-materials.pdf,Error,0
https://courts.ca.gov/system/files/file/jbbc-20210121-noticeandagenda.pdf,Error,0
https://courts.ca.gov/system/files/file/cscac-20180504-frs-agenda.pdf,Error,0
https://courts.ca.gov/system/files/file/tcbac-20180731-notice-agenda.pdf,Error,0
https://courts.ca.gov/system/files/file/jbbc-20210518-minutes.pdf,Error,0
https://courts.ca.gov/system/files/file/aac-20190719-agenda.pdf,Error,0
https://courts.ca.gov/system/files/file/cscac-20220301-agenda.pdf,Error,0
https://courts.ca.gov/system/files/file/jctc-20171211-minutes.pdf,Error,0
https://courts.ca.gov/system/files/file/shriver-20220307-noticeagenda.pdf,Error,0
https://courts.ca.gov/system/files/file/executiveandplanning-20200625-notice-agenda.pdf,Error,0
https://courts.ca.gov/system/files/file/cjcac-20220311-vcmf-noticeagenda.pdf,Error,0
https://courts.ca.gov/system/files/file/aac-20210914-agenda.pdf,Error,0
https://courts.ca.gov/system/files/file/pmhac-20190911-noticeagenda.pdf,Error,0
https://courts.ca.gov/system/files/file/tcpjac-ceac-20170511-jls-agenda.pdf,Error,0
https://courts.ca.gov/system/files/file/jctc-20210809-agenda-closed.pdf,Error,0
https://courts.ca.gov/system/files/file/jctc-20210510-materials.pdf,Error,0
https://courts.ca.gov/system/files/file/cfac-20211109-materials.pdf,Error,0
https://courts.ca.gov/system/files/file/ceac-20191118-jbsis-materials.pdf,Error,0
https://courts.ca.gov/system/files/file/jctc-20201009-agenda.pdf,Error,0
https://courts.ca.gov/system/files/file/tcbac-20200124-minutes.pdf,Error,0
https://courts.ca.gov/system/files/file/cjcac-20170417-agenda.pdf,Error,0
https://courts.ca.gov/system/files/file/pmhac-20180904-noticeagenda.pdf,Error,0
https://courts.ca.gov/system/files/file/cjcac-20191018-notice-agenda.pdf,Error,0
https://courts.ca.gov/system/files/file/audit-20210310-materials.pdf,Error,0
https://courts.ca.gov/system/files/file/ceac-20180919-rms-agenda.pdf,Error,0
https://courts.ca.gov/system/files/file/famjuv-20191125-noticeagenda.pdf,Error,0
https://courts.ca.gov/system/files/file/aac-20190204-rs-agenda.pdf,Error,0
https://courts.ca.gov/system/files/file/jbbc-20201112-materials.pdf,Error,0
https://courts.ca.gov/system/files/file/tcbac-20201005minutes.pdf,Error,0
https://courts.ca.gov/system/files/file/cfac-20211109-noticeandagenda.pdf,Error,0
https://courts.ca.gov/system/files/file/forum-20170216-agenda.pdf,Error,0
https://courts.ca.gov/system/files/file/tcbac-20210506-noticeandagenda.pdf,Error,0
https://courts.ca.gov/system/files/file/itac-20210121-rps-notice-agenda-public.pdf,Error,0
https://courts.ca.gov/system/files/file/famjuv-20180215-agenda.pdf,Error,0
https://courts.ca.gov/system/files/file/itac-20200701-rps-notice-agenda-public.pdf,Error,0
https://courts.ca.gov/system/files/file/tcpjac-ceac-20170329-jls-agenda.pdf,Error,0
https://courts.ca.gov/system/files/file/jctc-20200825-agenda.pdf,Error,0
https://courts.ca.gov/system/files/file/itac-20170505-minutes.pdf,Error,0
https://courts.ca.gov/system/files/file/waac-20180919-materials.pdf,Error,0
https://courts.ca.gov/system/files/file/tcbac-20190321-noticeandagenda.pdf,Error,0
https://courts.ca.gov/system/files/file/itac-20201102-materials.pdf,Error,0
https://courts.ca.gov/system/files/file/tcfmac-20180720-agenda.pdf,Error,0
https://courts.ca.gov/system/files/file/cjcac-20201216-notice-agenda.pdf,Error,0
https://courts.ca.gov/system/files/file/ceac-20190823-notice_agenda.pdf,Error,0
https://courts.ca.gov/system/files/file/cjcac-20220112-mh-noticeagenda.pdf,Error,0
https://courts.ca.gov/system/files/file/tcbac-20200220-fms-noticeandagenda.pdf,Error,0
https://courts.ca.gov/system/files/file/tcfmac-20210129-notice-agenda.pdf,Error,0
https://courts.ca.gov/system/files/file/itac-20210324-minutes.pdf,Error,0
https://courts.ca.gov/system/files/file/cjcac_vcmf_20201203_minutes.pdf,Error,0
https://courts.ca.gov/system/files/file/tcfmac-20210719-notice-agenda.pdf,Error,0
https://courts.ca.gov/system/files/file/itac-minutes-20200420.pdf,Error,0
https://courts.ca.gov/system/files/file/jctc-20210412-minutes.pdf,Error,0
https://courts.ca.gov/system/files/file/legislationcommittee-20200813-notice-agenda.pdf,Error,0
https://courts.ca.gov/system/files/file/cjcac-20211110-mh-minutes.pdf,Error,0
https://courts.ca.gov/system/files/file/famjuv-20170629-agenda.pdf,Error,0
https://courts.ca.gov/system/files/file/executiveandplanning-20210929-notice-agenda.pdf,Error,0
https://courts.ca.gov/system/files/file/rules-20210819-notice-agenda.pdf,Error,0
https://courts.ca.gov/system/files/file/cscac-20210720-sclcs-notice.pdf,Error,0
https://courts.ca.gov/system/files/file/paf-20201217-materials.pdf,Error,0
https://courts.ca.gov/system/files/file/pmhac-20190307-noticeagenda.pdf,Error,0
https://courts.ca.gov/system/files/file/tcfmac-20211206-notice-agenda.pdf,Error,0
https://courts.ca.gov/system/files/file/final-cjcac-060120-mh-noticeagenda-openandclosed.pdf,Error,0
https://courts.ca.gov/system/files/file/cjcac-20211013-mh-minutes.pdf,Error,0
https://courts.ca.gov/system/files/file/famjuv-20190612-noticeagenda.pdf,Error,0
https://courts.ca.gov/system/files/file/famjuv-20220321-noticeagenda.pdf,Error,0
https://courts.ca.gov/system/files/file/cjcac-20191112-agenda.pdf,Error,0
https://courts.ca.gov/system/files/file/paf-20210415-noticeagenda.pdf,Error,0
https://courts.ca.gov/system/files/file/csac-20210209-minutes.pdf,Error,0
https://courts.ca.gov/system/files/file/aac-itac-20180830-minutes.pdf,Error,0
https://courts.ca.gov/system/files/file/itac-20210428-minutes.pdf,Error,0
https://courts.ca.gov/system/files/file/itac-20200708-notice-agenda-public.pdf,Error,0
https://courts.ca.gov/system/files/file/clac-20171127-agenda.pdf,Error,0
https://courts.ca.gov/system/files/file/tcbac-20200409-rande-minutes.pdf,Error,0
https://courts.ca.gov/system/files/file/ceac-20191118-jbsis-notice-agenda.pdf,Error,0
https://courts.ca.gov/system/files/file/paf-20200116-notice-agenda_open.pdf,Error,0
https://courts.ca.gov/system/files/file/cjcac-20200708-mh-minutes.pdf,Error,0
https://courts.ca.gov/system/files/file/itac-20211130-notice-agenda.pdf,Error,0
https://courts.ca.gov/system/files/file/ceac-20210813-notice_agenda.pdf,Error,0
https://courts.ca.gov/system/files/file/tcbac-20201005-noticeandagenda.pdf,Error,0
https://courts.ca.gov/system/files/file/tcbac-20150505-cjrs-materials.pdf,Error,0
https://courts.ca.gov/system/files/file/lc-20210707-notice-agenda.pdf,Error,0
https://courts.ca.gov/system/files/file/itac-20190402-notice-agenda-public.pdf,Error,0
https://courts.ca.gov/system/files/file/jctc-20190408-agenda.pdf,Error,0
https://courts.ca.gov/system/files/file/legislationcommittee-20200521-notice-agenda.pdf,Error,0
https://courts.ca.gov/system/files/file/cscac-20210719-uccls-notice.pdf,Error,0
https://courts.ca.gov/system/files/file/itac-20210112-rps-materials-member.pdf,Error,0
https://courts.ca.gov/system/files/file/aac-20200630-rs-agenda.pdf,Error,0
https://courts.ca.gov/system/files/file/aac-20190204-jats-minutes.pdf,Error,0
https://courts.ca.gov/system/files/file/approved-cjac-20200303-mh-minutes.pdf,Error,0
https://courts.ca.gov/system/files/file/cjcac-20200722-noticeagenda.pdf,Error,0
https://courts.ca.gov/system/files/file/cfac-20181207-materials.pdf,Error,0
https://courts.ca.gov/system/files/file/itac-20181106-rps-notice-agenda-public.pdf,Error,0
https://courts.ca.gov/system/files/file/tcbac-20200812-noticeandagenda.pdf,Error,0
https://courts.ca.gov/system/files/file/executiveandplanning-20220208-notice-agenda.pdf,Error,0
https://courts.ca.gov/system/files/file/cscac-20210305-legsub-agenda.pdf,Error,0
https://courts.ca.gov/system/files/file/lc-20201217-notice-agenda.pdf,Error,0
https://courts.ca.gov/system/files/file/design-build-conflict-interest-policy.pdf,Error,0
https://courts.ca.gov/system/files/file/waac-20201209-minutes.pdf,Error,0
https://courts.ca.gov/system/files/file/itac-20220225-notice-agenda.pdf,Error,0
https://courts.ca.gov/system/files/file/csac-20190430-materials.pdf,Error,0
https://courts.ca.gov/system/files/file/approved-cjcac-20200513-mh-minutes.pdf,Error,0
https://courts.ca.gov/system/files/file/itac-20170609-minutes.pdf,Error,0
https://courts.ca.gov/system/files/file/cfac-20250922-ccrs-materials.pdf,Error,0
https://courts.ca.gov/system/files/file/tcbac-20160204-res-materials.pdf,Error,0
https://courts.ca.gov/system/files/file/clac-20170327-agenda.pdf,Error,0
https://courts.ca.gov/system/files/file/jctc-20180523-minutes.pdf,Error,0
https://courts.ca.gov/system/files/file/jctc-20180416-materials-public.pdf,Error,0
https://courts.ca.gov/system/files/file/cjcac-20210414-mh-minutes.pdf,Error,0
https://courts.ca.gov/system/files/file/cjer-20230914-materials_1.pdf,Error,0
https://courts.ca.gov/system/files/file/jctc-20181107-materials.pdf,Error,0
https://courts.ca.gov/system/files/file/famjuv-20210809-noticeagenda.pdf,Error,0
https://courts.ca.gov/system/files/file/cscac-20200626-ls-agenda.pdf,Error,0
https://courts.ca.gov/system/files/file/cjcac-20200715-mh-minutes.pdf,Error,0
https://courts.ca.gov/system/files/file/jctc-20170911-materials.pdf,Error,0
https://courts.ca.gov/system/files/file/itac-20210623-minutes.pdf,Error,0
https://courts.ca.gov/system/files/file/famjuv-20200220-noticeagenda.pdf,Error,0
https://courts.ca.gov/system/files/file/jbbc-20180321-materials.pdf,Error,0
https://courts.ca.gov/system/files/file/cjcac-20200715-mh-notice-agenda-closed.pdf,Error,0
https://courts.ca.gov/system/files/file/jctc-20190924-agenda.pdf,Error,0
https://courts.ca.gov/system/files/file/tcbac-20210422-noticeandagenda.pdf,Error,0
https://courts.ca.gov/system/files/file/famjuv-20220207-noticeagenda.pdf,Error,0
https://courts.ca.gov/system/files/file/eandp-20181025-notice_agenda.pdf,Error,0
https://courts.ca.gov/system/files/file/forum-20211209-noticeagenda.pdf,Error,0
https://courts.ca.gov/system/files/file/jctc-20190408-materials.pdf,Error,0
https://courts.ca.gov/system/files/file/tcbac-20210422-materials.pdf,Error,0
https://courts.ca.gov/system/files/file/tcbac-20180321-re-minutes.pdf,Error,0
https://courts.ca.gov/system/files/file/paf-20200116-materials.pdf,Error,0
https://courts.ca.gov/system/files/file/itac-20191202-notice-agenda-public.pdf,Error,0
https://courts.ca.gov/system/files/file/itac-20200803-notice-agenda-public.pdf,Error,0
https://courts.ca.gov/system/files/file/cscac-20220322-notice.pdf,Error,0
https://courts.ca.gov/system/files/file/tcbac-20210309-noticeandagenda.pdf,Error,0
https://courts.ca.gov/system/files/file/jctc-20200116-minutes.pdf,Error,0
https://courts.ca.gov/system/files/file/jctc-20190314-agenda.pdf,Error,0
https://courts.ca.gov/system/files/file/tcfmac-20190308-open-minutes.pdf,Error,0
https://courts.ca.gov/system/files/file/pmhac-20190125-noticeagenda.pdf,Error,0
https://courts.ca.gov/system/files/file/cscac-20200116-pos-agenda.pdf,Error,0
https://courts.ca.gov/system/files/file/cscac-20220203-pos-agenda.pdf,Error,0
https://courts.ca.gov/system/files/file/tcbac-20170320-re-agenda.pdf,Error,0
https://courts.ca.gov/system/files/file/itac-20171204-materials.pdf,Error,0
https://courts.ca.gov/system/files/file/itac-20210121-rps-materials-member.pdf,Error,0
https://courts.ca.gov/system/files/file/itac-20201207-notice-agenda-public.pdf,Error,0
https://courts.ca.gov/system/files/file/itac-20190304-minutes.pdf,Error,0
https://courts.ca.gov/system/files/file/itac-20200420-materials.pdf,Error,0
https://courts.ca.gov/system/files/file/cjcac-20200826.pdf,Error,0
https://courts.ca.gov/system/files/file/tcfmac-20190408-agenda.pdf,Error,0
https://courts.ca.gov/system/files/file/itac-20191001-rps-notice-agenda-public.pdf,Error,0
https://courts.ca.gov/system/files/file/itac-minutes-20201002.pdf,Error,0
https://courts.ca.gov/system/files/file/cjcac-20210514-dui-notice-agenda_closed.pdf,Error,0
https://courts.ca.gov/system/files/file/it_community_workstream.pdf,Error,0
https://courts.ca.gov/system/files/file/audit-20210715-agenda.pdf,Error,0
https://courts.ca.gov/system/files/file/lc-20201008-notice-agenda.pdf,Error,0
https://courts.ca.gov/system/files/file/aac-itac-20170906-minutes.pdf,Error,0
https://courts.ca.gov/system/files/file/cfac-200205-noticeandagenda.pdf,Error,0
https://courts.ca.gov/system/files/file/cfcc_brief_mentalhealthcare.pdf,Error,0
https://courts.ca.gov/system/files/file/jbbc-20210105-materials.pdf,Error,0
https://courts.ca.gov/system/files/file/waac-20210323-agenda.pdf,Error,0
https://courts.ca.gov/system/files/file/pmhac-20180308-legsub-agenda.pdf,Error,0
https://courts.ca.gov/system/files/file/jbbc-20181017-materials.pdf,Error,0
https://courts.ca.gov/system/files/file/tcfmac-20200417-agenda.pdf,Error,0
https://courts.ca.gov/system/files/file/cfac-20181212-iooc-materials.pdf,Error,0
https://courts.ca.gov/system/files/file/itac-20200708-materials.pdf,Error,0
https://courts.ca.gov/system/files/file/tcbac-20201119-minutes.pdf,Error,0
https://courts.ca.gov/system/files/file/tcfmac-20170828-open-minutes.pdf,Error,0
https://courts.ca.gov/system/files/file/tcbac-20210524-minutes.pdf,Error,0
https://courts.ca.gov/system/files/file/csac-20200113-materials.pdf,Error,0
https://courts.ca.gov/system/files/file/jctc-20200210-minutes.pdf,Error,0
https://courts.ca.gov/system/files/file/cscac-20210323-sclcs-notice.pdf,Error,0
https://courts.ca.gov/system/files/file/jctc-20200309-materials-ebinder.pdf,Error,0
https://courts.ca.gov/system/files/file/jctc-20210412-agenda.pdf,Error,0
https://courts.ca.gov/system/files/file/famjuv-20170605-agenda.pdf,Error,0
https://courts.ca.gov/system/files/file/eandp-20190425-minutes.pdf,Error,0
https://courts.ca.gov/system/files/file/tcbac-20181213-materials.pdf,Error,0
https://courts.ca.gov/system/files/file/tcfmac-20190517-open-minutes.pdf,Error,0
https://courts.ca.gov/system/files/file/eandp-20170901-mm.pdf,Error,0
https://courts.ca.gov/system/files/file/itac-20220126-notice-agenda.pdf,Error,0
https://courts.ca.gov/system/files/file/itac-minutes-20200917.pdf,Error,0
https://courts.ca.gov/system/files/file/final-cjcac-20200611-vcmf-notice-agenda.pdf,Error,0
https://courts.ca.gov/system/files/file/pmhac-20211027-noticeagenda.pdf,Error,0
https://courts.ca.gov/system/files/file/ctac-20150501-ps-materials.pdf,Error,0
https://courts.ca.gov/system/files/file/tcpjac-ceac-20160818-jls-agenda.pdf,Error,0
https://courts.ca.gov/system/files/file/clac-20180119-agenda.pdf,Error,0
https://courts.ca.gov/system/files/file/cjcac-20190109-mh-materials.pdf,Error,0
https://courts.ca.gov/system/files/file/audit-20190328-agenda.pdf,Error,0
https://courts.ca.gov/system/files/file/tcbac-20190408-rande-noticeandagenda.pdf,Error,0
https://courts.ca.gov/system/files/file/famjuv-tcbac-waac-20170731-ab1058-materials.pdf,Error,0
https://courts.ca.gov/system/files/file/notice_and_agenda_1_12_2021.pdf,Error,0
https://courts.ca.gov/system/files/file/paf-20201217-notice-agenda.pdf,Error,0
https://courts.ca.gov/system/files/file/cfcc_brief_educ_0.pdf,Error,0
https://courts.ca.gov/system/files/file/jctc-20200608-agenda.pdf,Error,0
https://courts.ca.gov/system/files/file/tcbac-20200611-noticeandagenda.pdf,Error,0
https://courts.ca.gov/system/files/file/ctac-20150226-jats-minutes.pdf,Error,0
https://courts.ca.gov/system/files/file/itac-20201002-materials.pdf,Error,0
https://courts.ca.gov/system/files/file/itac-20190819-notice-agenda-publicpdf.pdf,Error,0
https://courts.ca.gov/system/files/file/jctc-20201202-agenda_0.pdf,Error,0
https://courts.ca.gov/system/files/file/tcbac-20200123-noticeandagenda.pdf,Error,0
https://courts.ca.gov/system/files/file/tcbac-20170707-fps-materials.pdf,Error,0
https://courts.ca.gov/system/files/file/tcfmac-20180720-open-minutes.pdf,Error,0
https://courts.ca.gov/system/files/file/tcbac-20230927-materials.pdf,Error,0
https://courts.ca.gov/system/files/file/notice_and_agenda_10_26_2020.pdf,Error,0
https://courts.ca.gov/system/files/file/cfac-20190221-minutes.pdf,Error,0
https://courts.ca.gov/system/files/file/paf-20230726-materials.pdf,Error,0
https://courts.ca.gov/system/files/file/tcbac-20211117-fms-noticeandagenda.pdf,Error,0
https://courts.ca.gov/system/files/file/tcfmac-20200515-notice-agenda.pdf,Error,0
https://courts.ca.gov/system/files/file/cscac-20180822-legsub-agenda.pdf,Error,0
https://courts.ca.gov/system/files/file/hr-staffing-metrics-2425-02.pdf,Error,0
https://courts.ca.gov/system/files/file/eandp-20181213-minutes.pdf,Error,0
https://courts.ca.gov/system/files/file/cfac-20200710-minutes.pdf,Error,0
https://courts.ca.gov/system/files/file/cfac-20191001-minutes.pdf,Error,0
https://courts.ca.gov/system/files/file/famjuv-2020228-noticeandagenda-powg.pdf,Error,0
https://courts.ca.gov/system/files/file/waac-20180919-minutes.pdf,Error,0
https://courts.ca.gov/system/files/file/jbbc-20210813-noticeandagenda.pdf,Error,0
https://courts.ca.gov/system/files/file/csac-20200113-notice-agenda.pdf,Error,0
https://courts.ca.gov/system/files/file/cfac-20200921-minutes.pdf,Error,0
https://courts.ca.gov/system/files/file/itac-materials-20240925.pdf,Error,0
https://courts.ca.gov/system/files/file/csac-20201008-notice-agenda.pdf,Error,0
https://courts.ca.gov/system/files/file/jctc-20210308-minutes.pdf,Error,0
https://courts.ca.gov/system/files/file/itac-20171010-agenda-public.pdf,Error,0
https://courts.ca.gov/system/files/file/jctc-20210111-agenda.pdf,Error,0
https://courts.ca.gov/system/files/file/itac-20190402-minutes.pdf,Error,0
https://courts.ca.gov/system/files/file/pmhac-20181114-noticeagenda.pdf,Error,0
https://courts.ca.gov/system/files/file/itemm.pdf,Error,0
https://courts.ca.gov/system/files/file/tcbac-20200325-minutes.pdf,Error,0
https://courts.ca.gov/system/files/file/itac-20171115-rps-minutes-public.pdf,Error,0
https://courts.ca.gov/system/files/file/jctc-20200116-materials.pdf,Error,0
https://courts.ca.gov/system/files/file/cscac-20200220-jds-agenda.pdf,Error,0
https://courts.ca.gov/system/files/file/csac-20210513-minutes.pdf,Error,0
https://courts.ca.gov/system/files/file/itac-20191001-rps-minutes-open.pdf,Error,0
https://courts.ca.gov/system/files/file/itac-20220223-rps-notice-agenda-public.pdf,Error,0
https://courts.ca.gov/system/files/file/cscac-20180417-frs-agenda.pdf,Error,0
https://courts.ca.gov/system/files/file/famjuv-20170525-agenda.pdf,Error,0
https://courts.ca.gov/system/files/file/jctc-20211012-materials.pdf,Error,0
https://courts.ca.gov/system/files/file/cscac-20200520-prs-agenda.pdf,Error,0
https://courts.ca.gov/system/files/file/famjuv-20170119-agenda.pdf,Error,0
https://courts.ca.gov/system/files/file/executiveandplanning-20210604-notice-agenda.pdf,Error,0
https://courts.ca.gov/system/files/file/itac-20191202-materials.pdf,Error,0
https://courts.ca.gov/system/files/file/cjcac-20210908-mh-noticeagenda.pdf,Error,0
https://courts.ca.gov/system/files/file/cscac-20210513-sclcs-notice.pdf,Error,0
https://courts.ca.gov/system/files/file/famjuv-20190826-noticeagenda.pdf,Error,0
https://courts.ca.gov/system/files/file/pmhac-20190731-noticeagenda.pdf,Error,0
https://courts.ca.gov/system/files/file/famjuv-20170420-agenda.pdf,Error,0
https://courts.ca.gov/system/files/file/cjcac-20210414-mh-notice-agenda-closed.pdf,Error,0
https://courts.ca.gov/system/files/file/forum-202000813-noticeagenda.pdf,Error,0
https://courts.ca.gov/system/files/file/itac-20191104-rps-notice-agenda-public.pdf,Error,0
https://courts.ca.gov/system/files/file/tcbac-20190926-fps-noticeandagenda.pdf,Error,0
https://courts.ca.gov/system/files/file/jbbc-20200116-noticeandagenda.pdf,Error,0
https://courts.ca.gov/system/files/file/paf-20210126-materials.pdf,Error,0
https://courts.ca.gov/system/files/file/forum-20170608-materials.pdf,Error,0
https://courts.ca.gov/system/files/file/tcbac-20190219-materials.pdf,Error,0
https://courts.ca.gov/system/files/file/tcbac-20130709-business-meeting-materials.pdf,Error,0
https://courts.ca.gov/system/files/file/paf-20230615-materials.pdf,Error,0
https://courts.ca.gov/system/files/file/tcfmac-20190826-agenda.pdf,Error,0
https://courts.ca.gov/system/files/file/cscac-20211015-notice-v2.pdf,Error,0
https://courts.ca.gov/system/files/file/jctc-20190226-minutes.pdf,Error,0
https://courts.ca.gov/system/files/file/aac-20180305-notice-agenda.pdf,Error,0
https://courts.ca.gov/system/files/file/famjuv-20211101-noticeagenda.pdf,Error,0
https://courts.ca.gov/system/files/file/ceac-20220128-jbsiss-notice-agenda.pdf,Error,0
https://courts.ca.gov/system/files/file/cjcac-20210310-mh-minutes_closed.pdf,Error,0
https://courts.ca.gov/system/files/file/tcbac-20190321-minutes.pdf,Error,0
https://courts.ca.gov/system/files/file/famjuv-20220228-noticeagenda.pdf,Error,0
https://courts.ca.gov/system/files/file/tcbac-20190603-noticeandagenda.pdf,Error,0
https://courts.ca.gov/system/files/file/waac-20200326-minutes.pdf,Error,0
https://courts.ca.gov/system/files/file/famjuv-20170608-agenda.pdf,Error,0
https://courts.ca.gov/system/files/file/aac-20190925-agenda.pdf,Error,0
https://courts.ca.gov/system/files/file/jctc-20180910-materials.pdf,Error,0
https://courts.ca.gov/system/files/file/tcbac-20190725-noticeandagenda.pdf,Error,0
https://courts.ca.gov/system/files/file/667_2024_eo_routing_slip_sc_signature.pdf,Error,0
https://courts.ca.gov/system/files/file/tcbac-20210409-rande-noticeandagenda.pdf,Error,0
https://courts.ca.gov/system/files/file/eandp-20190729-minutes.pdf,Error,0
https://courts.ca.gov/system/files/file/tcbac-20210415-fms-minutes.pdf,Error,0
https://courts.ca.gov/system/files/file/famjuv-20200730-noticeagenda.pdf,Error,0
https://courts.ca.gov/system/files/file/forum-20211014-notice-agendapdf.pdf,Error,0
https://courts.ca.gov/system/files/file/itac-20180827-minutes.pdf,Error,0
https://courts.ca.gov/system/files/file/trial-court-workload-formula-allocation-25-26.pdf,Error,0
https://courts.ca.gov/system/files/file/aac-20210716-materials.pdf,Error,0
https://courts.ca.gov/system/files/file/itac-20200108-minutes.pdf,Error,0
https://courts.ca.gov/system/files/file/itac-20180719-materials-public.pdf,Error,0
https://courts.ca.gov/system/files/file/itac-20210121-rps-minutes-final.pdf,Error,0
https://courts.ca.gov/system/files/file/famjuv-20191125-materials.pdf,Error,0
https://courts.ca.gov/system/files/file/cjcac-20170427-agenda.pdf,Error,0
https://courts.ca.gov/system/files/file/tcbac-20180731-materials.pdf,Error,0
https://courts.ca.gov/system/files/file/jctc-20210111-materials.pdf,Error,0
https://courts.ca.gov/system/files/file/itac-20160630-jats-agenda-public.pdf,Error,0
https://courts.ca.gov/system/files/file/2024-jo-demographic-tables.pdf,Error,0
https://courts.ca.gov/system/files/file/tcbac-20190416-minutes.pdf,Error,0
https://courts.ca.gov/system/files/file/tcbac-20211104-fms-noticeandagenda.pdf,Error,0
https://courts.ca.gov/system/files/file/famjuv-20190530-materials.pdf,Error,0
https://courts.ca.gov/system/files/file/jctc-20210524-minutes.pdf,Error,0
https://courts.ca.gov/system/files/file/legislationcommittee-20210304-notice-agenda.pdf,Error,0
https://courts.ca.gov/system/files/file/cfac-20200117-cn-noticeandagenda.pdf,Error,0
https://courts.ca.gov/system/files/file/tcbac-20180814-minutes.pdf,Error,0
https://courts.ca.gov/system/files/file/jctc-20210303-agenda.pdf,Error,0
https://courts.ca.gov/system/files/file/famjuv-202128-noticeagenda.pdf,Error,0
https://courts.ca.gov/system/files/file/tcbac-20171204-fps-materials.pdf,Error,0
https://courts.ca.gov/system/files/file/csac-20190724-minutes.pdf,Error,0
https://courts.ca.gov/system/files/file/aac-20171016-minutes.pdf,Error,0
https://courts.ca.gov/system/files/file/itac-20190415-materials.pdf,Error,0
https://courts.ca.gov/system/files/file/itac-20190402-materials.pdf,Error,0
https://courts.ca.gov/system/files/file/tcbac-20190228-fms-noticeaandagenda.pdf,Error,0
https://courts.ca.gov/system/files/file/jbbc-20210808-noticeandagenda.pdf,Error,0
https://courts.ca.gov/system/files/file/famjuv-20200210-noticeagenda.pdf,Error,0
https://courts.ca.gov/system/files/file/itac-20211027-minutes.pdf,Error,0
https://courts.ca.gov/system/files/file/audit-20180619-materials.pdf,Error,0
https://courts.ca.gov/system/files/file/tcbac-20210805-minutes.pdf,Error,0
https://courts.ca.gov/system/files/file/eandp-20191017-minutes_0.pdf,Error,0
https://courts.ca.gov/system/files/file/executiveandplanning-20211102-notice-agenda.pdf,Error,0
https://courts.ca.gov/system/files/file/itac-20190122-rps-notice-agenda-public.pdf,Error,0
https://courts.ca.gov/system/files/file/cscac-20210402-legsub-agenda.pdf,Error,0
https://courts.ca.gov/system/files/file/tcbac-20190201-minutes.pdf,Error,0
https://courts.ca.gov/system/files/file/waac-20210224-materials_0.pdf,Error,0
https://courts.ca.gov/system/files/file/cfac-20180927-notice.pdf,Error,0
https://courts.ca.gov/system/files/file/eandp-20171214-agenda.pdf,Error,0
https://courts.ca.gov/system/files/file/cscac-20190625-adr-agenda.pdf,Error,0
https://courts.ca.gov/system/files/file/cjcac-20210512-mh-minutes.pdf,Error,0
https://courts.ca.gov/system/files/file/cjcac-20220112-mh-minutes.pdf,Error,0
https://courts.ca.gov/system/files/file/lc-20200423-notice-agenda.pdf,Error,0
https://courts.ca.gov/system/files/file/itemn.pdf,Error,0
https://courts.ca.gov/system/files/file/aac-20180705-rs-notice-agenda.pdf,Error,0
https://courts.ca.gov/system/files/file/itac-20180202-agenda-public.pdf,Error,0
https://courts.ca.gov/system/files/file/jbbc-20200421-noticeandagenda.pdf,Error,0
https://courts.ca.gov/system/files/file/eandp-20220310-notice-agenda.pdf,Error,0
https://courts.ca.gov/system/files/file/executiveandplanning-20210520-mm.pdf,Error,0
https://courts.ca.gov/system/files/file/itac-20180827-materials.pdf,Error,0
https://courts.ca.gov/system/files/file/itac-20220126-materials.pdf,Error,0
https://courts.ca.gov/system/files/file/tcbac-20250226-materials.pdf,Error,0
https://courts.ca.gov/system/files/file/tcfmac-20200515-approved-minutes.pdf,Error,0
https://courts.ca.gov/system/files/file/csac-20210819-materials.pdf,Error,0
https://courts.ca.gov/system/files/file/paf-20170614-materials-public.pdf,Error,0
https://courts.ca.gov/system/files/file/ceac-20180810-jbsiss-notice-agenda.pdf,Error,0
https://courts.ca.gov/system/files/file/pmhac-20220223-noticeagenda.pdf,Error,0
https://courts.ca.gov/system/files/file/jctc-20190408-supplemental-materials.pdf,Error,0
https://courts.ca.gov/system/files/file/cjcac-20170201-agenda.pdf,Error,0
https://courts.ca.gov/system/files/file/cjcac-20200129-mh-minutes.pdf,Error,0
https://courts.ca.gov/system/files/file/7a-2526-sonoma.pdf,Error,0
https://courts.ca.gov/system/files/file/cjcac-20201208-mh-minutes.pdf,Error,0
https://courts.ca.gov/system/files/file/tcbac-20210922-fms-materials.pdf,Error,0
https://courts.ca.gov/system/files/file/tcfmac-20170303-open-minutes.pdf,Error,0
https://courts.ca.gov/system/files/file/legislationcommittee-070920-agenda.pdf,Error,0
https://courts.ca.gov/system/files/file/aac-20220222-rs-materials.pdf,Error,0
https://courts.ca.gov/system/files/file/cjcac-20170315-agenda.pdf,Error,0
https://courts.ca.gov/system/files/file/jctc-20201214-agenda.pdf,Error,0
https://courts.ca.gov/system/files/file/tcpjac-ceac-20180802-jls-agenda.pdf,Error,0
https://courts.ca.gov/system/files/file/tcfmac-20210830-notice-agenda.pdf,Error,0
https://courts.ca.gov/system/files/file/jctc-20181015-minutes.pdf,Error,0
https://courts.ca.gov/system/files/file/famjuv-20210503-noticeagenda.pdf,Error,0
https://courts.ca.gov/system/files/file/tcbac-20201015-noticeandagenda.pdf,Error,0
https://courts.ca.gov/system/files/file/20220223_sytfmeeting_noticeagenda.pdf,Error,0
https://courts.ca.gov/system/files/file/tcfmac-20150330-materials.pdf,Error,0
https://courts.ca.gov/system/files/file/cfac-20180927-agenda.pdf,Error,0
https://courts.ca.gov/system/files/file/waac-20200506-minutes.pdf,Error,0
https://courts.ca.gov/system/files/file/jctc-20210820-supplemental-materials.pdf,Error,0
https://courts.ca.gov/system/files/file/csac-20210819-minutes.pdf,Error,0
https://courts.ca.gov/system/files/file/itac-20170911-materials-public.pdf,Error,0
https://courts.ca.gov/system/files/file/itac-20200306-notice-agenda-public.pdf,Error,0
https://courts.ca.gov/system/files/file/jctc-20211012-agenda.pdf,Error,0
https://courts.ca.gov/system/files/file/shriver-20190920-agenda.pdf,Error,0
https://courts.ca.gov/system/files/file/dataanalyticsreport.pdf,Error,0
https://courts.ca.gov/system/files/file/itac-20210915-materials.pdf,Error,0
https://courts.ca.gov/system/files/file/aac-20210201-ads-agenda.pdf,Error,0
https://courts.ca.gov/system/files/file/waac-20210224-materials.pdf,Error,0
https://courts.ca.gov/system/files/file/legislative-status-chart-2020.pdf,Error,0
https://courts.ca.gov/system/files/file/hwg-20210311-notice-agenda.pdf,Error,0
https://courts.ca.gov/system/files/file/itac-20201207-materials.pdf,Error,0
https://courts.ca.gov/system/files/file/tcbac-20210506-minutes.pdf,Error,0
https://courts.ca.gov/system/files/file/itac-20210728-notice-agenda.pdf,Error,0
https://courts.ca.gov/system/files/file/jctc-20180709-agenda.pdf,Error,0
https://courts.ca.gov/system/files/file/aac-20191017-ps-agenda.pdf,Error,0
https://courts.ca.gov/system/files/file/cjcac-20200226-agenda.pdf,Error,0
https://courts.ca.gov/system/files/file/eandp-20190515-minutes.pdf,Error,0
https://courts.ca.gov/system/files/file/cjer-20190905-notice-agenda.pdf,Error,0
https://courts.ca.gov/system/files/file/jctc-20241002-materials.pdf,Error,0
https://courts.ca.gov/system/files/file/jctc-2020109-minutes.pdf,Error,0
https://courts.ca.gov/system/files/file/ceac-20200921-jbsiss-notice-agenda.pdf,Error,0
https://courts.ca.gov/system/files/file/paf-20191219-notice-agenda_open_closed.pdf,Error,0
https://courts.ca.gov/system/files/file/itac-20210623-notice-agenda-closed.pdf,Error,0
https://courts.ca.gov/system/files/file/tcbac-20191121-fps-noticeandagenda.pdf,Error,0
https://courts.ca.gov/system/files/file/cjcac-20190619-notice-agenda.pdf,Error,0
https://courts.ca.gov/system/files/file/itac-20200203-notice-agenda-public.pdf,Error,0
https://courts.ca.gov/system/files/file/cscac-20180221-legsub-agenda.pdf,Error,0
https://courts.ca.gov/system/files/file/cscac-20200228-pos-agenda.pdf,Error,0
https://courts.ca.gov/system/files/file/lc-20220113-notice-agenda.pdf,Error,0
https://courts.ca.gov/system/files/file/tcbac_handout_6_g_and_h.pdf,Error,0
https://courts.ca.gov/system/files/file/jctc-20211213-materials.pdf,Error,0
https://courts.ca.gov/system/files/file/tcpjac-ceac-20170419-jls-agenda.pdf,Error,0
https://courts.ca.gov/system/files/file/cscac-20210311-uccls-agenda.pdf,Error,0
https://courts.ca.gov/system/files/file/famjuv_20220513-materials.pdf,Error,0
https://courts.ca.gov/system/files/file/lc-20200507-agenda.pdf,Error,0
https://courts.ca.gov/system/files/file/itac-20151120-jats-minutes.pdf,Error,0
https://courts.ca.gov/system/files/file/tcbac-20181018-notice-agenda.pdf,Error,0
https://courts.ca.gov/system/files/file/tcbac-20200430-minutes.pdf,Error,0
https://courts.ca.gov/system/files/file/tcfmac-20210129-minutes.pdf,Error,0
https://courts.ca.gov/system/files/file/pmhac-20220301-noticeagenda.pdf,Error,0
https://courts.ca.gov/system/files/file/itac-20181106-rps-minutes-public.pdf,Error,0
https://courts.ca.gov/system/files/file/clac-20170810-agenda.pdf,Error,0
https://courts.ca.gov/system/files/file/paf-20201210-lasc-materials.pdf,Error,0
https://courts.ca.gov/system/files/file/rules-20200820-notice-agenda.pdf,Error,0
https://courts.ca.gov/system/files/file/tcbac-20191008-fms-noticeandagenda.pdf,Error,0
https://courts.ca.gov/system/files/file/jctc-20190812-minutes.pdf,Error,0
https://courts.ca.gov/system/files/file/csac-20190228-notice-agenda.pdf,Error,0
https://courts.ca.gov/system/files/file/famjuv-20201214-noticeagenda.pdf,Error,0
https://courts.ca.gov/system/files/file/itac-20200306-minutes.pdf,Error,0
https://courts.ca.gov/system/files/file/paf-20171018-agenda.pdf,Error,0
https://courts.ca.gov/system/files/file/rules-20211102-notice-agenda.pdf,Error,0
https://courts.ca.gov/system/files/file/cscac-20210517-sclcs-notice.pdf,Error,0
https://courts.ca.gov/system/files/file/eandp-20190828-notice-agenda.pdf,Error,0
https://courts.ca.gov/system/files/file/eandp-20181213-notice-agenda.pdf,Error,0
https://courts.ca.gov/system/files/file/tcbac-20210128-minutes.pdf,Error,0
https://courts.ca.gov/system/files/file/tcfmac-20171204-open-minutes.pdf,Error,0
https://courts.ca.gov/system/files/file/cjcac-20200210-vcmf-minutes.pdf,Error,0
https://courts.ca.gov/system/files/file/aac-20190205-ads-agenda.pdf,Error,0
https://courts.ca.gov/system/files/file/jbbc-20191115-noticeandagenda.pdf,Error,0
https://courts.ca.gov/system/files/file/jctc-20210624-minutes.pdf,Error,0
https://courts.ca.gov/system/files/file/jctc-20211108-materials.pdf,Error,0
https://courts.ca.gov/system/files/file/tcbac-20210412-fms-minutes.pdf,Error,0
https://courts.ca.gov/system/files/file/pclc-20190523-notice-agenda-m.pdf,Error,0
https://courts.ca.gov/system/files/file/tcbac-20201119-fps-noticeandagenda.pdf,Error,0
https://courts.ca.gov/system/files/file/famjuv-20170126-agenda.pdf,Error,0
https://courts.ca.gov/system/files/file/cscac-20181119-agenda.pdf,Error,0
https://courts.ca.gov/system/files/file/cscac-20180321-legsub-agenda.pdf,Error,0
https://courts.ca.gov/system/files/file/jctc-20190211-minutes.pdf,Error,0
https://courts.ca.gov/system/files/file/csac-20171130-minutes.pdf,Error,0
https://courts.ca.gov/system/files/file/jbbc-20210930-noticeandagenda.pdf,Error,0
https://courts.ca.gov/system/files/file/itac-minutes-20201207.pdf,Error,0
https://courts.ca.gov/system/files/file/traffic-20170613-agenda.pdf,Error,0
https://courts.ca.gov/system/files/file/csac-20190430-notice-agenda.pdf,Error,0
https://courts.ca.gov/system/files/file/itac-20190819-minutespdf.pdf,Error,0
https://courts.ca.gov/system/files/file/jctc-20180709-minutes.pdf,Error,0
https://courts.ca.gov/system/files/file/itac-20211130-minutes.pdf,Error,0
https://courts.ca.gov/system/files/file/cjcac-20200909-mh-minutes.pdf,Error,0
https://courts.ca.gov/system/files/file/itac-20190819-notice-agenda-public.pdf,Error,0
https://courts.ca.gov/system/files/file/executiveandplanning-20210608-minutes.pdf,Error,0
https://courts.ca.gov/system/files/file/aac-20170601-minutes.pdf,Error,0
https://courts.ca.gov/system/files/file/cjcac-20211208-mh-notice-agenda.pdf,Error,0
https://courts.ca.gov/system/files/file/cjcac-20210210-mh-notice-agenda-closed.pdf,Error,0
https://courts.ca.gov/system/files/file/executiveandplanning-20210302-mm.pdf,Error,0
https://courts.ca.gov/system/files/file/itac-20191104-rps-minutes-final-open.pdf,Error,0
https://courts.ca.gov/system/files/file/tcbac-20200602-fms-minutes.pdf,Error,0
https://courts.ca.gov/system/files/file/cjcac-20190204-vs-notice-agenda.pdf,Error,0
https://courts.ca.gov/system/files/file/itac-20200122-rps-materials-public.pdf,Error,0
https://courts.ca.gov/system/files/file/paf-20210819-notice-agenda_open.pdf,Error,0
https://courts.ca.gov/system/files/file/jctc-20201214-materials.pdf,Error,0
https://courts.ca.gov/system/files/file/tcfmac-20180827-open-minutes.pdf,Error,0
https://courts.ca.gov/system/files/file/tcfmac-20211115-open-minutes.pdf,Error,0
https://courts.ca.gov/system/files/file/paf-2020-28-02-notice-agenda.pdf,Error,0
https://courts.ca.gov/system/files/file/cjcac-20200812-mh-noticeagenda-openandclosed.pdf,Error,0
https://courts.ca.gov/system/files/file/tcfmac-20171013-open-minutes.pdf,Error,0
https://courts.ca.gov/system/files/file/jbbc-20191115-minutes.pdf,Error,0
https://courts.ca.gov/system/files/file/aac-20200629-ads-agenda.pdf,Error,0
https://courts.ca.gov/system/files/file/aac-20180227-agenda.pdf,Error,0
https://courts.ca.gov/system/files/file/cscac-20211117-agenda-1110.pdf,Error,0
https://courts.ca.gov/system/files/file/lc-20201217-materials.pdf,Error,0
https://courts.ca.gov/system/files/file/cscac-20200303-adr-agenda.pdf,Error,0
https://courts.ca.gov/system/files/file/clac-20170531-agenda.pdf,Error,0
https://courts.ca.gov/system/files/file/itac-20181026-minutes.pdf,Error,0
https://courts.ca.gov/system/files/file/tcpjac_ceac-20190320-jls-notice_agenda.pdf,Error,0
https://courts.ca.gov/system/files/file/lc-20220122-notice-agenda.pdf,Error,0
https://courts.ca.gov/system/files/file/ceac-20210208-jbsiss-materials.pdf,Error,0
https://courts.ca.gov/system/files/file/executiveandplanning-20200625-minutes.pdf,Error,0
https://courts.ca.gov/system/files/file/tcfmac-20211029-notice-agenda.pdf,Error,0
https://courts.ca.gov/system/files/file/tcpjac-ceac-20161013-jls-agenda_0.pdf,Error,0
https://courts.ca.gov/system/files/file/lc-20200924-notice-agenda.pdf,Error,0
https://courts.ca.gov/system/files/file/famjuv-20250428-materials.pdf,Error,0
https://courts.ca.gov/system/files/file/aac-20181115-rs-materials.pdf,Error,0
https://courts.ca.gov/system/files/file/tcfmac-20200720-notice-agenda.pdf,Error,0
https://courts.ca.gov/system/files/file/pmhac-20210721-noticeagenda.pdf,Error,0
https://courts.ca.gov/system/files/file/cjcac-20211110-mh-notice-agenda.pdf,Error,0
https://courts.ca.gov/system/files/file/rupro-20170404-agenda.pdf,Error,0
https://courts.ca.gov/system/files/file/famjuv-20200720-noticeagenda.pdf,Error,0
https://courts.ca.gov/system/files/file/tcbac-20190219-noticeagenda.pdf,Error,0
https://courts.ca.gov/system/files/file/eandp-20190729-mm.pdf,Error,0
https://courts.ca.gov/system/files/file/tcbac-20210415-fms-materials.pdf,Error,0
https://courts.ca.gov/system/files/file/ceac-20180319-rms-agenda.pdf,Error,0
https://courts.ca.gov/system/files/file/cjer-20160209-materials.pdf,Error,0
https://courts.ca.gov/system/files/file/cjcac-20210113-mh-minutes_closed_da.pdf,Error,0
https://courts.ca.gov/system/files/file/executiveandplanning-20201021-notice-agenda.pdf,Error,0
https://courts.ca.gov/system/files/file/eandp-20190828-minutes.pdf,Error,0
https://courts.ca.gov/system/files/file/aac-20200305-agenda.pdf,Error,0
https://courts.ca.gov/system/files/file/audit-20210310-minutes.pdf,Error,0
https://courts.ca.gov/system/files/file/tcbac-20210409-rande-materials.pdf,Error,0
https://courts.ca.gov/system/files/file/clac-20201014-notice-agenda.pdf,Error,0
https://courts.ca.gov/system/files/file/itac-20190415-notice-agenda-public.pdf,Error,0
https://courts.ca.gov/system/files/file/cjcac-20220126-notice-agenda.pdf,Error,0
https://courts.ca.gov/system/files/file/famjuv-20170918-agenda.pdf,Error,0
https://courts.ca.gov/system/files/file/itac-20180122-rps-minutes-public.pdf,Error,0
https://courts.ca.gov/system/files/file/tcbac-20210121-minutes.pdf,Error,0
https://courts.ca.gov/system/files/file/itac-20180621-rps-agenda-public.pdf,Error,0
https://courts.ca.gov/system/files/file/itac-20210428-notice-agenda.pdf,Error,0
https://courts.ca.gov/system/files/file/tcbac-20191121-noticeandagenda.pdf,Error,0
https://courts.ca.gov/system/files/file/cscac-20220209-pos-notice.pdf,Error,0
https://courts.ca.gov/system/files/file/pmhac-20200715-noticeagenda.pdf,Error,0
https://courts.ca.gov/system/files/file/cjcac-20210113-mh-notice-agenda-closed.pdf,Error,0
https://courts.ca.gov/system/files/file/jctc-20191029-materials.pdf,Error,0
https://courts.ca.gov/system/files/file/executiveandplanning-20201210-notice-agenda.pdf,Error,0
https://courts.ca.gov/system/files/file/tcbac-20211014-materials.pdf,Error,0
https://courts.ca.gov/system/files/file/7a-2526-santa-cruz.pdf,Error,0
https://courts.ca.gov/system/files/file/clac-20170626-agenda.pdf,Error,0
https://courts.ca.gov/system/files/file/itac-20180702-agenda-public.pdf,Error,0
https://courts.ca.gov/system/files/file/cscac-20200227-pos-agenda.pdf,Error,0
https://courts.ca.gov/system/files/file/tcpjac-ceac-20160818-jls-agendapdf.pdf,Error,0
https://courts.ca.gov/system/files/file/cscac-20200309-agenda.pdf,Error,0
https://courts.ca.gov/system/files/file/032922_ilas_open_mtg_materials.pdf,Error,0
https://courts.ca.gov/system/files/file/tcbac-20211112-rande-noticeandagenda.pdf,Error,0
https://courts.ca.gov/system/files/file/aac-20190719-minutes.pdf,Error,0
https://courts.ca.gov/system/files/file/tcpjac-ceac-20161013-jls-agenda_1.pdf,Error,0
https://courts.ca.gov/system/files/file/executiveandplanning-20210519-notice-agenda.pdf,Error,0
https://courts.ca.gov/system/files/file/aac-20220302-agenda.pdf,Error,0
https://courts.ca.gov/system/files/file/tcbac-20220113-noticeandagenda.pdf,Error,0
https://courts.ca.gov/system/files/file/lc-20210823-agenda.pdf,Error,0
https://courts.ca.gov/system/files/file/cscac-20210920-agenda.pdf,Error,0
https://courts.ca.gov/system/files/file/cscac-20200612-ls-agenda.pdf,Error,0
https://courts.ca.gov/system/files/file/tcpjac-ceac-20170330-jls-agenda.pdf,Error,0
https://courts.ca.gov/system/files/file/jbbc-20200421-minutes.pdf,Error,0
https://courts.ca.gov/system/files/file/eandp-20191119-notice_agenda.pdf,Error,0
https://courts.ca.gov/system/files/file/cscac-20200605-ls-agenda.pdf,Error,0
https://courts.ca.gov/system/files/file/pmhac-20180911-noticeagenda.pdf,Error,0
https://courts.ca.gov/system/files/file/jctc-20220309-agenda.pdf,Error,0
https://courts.ca.gov/system/files/file/tcbac-20190617-fms-minutes.pdf,Error,0
https://courts.ca.gov/system/files/file/eandp-20191017-minutes.pdf,Error,0
https://courts.ca.gov/system/files/file/famjuv-20170810-agenda.pdf,Error,0
https://courts.ca.gov/system/files/file/itac-20181203-minutes.pdf,Error,0
https://courts.ca.gov/system/files/file/cscac-20220126-pos-notice.pdf,Error,0
https://courts.ca.gov/system/files/file/jctc-20220214-materials.pdf,Error,0
https://courts.ca.gov/system/files/file/tcbac-20210922-fms-minutes.pdf,Error,0
https://courts.ca.gov/system/files/file/aac-20200220-ads-agenda.pdf,Error,0
https://courts.ca.gov/system/files/solicitation-request-document/crs-sp-320-attachment-2-jcc-hotel-agreement-template.pdf,Error,0
https://courts.ca.gov/system/files/solicitation-request-document/fso-2018-17-jr-rfqp.pdf,Error,0
https://courts.ca.gov/system/files/solicitation-request-document/crs-eg-478-rfp-hotel-room-blockpdf.pdf,Error,0
https://courts.ca.gov/system/files/solicitation-request-document/crs-sp-434-attachment-2-jcc-hotel-agreement-template.pdf,Error,0
https://courts.ca.gov/system/files/solicitation-request-document/rfp-fs-sp-2019-03-jp-appendix-questions-and-answers-addendum-2.pdf,Error,0
https://courts.ca.gov/system/files/solicitation-request-document/rfp-fs-2020-15-bd.pdf,Error,0
https://courts.ca.gov/system/files/solicitation-request-document/sc-19-55-rb-attachment-2.pdf,Error,0
https://courts.ca.gov/system/files/solicitation-request-document/rfpfs202205mb-space_program_updated_1072022.pdf,Error,0
https://courts.ca.gov/system/files/solicitation-request-document/tcas-2021-02-aj-attachment-2-jcc-standard-terms-and-conditions.pdf,Error,0
https://courts.ca.gov/system/files/solicitation-request-document/fin-201505-ml-qa-july-1-2013-gasb-45-valuation-santa-clara-superior-court.pdf,Error,0
https://courts.ca.gov/system/files/solicitation-request-document/tcas-2020-01-bh-attachment-2-terms-and-conditions-addendum-3.pdf,Error,0
https://courts.ca.gov/system/files/solicitation-request-document/rfp-cfcc22-119rb-a2-standard-agreement.pdf,Error,0
https://courts.ca.gov/system/files/solicitation-request-document/fs-2018-15-rp-attach-2-standard-agreement.pdf,Error,0
https://courts.ca.gov/system/files/solicitation-request-document/fso-2020-04-bd-rfq-window-washing.pdf,Error,0
https://courts.ca.gov/system/files/solicitation-request-document/insurebrokerage-occm-rfp-scoring.pdf,Error,0
https://courts.ca.gov/system/files/solicitation-request-document/cfcc-2019-19-cd-rfp-language-access-california-courts.pdf,Error,0
https://courts.ca.gov/system/files/solicitation-request-document/fso-2018-17-jr-attachment-1-sample-cmr-agreement.pdf,Error,0
https://courts.ca.gov/system/files/solicitation-request-document/refm-2016-15-rp-rfp.pdf,Error,0
https://courts.ca.gov/system/files/solicitation-request-document/fs-2018-14-rp-rfq-p-construction-manager-risk-new-modesto.pdf,Error,0
https://courts.ca.gov/system/files/solicitation-request-document/coa2d-1-2014-attachment-5-cost-submission-matrix-f.pdf,Error,0
https://courts.ca.gov/system/files/solicitation-request-document/fso-2018-08-jr-rfp.pdf,Error,0
https://courts.ca.gov/system/files/solicitation-request-document/tcas-2022-04-aj-attachment-6-payee-data-record.pdf,Error,0
https://courts.ca.gov/system/files/solicitation-request-document/attach-9-dvbe-participation-form.pdf,Error,0
https://courts.ca.gov/system/files/solicitation-request-document/refm-2016-27-bd-request-proposal-revision-8.pdf,Error,0
https://courts.ca.gov/system/files/solicitation-request-document/3dca-rfo-18-19-06-attachment-2-jc-standard-terms-and-conditions.pdf,Error,0
https://courts.ca.gov/system/files/solicitation-request-document/tcas-2021-01-ms-questions-and-answers-updated.pdf,Error,0
https://courts.ca.gov/system/files/solicitation-request-document/rfp-it-2021-80rb-notice-technical-scores.pdf,Error,0
https://courts.ca.gov/system/files/solicitation-request-document/rfp-fs-2022-07-jp-attachment-m-internal-background-check-protocol.pdf,Error,0
https://courts.ca.gov/system/files/solicitation-request-document/fs-2018-26-bd-rfp.pdf,Error,0
https://courts.ca.gov/system/files/solicitation-request-document/cfcc-032614-lcdr-cf_appx-b_budget_template.pdf,Error,0
https://courts.ca.gov/system/files/solicitation-request-document/fso-2018-23-jr-rfp.pdf,Error,0
https://courts.ca.gov/system/files/solicitation-request-document/cfcc-2021-04-lv-rfp.pdf,Error,0
https://courts.ca.gov/system/files/solicitation-request-document/fso-2017-17-rp-attach-2-standard-agreement.pdf,Error,0
https://courts.ca.gov/system/files/solicitation-request-document/crs-pd-329-attachment-2-jc-short-form-agreement-pjpi.pdf,Error,0
https://courts.ca.gov/system/files/solicitation-request-document/fso-2018-09-jr-attachment-c-sample-agreement.pdf,Error,0
https://courts.ca.gov/system/files/solicitation-request-document/crs-eg-478-attachment-2-jcc-hotel-room-block-agreement.pdf,Error,0
https://courts.ca.gov/system/files/solicitation-request-document/cfcc-012414-acdr-cf-appendix-b-budget-template.pdf,Error,0
https://courts.ca.gov/system/files/solicitation-request-document/refm-2016-18-rp-rfp.pdf,Error,0
https://courts.ca.gov/system/files/solicitation-request-document/cfcc-2019-08-ms-attachment-2-standard-terms-and-conditions.pdf,Error,0
https://courts.ca.gov/system/files/solicitation-request-document/rfp-fso-idiq-sprs-2017-03-jp-answers-questions.pdf,Error,0
https://courts.ca.gov/system/files/solicitation-request-document/cfcc-2020-68-rb-rfp-attach-2-std-agmt.pdf,Error,0
https://courts.ca.gov/system/files/solicitation-request-document/fs-2018-14-rp-attach-1-cmr-standard-agreement.pdf,Error,0
https://courts.ca.gov/system/files/solicitation-request-document/crs-pd-305-attachment-2-jc-short-form-agreement-ptpi19.pdf,Error,0
https://courts.ca.gov/system/files/solicitation-request-document/fs-2018-12-bd-attach-d-standard-form-agreement.pdf,Error,0
https://courts.ca.gov/system/files/solicitation-request-document/hr-2020-12-lv-attachment-2-standard-terms-and-conditions.pdf,Error,0
https://courts.ca.gov/system/files/solicitation-request-document/fso-2018-04-jr-attachment-6-sample-agreement.pdf,Error,0
https://courts.ca.gov/system/files/solicitation-request-document/crs-eg-480-attachment-2-jcc-hotel-conference-agreement.pdf,Error,0
https://courts.ca.gov/system/files/solicitation-request-document/it-2021-94rb-notice-tech-scores-and-cost-opening-info.pdf,Error,0
https://courts.ca.gov/system/files/solicitation-request-document/cfcc-2024-28-lv-attachment-2-jbcm-terms_and_conditions.pdf,Error,0
https://courts.ca.gov/system/files/solicitation-request-document/refm-2016-23-rp-attachment-2-sample-agreement.pdf,Error,0
https://courts.ca.gov/system/files/solicitation-request-document/crs-sp-436-attachment-2-jcc-hotel-agreement-template.pdf,Error,0
https://courts.ca.gov/system/files/solicitation-request-document/it-2021-94rb-rfp-tyler-odyssey-integration.pdf,Error,0
https://courts.ca.gov/system/files/solicitation-request-document/crs-sp-285-attachment-2-hotel-agreement-template.pdf,Error,0
https://courts.ca.gov/system/files/solicitation-request-document/fs-2019-09-bd-rfp.pdf,Error,0
https://courts.ca.gov/system/files/solicitation-request-document/fso-2017-12-rp-rfq.pdf,Error,0
https://courts.ca.gov/system/files/solicitation-request-document/crs-sp-436-attachment-2-jcc-hotel-agreement-templatepdf.pdf,Error,0
https://courts.ca.gov/system/files/solicitation-request-document/cfcc24-187rb-attach-2-iba.pdf,Error,0
https://courts.ca.gov/system/files/solicitation-request-document/crs-sp-296-attachment-2-jcc-hotel-agreement-template.pdf,Error,0
https://courts.ca.gov/system/files/solicitation-request-document/fs-2019-11-bd-attachment-m-schedule-court-locations-2019-20.pdf,Error,0
https://courts.ca.gov/system/files/solicitation-request-document/codequality-indassess-rfp-attach6.pdf,Error,0
https://courts.ca.gov/system/files/solicitation-request-document/fs-2019-09-bd-rfp-addendum-3.pdf,Error,0
https://courts.ca.gov/system/files/solicitation-request-document/3dca-17-18-04-attachment-2-standard-agreement.pdf,Error,0
https://courts.ca.gov/system/files/solicitation-request-document/fs-2018-18-rp-rfp.pdf,Error,0
https://courts.ca.gov/system/files/solicitation-request-document/fso-rfq-furniture-52419_final-v2.pdf,Error,0
https://courts.ca.gov/system/files/solicitation-request-document/rfq-fs-2019-01-dgf-attach-e-master-contract-final.pdf,Error,0
https://courts.ca.gov/system/files/solicitation-request-document/rfp-cfcc-2021-107rb-notice-tech-scores-and-cost-opening.pdf,Error,0
https://courts.ca.gov/system/files/solicitation-request-document/crs-pd-307-attachment-2-jcc-hotel-agreement-template_pjceo20.pdf,Error,0
https://courts.ca.gov/system/files/solicitation-request-document/fs-2018-19-rp-attach-2-standard-agreement.pdf,Error,0
https://courts.ca.gov/system/files/solicitation-request-document/addendum-1-021422.pdf,Error,0
https://courts.ca.gov/system/files/solicitation-request-document/cfcc-2018-02-cd-q-march-28.pdf,Error,0
https://courts.ca.gov/system/files/solicitation-request-document/fs-2019-09-bd-rfp-addendum-2.pdf,Error,0
https://courts.ca.gov/system/files/solicitation-request-document/rfp-fs-2021-02-bd-solar-power-purchase-agreement.pdf,Error,0
https://courts.ca.gov/system/files/solicitation-request-document/attachment-16-foreign-country-access-process-and-forms-sample-draft.pdf,Error,0
https://courts.ca.gov/system/files/solicitation-request-document/cr-2019-04-lv-attach-2-standard-agreement.pdf,Error,0
https://courts.ca.gov/system/files/solicitation-request-document/fs-2018-15-rp-rfp.pdf,Error,0
https://courts.ca.gov/system/files/solicitation-request-document/rfp-isd-06192012-slo_attachment-12_network-desktop-requirements.pdf,Error,0
https://courts.ca.gov/system/files/solicitation-request-document/refm-2016-06-rp-rfp.pdf,Error,0
https://courts.ca.gov/system/files/solicitation-request-document/cfcc-2020-67-rb-attach-2-standard-agreement.pdf,Error,0
https://courts.ca.gov/system/files/solicitation-request-document/cjer-2019-59-rb-rfp-attachment-2.pdf,Error,0
https://courts.ca.gov/system/files/solicitation-request-document/fso-2019-08-bd_rfq_electrical_contractors.pdf,Error,0
https://courts.ca.gov/system/files/solicitation-request-document/fs-2020-07-rl-rfp.pdf,Error,0
https://courts.ca.gov/system/files/solicitation-request-document/crs-eg-478-rfp-hotel-room-block.pdf,Error,0
https://courts.ca.gov/system/files/solicitation-request-document/fs-2019-09-bd-rfp-addendum-1.pdf,Error,0
https://courts.ca.gov/system/files/solicitation-request-document/fso-2017-17-rp-rfp-afterhours-answering-services.pdf,Error,0
https://courts.ca.gov/system/files/solicitation-request-document/tcas-2021-01-ms-questions-and-answers.pdf,Error,0
https://courts.ca.gov/system/files/solicitation-request-document/refm-2016-23-rp-rfp.pdf,Error,0
https://courts.ca.gov/system/files/solicitation-request-document/fso-2020-04-bd-rfq-window-washing-addendum-1.pdf,Error,0
https://courts.ca.gov/system/files/solicitation-request-document/fso-2017-21-hn-rfp-ocip.pdf,Error,0
https://courts.ca.gov/system/files/solicitation-request-document/fso-2017-12-rp-attachment-c-master-contract.pdf,Error,0
https://courts.ca.gov/system/files/solicitation-request-document/tcas-2020-03-ms-attachment-2-jcc-standard-terms-and-conditions.pdf,Error,0
https://courts.ca.gov/system/files/solicitation-request-document/fs-2019-04-lb-questions-and-answers.pdf,Error,0
https://courts.ca.gov/system/files/solicitation-request-document/fso-2018-09-jr-rfq.pdf,Error,0
https://courts.ca.gov/system/files/solicitation-request-document/fso-2017-21-hn-attach-2-sample-standard-agreement.pdf,Error,0
https://courts.ca.gov/system/files/solicitation-request-document/fso-2017-14-rp-rfp.pdf,Error,0
https://courts.ca.gov/system/files/solicitation-request-document/qual-arch-eng-rfq-qa.pdf,Error,0
https://courts.ca.gov/system/files/solicitation-request-document/rfp-isd-06192012-slo_exhibit-manual-accounting.pdf,Error,0
https://courts.ca.gov/system/files/solicitation-request-document/jbcp-cms-s-2016-58-jp-rfp-attach-2-form-agreementcmservices.pdf,Error,0
https://courts.ca.gov/system/files/solicitation-request-document/fs-2019-11-bd-attachment-b-standard-terms-and-conditions.pdf,Error,0
https://courts.ca.gov/system/files/solicitation-request-document/fs-2018-14-rp-revised-schedule-events.pdf,Error,0
https://courts.ca.gov/system/files/solicitation-request-document/it-2019-01-bd-question-and-answer-form.pdf,Error,0
https://courts.ca.gov/system/files/solicitation-request-document/fso-2018-04-jr-rfp.pdf,Error,0
https://courts.ca.gov/system/files/solicitation-request-document/crs-sp-324-attachment-2-jcc-hotel-agreement-template.pdf,Error,0
https://courts.ca.gov/system/files/solicitation-request-document/rfq-it-2020-74-rb.pdf,Error,0
https://courts.ca.gov/system/files/solicitation-request-document/fs-2018-16-rp-rfp.pdf,Error,0
https://courts.ca.gov/system/files/solicitation-request-document/scampi-ind-rfp-attach6.pdf,Error,0
https://courts.ca.gov/system/files/solicitation-request-document/crs-eg-474-attachment-2-jcc-hotel-room-block-agreement.pdf,Error,0
https://courts.ca.gov/system/files/solicitation-request-document/crs-ak-382-attachment-2-jcc-standard-terms-and-conditions.pdf,Error,0
https://courts.ca.gov/system/files/solicitation-request-document/it-2019-61-rb-rfq.pdf,Error,0
https://courts.ca.gov/system/files/solicitation-request-document/rfp-fso-2017-10-jr-attachment-5-sample-agreement.pdf,Error,0
https://courts.ca.gov/system/files/solicitation-request-document/rfp-fs-2020-15-bd-addendum-1.pdf,Error,0
https://courts.ca.gov/system/files/solicitation-request-document/5dca-19-57-rb-attach-8-ref-check.pdf,Error,0
https://courts.ca.gov/system/files/solicitation-request-document/fs-2020-07-rl-rfp-addendum-1.pdf,Error,0
https://courts.ca.gov/system/files/solicitation-request-document/cfcc-2021-107rb-attach-2-std-agmt.pdf,Error,0
https://courts.ca.gov/system/files/solicitation-request-document/fso-2019-08-bd_rfq_electrical_contractors_addendum_1.pdf,Error,0
https://courts.ca.gov/system/files/solicitation-request-document/fs-2019-07-dgf_rfp_elec_eng_con_svcs.pdf,Error,0
https://courts.ca.gov/system/files/solicitation-request-document/3dca-17-18-10-attachment-2-standard-agreement.pdf,Error,0
https://courts.ca.gov/system/files/solicitation-request-document/rfp-fs-2020-09-jp.pdf,Error,0
https://courts.ca.gov/system/files/solicitation-request-document/attachment-b-rfp-fs-2020-15-bd-judicial-council_standard-terms-and-conditions.pdf,Error,0
https://courts.ca.gov/system/files/solicitation-request-document/cjer-2019-59-rb-rfp-attachment-8.pdf,Error,0
https://courts.ca.gov/system/files/solicitation-request-document/ecu-2013-01-programs-vendors_list.pdf,Error,0
https://courts.ca.gov/system/files/solicitation-request-document/lss-2019-18-cd-master-calendar-scheduling-system-rfp.pdf,Error,0
https://courts.ca.gov/system/files/solicitation-request-document/fso-2017-07-jr-attachment-c-master-contract.pdf,Error,0
https://courts.ca.gov/system/files/solicitation-request-document/tcas-2018-04-ml-technical-scores.pdf,Error,0
https://courts.ca.gov/system/files/solicitation-request-document/rfp-lsd-2021-100rb-attach-2-agmt.pdf,Error,0
https://courts.ca.gov/system/files/solicitation-request-document/fs-2019-05-dgf-rfp-elevatorconsultingservices.pdf,Error,0
https://courts.ca.gov/system/files/solicitation-request-document/rfq-fs-2021-06-bd-addendum-1.pdf,Error,0
https://courts.ca.gov/system/files/solicitation-request-document/cfcc24-187rb-rfp-addendum-1.pdf,Error,0
https://courts.ca.gov/system/files/solicitation-request-document/crs-eg-480-attachment-rfp.pdf,Error,0
https://courts.ca.gov/system/files/solicitation-request-document/crs-sp-460-attachment-2-jcc-hotel-agreement-template.pdf,Error,0
https://courts.ca.gov/system/files/solicitation-request-document/crs-pd0322-attachement-2-jcc-hotel-agreement-template-ab105820.pdf,Error,0
https://courts.ca.gov/system/files/solicitation-request-document/it-2021-94rb-rfp-attach-2-std-agmt-revised.pdf,Error,0
https://courts.ca.gov/system/files/solicitation-request-document/cfcc-2021-11-lv-attachment-2-standard-terms-and-conditions.pdf,Error,0
https://courts.ca.gov/system/files/solicitation-request-document/rfpfs202215ko-add01-attach-b-agreement_addendum1.pdf,Error,0
https://courts.ca.gov/system/files/solicitation-request-document/fso-2020-01-jp-attachment-c-sample-agreement.pdf,Error,0
https://courts.ca.gov/system/files/solicitation-request-document/crs-eg-474-rfp-hotel-room-blockpdf_0.pdf,Error,0
https://courts.ca.gov/system/files/solicitation-request-document/fso-2020-04-bd-attach-c-master-agreement-construction-services.pdf,Error,0
https://courts.ca.gov/system/files/solicitation-request-document/rfp-isd-06192012-slo_attachment-11_integration-requirements.pdf,Error,0
https://courts.ca.gov/system/files/solicitation-request-document/refm-2016-06-rp-attachment-2-standard-agreement.pdf,Error,0
https://courts.ca.gov/system/files/solicitation-request-document/fs-2018-12-bd-rfp.pdf,Error,0
https://courts.ca.gov/system/files/solicitation-request-document/rfp-coa-2019-rp.pdf,Error,0
https://courts.ca.gov/system/files/solicitation-request-document/5dca-19-57-rb-attach-2-master-agrmt.pdf,Error,0
https://courts.ca.gov/system/files/solicitation-request-document/fs-2018-19-rp-rfp.pdf,Error,0
https://courts.ca.gov/system/files/solicitation-request-document/rfp-cfcc-2023-26-lv-attachment-2-terms-and-conditions.pdf,Error,0
https://courts.ca.gov/system/files/solicitation-request-document/dellhardware-ifb-attach1.pdf,Error,0
https://courts.ca.gov/system/files/solicitation-request-document/rfp-fs-2023-12-mb-addendum-02.pdf,Error,0
https://courts.ca.gov/system/files/solicitation-request-document/rfp-fs-sp-2020-16-jp-addendum-1.pdf,Error,0
https://courts.ca.gov/system/files/solicitation-request-document/tcas-2022-04-aj-attachment-7-electronic-funds-transfer-authorization.pdf,Error,0
https://courts.ca.gov/system/files/solicitation-request-document/crs-eg-474-rfp-hotel-room-blockpdf.pdf,Error,0
https://courts.ca.gov/system/files/solicitation-request-document/tcweb-implement-rfp-attach6rev1.pdf,Error,0
https://courts.ca.gov/system/files/solicitation-request-document/tcas-2021-01-ms-attachment-2-jcc-standard-terms-and-conditions.pdf,Error,0
https://courts.ca.gov/system/files/solicitation-request-document/crs-eg-474-attachment-2-jcc-hotel-room-block-agreement_0.pdf,Error,0
https://courts.ca.gov/system/files/solicitation-request-document/fs-2018-13-bd-attachment-2-standard-agreement.pdf,Error,0
https://courts.ca.gov/system/files/solicitation-request-document/tcas-2018-05-ms-exhibit-b-contractors-and-programs-list.pdf,Error,0
https://courts.ca.gov/system/files/solicitation-request-document/rfp-refm-sc-av-streaming-2016-61-jp-questions-and-answers-20172206.pdf,Error,0
https://courts.ca.gov/system/files/solicitation-request-document/ecu-2013-01-appendix-d-collections-reporting-template.pdf,Error,0
https://courts.ca.gov/system/files/solicitation-request-document/crs-eg-480-attachment-rfppdf.pdf,Error,0
https://courts.ca.gov/system/files/solicitation-request-document/qual-arch-eng-rfq-qa2.pdf,Error,0
https://courts.ca.gov/system/files/solicitation-request-document/crs-eg-474-attachment-2-jcc-hotel-room-block-agreement_1.pdf,Error,0
https://courts.ca.gov/system/files/solicitation-request-document/crs-pd-316-attachment-2-jcc-hotel-agreement-template_pjceo20.pdf,Error,0
https://courts.ca.gov/system/files/solicitation-request-document/qual-arch-eng-rfq-shortlist.pdf,Error,0
https://courts.ca.gov/system/files/solicitation-request-document/rfp-fso-2017-10-jr.pdf,Error,0
https://courts.ca.gov/system/files/solicitation-request-document/fso-2017-07-jr-rfq.pdf,Error,0
https://courts.ca.gov/system/files/solicitation-request-document/cfcc-2021-107rb-appendix-f-rfp-response-template.pdf,Error,0
https://courts.ca.gov/system/files/solicitation-request-document/cfcc-2024-49-sb-attachment-1_administrative-rules-governing-rfp.pdf,Error,0
https://courts.ca.gov/system/files/solicitation-request-document/4-12-kings-exhibit-manual-accounting.pdf,Error,0
https://courts.ca.gov/system/files/solicitation-request-document/crs-sp-293-attachment-2-jcc-hotel-agreement-template.pdf,Error,0
https://courts.ca.gov/system/files/solicitation-request-document/rfp-fs-2023-05-xc-attach-2-standard-agreement.pdf,Error,0
https://courts.ca.gov/system/files/solicitation-request-document/crs-sp-361-attachment-2-jcc-hotel-agreement-template.pdf,Error,0
https://courts.ca.gov/system/files/solicitation-request-document/3dca-rfo-17-18-07-attachment-3-standard-agreement.pdf,Error,0
https://courts.ca.gov/system/files/solicitation-request-document/fso-2017-14-rp-attach-2-standard-agreement.pdf,Error,0
https://courts.ca.gov/system/files/solicitation-request-document/it-2021-94rb-rfp-attach-2-std-agmt.pdf,Error,0
https://courts.ca.gov/system/files/solicitation-request-document/rfp-isd-06192012-slo_attachment-13_application-architecture-security-requirements.pdf,Error,0
https://courts.ca.gov/system/files/solicitation-request-document/crs-sp-409-attachment-2-hotel-agreement-template.pdf,Error,0
https://courts.ca.gov/system/files/solicitation-request-document/cfcc-2021-91rb-attachment-2-standard-agreement.pdf,Error,0
https://courts.ca.gov/system/files/solicitation-request-document/1dca-19-54-rb-attach-2-agreement.pdf,Error,0
https://courts.ca.gov/system/files/solicitation-request-document/rfpfs202125al-attach-10-dvbe-participation-form.pdf,Error,0
https://courts.ca.gov/system/files/solicitation-request-document/crs-sp-362-attachment-2-jcc-hotel-agreement.pdf,Error,0
https://courts.ca.gov/system/files/solicitation-request-document/fs-2019-09-bd-attachment-b-jcc-standard-terms-and-conditions.pdf,Error,0
https://courts.ca.gov/system/files/solicitation-request-document/judicial-council-fye2020-gasb-75-opeb-valuation_la-superior-court.pdf,Error,0
https://courts.ca.gov/system/files/solicitation-request-document/rfp-fs-2023-08-ko_noticeofintenttoaward.pdf,Error,0
https://courts.ca.gov/system/files/solicitation-request-document/cfcc-2021-107rb-appendix-e-testing-reqs.pdf,Error,0
https://courts.ca.gov/system/files/solicitation-request-document/cfcc-2020-69-rb-attachment-2.pdf,Error,0
https://courts.ca.gov/system/files/solicitation-request-document/it-2019-60-rb-rfp-ex-13-jctc-infon-systems-controls-framework-encl.pdf,Error,0
https://courts.ca.gov/system/files/2025-05/fl105c.pdf,Error,0
https://courts.ca.gov/system/files/itc/sp16-12.pdf,Error,0
https://courts.ca.gov/system/files/itc/sp18-15.pdf,Error,0
https://courts.ca.gov/system/files/itc/sp12-03-cost-recovery-guidelines-attach-b-cost-recovery-report.pdf,Error,0
https://courts.ca.gov/system/files/itc/sp12-03-collections-reporting-template-revised.pdf,Error,0
https://courts.ca.gov/system/files/itc/sp19-01.pdf,Error,0
https://courts.ca.gov/system/files/itc/tacsp21-09.pdf,Error,0
https://courts.ca.gov/system/files/itc/caci-1002.pdf,Error,0
https://courts.ca.gov/system/files/itc/sp17-06.pdf,Error,0
https://courts.ca.gov/system/files/itc/sp20-09.pdf,Error,0
https://courts.ca.gov/system/files/itc/sp21-10-invitation-comment-air-filtration-device-policy.pdf,Error,0
https://courts.ca.gov/system/files/legislative-reports/lr-2024-standards-measures-promote-fair-efficient-admin-justice-gov-770015-revised.pdf,Error,0
https://courts.ca.gov/system/files/legislative-reports/lr-2024-jc-receipts-expenditures-local-courthouse-construction-gov-70403.pdf,Error,0
https://courts.ca.gov/system/files/opinion-citing/s254599-link1.pdf,Error,0
https://courts.ca.gov/system/files/opinion-citing/s235903-link3.pdf,Error,0
https://courts.ca.gov/system/files/opinion-citing/s259999-link2.pdf,Error,0
https://courts.ca.gov/system/files/2024-10/AB_1058_Timekeeping_Handbook_021523.pdf,Error,0