courts/default/2024-08/bud-23-24-02-memo.pdf,pdfix-unable-to-open
courts/default/about/2011srl1cresources.pdf,pdfix-unable-to-open
courts/default/about/2011srl2apacket.pdf,pdfix-unable-to-open
courts/default/about/faqs-parole-revocation-proceedings.pdf,pdfix-unable-to-open
courts/default/about/judicial_council_of_california_civil_jury_instructions-2023-archived.pdf,pdfix-unable-to-open
courts/default/about/2011srl1ecuiab.pdf,pdfix-unable-to-open
courts/default/about/2011srl2glakemedsc.pdf,pdfix-unable-to-open
courts/default/about/judicial_council_of_california_civil_jury_instructions_may_2023_supp-archived.pdf,pdfix-unable-to-open
courts/default/about/tibco-dataint-rfp.pdf,pdfix-unable-to-open
courts/default/about/judicial_council_of_california_civil_jury_instructions_may_2021_supp.pdf,pdfix-unable-to-open
courts/default/about/fin-rev-coll-transfer-procedures.pdf,pdfix-unable-to-open
courts/default/about/tibco-dataint-rfp-qna.pdf,pdfix-unable-to-open
courts/default/about/judicial_council_of_california_civil_jury_instructions_2020.pdf,pdfix-unable-to-open
courts/default/about/ea_vanessaq.pdf,pdfix-unable-to-open
courts/default/about/ea_flf015-sdinst.pdf,pdfix-unable-to-open
courts/default/about/12_sample_cover_letter_for_evaluation.pdf,pdfix-unable-to-open
courts/default/about/2011srl1cstrategies.pdf,pdfix-unable-to-open
courts/default/about/ea_flf020-certifexec.pdf,pdfix-unable-to-open
courts/default/about/ea-lacourtone-parentsijsmanual.pdf,pdfix-unable-to-open
courts/default/about/trialcourtinterpreters-expend-dec2010.pdf,pdfix-unable-to-open
courts/default/about/vacancies-allocation-positions0508.pdf,pdfix-unable-to-open
courts/default/about/trial_court_presiding_judges.pdf,pdfix-unable-to-open
courts/default/about/unlawful_detainer_pilot.pdf,pdfix-unable-to-open
courts/default/about/1_frequently_asked_questions_and_answers.pdf,pdfix-unable-to-open
courts/default/about/judicial_council_of_california_civil_jury_instructions_2024.pdf,pdfix-unable-to-open
courts/default/about/ftb_cod_monthly_report_sample.pdf,pdfix-unable-to-open
courts/default/about/uniform_civil_fees.pdf,pdfix-unable-to-open
courts/default/about/jury_poster_11x17.pdf,pdfix-unable-to-open
courts/default/about/lrinst_imperial_2012.pdf,pdfix-unable-to-open
courts/default/about/judicial_selection_should_be_more_open.pdf,pdfix-unable-to-open
courts/default/about/ea_levittquinnguides.pdf,pdfix-unable-to-open
courts/default/about/ea_vwcase.pdf,pdfix-unable-to-open
courts/default/about/judicial_council_of_california_civil_jury_instructions_2022_edition.pdf,pdfix-unable-to-open
courts/default/about/2011srl1etips.pdf,pdfix-unable-to-open
courts/default/about/180125-southern-california-helping-handbook.pdf,pdfix-unable-to-open
courts/default/about/ea_flf018-duedilig.pdf,pdfix-unable-to-open
courts/default/about/ubps-2024-final.pdf,pdfix-unable-to-open
courts/default/about/tibco-dataint-rfp-attach2.pdf,pdfix-unable-to-open
courts/default/about/2011srl1dbankruptcy.pdf,pdfix-unable-to-open
courts/default/about/tibco-dataint-rfp-intent.pdf,pdfix-unable-to-open
courts/default/about/2011srl2gposters.pdf,pdfix-unable-to-open
courts/default/about/theram.pdf,pdfix-unable-to-open
courts/default/about/trainingedu.pdf,pdfix-unable-to-open
courts/default/about/jds-2021-save-the-date.pdf,pdfix-unable-to-open
courts/default/about/youth_courts.pdf,pdfix-unable-to-open
courts/default/about/more_judges_higher_pay.pdf,pdfix-unable-to-open
courts/default/about/tibco-dataint-rfp-attach1.pdf,pdfix-unable-to-open
courts/default/about/082611item9.pdf,pdfix-unable-to-open
courts/default/about/2011srl2glakemendochfaq.pdf,pdfix-unable-to-open
courts/default/about/hittingthewall-recorder-0310.pdf,pdfix-unable-to-open
courts/default/about/ea_hagueservice.pdf,pdfix-unable-to-open
courts/default/about/tibco-dataint-rfp-attach4.pdf,pdfix-unable-to-open
courts/default/about/2011srl2gsfmedinfo.pdf,pdfix-unable-to-open
courts/default/about/2011srl1cmap.pdf,pdfix-unable-to-open
courts/default/about/ea_interamerican.pdf,pdfix-unable-to-open
courts/default/about/2011srl2glakemendoscfaq.pdf,pdfix-unable-to-open
courts/default/about/judges_dont_do_justice_to_californias_diversity.pdf,pdfix-unable-to-open
courts/default/about/ga-leg-priorities.pdf,pdfix-unable-to-open
courts/default/about/jury_poster_8.5x11.pdf,pdfix-unable-to-open
courts/default/about/ea_flf019-exparteapp.pdf,pdfix-unable-to-open
courts/default/about/trial_court_interpreters_program_expenditure_report_for_fiscal_year_2006-07.pdf,pdfix-unable-to-open
courts/default/about/ea_mxconsulcal.pdf,pdfix-unable-to-open
courts/default/about/vorp.pdf,pdfix-unable-to-open
courts/default/about/2011srl2glakemedch.pdf,pdfix-unable-to-open
courts/default/about/14_sample_mentee_evalutation_form.pdf,pdfix-unable-to-open
courts/default/about/lr-2017-jc-court-realignment-data-cy2016.pdf,pdfix-unable-to-open
courts/default/about/itema13.pdf,pdfix-unable-to-open
courts/default/about/ea_flf021-apostilleorder.pdf,pdfix-unable-to-open
courts/default/about/guidelines-and-standards-for-cost-recovery-2022.pdf,pdfix-unable-to-open
courts/default/about/ea_process_abroad.pdf,pdfix-unable-to-open
courts/default/about/evid-based-practices-transcript.pdf,pdfix-unable-to-open
courts/default/about/ea_flf024mxcode.pdf,pdfix-unable-to-open
courts/default/about/intakequestions.pdf,pdfix-unable-to-open
courts/default/about/tempclkfinal.pdf,pdfix-unable-to-open
courts/default/about/unlawful-detainer-pilotprogram.pdf,pdfix-unable-to-open
courts/default/about/120412-message-from-justice-douglas-p-miller.pdf,pdfix-unable-to-open
courts/default/about/trialcourtinfofiscalyear2007-2008_jan2009.pdf,pdfix-unable-to-open
courts/default/about/2011srl2galamedch.pdf,pdfix-unable-to-open
courts/default/about/uniformcivilfee.pdf,pdfix-unable-to-open
courts/default/about/13_sample_mentor_evaluation_form.pdf,pdfix-unable-to-open
courts/default/about/2011srl2fdeclaration.pdf,pdfix-unable-to-open
courts/default/about/may11-04-evidence.pdf,pdfix-unable-to-open
courts/default/about/2011srl1bhandouts.pdf,pdfix-unable-to-open
courts/default/about/2011srl1eoverview.pdf,pdfix-unable-to-open
courts/default/about/2011srl2glakemendosc.pdf,pdfix-unable-to-open
courts/default/about/metnews_more_judges.pdf,pdfix-unable-to-open
courts/default/about/2011srl2fpaternity.pdf,pdfix-unable-to-open
courts/default/about/tibco-dataint-rfp-add1.pdf,pdfix-unable-to-open
courts/default/about/ear_req_enf_mexico.pdf,pdfix-unable-to-open
courts/default/about/governor_proposes_increase_in_court_security_funding.pdf,pdfix-unable-to-open
courts/default/about/judicial_council_of_california_civil_jury_instructions_may_2022_supp.pdf,pdfix-unable-to-open
courts/default/about/justice_stopgap.pdf,pdfix-unable-to-open
courts/default/about/11_sample_matching_letter_to_mentee.pdf,pdfix-unable-to-open
courts/default/about/visitation-grant0310.pdf,pdfix-unable-to-open
courts/default/about/lack_of_judges.pdf,pdfix-unable-to-open
courts/default/about/2011srl1cwlap.pdf,pdfix-unable-to-open
courts/default/about/ml_disclosure.pdf,pdfix-unable-to-open
courts/default/about/171024-northern-ca-fires-helping-handbook.pdf,pdfix-unable-to-open
courts/default/about/trustfund-expend-fy0809.pdf,pdfix-unable-to-open
courts/default/about/traffic.pdf,pdfix-unable-to-open
courts/default/about/ea_flf023mxjudicialbranchdir.pdf,pdfix-unable-to-open
courts/default/about/unidate.pdf,pdfix-unable-to-open
courts/default/about/unlawfuldetainer0201.pdf,pdfix-unable-to-open
courts/default/about/ea_flf016-request.pdf,pdfix-unable-to-open
courts/default/about/judicial_council_of_california_civil_jury_instructions_may_2024_supp.pdf,pdfix-unable-to-open
courts/default/about/10_sample_matching_letter_to_mentor.pdf,pdfix-unable-to-open
courts/default/about/2011srl2gccmed.pdf,pdfix-unable-to-open
courts/default/about/felony_sentencing.pdf,pdfix-unable-to-open
courts/default/about/itc-sp11-14.pdf,pdfix-unable-to-open
courts/default/about/unpub.pdf,pdfix-unable-to-open
courts/default/about/2011srl2gsfmedlimciv.pdf,pdfix-unable-to-open
courts/default/about/2011srl1gpacket.pdf,pdfix-unable-to-open
courts/default/about/faqs_fema.pdf,pdfix-unable-to-open
courts/default/about/ea_flf017-essentialinfo.pdf,pdfix-unable-to-open
courts/default/about/vacancies-allocation-jop0510.pdf,pdfix-unable-to-open
courts/default/about/larcattymemo.pdf,pdfix-unable-to-open
courts/default/about/vexlit.pdf,pdfix-unable-to-open
courts/default/about/jc-20140822-info3.pdf,pdfix-unable-to-open
courts/default/about/2011srl1ehearingrights.pdf,pdfix-unable-to-open
courts/default/about/jc-20150821-info5.pdf,pdfix-unable-to-open
courts/default/about/intake.pdf,pdfix-unable-to-open
courts/default/about/2011srl2galamedsc.pdf,pdfix-unable-to-open
courts/default/about/transfer71mil-tcf0911.pdf,pdfix-unable-to-open
courts/default/about/2011srl2fjudgment.pdf,pdfix-unable-to-open
courts/default/about/2011srl2glakemendoch.pdf,pdfix-unable-to-open
courts/default/about/ftb-cod-powerpoint.pdf,pdfix-unable-to-open
courts/default/about/2011srl1apacket.pdf,pdfix-unable-to-open
courts/default/about/hollister_freelance.pdf,pdfix-unable-to-open
courts/default/about/2_guidelines_for_mentors.pdf,pdfix-unable-to-open
courts/default/about/georgedefends-dj-0210.pdf,pdfix-unable-to-open
courts/default/programs/14810.pdf,pdfix-unable-to-open
courts/default/programs/14146.pdf,pdfix-unable-to-open
courts/default/programs/resourcefamilyapp.pdf,pdfix-unable-to-open
courts/default/programs/joint-jurisdiction-courts-summary-for-posting-2-7-22.pdf,pdfix-unable-to-open
courts/default/programs/rfa_overview.pdf,pdfix-unable-to-open
courts/default/programs/shinglespringseldoradofamilwellnesscourtmanual_0.pdf,pdfix-unable-to-open
courts/default/programs/lr-tribal-customary-adoption-report_123112.pdf,pdfix-unable-to-open
courts/default/programs/idc017333.pdf,pdfix-unable-to-open
courts/default/programs/tribal-healing-to-wellness-court-intergovernmental-collaboration-may-20-2021.pdf,pdfix-unable-to-open
courts/default/programs/idc1-028053.pdf,pdfix-unable-to-open
courts/default/programs/249815.pdf,pdfix-unable-to-open
courts/default/programs/ctc_map-of-supporters-1.pdf,pdfix-unable-to-open
courts/default/programs/idc1-028635.pdf,pdfix-unable-to-open
courts/default/programs/r42488.pdf,pdfix-unable-to-open
courts/default/programs/certificate_of_degree_of_indian_blood_1076-0153_exp3-31-21_508.pdf,pdfix-unable-to-open
courts/default/programs/pretrial%20pilot%20programs%20fact%20sheet_201908091752.pdf,pdfix-unable-to-open
courts/default/programs/icwafactsheet.pdf,pdfix-unable-to-open
courts/default/documents/RFPFS202301MB-Attach-15-Pre-Renovation-Asbestos-Survey-Report.pdf,pdfix-unable-to-open
courts/default/documents/CRS-SP-078-Attachment-7-Conflict-of-Interest-Certification-form.pdf,pdfix-unable-to-open
courts/default/documents/LSS-2023-16-SB-Attachment-6B-STD205.pdf,pdfix-unable-to-open
courts/default/documents/CRS-SP-356-Attachment-3-Vendors-Acceptance-of-the-RFPs-Contract-Terms.pdf,pdfix-unable-to-open
courts/default/documents/CRS-PD-102-Attachment-2-AOC-Hotel-Agreement.pdf,pdfix-unable-to-open
courts/default/documents/RFP-FS-2022-02-MB-RFP-ADDENDUM-1.pdf,pdfix-unable-to-open
courts/default/documents/CRS-PD-221-Attachment-1-Admin-Rules-Non-IT-Services-janpao18.pdf,pdfix-unable-to-open
courts/default/documents/Infraction_Amnesty_Intent_to_Award_Notification.pdf,pdfix-unable-to-open
courts/default/documents/CRSSP045-RFP.pdf,pdfix-unable-to-open
courts/default/documents/wcm-rfp-att5rev_0.pdf,pdfix-unable-to-open
courts/default/documents/RFP-FS-2020-06-DF-Attach-F-SmallBusiness-Cert.pdf,pdfix-unable-to-open
courts/default/documents/ent-itarchitecture-rfp-attach4.pdf,pdfix-unable-to-open
courts/default/documents/preconstruct-risk-los-banos-rfp-attach-c.pdf,pdfix-unable-to-open
courts/default/documents/JBCP-2015-12-BR-Exhibit-G-OCIP-Manual.pdf,pdfix-unable-to-open
courts/default/documents/Claims-Auditing-RFP-HR-2023-54-DM.pdf,pdfix-unable-to-open
courts/default/documents/scanning-reprographic-rfp-qna.pdf,pdfix-unable-to-open
courts/default/documents/TCAS-2017-05-JU-Exhibit-5-Manual-of-Accounting.pdf,pdfix-unable-to-open
courts/default/documents/HR-2023-54-DM-QA.pdf,pdfix-unable-to-open
courts/default/documents/FSO-2018-09-JR-Attachment-B-Regional-Map.pdf,pdfix-unable-to-open
courts/default/documents/CRS-SP-084-Attachment-7-Conflict-of-Interest-Certification-form.pdf,pdfix-unable-to-open
courts/default/documents/CFCC-18-49-RB-RFP-Appendix-I.pdf,pdfix-unable-to-open
courts/default/documents/avmaintsvcs-rfp-qna.pdf,pdfix-unable-to-open
courts/default/documents/CRS-PD-188-Attachment-6-Conflict-of-Interest-Certification-form-NJO.pdf,pdfix-unable-to-open
courts/default/documents/RFP-APPELLATE-122118-WV-Attachment-5.pdf,pdfix-unable-to-open
courts/default/documents/CRS-PD-340-RFP-Hotel-FS-MULTIPLE-AWARDS_jc21.pdf,pdfix-unable-to-open
courts/default/documents/gcportola-rfq.pdf,pdfix-unable-to-open
courts/default/documents/TCAS-2022-02-MS-Notice-of-Intent-to-Award.pdf,pdfix-unable-to-open
courts/default/documents/CRS-PD-262-RFP-Hotel-ROOM-BLOCK-flsh18.pdf,pdfix-unable-to-open
courts/default/documents/workcomptpa-rfp-appiv_0.pdf,pdfix-unable-to-open
courts/default/documents/ccmsrfp-attb.pdf,pdfix-unable-to-open
courts/default/documents/JIP-2019-05-DM-ADDENDUM-1.pdf,pdfix-unable-to-open
courts/default/documents/CRS-SP-064-RFP-Hotel-ROOM-BLOCK-ONLY.pdf,pdfix-unable-to-open
courts/default/documents/preconstsvc-rfp-attachb_0.pdf,pdfix-unable-to-open
courts/default/documents/REFM-2016-28-SM-Attachment-15-Internal-Background-Check-Policy.pdf,pdfix-unable-to-open
courts/default/documents/preconstruct-risk-lakeport-NTA.pdf,pdfix-unable-to-open
courts/default/documents/CFCC-2016-11-RBB-Attachment-4-General-Certification.pdf,pdfix-unable-to-open
courts/default/documents/ASU-AU-009-RB-RFP-Domestic-Violence-Judicial-Institute.pdf,pdfix-unable-to-open
courts/default/documents/CRS-AU-044Attachment-2_-AOC-Hotel-Agreement.pdf,pdfix-unable-to-open
courts/default/documents/RFP-RealEstateReloConsultantScvs.pdf,pdfix-unable-to-open
courts/default/documents/ecm-rfp-appj.pdf,pdfix-unable-to-open
courts/default/documents/HRS-03-13-SS-Attachment-1-Admin-Rules.pdf,pdfix-unable-to-open
courts/default/documents/offsuprfp.pdf,pdfix-unable-to-open
courts/default/documents/Attachment-6-DVBE-Declaration-CFCC-2024-01-TQ-ASL.pdf,pdfix-unable-to-open
courts/default/documents/JBCP-CMS-S-2016-50-SM-RFP.pdf,pdfix-unable-to-open
courts/default/documents/CRS-AU-129-Attachment-2-AOC-Hotel-Agreement_AB-1058-2015.pdf,pdfix-unable-to-open
courts/default/documents/OCR23-152RB-Attach-6B-std205.pdf,pdfix-unable-to-open
courts/default/documents/IFB-Supreme-041516-MDS-Notice-of-Award.pdf,pdfix-unable-to-open
courts/default/documents/IT23-153RB-Attach-6B-std205.pdf,pdfix-unable-to-open
courts/default/documents/RFP-FS-2021-04-MB-Attachment-D-Construction-Inspector-Duties-ADDENDUM-1.pdf,pdfix-unable-to-open
courts/default/documents/Notice-of-Intent-to-Award-IFB-BAP-22-126RB.pdf,pdfix-unable-to-open
courts/default/documents/TCAS-2022-02-MS-Attachment-5-Small-Business-Declaration-Form.pdf,pdfix-unable-to-open
courts/default/documents/CRS-AU-075-RFP-Hotel-FULL-SERVICE-AB1058-CSTC.pdf,pdfix-unable-to-open
courts/default/documents/RFPFS202205MB_Notice-of-Intent-to-Award.pdf,pdfix-unable-to-open
courts/default/documents/ecm_add_1_appendix_f_search_requirements.pdf,pdfix-unable-to-open
courts/default/documents/IFB-ISD-050214-RB-Dell-OptiPlex-9020.pdf,pdfix-unable-to-open
courts/default/documents/QnA-RFP-CFCC-2023-47-DM.pdf,pdfix-unable-to-open
courts/default/documents/precon-stockton-rfq-attachc.pdf,pdfix-unable-to-open
courts/default/documents/phoenix-rfp-cover_0.pdf,pdfix-unable-to-open
courts/default/documents/rfp-cfcc-nacjp-award_0.pdf,pdfix-unable-to-open
courts/default/documents/RFP-CFCC-2023-26-LV-Answers-to-Questions.pdf,pdfix-unable-to-open
courts/default/documents/RFP-FS-2021-18-AL-Attach-05-Darfur-Cert.pdf,pdfix-unable-to-open
courts/default/documents/IFB-Supreme-041516-MDS-NOTICE-OF-INTENT-TO-AWARD.pdf,pdfix-unable-to-open
courts/default/documents/RFP-REFM-SC-AV-Streaming-2016-61-JP-Photo-6-SAC-Courtroom.pdf,pdfix-unable-to-open
courts/default/documents/CRS-PD-220-RFP-Hotel-ROOM-BLOCK-febeac2018.pdf,pdfix-unable-to-open
courts/default/documents/RFP-CFCC-2023-08-LP-Questions-Answers.pdf,pdfix-unable-to-open
courts/default/documents/OGC-ADR-01A-LM-Attachment-3-Proposers-Acceptance-of-Terms-and-Conditions.pdf,pdfix-unable-to-open
courts/default/documents/TCAS-2021-01-MS-Exhibit-1-Minimum-Employment-Recrutiment-Software-Requirements.pdf,pdfix-unable-to-open
courts/default/documents/REFM-2016-14-RP-Attachment-1.pdf,pdfix-unable-to-open
courts/default/documents/CPAS-201101-RB-Attachment-6-No-Conflict-of-Interest-Certification.pdf,pdfix-unable-to-open
courts/default/documents/CFCC-04-13-LM-Notice-of-Intent-to-Award.pdf,pdfix-unable-to-open
courts/default/documents/OREFM-2013-06-CC-Attachment-H.pdf,pdfix-unable-to-open
courts/default/documents/CRS-SP-109-Attachment-4-Darfur-Contracting-ACT.pdf,pdfix-unable-to-open
courts/default/documents/BAP24-166RB-Attach-8-Unruh-Cert.pdf,pdfix-unable-to-open
courts/default/documents/CRS-SP-119-Attachment-6-Conflict-of-Interest-Certification-form.pdf,pdfix-unable-to-open
courts/default/documents/preconstsvc-rfp-shortlist.pdf,pdfix-unable-to-open
courts/default/documents/Attachment-I.B-RFP-FS-2021-07-BD_std205.pdf,pdfix-unable-to-open
courts/default/documents/CRS-AU-222-Attachment-4-Darfur-Contracting-ACT.pdf,pdfix-unable-to-open
courts/default/documents/RFQFS202205MB-Attach-2-SOQ-Scoring-Criteria.pdf,pdfix-unable-to-open
courts/default/documents/talentag-rfp-attacha_0.pdf,pdfix-unable-to-open
courts/default/documents/CRS-SO-065-Attachment-2-AOC-Hotel-Agreement-Template.pdf,pdfix-unable-to-open
courts/default/documents/FSO-2018-23-JR-Attachment-A-Administrative-Rules.pdf,pdfix-unable-to-open
courts/default/documents/REFM-2016-14-RP-Notice-Attachment-4-Revision-1.pdf,pdfix-unable-to-open
courts/default/documents/CRS-SP-368-Attachment-1-Admin-Rules-Non-IT-Services.pdf,pdfix-unable-to-open
courts/default/documents/CRS-EG-204-Attachment-2-JCC-Hotel-Agreement-Template.pdf,pdfix-unable-to-open
courts/default/documents/IT-2019-11-LB-Technical-Score-Posting.pdf,pdfix-unable-to-open
courts/default/documents/CRS-SP-320-Attachment-2-JCC-Hotel-Agreement-Template.pdf,pdfix-unable-to-open
courts/default/documents/RFP-FS-2022-09-XC-Attachment-B-Qualification-Questionnaire.pdf,pdfix-unable-to-open
courts/default/documents/CRS-SP-361-Intent-to-Award.pdf,pdfix-unable-to-open
courts/default/documents/RFQFS202205MB-Attach-5b-Payee-Data-Record-Supplement.pdf,pdfix-unable-to-open
courts/default/documents/IT-2020-64-RB-Cost-Proposals_Part3of3.pdf,pdfix-unable-to-open
courts/default/documents/CFCC-2016-08-LV-Attachment-1.pdf,pdfix-unable-to-open
courts/default/documents/wcm-rfp-intent.pdf,pdfix-unable-to-open
courts/default/documents/ecm-rfp-appd_0.pdf,pdfix-unable-to-open
courts/default/documents/CFCC-2019-08-MS-Attachment-4-General-Certifications.pdf,pdfix-unable-to-open
courts/default/documents/FS-2021-12-AL-Attach-9-DVBE-Participation-Form.pdf,pdfix-unable-to-open
courts/default/documents/HR-2012-01-RB-Employee-Assistance-Program-RFP-Addendum-1.pdf,pdfix-unable-to-open
courts/default/documents/FSO-2017-17-RP-Intent-to-Award.pdf,pdfix-unable-to-open
courts/default/documents/flrgp_attd.pdf,pdfix-unable-to-open
courts/default/documents/offsupp-rfp-add1_0.pdf,pdfix-unable-to-open
courts/default/documents/repjuvdep-sc-rfp-qa.pdf,pdfix-unable-to-open
courts/default/documents/preconstruct-riskmanage-fresnorev-rfp-attacha.pdf,pdfix-unable-to-open
courts/default/documents/plumas-sierra-rfp-atti_0.pdf,pdfix-unable-to-open
courts/default/documents/enttestmgmt-rfp-att6_0.pdf,pdfix-unable-to-open
courts/default/documents/Supreme-032717-Official-Reports-WV-Attachment-6-Payee-Data-Record-Form.pdf,pdfix-unable-to-open
courts/default/documents/CRS-SP-330-Intent-to-Award.pdf,pdfix-unable-to-open
courts/default/documents/RFPFS202307KO-Addendum1.pdf,pdfix-unable-to-open
courts/default/documents/Attachment4-PriceProposalForm.pdf,pdfix-unable-to-open
courts/default/documents/CRS-EG-250-Hotel-FS-MULTIPLE-AWARDS.pdf,pdfix-unable-to-open
courts/default/documents/TCAS-2022-01-MS-Services-For-Telephone-Appearances-Questions-and-Answers.pdf,pdfix-unable-to-open
courts/default/documents/enttestmgmt-rfp-appc.pdf,pdfix-unable-to-open
courts/default/documents/HR-2020-12-LV-Request-For-Proposal.pdf,pdfix-unable-to-open
courts/default/documents/construct-riskdesign-sanjosefamcenter-rfq-attache.pdf,pdfix-unable-to-open
courts/default/documents/Cancellation-Notice-IT-2021-18-DM.pdf,pdfix-unable-to-open
courts/default/documents/RFP-FS-2023-14-MY-Answers-to-Submitted-Questions.pdf,pdfix-unable-to-open
courts/default/documents/juvdepattb.pdf,pdfix-unable-to-open
courts/default/documents/OGC-ADR-01B-LM-Attachment-1-Administrative-Rules-Governing-RFPs.pdf,pdfix-unable-to-open
courts/default/documents/JBCP-2013-03-BR-Pre-Qual-San-Joaquain-Juvenile-GC-List.pdf,pdfix-unable-to-open
courts/default/documents/IT-2019-60-RB-RFP-Ex-9-JB-2020-JC-Calendar.pdf,pdfix-unable-to-open
courts/default/documents/RFP-FS-2022-02-MB-Request-For-Proposals-ADDENDUM-2.pdf,pdfix-unable-to-open
courts/default/documents/adminctintexam-rfp-awardb.pdf,pdfix-unable-to-open
courts/default/documents/REFM-2015-02-DM-Short-List.pdf,pdfix-unable-to-open
courts/default/documents/CRS-AK-382-Attachment-3-Vendors-Acceptance-of-the-RFPs-Contract-Terms.pdf,pdfix-unable-to-open
courts/default/documents/CRS-PD-251-Attachment-1-Admin-Rules-Non-IT-Services-ab105818.pdf,pdfix-unable-to-open
courts/default/documents/CRS-PD-221-Intent-to-Award-janpao18.pdf,pdfix-unable-to-open
courts/default/documents/CRS-PD-200-Attachment-1-Admin-Rules-Non-IT-Services-CLI-2017.pdf,pdfix-unable-to-open
courts/default/documents/FIN-201505-ML-Addendum-1.pdf,pdfix-unable-to-open
courts/default/documents/3DCA-RFP-19-20-02-Attachment-5-Travel-Rate-Guidelines.pdf,pdfix-unable-to-open
courts/default/documents/RFP-Appellate-042216-HS-Attachment-4.pdf,pdfix-unable-to-open
courts/default/documents/aocrfp_cs_0.pdf,pdfix-unable-to-open
courts/default/documents/fireprot-rfp-intent_0.pdf,pdfix-unable-to-open
courts/default/documents/preconstruct-riskmanage-kings-rfp-attachd.pdf,pdfix-unable-to-open
courts/default/documents/mamlakes-rfp-atti_0.pdf,pdfix-unable-to-open
courts/default/documents/CRS-SP-148-Attachment-4-Darfur-Contracting-ACT.pdf,pdfix-unable-to-open
courts/default/documents/LSS-18-48-RB-Attach-6-Form-204.pdf,pdfix-unable-to-open
courts/default/documents/CRS-SP-269-Attachment-1-Admin-Rules-Non-IT-Services.pdf,pdfix-unable-to-open
courts/default/documents/crimhandbkrfp.pdf,pdfix-unable-to-open
courts/default/documents/RFP-CFCC23-159RB-Cancelation-Notice-of-Intent-to-Award.pdf,pdfix-unable-to-open
courts/default/documents/JBCP-2015-09-BR-Attachment-5-Payee-Data-Record.pdf,pdfix-unable-to-open
courts/default/documents/ccmsrfp-add2.pdf,pdfix-unable-to-open
courts/default/documents/CRS-SP-156-Cancellation-Notice.pdf,pdfix-unable-to-open
courts/default/documents/perfrel-rfp.pdf,pdfix-unable-to-open
courts/default/documents/LSS-2023-07-LV-Attachment-5-Darfur-Certification.pdf,pdfix-unable-to-open
courts/default/documents/OCR23-154RB-Attach-3-Accept-of-TCs.pdf,pdfix-unable-to-open
courts/default/documents/statewide-armoredcar-rfp-attach1.pdf,pdfix-unable-to-open
courts/default/documents/CFCC-012414-ACDR-CF-attachment-1-Admin-Rules.pdf,pdfix-unable-to-open
courts/default/documents/FSO-2018-06-JMG_Attach_D_to_Std_Agmt_Judicial_Council_Tool_Control_Policy.pdf,pdfix-unable-to-open
courts/default/documents/feltrial-rfp_0.pdf,pdfix-unable-to-open
courts/default/documents/ASU-TD-029-Attachment-1-Admin-Rules-Non-IT-Services.pdf,pdfix-unable-to-open
courts/default/documents/CRSEG144-Attachment-4-Darfur-Contracting-ACT.pdf,pdfix-unable-to-open
courts/default/documents/RFP-IT-2023-03-LP-Attachment-1-Administrative-Rules-Governing-RFPs.pdf,pdfix-unable-to-open
courts/default/documents/knowledgecenterdesign-rfp-qna.pdf,pdfix-unable-to-open
courts/default/documents/JBCP-2015-10-JMG-Payee-Data-Record-Form.pdf,pdfix-unable-to-open
courts/default/documents/5yearreview-rfp-attachc_0.pdf,pdfix-unable-to-open
courts/default/documents/IT-DMS-2016-01-MDS-Section-I-Introduction.pdf,pdfix-unable-to-open
courts/default/documents/CRS-SP-428-RFP-Hotel-FULL-SERVICE.pdf,pdfix-unable-to-open
courts/default/documents/docmanage-statewide-rfp-attach7.pdf,pdfix-unable-to-open
courts/default/documents/CFCC-2022-02-TQ-Attachment-1-Admin-Rules.pdf,pdfix-unable-to-open
courts/default/documents/solanocourthouse-rfq-notice.pdf,pdfix-unable-to-open
courts/default/documents/CFCC-12-13-LM-Notice-of-Cancellation.pdf,pdfix-unable-to-open
courts/default/documents/elearn-rfp_0.pdf,pdfix-unable-to-open
courts/default/documents/preconstsvc-rfp-add1.pdf,pdfix-unable-to-open
courts/default/documents/confaudio-rfp-atte1_0.pdf,pdfix-unable-to-open
courts/default/documents/feltrial-rfp-award.pdf,pdfix-unable-to-open
courts/default/documents/HR-2016-03-ML-Notice-of-Intent-to-Award.pdf,pdfix-unable-to-open
courts/default/documents/CRS-SP-392-Intent-to-Award.pdf,pdfix-unable-to-open
courts/default/documents/CRS-PD-209-Attachment-1-Admin-Rules-Non-IT-Services-Labor-Relations-SRO-2017.pdf,pdfix-unable-to-open
courts/default/documents/2010study-rfp-intent.pdf,pdfix-unable-to-open
courts/default/documents/CRSSP056-Attachment-1-Admin-_Rules-Non-IT-Services.pdf,pdfix-unable-to-open
courts/default/documents/3DCA-17-18-10-Attachment-4-Payee-Data-Record.pdf,pdfix-unable-to-open
courts/default/documents/HR-LV-112015-INTENT-TO-AWARD.pdf,pdfix-unable-to-open
courts/default/documents/BAP-2017-02-PC-QandA.pdf,pdfix-unable-to-open
courts/default/documents/IT23-157RB-Attach-10-DVBE-Decl.pdf,pdfix-unable-to-open
courts/default/documents/RFP-CRS-EG-161-Attachment-1-Admin-Rules-Non-IT-Services.pdf,pdfix-unable-to-open
courts/default/documents/CRS-SO-065-Attachment-3-Vendors-Acceptance-of-the-RFPs-Contract-Terms.pdf,pdfix-unable-to-open
courts/default/documents/gcportola-rfq-pqla_0.pdf,pdfix-unable-to-open
courts/default/documents/thirdparty-rfp-appb_0.pdf,pdfix-unable-to-open
courts/default/documents/sasvssmp-rfp-add1_0.pdf,pdfix-unable-to-open
courts/default/documents/RFP-FS-2021-19-AL-Addendum-01.pdf,pdfix-unable-to-open
courts/default/documents/BS-2020-11-DM-QA.pdf,pdfix-unable-to-open
courts/default/documents/FIN-2020-21-CD-Addendum-3.pdf,pdfix-unable-to-open
courts/default/documents/CRS-SP-047-Attachment-4-Darfur-Contracting-ACT.pdf,pdfix-unable-to-open
courts/default/documents/JBCP-2012-05-BR-Attachment-A-Application-Pre-Qualification.pdf,pdfix-unable-to-open
courts/default/documents/courtordered-debttask-rfp.pdf,pdfix-unable-to-open
courts/default/documents/CRS-PD-317-Attachemnt-2-JCC-Hotel-Agreement-Template_dv20.pdf,pdfix-unable-to-open
courts/default/documents/jc-collaborative-justice-courts-advisory-committee-091523.pdf,pdfix-unable-to-open
courts/default/documents/ASU-TD-016-Attachment-1-Admin-Rules-Non-IT-Services.pdf,pdfix-unable-to-open
courts/default/documents/CRS-SP-041-Attachment-1-Admin-Rules-Non-IT-Services.pdf,pdfix-unable-to-open
courts/default/documents/CRS-PD-282-RFP-Hotel-ROOM-BLOCK-sji19.pdf,pdfix-unable-to-open
courts/default/documents/cscac-20210913-sclcs-agenda.pdf,pdfix-unable-to-open
courts/default/documents/IT-2018-42-RB-Attachment-8-DVBE-Declaration.pdf,pdfix-unable-to-open
courts/default/documents/prodjustsc-rfp-add1_0.pdf,pdfix-unable-to-open
courts/default/documents/TCAS-2020-03-MS-Attachment-10-Bidder-DVBE-Declaration.pdf,pdfix-unable-to-open
courts/default/documents/CRS-PD-336-Attachment-6-Conflict-of-Interest-Certification-form_jc21.pdf,pdfix-unable-to-open
courts/default/documents/TCAS-2022-01-MS-Attachment-5-Payee-Data-Record.pdf,pdfix-unable-to-open
courts/default/documents/CRS-SP-066-Intent-to-Award-June-2014-PAO.pdf,pdfix-unable-to-open
courts/default/documents/CRS-PD-303-Attachment-6-Conflict-of-Interest-Certification-form_jc20.pdf,pdfix-unable-to-open
courts/default/documents/CRS-EG-309-Attachment-2-JCC-Hotel-Agreement-Template.pdf,pdfix-unable-to-open
courts/default/documents/dataexchange-juvprogram-rfp-attach1.pdf,pdfix-unable-to-open
courts/default/documents/CRS-PD-326-Attachment-2-JCC-Hotel-Agreement-Template-paodvcoct20.pdf,pdfix-unable-to-open
courts/default/documents/ccms-rfp-nda.pdf,pdfix-unable-to-open
courts/default/documents/CRS-SP-072-Attachment-4-Darfur-Contracting-ACT.pdf,pdfix-unable-to-open
courts/default/documents/FS-2021-12-AL-Attach-11-Iran-Contracting.pdf,pdfix-unable-to-open
courts/default/documents/OGC-ADR-05-RB-Appendix-B-Acceptance-of-the-Work.pdf,pdfix-unable-to-open
courts/default/documents/TCAS-2020-03-MS-Attachment-11-Bidder-Declaration.pdf,pdfix-unable-to-open
courts/default/documents/FSO-2018-17-JR-RFQP.pdf,pdfix-unable-to-open
courts/default/documents/RFQ-FS-SP-2019-02-JP-Attachment-1-Qualification-Questionnaire-Addendum-1.pdf,pdfix-unable-to-open
courts/default/documents/JBCP-2015-01-JT-Revised-Project-Schedule.pdf,pdfix-unable-to-open
courts/default/documents/ctintexam_intent_0.pdf,pdfix-unable-to-open
courts/default/documents/repjuvdep-men-rfp_0.pdf,pdfix-unable-to-open
courts/default/documents/IFB-ISD-120111-AA-Intent-to-Award-Posting.pdf,pdfix-unable-to-open
courts/default/documents/RFQ-FSO-2019-06-JP_Attach_C_Master_Contract_for_Construction_Services.pdf,pdfix-unable-to-open
courts/default/documents/tv_workdesc_0.pdf,pdfix-unable-to-open
courts/default/documents/CRS-EG-198-Cancellation-Notice.pdf,pdfix-unable-to-open
courts/default/documents/JCC-2018-01-CD-IFB-Moving-Services-Sacramento.pdf,pdfix-unable-to-open
courts/default/documents/RFPFS202124AL-Attach-STD205-Payee-Supplement.pdf,pdfix-unable-to-open
courts/default/documents/3DCA-17-18-04-attachment-1-Admin-Rules-Governing-RFPs.pdf,pdfix-unable-to-open
courts/default/documents/evalbiddersconf.pdf,pdfix-unable-to-open
courts/default/documents/COS-VRILAP-MDS-080816-attachment-17.pdf,pdfix-unable-to-open
courts/default/documents/3dcarfp201401_Attachment7_TravelRateGuidelines.pdf,pdfix-unable-to-open
courts/default/documents/hollister-rfq-attachd.pdf,pdfix-unable-to-open
courts/default/documents/CRS-SP-378-Intent-to-Award.pdf,pdfix-unable-to-open
courts/default/documents/SC-19-55-RB-Attachment-3.pdf,pdfix-unable-to-open
courts/default/documents/RFP-FS-2021-04-MB-Attachment-P-Darfur-Certification-Form.pdf,pdfix-unable-to-open
courts/default/documents/RFQP-SHORTLIST_New-Woodland-CH.pdf,pdfix-unable-to-open
courts/default/documents/ccms-rfp-present.pdf,pdfix-unable-to-open
courts/default/documents/ASU-EG-026-Intent-to-Award.pdf,pdfix-unable-to-open
courts/default/documents/icwa-curriculum-rfp-attach2.pdf,pdfix-unable-to-open
courts/default/documents/plainlanguagerfp_0.pdf,pdfix-unable-to-open
courts/default/documents/IT-OPD-18-46-RB-Attachment-6-Payee-Data.pdf,pdfix-unable-to-open
courts/default/documents/CRS-PD-341-RFP-Hotel-FS-MULTIPLE-AWARDS_jc21.pdf,pdfix-unable-to-open
courts/default/documents/CRS-SP-140-Attachment-1-Admin-Rules-Non-IT-Services.pdf,pdfix-unable-to-open
courts/default/documents/IFB-ISD-050516-AA-Attachment-7-Payee-Data-Record.pdf,pdfix-unable-to-open
courts/default/documents/Addendum4.pdf,pdfix-unable-to-open
courts/default/documents/REFM-2016-04-JP-BidderQuestions.pdf,pdfix-unable-to-open
courts/default/documents/ssefinal_0.pdf,pdfix-unable-to-open
courts/default/documents/RFPFS202214MB-Attach-8B-Payee-Data-Record-Supplement.pdf,pdfix-unable-to-open
courts/default/documents/RFP-FS-2021-18-AL-Exhibit-01-Lab-Duties.pdf,pdfix-unable-to-open
courts/default/documents/qamtccpor-rfp-attachlist.pdf,pdfix-unable-to-open
courts/default/documents/talentag-rfp-award.pdf,pdfix-unable-to-open
courts/default/documents/titleinsurance-escrowservice-rfp-attacha.pdf,pdfix-unable-to-open
courts/default/documents/adminctintexam-rfp-atta_0.pdf,pdfix-unable-to-open
courts/default/documents/adda3.pdf,pdfix-unable-to-open
courts/default/documents/talentag-rfp.pdf,pdfix-unable-to-open
courts/default/documents/CRS-SP-371-Attachment-2-JCC-Hotel-Agreement-Template.pdf,pdfix-unable-to-open
courts/default/documents/CRS-EG-255-Attachment-2-JCC-Hotel-Agreement-Template.pdf,pdfix-unable-to-open
courts/default/documents/LSS-2019-15-CD-Attachment-8-UNRUH-AND-FEHA-CERTIFICATION.pdf,pdfix-unable-to-open
courts/default/documents/CFCC-2016-08-RBB-RFP-FRESNO-CANCELLATION.pdf,pdfix-unable-to-open
courts/default/documents/calattrfp_0.pdf,pdfix-unable-to-open
courts/default/documents/CRS-SP-187-Attachment-2-Agreement-Template.pdf,pdfix-unable-to-open
courts/default/documents/RFPFS202205MB-RFP-Attach-8-Project-Documents.pdf,pdfix-unable-to-open
courts/default/documents/CRS-AU-075-Attachment-1-AB-1058.pdf,pdfix-unable-to-open
courts/default/documents/CFCC-09-12-LM-Notice-of-Intent-to-Award.pdf,pdfix-unable-to-open
courts/default/documents/Notice-Of-Intent-To-Award-RFPFS202301MB.pdf,pdfix-unable-to-open
courts/default/documents/FSO-2017-07-JR-Notice-Intent-To-Award.pdf,pdfix-unable-to-open
courts/default/documents/JBCP-2013-01-BR-Attachment-B-Building-Information.pdf,pdfix-unable-to-open
courts/default/documents/dcqual-rfp-add1_0.pdf,pdfix-unable-to-open
courts/default/documents/CRS-SP-165-Intent-to-Award.pdf,pdfix-unable-to-open
courts/default/documents/CRS-EG040-Attachment-2-AOC-Hotel-Agreement.pdf,pdfix-unable-to-open
courts/default/documents/vfm-rfp-intent_0.pdf,pdfix-unable-to-open
courts/default/documents/RFP-CFCC-2023-03-LP-Attachment-1-Administrative-Rules.pdf,pdfix-unable-to-open
courts/default/documents/famjuv-20231030-notice.agenda.pdf,pdfix-unable-to-open
courts/default/documents/ptc092905.pdf,pdfix-unable-to-open
courts/default/documents/sucplanrfp.pdf,pdfix-unable-to-open
courts/default/documents/CRS-PD-183-Attachment-4-Darfur-Contracting-ACT-PAOEAC2017.pdf,pdfix-unable-to-open
courts/default/documents/ent-itarchitecture-rfp-intent.pdf,pdfix-unable-to-open
courts/default/documents/CRS-SP-084-Attachment-2-AOC-Hotel-Agreement-Template.pdf,pdfix-unable-to-open
courts/default/documents/eniaconsult-rfp.pdf,pdfix-unable-to-open
courts/default/documents/CRS-SP-243-Attachment-1-Admin-Rules-Non-IT-Services.pdf,pdfix-unable-to-open
courts/default/documents/ASU-TD-012-LM-Addendum-1.pdf,pdfix-unable-to-open
courts/default/documents/datamanage0111-rfp-potential.pdf,pdfix-unable-to-open
courts/default/documents/CRS-AU-032-Attachment-5-Form-for-Submission-of-Technical-Proposal-FULL-SERVICE.pdf,pdfix-unable-to-open
courts/default/documents/creldabuseneeds-notice.pdf,pdfix-unable-to-open
courts/default/documents/FSO-JOC-Services-2017-08-JP-Attach-N-Map-of-JOC-Zones.pdf,pdfix-unable-to-open
courts/default/documents/CRS-PD-205-Attachment-1-Admin-Rules-Non-IT-Services-CACCA.pdf,pdfix-unable-to-open
courts/default/documents/JBCP-2016-07-CP-Attachment-2.pdf,pdfix-unable-to-open
courts/default/documents/CJER-122013-OSCS-CF-Attachment-7-Pricing-Form.pdf,pdfix-unable-to-open
courts/default/documents/Addendum2-OCCM-2011-13-GS.pdf,pdfix-unable-to-open
courts/default/documents/HRSO-04-13-SS-AOC-Salary-Listing.pdf,pdfix-unable-to-open
courts/default/documents/photoserv-rfq-attacha_0.pdf,pdfix-unable-to-open
courts/default/documents/offsuprfp-add3.pdf,pdfix-unable-to-open
courts/default/documents/CRS-AK-405-Attachment-6-Conflict-of-Interest-Certification-form.pdf,pdfix-unable-to-open
courts/default/documents/CJER-122013-OSCS-CF-Attachment-5-Darfur.pdf,pdfix-unable-to-open
courts/default/documents/codequality-indassess-rfp.pdf,pdfix-unable-to-open
courts/default/documents/CRS-PD-102-Attachment-3-Vendors-Acceptance-of-the-RFPs-Contract-Terms-no-change.pdf,pdfix-unable-to-open
courts/default/documents/archeng_rfq.pdf,pdfix-unable-to-open
courts/default/documents/CRS-PD-183-Attachment-1-Admin-Rules-Non-IT-Services-PAOEAC2017.pdf,pdfix-unable-to-open
courts/default/documents/RFQ-FS-2019-01-DGF-Licensing-Requirements.pdf,pdfix-unable-to-open
courts/default/documents/clac-20210823-notice-agenda.pdf,pdfix-unable-to-open
courts/default/documents/CFCC-2019-16-CD-RFP-QA.pdf,pdfix-unable-to-open
courts/default/documents/RFP-Hotel-ROOM-BLOCK-CRS-AK-398.pdf,pdfix-unable-to-open
courts/default/documents/CFCC-13-10-RB-CFCC-13-10-RB-Marin-Dependency-Representation-Presentation-Handout.pdf,pdfix-unable-to-open
courts/default/documents/IFB-ISD-06012017-AA-Attachment-10-Payee-Data-Record.pdf,pdfix-unable-to-open
courts/default/documents/RFP-IDIQ-CIS-add1.pdf,pdfix-unable-to-open
courts/default/documents/EDU-10-12-LM-Table-of-Contents.pdf,pdfix-unable-to-open
courts/default/documents/RFP-FS-2023-19-XC-Addendum01.pdf,pdfix-unable-to-open
courts/default/documents/snaponlinerfp_0.pdf,pdfix-unable-to-open
courts/default/documents/CRS-SP-389-Attachment-3-Vendors-Acceptance-of-the-RFPs-Contract-Terms.pdf,pdfix-unable-to-open
courts/default/documents/CRS-EG-335-Hotel-Room-Block.pdf,pdfix-unable-to-open
courts/default/documents/CRS-PD-124-Attachment-4-Darfur-Contracting-ACT.pdf,pdfix-unable-to-open
courts/default/documents/RFP-FS-2023-05-XC-Attach-10-Iran-Contracting.pdf,pdfix-unable-to-open
courts/default/documents/CRS-EG-283-Attachment-RFP-Hotel-Room-Block.pdf,pdfix-unable-to-open
courts/default/documents/selfhelp_pilot_rfp.pdf,pdfix-unable-to-open
courts/default/documents/oracupg-2_0.pdf,pdfix-unable-to-open
courts/default/documents/REFM-2016-16-BD-RFP.pdf,pdfix-unable-to-open
courts/default/documents/COA1D-021717-ML-NOTICE-OF-INTENT-TO-AWARD.pdf,pdfix-unable-to-open
courts/default/documents/dcqual-rfp-add3.pdf,pdfix-unable-to-open
courts/default/documents/ERS-041007CK-RFP-CCTV-Access-Final.pdf,pdfix-unable-to-open
courts/default/documents/preconstruct-riskmanage-fresnorev-rfp-add1.pdf,pdfix-unable-to-open
courts/default/documents/newlbcourt-rfq2-qna2_0.pdf,pdfix-unable-to-open
courts/default/documents/archrelsvccapproj-rfq-contract.pdf,pdfix-unable-to-open
courts/default/documents/statebasedcs-rfp-att1.pdf,pdfix-unable-to-open
courts/default/documents/cmar-indioconstruct-rfp-attacha.pdf,pdfix-unable-to-open
courts/default/documents/aesmcp-rfq-awards_0.pdf,pdfix-unable-to-open
courts/default/documents/CRS-SP-047-Attachment-3-Vendors-Acceptance-of-the-RFPs-Contract-Terms.pdf,pdfix-unable-to-open
courts/default/documents/CFCC-04-13-LM-Table-of-Contents.pdf,pdfix-unable-to-open
courts/default/documents/CFCC-2022-08-SB-Attachment-7-UNRUH.pdf,pdfix-unable-to-open
courts/default/documents/formtrans-add2_0.pdf,pdfix-unable-to-open
courts/default/documents/IT-2018-05-LB-Technical-Score-Posting.pdf,pdfix-unable-to-open
courts/default/documents/RFP-Hotel-ROOM-BLOCK-CRS-AK-429.pdf,pdfix-unable-to-open
courts/default/documents/FS-2021-Attachment-06b-Std205.pdf,pdfix-unable-to-open
courts/default/documents/arceng-ccrfq-vdr_0.pdf,pdfix-unable-to-open
courts/default/documents/CRS-PD-111-Attachment-4-Darfur-Contracting-ACT.pdf,pdfix-unable-to-open
courts/default/documents/CFCC-08-12-LM-Q-A.pdf,pdfix-unable-to-open
courts/default/documents/CRS-AK-398-Attachment-1-Admin-Rules-Non-IT-Services.pdf,pdfix-unable-to-open
courts/default/documents/datacomm-projectmanagement-rfp-attach4.pdf,pdfix-unable-to-open
courts/default/documents/CRS-SP-155-Attachment-1-Admin-Rules-Non-IT-Services.pdf,pdfix-unable-to-open
courts/default/documents/ccporappdev-rfp-att9.pdf,pdfix-unable-to-open
courts/default/documents/workcomptpa-rfp-appii_b.pdf,pdfix-unable-to-open
courts/default/documents/archrelsvccapproj-rfq-payee_0.pdf,pdfix-unable-to-open
courts/default/documents/Addendum-1-CM-R-Lakeport-RFP-ver-0-03.pdf,pdfix-unable-to-open
courts/default/documents/HCRC-CCS-17-22RB-Attachment-6-Payee-Data.pdf,pdfix-unable-to-open
courts/default/documents/CFCC-2016-12-RBB-Attachment-1-Admin-Rules.pdf,pdfix-unable-to-open
courts/default/documents/HR-2013-01-RB-JBWC-TPA-Attachment-4-Vendor-Payee-Data.pdf,pdfix-unable-to-open
courts/default/documents/IFB-BAP-23-138RB-Attach-9-Bidder-Declaration.pdf,pdfix-unable-to-open
courts/default/documents/CRS-SP-059-Attachment-1-Admin-Rules-Non-IT-Services.pdf,pdfix-unable-to-open
courts/default/documents/CRS-SP-217-Intent-to-Award.pdf,pdfix-unable-to-open
courts/default/documents/pilotdesign-shriver-rfp.pdf,pdfix-unable-to-open
courts/default/documents/CRS-AU-037-Attachment-6-Form-for-Submission-of-Price-Proposal-FULL-SERVICE.pdf,pdfix-unable-to-open
courts/default/documents/RFP-FS_2023-06-JP-Notice-Of-Intent-To-Award.pdf,pdfix-unable-to-open
courts/default/documents/payrollattb_0.pdf,pdfix-unable-to-open
courts/default/documents/CRS-EG-245-Cancellation-Notice.pdf,pdfix-unable-to-open
courts/default/documents/ccporappdev-rfp-att8.pdf,pdfix-unable-to-open
courts/default/documents/ecm-rfp-att6_0.pdf,pdfix-unable-to-open
courts/default/documents/emprecruit-rfp-qna_0.pdf,pdfix-unable-to-open
courts/default/documents/gcfmti-rfp.pdf,pdfix-unable-to-open
courts/default/documents/REFM-2016-14-RP-Notice-Questions-and-Answers-RFP-Revision-1.pdf,pdfix-unable-to-open
courts/default/documents/CRS-SP-366-Attachment-3-Vendors-Acceptance-of-the-RFPs-Contract-Terms.pdf,pdfix-unable-to-open
courts/default/documents/REFM-2016-26-SM-Attachment-2-Site-Walk-Schedule.pdf,pdfix-unable-to-open
courts/default/documents/JBCP-2014-03-BR-Intent-to-Award.pdf,pdfix-unable-to-open
courts/default/documents/CRS-SP-363-Attachment-3-Vendors-Acceptance-of-the-RFPs-Contract-Terms.pdf,pdfix-unable-to-open
courts/default/documents/CFCC-2019-19-CD-Attachment-6-Payee-Data-Record-Form.pdf,pdfix-unable-to-open
courts/default/documents/CRS-PD-312-RFP-Hotel-ROOM-BLOCK_dv20.pdf,pdfix-unable-to-open
courts/default/documents/dcqual-rfp-add2.pdf,pdfix-unable-to-open
courts/default/documents/calcjcduicoststudy-rfp-list.pdf,pdfix-unable-to-open
courts/default/documents/3DCA212202_attachment7_GeneralCertifications.pdf,pdfix-unable-to-open
courts/default/documents/RFP-FS-2020-08-AL-Questions-and-Answers.pdf,pdfix-unable-to-open
courts/default/documents/CRS-SP-397-Attachment-1-Admin-Rules-Non-IT-Services.pdf,pdfix-unable-to-open
courts/default/documents/CFCC_09-12-LMExhibit_K_-_Acceptance_and_Sign-off_Form.pdf,pdfix-unable-to-open
courts/default/documents/oocmarchitect-engineer-rfq-legal.pdf,pdfix-unable-to-open
courts/default/documents/seismicassessrfq_0.pdf,pdfix-unable-to-open
courts/default/documents/ccmsv4int-rfp_0.pdf,pdfix-unable-to-open
courts/default/documents/envconsultsvcs-rfp.pdf,pdfix-unable-to-open
courts/default/documents/CFCC-2012-02-RB-Questions-and-Answers.pdf,pdfix-unable-to-open
courts/default/documents/ccjcrtc-rfp-attach4_0.pdf,pdfix-unable-to-open
courts/default/documents/ccmsv4int-rfp-attb_0.pdf,pdfix-unable-to-open
courts/default/documents/cfcc-04-11-LM-Intent-to-Award.pdf,pdfix-unable-to-open
courts/default/documents/CRS-EG-135-Intent-to-Award.pdf,pdfix-unable-to-open
courts/default/documents/Exhibit-F-Resource-Inventory.pdf,pdfix-unable-to-open
courts/default/documents/ccjcrtc-rfp-attach3.pdf,pdfix-unable-to-open
courts/default/documents/preconstruct-risk-los-banos-rfp-Attach-F-Revised-Adden-1.pdf,pdfix-unable-to-open
courts/default/documents/CRS-TD-034-Attachment-3-Vendors-Acceptance-of-the-RFPs-Contract-Terms-no-change-by-td.pdf,pdfix-unable-to-open
courts/default/documents/CFCC-CCW17-23RB_Notice_of_Intent_to_Award.pdf,pdfix-unable-to-open
courts/default/documents/CRS-SP-265-Attachment-2-JCC-Hotel-Agreement.pdf,pdfix-unable-to-open
courts/default/documents/refmsdis-rfp-add1_0.pdf,pdfix-unable-to-open
courts/default/documents/CRS-SP-391-RFP-Hotel-FULL-SERVICE.pdf,pdfix-unable-to-open
courts/default/documents/costest_awd_0.pdf,pdfix-unable-to-open
courts/default/documents/CRS-PD-209-Intent-to-Award.pdf,pdfix-unable-to-open
courts/default/documents/FIN032811CK-addendum-2-RFP.pdf,pdfix-unable-to-open
courts/default/documents/CRS-EG-227-Attachment-2-JCC-Hotel-Agreement-Template.pdf,pdfix-unable-to-open
courts/default/documents/CFCC-2016-11-RBB-Attachment-3-Acceptance-of-TCs.pdf,pdfix-unable-to-open
courts/default/documents/CRS-PD-258-Attachment-4-Darfur-Contracting-ACT-asai19.pdf,pdfix-unable-to-open
courts/default/documents/CRS-SP-158-Attachment-1-Admin-Rules-Non-IT-Services.pdf,pdfix-unable-to-open
courts/default/documents/RFP-BAP23-160RB-Attach-2-Std-Agrmt-092623-0824.pdf,pdfix-unable-to-open
courts/default/documents/CRS-SP-214-Attachment-4-Darfur-Contracting-ACT.pdf,pdfix-unable-to-open
courts/default/documents/juvdepbidconf.pdf,pdfix-unable-to-open
courts/default/documents/CRS-PD-303-Attachment-4-Darfur-Contracting-ACT_jc20.pdf,pdfix-unable-to-open
courts/default/documents/CRS-EG-416-Intent-to-Award-HIGG.pdf,pdfix-unable-to-open
courts/default/documents/RFPFS202204MB-Attach-6-DIR-PWCR-Statement.pdf,pdfix-unable-to-open
courts/default/documents/offsuprfp-add2.pdf,pdfix-unable-to-open
courts/default/documents/JBCP-2015-02-BR_Attachment-5-Payee-Data-Record.pdf,pdfix-unable-to-open
courts/default/documents/3DCA-RFO-17-18-07-Request-for-Offer.pdf,pdfix-unable-to-open
courts/default/documents/REFM-2014-04-JMG-Master-Agreement.pdf,pdfix-unable-to-open
courts/default/documents/aesmcp-rfq-change.pdf,pdfix-unable-to-open
courts/default/documents/RFP-LSS-2023-16-SB_Bindery-Maintenance-QA-Answers.pdf,pdfix-unable-to-open
courts/default/documents/RFPFS202203MB-ADDENDUM-8.pdf,pdfix-unable-to-open
courts/default/documents/eval-famfinding-pilotcounties-rfp-attach4.pdf,pdfix-unable-to-open
courts/default/documents/CRS-SP-296-Attachment-1-Admin-Rules-Non-IT-Services.pdf,pdfix-unable-to-open
courts/default/documents/CPAS-201101-RB-Addendum-3-Attachment-10-English-Proficiency-Oral-Performance-Evaluation-Guide.pdf,pdfix-unable-to-open
courts/default/documents/RFQ-FS-2019-01-DGF-Attach-P-Request-for-Payment-Form.pdf,pdfix-unable-to-open
courts/default/documents/CRS-PD-311-RFP-Hotel-jc20.pdf,pdfix-unable-to-open
courts/default/documents/CRS-EG-411-Attachment-RFP.pdf,pdfix-unable-to-open
courts/default/documents/CFCC-10-11-LM-Attachment-6-Conflict-of-Interest.pdf,pdfix-unable-to-open
courts/default/documents/4-2-13-14-07-LM-Attachment-3-Proposers-Acceptance-of-T-Cs.pdf,pdfix-unable-to-open
courts/default/documents/JBCP-2016-07-CP-Attachment-3.pdf,pdfix-unable-to-open
courts/default/documents/CRS-SP-199-Attachment-3-Vendors-Acceptance-of-the-RFPs-Contract-Terms.pdf,pdfix-unable-to-open
courts/default/documents/CRS-SP-378-Attachment-RFP-Hotel-FULL-SERVICE.pdf,pdfix-unable-to-open
courts/default/documents/cdupmcjcp-rfp-cancel.pdf,pdfix-unable-to-open
courts/default/documents/workcomptpa-rfp-appv_0.pdf,pdfix-unable-to-open
courts/default/documents/CRS-SP-360-RFP-Hotel-ROOM-BLOCK-Revision-1.pdf,pdfix-unable-to-open
courts/default/documents/RFP-FS-2020-15-BD.pdf,pdfix-unable-to-open
courts/default/documents/IT-2021-30-DM-Attachment-3-Payee-Data-Record-Form.pdf,pdfix-unable-to-open
courts/default/documents/ASU-TD-025-Attachment-7-Conflict-of-Interest-Certification-Form.pdf,pdfix-unable-to-open
courts/default/documents/mamlakes-rfp-shortlist_0.pdf,pdfix-unable-to-open
courts/default/documents/ASU-AU-006-LM-RFP.pdf,pdfix-unable-to-open
courts/default/documents/OS-20150901-RAPISCAN-JR-NON-COST-SCORES.pdf,pdfix-unable-to-open
courts/default/documents/adda2.pdf,pdfix-unable-to-open
courts/default/documents/environ-management-rfq-award.pdf,pdfix-unable-to-open
courts/default/documents/3dcarfp201203_Non-costEvaluationResults.pdf,pdfix-unable-to-open
courts/default/documents/4-2-RFP-12-13-02CK-Questions_Answers.pdf,pdfix-unable-to-open
courts/default/documents/CRS-SP-080-RFP-Hotel-FULL-SERVICE.pdf,pdfix-unable-to-open
courts/default/documents/jcforms-rfp-atta.pdf,pdfix-unable-to-open
courts/default/documents/CRS-SP-404-Attachment-2-JCC-Hotel-Agreement.pdf,pdfix-unable-to-open
courts/default/documents/cacpe-rfp-intent.pdf,pdfix-unable-to-open
courts/default/documents/RFP-FS-2021-20-JP-Attachment-11-Unruh.pdf,pdfix-unable-to-open
courts/default/documents/CRS-SP-348-RFP-Hotel-ROOM-BLOCK.pdf,pdfix-unable-to-open
courts/default/documents/arceng-ccrfq-rqs_0.pdf,pdfix-unable-to-open
courts/default/documents/CRS-PD-291-Attachment-6-Conflict-of-Interest-Certification-form-ab105819.pdf,pdfix-unable-to-open
courts/default/documents/elearning_att_c_0.pdf,pdfix-unable-to-open
courts/default/documents/CFCC-03-12-LM-Attachment-4-Payee-Data-Record-Form.pdf,pdfix-unable-to-open
courts/default/documents/CRS-TD-038-Attachment-6-Form-for-Submission-of-Cost-Proposal-ROOM-BLOCK-ONLY.pdf,pdfix-unable-to-open
courts/default/documents/CRS-SP-064-Attachment-7-Conflict-of-Interest-Certification-form.pdf,pdfix-unable-to-open
courts/default/documents/environ-qualact-rfq-intent.pdf,pdfix-unable-to-open
courts/default/documents/ptc_qa_0.pdf,pdfix-unable-to-open
courts/default/documents/CRS-PD-194-Cancellation-Notice-ASJI2017.pdf,pdfix-unable-to-open
courts/default/documents/gcfmti-rfp-shortlist-firm_0.pdf,pdfix-unable-to-open
courts/default/documents/CFCC-2023-47-DM-Attachment-6A-STD-204.pdf,pdfix-unable-to-open
courts/default/documents/ADR-032814-RB-Addendum-1.pdf,pdfix-unable-to-open
courts/default/documents/offsuprfp-attb.pdf,pdfix-unable-to-open
courts/default/documents/CRS-SP-171-Attachment-6-Conflict-of-Interest-Certification-form.pdf,pdfix-unable-to-open
courts/default/documents/CFCC-2017-08-ML-Attachment-6-Payee-Data-Record-Form.pdf,pdfix-unable-to-open
courts/default/documents/basissap-rfp_0.pdf,pdfix-unable-to-open
courts/default/documents/ASU-AU-009-RB-Attachment-3-Vendors-Acceptance-of-the-RFPs-Contract-Terms-DV.pdf,pdfix-unable-to-open
courts/default/documents/4-12-Kings-Exhibit-A-Manual-of-Accounting.pdf,pdfix-unable-to-open
courts/default/documents/RFPFS202301MB-Attach-6-DIR-PWCR-Statement.pdf,pdfix-unable-to-open
courts/default/documents/nativeamerican-justice2-rfp-list.pdf,pdfix-unable-to-open
courts/default/documents/HR-2013-01-RB-Questions-and-Answers.pdf,pdfix-unable-to-open
courts/default/documents/FS-2017-01-BD-RFP.pdf,pdfix-unable-to-open
courts/default/documents/wcm-rfp-add2_0.pdf,pdfix-unable-to-open
courts/default/documents/IT-2021-17-DM-Public-Bid-Opening-Notice.pdf,pdfix-unable-to-open
courts/default/documents/CRS-PD-081-Cancellation-Notice.pdf,pdfix-unable-to-open
courts/default/documents/REFM-2016-14-RP-Notice-Response-to-Questions.pdf,pdfix-unable-to-open
courts/default/documents/HR-TC-2016-04-ML-ATTACHMENT-6.pdf,pdfix-unable-to-open
courts/default/documents/FSO-2017-12-RP-Notice-Response-to-Questions.pdf,pdfix-unable-to-open
courts/default/documents/CRS-PD-298-Intent-to-Award-septpao19.pdf,pdfix-unable-to-open
courts/default/documents/ADMIN-2017-10-ML-Public-Opening-Cost-Proposals.pdf,pdfix-unable-to-open
courts/default/documents/SC-19-55-RB-Attachment-2.pdf,pdfix-unable-to-open
courts/default/documents/hollister-rfq-attache.pdf,pdfix-unable-to-open
courts/default/documents/ssefinal.pdf,pdfix-unable-to-open
courts/default/documents/COS-VRILAP-MDS-080816-attachment-16.pdf,pdfix-unable-to-open
courts/default/documents/tas-rfp-attachd_0.pdf,pdfix-unable-to-open
courts/default/documents/2024-upcoming-meeting-dates.pdf,pdfix-unable-to-open
courts/default/documents/RFP-CFCC-2023-47-DM-RFP-Shriver-2023.pdf,pdfix-unable-to-open
courts/default/documents/CRS-EG-256-RFP-Hotel-FS-MULTIPLE-AWARDS.pdf,pdfix-unable-to-open
courts/default/documents/juvedumeds-rfp-attach1_0.pdf,pdfix-unable-to-open
courts/default/documents/REFM-2016-06-RP-Public-Opening.pdf,pdfix-unable-to-open
courts/default/documents/IT-2020-64-RB-Exhibit-C-Glossary-of-Terms.pdf,pdfix-unable-to-open
courts/default/documents/refmsdis-rfp-rev1.pdf,pdfix-unable-to-open
courts/default/documents/CRS-PD-210-Attachment-4-Darfur-Contracting-ACT-AB1058-2017.pdf,pdfix-unable-to-open
courts/default/documents/RFP-FS-2021-17-AL-Attach-09-DVBE-Declaration.pdf,pdfix-unable-to-open
courts/default/documents/parentreprfp-add2_0.pdf,pdfix-unable-to-open
courts/default/documents/RFP-FS-2021-22-JP-Invitation-to-Bid.pdf,pdfix-unable-to-open
courts/default/documents/JCC-OCIP-Safety-Requirements-Manual_012019-Rev-1.pdf,pdfix-unable-to-open
courts/default/documents/CRS-EG-173-Attachment-RFP-Hotel-FULL-SERVICE.pdf,pdfix-unable-to-open
courts/default/documents/RFP-LSS-2021-26-DM-Attachment-8-UNRUH-AND-FEHA-CERTIFICATION.pdf,pdfix-unable-to-open
courts/default/documents/CRS_PD-326-RFP-Hotel-ROOM-BLOCK-paodvcoct20.pdf,pdfix-unable-to-open
courts/default/documents/HR-2017-08-LV-EAP-Attachment-2-Standard-Terms-and-Conditions.pdf,pdfix-unable-to-open
courts/default/documents/LSO-ADR-06-LM-Table-of-Contents.pdf,pdfix-unable-to-open
courts/default/documents/juvdepattc_0.pdf,pdfix-unable-to-open
courts/default/documents/FIN-2020-21-CD-Addendum-2.pdf,pdfix-unable-to-open
courts/default/documents/CRS-EG061-RFP-Hotel-FULL-SERVICE.pdf,pdfix-unable-to-open
courts/default/documents/IFB-ISD-031912-AA-Dell-Hardware-IFB.pdf,pdfix-unable-to-open
courts/default/documents/RFP-FS-2022-08-XC-Attachment-J-Bidder-Declaration.pdf,pdfix-unable-to-open
courts/default/documents/familyfunding-toolkit-rfp.pdf,pdfix-unable-to-open
courts/default/documents/RFPFS202212KO-Attach-K-Unruh.pdf,pdfix-unable-to-open
courts/default/documents/courtbasedfdr-atta_0.pdf,pdfix-unable-to-open
courts/default/documents/RFP-FS-2021-05-MB-Notice-to-Intent-to-Award.pdf,pdfix-unable-to-open
courts/default/documents/IT-2019-60-RB-RFP-Ex-2-Phoenix-Organization.pdf,pdfix-unable-to-open
courts/default/documents/CFCC-031814-LCDR-CF_Att-6_Darfur.pdf,pdfix-unable-to-open
courts/default/documents/CRS-EG-289-Attachment-2-JCC-Hotel-Agreement-Template.pdf,pdfix-unable-to-open
courts/default/documents/CFCC-2022-04-LV-Attachment-6-Payee-Data-Record-204.pdf,pdfix-unable-to-open
courts/default/documents/aesmcp-rfq-attend.pdf,pdfix-unable-to-open
courts/default/documents/ecm-rfp_nta.pdf,pdfix-unable-to-open
courts/default/documents/IFB-ISD-018730-AA-SAP-BusinessObjects-BI-Suite.pdf,pdfix-unable-to-open
courts/default/documents/scjuvdeprep-rfp-contract_juv.pdf,pdfix-unable-to-open
courts/default/documents/CFCC-2016-12LB-QnA.pdf,pdfix-unable-to-open
courts/default/documents/licagree-rfp.pdf,pdfix-unable-to-open
courts/default/documents/FSO-2018-08-JR-Attachment-D-Sample-IDIQ-Agreement.pdf,pdfix-unable-to-open
courts/default/documents/susanvillecourthouse-testing-rfp-add1.pdf,pdfix-unable-to-open
courts/default/documents/HRSO-04-13-SS-Attachment-5-Darfur-Cert.pdf,pdfix-unable-to-open
courts/default/documents/ddcmp-rfp.pdf,pdfix-unable-to-open
courts/default/documents/precon-rfp-attf_0.pdf,pdfix-unable-to-open
courts/default/documents/photoserv-rfq-intent-njo.pdf,pdfix-unable-to-open
courts/default/documents/OREFM-2013-06-CC-RFP-Real-Estate-Appraisal-Services.pdf,pdfix-unable-to-open
courts/default/documents/3dca_NoticeofIntenttoAwardtoDanaCurtisMediation-20170905.pdf,pdfix-unable-to-open
courts/default/documents/CRS-SP-389-RFP-Cancellation-Notice.pdf,pdfix-unable-to-open
courts/default/documents/FS-2017-01-BD-Questions-All-Firms.pdf,pdfix-unable-to-open
courts/default/documents/Notice-of-Intent-To-Award_Woodland.pdf,pdfix-unable-to-open
courts/default/documents/aersforscbrfp-qa_0.pdf,pdfix-unable-to-open
courts/default/documents/FSO-2018-22-JP_CMR-EL-CENTRO-RFP.pdf,pdfix-unable-to-open
courts/default/documents/CFCC-23-141RB-Attach-8-DVBE-Bidder-Decl.pdf,pdfix-unable-to-open
courts/default/documents/CRS-SP-077-RFP-Hotel-FULL-SERVICE.pdf,pdfix-unable-to-open
courts/default/documents/docmanage-statewide-rfp-attach6.pdf,pdfix-unable-to-open
courts/default/documents/RFPFS202205MB-Answers-to-Submitted-Questions-%28Round-4%29.pdf,pdfix-unable-to-open
courts/default/documents/CRS-PD-321-Attachment-3-Vendors-Acceptance-of-the-RFPs-Contract-Terms_dv20.pdf,pdfix-unable-to-open
courts/default/documents/CFCC-2022-01-SB-Intent-To-Award.pdf,pdfix-unable-to-open
courts/default/documents/pubprivpart-rfp-dvbe.pdf,pdfix-unable-to-open
courts/default/documents/foms-qa3.pdf,pdfix-unable-to-open
courts/default/documents/CFCC-13-13-LM-Attachment-4-General-Certifications-Form.pdf,pdfix-unable-to-open
courts/default/documents/JBCP-2014-03-BR-RFQ_Project_Description_Atta_A.pdf,pdfix-unable-to-open
courts/default/documents/CRS-EG-310-Attachment-RFP-Hotel-FULL-SERVICE.pdf,pdfix-unable-to-open
courts/default/documents/FIN-201505-ML-Attachment-3-Proposers-Acceptance-of-Terms-and-Conditions.pdf,pdfix-unable-to-open
courts/default/documents/precon_attachment_a_cm_at_risk_agreement_2.pdf,pdfix-unable-to-open
courts/default/documents/CRS-PD-179-Cancellation-Notice.pdf,pdfix-unable-to-open
courts/default/documents/CFCC-031814-LCDR-CF_Content.pdf,pdfix-unable-to-open
courts/default/documents/CRS-SP-197-Intent-to-Award.pdf,pdfix-unable-to-open
courts/default/documents/RFP-FS-2020-06-DF-Attach-C-Acceptance-of-Terms.pdf,pdfix-unable-to-open
courts/default/documents/attach1_admin_rules.pdf,pdfix-unable-to-open
courts/default/documents/CRS-SP-296-Attachment-4-Darfur-Contracting-ACT.pdf,pdfix-unable-to-open
courts/default/documents/ITSO-11-13-LM-Attachment-4-Conflict-of-Interest-Certification-Form.pdf,pdfix-unable-to-open
courts/default/documents/RFP-FS-2023-05-XC-Attach-7B-Payee-Data-Record-Supplement.pdf,pdfix-unable-to-open
courts/default/documents/CRS-EG-169-Attachment-RFP-Hotel-ROOM-BLOCK-PAOEAC-June-2016.pdf,pdfix-unable-to-open
courts/default/documents/plainengrfp.pdf,pdfix-unable-to-open
courts/default/documents/preconstruct-riskmanage-kings-rfp-attache.pdf,pdfix-unable-to-open
courts/default/documents/techstaff-augment-rfp-attachf6.pdf,pdfix-unable-to-open
courts/default/documents/ccmsrfp-add3.pdf,pdfix-unable-to-open
courts/default/documents/CRS-TD-036-RFP-Hotel-FULL-SERVICE.pdf,pdfix-unable-to-open
courts/default/documents/ASU-TD-027-Attachment-5-Form-for-Submission-of-Technical-Proposal-ROOM-BLOCK-ONLY.pdf,pdfix-unable-to-open
courts/default/documents/CRS-SP-330-Attachment-2-JCC-Hotel-Agreement.pdf,pdfix-unable-to-open
courts/default/documents/CRS-PD-113-Attachment-7-Intent-to-Award.pdf,pdfix-unable-to-open
courts/default/documents/RFP-FSO-2017-10-JR-Notice-to-Firms-20170925.pdf,pdfix-unable-to-open
courts/default/documents/CFCC-2016-15-RBB-Attachment-2-Standard-Provisions.pdf,pdfix-unable-to-open
courts/default/documents/CRS-SP-354-Attachment-4-Darfur-Contracting-ACT.pdf,pdfix-unable-to-open
courts/default/documents/RFP-FS-2022-07-JP-Attachment-C-non-IT-LPA-Agreement.pdf,pdfix-unable-to-open
courts/default/documents/cfcc-sandiego-dependencyrep-rfp-bidqna.pdf,pdfix-unable-to-open
courts/default/documents/REFM-2016-14-RP-2-Notice-Response-to-Questions.pdf,pdfix-unable-to-open
courts/default/documents/CR-2019-04-LV-Attach-1-Administrative-Rules.pdf,pdfix-unable-to-open
courts/default/documents/RFP-COS-2017-3LB-Attachment-6-Payee_Data_Record.pdf,pdfix-unable-to-open
courts/default/documents/adminctintexam-rfp-awardc.pdf,pdfix-unable-to-open
courts/default/documents/LSS-2019-15-CD-QA-On-Site-Catering-San-Francisco.pdf,pdfix-unable-to-open
courts/default/documents/CFCC_09-12-LMAttachment_1_-_Administrative_Rules_Governing_RFPs.pdf,pdfix-unable-to-open
courts/default/documents/TCAS-2021-02-AJ-Attachment-2-JCC-Standard-Terms-and-Conditions.pdf,pdfix-unable-to-open
courts/default/documents/ASU-TD-012-LM-Attachment-2-AOC-Standard-Terms-and-Conditions.pdf,pdfix-unable-to-open
courts/default/documents/FSO-CMS-2018-10-JP-Attach-F-Answers-to-Questions.pdf,pdfix-unable-to-open
courts/default/documents/payrollatta.pdf,pdfix-unable-to-open
courts/default/documents/RFP-FS-2021-05-MB-Attachment-P-Darfur.pdf,pdfix-unable-to-open
courts/default/documents/LSS-18-48-RB-Attach-10-DVBE-Declaration.pdf,pdfix-unable-to-open
courts/default/documents/RFP-Appellate-042216-HS-Attachment-5.pdf,pdfix-unable-to-open
courts/default/documents/CFCC-2016-16-RBB-Attachment-5-Darfur.pdf,pdfix-unable-to-open
courts/default/documents/adagency-rfp.pdf,pdfix-unable-to-open
courts/default/documents/enttestmgmt-rfp-appb.pdf,pdfix-unable-to-open
courts/default/documents/CFCC-2016-16-RBB-Attachment-6-Payee-Data-Record.pdf,pdfix-unable-to-open
courts/default/documents/CRS-SP-164-Intent-to-Award.pdf,pdfix-unable-to-open
courts/default/documents/RFP-COA-2019-01-RP-A3-Acceptance-of-Terms.pdf,pdfix-unable-to-open
courts/default/documents/formtrans-add2.pdf,pdfix-unable-to-open
courts/default/documents/CFCC-13-13-LM-Q-A.pdf,pdfix-unable-to-open
courts/default/documents/CRS-EG-403-Intent-to-Award.pdf,pdfix-unable-to-open
courts/default/documents/RFP-FS-2021-04-MB-Attachment-E-Regional-Map.pdf,pdfix-unable-to-open
courts/default/documents/juvdepattc.pdf,pdfix-unable-to-open
courts/default/documents/aocjobacc-rfp-attd_0.pdf,pdfix-unable-to-open
courts/default/documents/CRS-SP-073-Attachment-1-Admin-Rules-Non-IT-Services.pdf,pdfix-unable-to-open
courts/default/documents/CMAR-SHORTLIST_Old-Solano.pdf,pdfix-unable-to-open
courts/default/documents/CRS-SP-165-Attachment-4-Darfur-Certification-Form.pdf,pdfix-unable-to-open
courts/default/documents/CFCC-10-11-LM-Attachment-1-Admin-Rules-for-nonIT-Goods.pdf,pdfix-unable-to-open
courts/default/documents/bsadocman-rfp-award_0.pdf,pdfix-unable-to-open
courts/default/documents/ergoassess-rfp.pdf,pdfix-unable-to-open
courts/default/documents/4-2-13-14-07-LM-Table-of-Contents.pdf,pdfix-unable-to-open
courts/default/documents/construct-riskdesign-sanjosefamcenter-rfq-attachd.pdf,pdfix-unable-to-open
courts/default/documents/ccjcrtc-rfp-attach2a_0.pdf,pdfix-unable-to-open
courts/default/documents/CRS-EG-246-Intent-to-Award.pdf,pdfix-unable-to-open
courts/default/documents/CJER-2018-02-DM-Attachment-6-Payee-Data-Record-Form.pdf,pdfix-unable-to-open
courts/default/documents/flrgp_res_guide.pdf,pdfix-unable-to-open
courts/default/documents/FS-2021-Attachment-01-IT-Administrative-Rules.pdf,pdfix-unable-to-open
courts/default/documents/OGC-ADR-05-RB-Attachment-2-AOC-Terms-Conditions.pdf,pdfix-unable-to-open
courts/default/documents/BS-2020-13-DM-Attachment-6-Payee-Data-Record-Form.pdf,pdfix-unable-to-open
courts/default/documents/TCAS-2018-03-BH-Emergency-Notification-Services-RFP.pdf,pdfix-unable-to-open
courts/default/documents/casa-rfp_0.pdf,pdfix-unable-to-open
courts/default/documents/COSSO-02-14-LM-RFP.pdf,pdfix-unable-to-open
courts/default/documents/CFCC-2022-01-SB-Attachment-6B-STD205.pdf,pdfix-unable-to-open
courts/default/documents/CRS-SP-361-Attachment-4-Darfur-Contracting-ACT.pdf,pdfix-unable-to-open
courts/default/documents/Addendum3-OCCM-2011-13-GS.pdf,pdfix-unable-to-open
courts/default/documents/vps_rfp_qna.pdf,pdfix-unable-to-open
courts/default/documents/CRS-EG-411-Attachment-1-Admin-Rules-Non-IT-Services.pdf,pdfix-unable-to-open
courts/default/documents/CRS-SP-077-Attachment-2-AOC-Hotel-Agreement-Template.pdf,pdfix-unable-to-open
courts/default/documents/hrassess_0.pdf,pdfix-unable-to-open
courts/default/documents/CFCC-201103-RB-Attachment-5-Darfur-Contracting-Act-Certification.pdf,pdfix-unable-to-open
courts/default/documents/CRS-SO-065-Attachment-1-Admin-Rules-Non-IT-Services.pdf,pdfix-unable-to-open
courts/default/documents/CFCC-2021-107RB-Attach-7-Iran-Act.pdf,pdfix-unable-to-open
courts/default/documents/IFB-IT-2021-89RB-Notice-of-Bid-Opening.pdf,pdfix-unable-to-open
courts/default/documents/repjuvdep-larfp-add5_0.pdf,pdfix-unable-to-open
courts/default/documents/CRS-SP-288-Attachment-3-Vendors-Acceptance-of-the-RFPs-Contract-Terms.pdf,pdfix-unable-to-open
courts/default/documents/OREFM-2013-06-CC-Attachment-I.pdf,pdfix-unable-to-open
courts/default/documents/CRS-PD-150-Attachment-4-Darfur-Certification-Form.pdf,pdfix-unable-to-open
courts/default/documents/FSO-2018-06-JMG_Attach_K_to_Std_Agmt_Security_Badging_Policy.pdf,pdfix-unable-to-open
courts/default/documents/CRS-SP-118-Attachment-2-Hotel-Agreement.pdf,pdfix-unable-to-open
courts/default/documents/REFM-2014-03-BR-Attachment-D-Geo-McDonald-Price-Proposal-Form.pdf,pdfix-unable-to-open
courts/default/documents/ASU-DC-007-NN-Attachment-7-Conflict-of-Interest-Certification-form.pdf,pdfix-unable-to-open
courts/default/documents/CRS-EG-411-Attachment-2-JCC-Hotel-Agreement-Template.pdf,pdfix-unable-to-open
courts/default/documents/FSO-2018-17-JR-Notice-Intent-To-Award.pdf,pdfix-unable-to-open
courts/default/documents/RFP-CFCC-2012-01-RB-Attachment-5-Payee-Data-Record-Form.pdf,pdfix-unable-to-open
courts/default/documents/talentag-rfp_0.pdf,pdfix-unable-to-open
courts/default/documents/eaf_forms_instructions_0.pdf,pdfix-unable-to-open
courts/default/documents/CRS-SP-370-Attachment-1-Admin-Rules-Non-IT-Services.pdf,pdfix-unable-to-open
courts/default/documents/CFCC-2023-47-DM-Intent-To-Award.pdf,pdfix-unable-to-open
courts/default/documents/fireprot-rfp.pdf,pdfix-unable-to-open
courts/default/documents/RFP-COA-2019-01-RP-AT4-Site-Coverage-Configurations.pdf,pdfix-unable-to-open
courts/default/documents/CRS-AK-426-Attachment-2-JCC_Hotel_Agreement_Template_11-2023.pdf,pdfix-unable-to-open
courts/default/documents/titlesvcs_0.pdf,pdfix-unable-to-open
courts/default/documents/RFPFS202215KO-Attach-K-BidderDeclaration.pdf,pdfix-unable-to-open
courts/default/documents/CRS-SP-043-Attachment-6-Form-for-Submission-of-Cost-Proposal.pdf,pdfix-unable-to-open
courts/default/documents/CRS-PD-172-Attachment-1-Admin-Rules-PAOEAC-June-2016.pdf,pdfix-unable-to-open
courts/default/documents/Attachment-7-DVBE-Declaration.pdf,pdfix-unable-to-open
courts/default/documents/FS-2018-26-BD-Attachment-D-Judicial-Councils-Form-of-Standard-Agreement.pdf,pdfix-unable-to-open
courts/default/documents/precon-stockton-rfq-attachb.pdf,pdfix-unable-to-open
courts/default/documents/CFCC-12-13-LM-Table-of-Contents.pdf,pdfix-unable-to-open
courts/default/documents/JBCP-2016-02-BR-rfq-p-CMR-New-Mid-County-Civil-Courthouse.pdf,pdfix-unable-to-open
courts/default/documents/repjuvdep-larfp-add1.pdf,pdfix-unable-to-open
courts/default/documents/NCRO-2017-11-PSK-Attachment6-PayeeDataRecord.pdf,pdfix-unable-to-open
courts/default/documents/riverside-rfq-90percent.pdf,pdfix-unable-to-open
courts/default/documents/CFCC-04-13-LM-Q-A.pdf,pdfix-unable-to-open
courts/default/documents/IT-2020-64-RB-Attach-6-Payee-Data-Record-Std204.pdf,pdfix-unable-to-open
courts/default/documents/ecm-rfp-appk.pdf,pdfix-unable-to-open
courts/default/documents/CRS-SP-070-Cancellation-TCPJAC.pdf,pdfix-unable-to-open
courts/default/documents/CJER-2018-02-DM-Attachment-1-Administrative-Rules-Governing-RFPs-IT-Goods_Services.pdf,pdfix-unable-to-open
courts/default/documents/RFP-CFCC-2023-57-DM-ICWA-Podcasts.pdf,pdfix-unable-to-open
courts/default/documents/JBCP-2013-01-BR-GC-Pre-PreQ-Conference-Sign-In.pdf,pdfix-unable-to-open
courts/default/documents/CRS-SP-352-Attachment-2-JCC-Hotel-Agreement-Template.pdf,pdfix-unable-to-open
courts/default/documents/RFP-LSD-2021-100RB-Notice-of-Intent-to-Award.pdf,pdfix-unable-to-open
courts/default/documents/archrelsvccapproj-answers_0.pdf,pdfix-unable-to-open
courts/default/documents/realestaterfp_0.pdf,pdfix-unable-to-open
courts/default/documents/CFCC-CCW17-23RB-Attachment_9-Small_business_Declaration.pdf,pdfix-unable-to-open
courts/default/documents/conffacilserv-rfp-attachb_0.pdf,pdfix-unable-to-open
courts/default/documents/RFP-FS-2020-08-AL-Attachment-2-Standard-Terms-Conditions.pdf,pdfix-unable-to-open
courts/default/documents/IT-2018-05-LB-PUBLIC-OPENING-Notification.pdf,pdfix-unable-to-open
courts/default/documents/RFP-IT-2022-38-DM-QA.pdf,pdfix-unable-to-open
courts/default/documents/CRS-SP-043-Questions-and-Answers.pdf,pdfix-unable-to-open
courts/default/documents/formtrans-intent.pdf,pdfix-unable-to-open
courts/default/documents/CRS-SP-059-Attachment-7-Conflict-of-Interest-Certification-form.pdf,pdfix-unable-to-open
courts/default/documents/CRS-SP-320-Attachment-4-Darfur-Contracting-ACT.pdf,pdfix-unable-to-open
courts/default/documents/preconstsvc-rfp-attachb_1.pdf,pdfix-unable-to-open
courts/default/documents/susjustice-consult-rfp-attach2.pdf,pdfix-unable-to-open
courts/default/documents/repjuvdep_qa_0.pdf,pdfix-unable-to-open
courts/default/documents/RFQ-FS-SP-2019-02-JP-Attachment-6.pdf,pdfix-unable-to-open
courts/default/documents/elkins-rfp-att3_0.pdf,pdfix-unable-to-open
courts/default/documents/CRS-SP-271-Attachment-1-Admin-Rules-Non-IT-Services.pdf,pdfix-unable-to-open
courts/default/documents/RFP-APPELLATE-122118-WV-Attachment-4.pdf,pdfix-unable-to-open
courts/default/documents/CRSAU215-RFP-Hotel-BTB17.pdf,pdfix-unable-to-open
courts/default/documents/RFPFS202301MB-Attach-1-Administrative-Rules.pdf,pdfix-unable-to-open
courts/default/documents/RFPFS202204MB-Attach-9b-STD205-Payee-Supplement.pdf,pdfix-unable-to-open
courts/default/documents/CFCC-18-49-RB-RFP-Appendix-H.pdf,pdfix-unable-to-open
courts/default/documents/preconstruct-risk-los-banos-rfp-attach-b.pdf,pdfix-unable-to-open
courts/default/documents/dpmccpor-rfp-attd.pdf,pdfix-unable-to-open
courts/default/documents/CRS-PD-332-Attachment-1-Admin-Rules-Non-IT-Services_aji21.pdf,pdfix-unable-to-open
courts/default/documents/HRDRM-17-05-RBB-Attachment-10-DVBE-Declaration.pdf,pdfix-unable-to-open
courts/default/documents/evaljuryservideo-rfp_0.pdf,pdfix-unable-to-open
courts/default/documents/CRS-PD-200-Attachment-6-Conflict-of-Interest-Certification-form-CLI-2017.pdf,pdfix-unable-to-open
courts/default/documents/gcfmti-rfp-awardedfirms_0.pdf,pdfix-unable-to-open
courts/default/documents/OREFM-2014-01-JMG-RFP.pdf,pdfix-unable-to-open
courts/default/documents/LSS-18-48-RB-Attach-4-Gen-Certs.pdf,pdfix-unable-to-open
courts/default/documents/RFPFS202211MB-Attach-6-Darfur-Certification.pdf,pdfix-unable-to-open
courts/default/documents/ASU-TD-031-Attachment-1-Admin-Rules-Non-IT-Services.pdf,pdfix-unable-to-open
courts/default/documents/CRS-SP-072-Attachment-3-Vendors-Acceptance-of-the-RFPs-Contract-Terms.pdf,pdfix-unable-to-open
courts/default/documents/CRS-SP-066-Attachment-1-Admin-Rules-Non-IT-Services.pdf,pdfix-unable-to-open
courts/default/documents/tempserv-rfp_att_b_master_agreement_terms_0.pdf,pdfix-unable-to-open
courts/default/documents/insbrokesvcsrfp.pdf,pdfix-unable-to-open
courts/default/documents/REFM-2016-28-SM-Question-and-Answer-Form.pdf,pdfix-unable-to-open
courts/default/documents/CFCC-13-13-LM-Attachment-7-Payee-Data-Record-Form.pdf,pdfix-unable-to-open
courts/default/documents/CRS-SP-077-Attachment-3-Vendors-Acceptance-of-the-RFPs-Contract-Terms.pdf,pdfix-unable-to-open
courts/default/documents/CCFC-201501-JR-NOTICE-OF-INTENT-TO-AWARD.pdf,pdfix-unable-to-open
courts/default/documents/cfccwebdev-rfp-qa.pdf,pdfix-unable-to-open
courts/default/documents/dpmccpor-rfp-atta_0.pdf,pdfix-unable-to-open
courts/default/documents/CRS-EG-384-Attachment-2-JCC-Standard-terms-and-conditions.pdf,pdfix-unable-to-open
courts/default/documents/IFB-JCC-040618-WV.pdf,pdfix-unable-to-open
courts/default/documents/CRS-SP-344-RFP-Hotel-ROOM-BLOCK.pdf,pdfix-unable-to-open
courts/default/documents/CFCC_09-12-LMAttachment_6_-_Conflict_of_Interest_Certification_Form.pdf,pdfix-unable-to-open
courts/default/documents/ccjcrtc-rfp-attach2c_0.pdf,pdfix-unable-to-open
courts/default/documents/aoclanwanprojman-rfp-award.pdf,pdfix-unable-to-open
courts/default/documents/CPAS-201102-RB-Attachment-4-Vendor-Payee-Data.pdf,pdfix-unable-to-open
courts/default/documents/CRS-PD-210-Attachment-6-Conflict-of-Interest-Certification-form-AB1058-2017.pdf,pdfix-unable-to-open
courts/default/documents/rules-20231011-materials.pdf,pdfix-unable-to-open
courts/default/documents/CRS-EG-098-Attachment-2-AOC-Hotel-Agreement-Appellate.pdf,pdfix-unable-to-open
courts/default/documents/statetonerrfp_0.pdf,pdfix-unable-to-open
courts/default/documents/RFPFS202214MB-Request-For-Proposals.pdf,pdfix-unable-to-open
courts/default/documents/CRS-SP-136-Intent-to-Award.pdf,pdfix-unable-to-open
courts/default/documents/HR-2012-01-RB-HR-2012-01-RB-Attachment-1-Admin-Rules.pdf,pdfix-unable-to-open
courts/default/documents/RFQFS202205MB-Attach-9-Criteria-Documents_0.pdf,pdfix-unable-to-open
courts/default/documents/EDU-10-12-LM-Attachment-4-Vendor-Data-Record-Form.pdf,pdfix-unable-to-open
courts/default/documents/IFB-ISD-018267-AA-Attachment-7-Payee-Data-Record.pdf,pdfix-unable-to-open
courts/default/documents/precon-rfp-atth2_0.pdf,pdfix-unable-to-open
courts/default/documents/RFP-FS-2021-05-MB-ADDENDUM-1.pdf,pdfix-unable-to-open
courts/default/documents/conffacilserv-rfp-qna_0.pdf,pdfix-unable-to-open
courts/default/documents/CRS-EG-153-Notice-of-cancellation.pdf,pdfix-unable-to-open
courts/default/documents/tcworkmeth-rfp.pdf,pdfix-unable-to-open
courts/default/documents/CRS-EG-241-Attachment-1-Admin-Rules-Non-IT-Services.pdf,pdfix-unable-to-open
courts/default/documents/Notice-of-Intent-to-Award-HCRC-2021-01-AH.pdf,pdfix-unable-to-open
courts/default/documents/preconstruct-riskmanage-monterey-rfp-add4.pdf,pdfix-unable-to-open
courts/default/documents/ccmsrfp-atta.pdf,pdfix-unable-to-open
courts/default/documents/Attach-11-Iran-Contracting.pdf,pdfix-unable-to-open
courts/default/documents/RFP-2023-57-DM-Intent-To-Award.pdf,pdfix-unable-to-open
courts/default/documents/RFP-IT-2023-03-LP-Notice-of-Cancellation.pdf,pdfix-unable-to-open
courts/default/documents/CFCC-18-49-RB-RFP-Appendix-J.pdf,pdfix-unable-to-open
courts/default/documents/CFCC-2021-91RB-Attachment-4-General-Certifications.pdf,pdfix-unable-to-open
courts/default/documents/RFPFS202205MB-RFP-Attach-4-Proposal-Scoring.pdf,pdfix-unable-to-open
courts/default/documents/Attach-5-General-Certifications-Form_0.pdf,pdfix-unable-to-open
courts/default/documents/IT-2021-LB-Invitation-for-Bid.pdf,pdfix-unable-to-open
courts/default/documents/precon-porterville-rfq-intent.pdf,pdfix-unable-to-open
courts/default/documents/EDU-10-12-LM-Attachment-7-Conflict-Materials-Certification-Form.pdf,pdfix-unable-to-open
courts/default/documents/appcourtclass-rfp-add1_0.pdf,pdfix-unable-to-open
courts/default/documents/RFP-APPELLATE-122118-WV-Attachment-6.pdf,pdfix-unable-to-open
courts/default/documents/RFQFS202205MB-Attach-7-Conflict-of-Interest-Policy.pdf,pdfix-unable-to-open
courts/default/documents/CRS-PD-312-Attachment-1-Admin-Rules-Non-IT-Services-dv20.pdf,pdfix-unable-to-open
courts/default/documents/cscollsvcs-rfp-qna3.pdf,pdfix-unable-to-open
courts/default/documents/CFCC-2016-09-RBB-Attachment-1-Admin-Rules.pdf,pdfix-unable-to-open
courts/default/documents/CRS-SO060-RFP-Hotel-FULL-SERVICE_AJAI-2014.pdf,pdfix-unable-to-open
courts/default/documents/aersforscbrfp-intlist.pdf,pdfix-unable-to-open
courts/default/documents/CRS-PD-185-Attachment-1-Admin-Rules-Non-IT-Services-NJO.pdf,pdfix-unable-to-open
courts/default/documents/OREFM-2013-JMG-04-Legal-Agreement.pdf,pdfix-unable-to-open
courts/default/documents/repjuvdep-larfp-add3.pdf,pdfix-unable-to-open
courts/default/documents/RFP-FSO-2017-15-JR-Attachment-1-Specifications.pdf,pdfix-unable-to-open
courts/default/documents/CFCC-2020-67-RB-Attach-5-Darfur.pdf,pdfix-unable-to-open
courts/default/documents/5yearreview-rfp-add1_0.pdf,pdfix-unable-to-open
courts/default/documents/CFCC-2016-11-RBB-Attachment-2-Standard-Provisions.pdf,pdfix-unable-to-open
courts/default/documents/confplansvcs-rfp-atta_0.pdf,pdfix-unable-to-open
courts/default/documents/ASU-TD-028-Attachment-4-Darfur-Contracting-ACT-no-change-by-td.pdf,pdfix-unable-to-open
courts/default/documents/JBCP-2015-01-JT_Attachment-B_Hollywood-DB.pdf,pdfix-unable-to-open
courts/default/documents/CRS-PD-096-Intent-to-Award-EAC_October.pdf,pdfix-unable-to-open
courts/default/documents/testadmin-rfp-intent2.pdf,pdfix-unable-to-open
courts/default/documents/newlbcourt-rfq2-webcast.pdf,pdfix-unable-to-open
courts/default/documents/RFP-HR-2022-10-LV-Attachment-6-Payee-Data-Record-204.pdf,pdfix-unable-to-open
courts/default/documents/ASU-EG-020-Attachment-RFP-Hotel-ROOM-BLOCK-ONLY.pdf,pdfix-unable-to-open
courts/default/documents/CJER-122013-OSCS-CF-Attachment-1-Admin-Rules.pdf,pdfix-unable-to-open
courts/default/documents/CRS-AK-375-Attachment-3-Vendors-Acceptance-of-the-RFPs-Contract-Terms.pdf,pdfix-unable-to-open
courts/default/documents/CFCC-012414-ACDR-CF-Appendix-A-JCATS-Scrn-Shot.pdf,pdfix-unable-to-open
courts/default/documents/juvedumeds-rfp-attach1.pdf,pdfix-unable-to-open
courts/default/documents/precon-rfp-attd_0.pdf,pdfix-unable-to-open
courts/default/documents/3DCA-RFO-18-19-06-Attachment-3-Offerors-Acceptance-of-Terms-and-Conditions.pdf,pdfix-unable-to-open
courts/default/documents/juvdepctassess-rfp-intent.pdf,pdfix-unable-to-open
courts/default/documents/REFM-2016-14-RP-Attachment-2.pdf,pdfix-unable-to-open
courts/default/documents/hradd1_0.pdf,pdfix-unable-to-open
courts/default/documents/arceng-ccrfq-sf330_0.pdf,pdfix-unable-to-open
courts/default/documents/RFP-FS-SP-2019-03-JP-Notice-of-Cancellation.pdf,pdfix-unable-to-open
courts/default/documents/CFCC-201501-JR-Attachment-2.pdf,pdfix-unable-to-open
courts/default/documents/LSO-ADR-06-LM-RFP_FINAL.pdf,pdfix-unable-to-open
courts/default/documents/CFCC-22-124RB-RFP.pdf,pdfix-unable-to-open
courts/default/documents/CFCC-22-132RB-Attach-6-Payee-Data-Record.pdf,pdfix-unable-to-open
courts/default/documents/REFM-2016-23-RP-Addendum-1-Drawing-Metro.pdf,pdfix-unable-to-open
courts/default/documents/CRS-PD-326-Attachment-1-Admin-Rules-Non-IT-Services-paodvcoct20.pdf,pdfix-unable-to-open
courts/default/documents/IFB-BAP-22-126RB-Attach-10-DVBE-Declaration.pdf,pdfix-unable-to-open
courts/default/documents/IT-OPD-18-043-RB-Attachment-1-Administrative-Rules.pdf,pdfix-unable-to-open
courts/default/documents/RFP-FS-2022-10-XC-Answers-to-Submitted-Questions.pdf,pdfix-unable-to-open
courts/default/documents/CFCC-03-12-LM-Attachment-1-Administrative-Rules-Governing-RFPs.pdf,pdfix-unable-to-open
courts/default/documents/OGC-ADR-03-NN-Attachment-3-Vendors-Acceptance-of-the-RFPs-Contract-Terms.pdf,pdfix-unable-to-open
courts/default/documents/IFB-IT-2023-10-SB-ADDENDUM-1.pdf,pdfix-unable-to-open
courts/default/documents/CFCC-18-49-RB-RFP-Attach-7-Unruh.pdf,pdfix-unable-to-open
courts/default/documents/CRS-PD-228-RFP-Hotel-FULL-SERVICE-ajai18.pdf,pdfix-unable-to-open
courts/default/documents/TCAS-SAPC-2016-01-ML-Public-Opening-Cost-Proposals.pdf,pdfix-unable-to-open
courts/default/documents/adagency-rfp_0.pdf,pdfix-unable-to-open
courts/default/documents/CRS-PD-262-Attachment-4-Darfur-Contracting-ACT-flsh18.pdf,pdfix-unable-to-open
courts/default/documents/CFCC-2016-08-LV-Attachment-2.pdf,pdfix-unable-to-open
courts/default/documents/CRS-SP-349-Attachment-2-JCC-Hotel-Agreement-Template.pdf,pdfix-unable-to-open
courts/default/documents/LSO-09-13-LM-_Attachment-3-Proposers-Acceptance-of-T-Cs.pdf,pdfix-unable-to-open
courts/default/documents/CJER-030614-OSCSF-CF-RFP.pdf,pdfix-unable-to-open
courts/default/documents/IT-072414-WXRP-CF_Attachment-1-Administrative-Rules.pdf,pdfix-unable-to-open
courts/default/documents/RFPFS202205MB-RFP-Attach-6-Certifications.pdf,pdfix-unable-to-open
courts/default/documents/RFPFS202205MB-EIR_Addendum.pdf,pdfix-unable-to-open
courts/default/documents/BAP-2022-07-SB-QA.pdf,pdfix-unable-to-open
courts/default/documents/REFM-2014-03-BR-Addendum-2-Schedule-of-Events.pdf,pdfix-unable-to-open
courts/default/documents/appraiserrfp-1_0.pdf,pdfix-unable-to-open
courts/default/documents/familyfunding-toolkit-rfp-list.pdf,pdfix-unable-to-open
courts/default/documents/RFP-FS-2018-02-JP-Security-Systems-Evaluation.pdf,pdfix-unable-to-open
courts/default/documents/RFP-Appellate-042216-HS-Attachment-7.pdf,pdfix-unable-to-open
courts/default/documents/CRS-PD-251-Attachment-3-Vendors-Acceptance-of-the-RFPs-Contract-Terms-ab105818.pdf,pdfix-unable-to-open
courts/default/documents/payrollattc.pdf,pdfix-unable-to-open
courts/default/documents/sharedservterms.pdf,pdfix-unable-to-open
courts/default/documents/ASU-EG024-Attachment-6-Form-for-Submission-of-Cost-Proposal-FULL-SERVICE.pdf,pdfix-unable-to-open
courts/default/documents/RFP-CFCC23-159RB-Attach-3-Accept-TCs.pdf,pdfix-unable-to-open
courts/default/documents/CRS-EG-313-Attachment-Notice-of-cancellation-March-EAC.pdf,pdfix-unable-to-open
courts/default/documents/adminctintexam-rfp-awarda.pdf,pdfix-unable-to-open
courts/default/documents/insreq.pdf,pdfix-unable-to-open
courts/default/documents/CRS-PD-216-Attachment-3-Vendors-Acceptance-of-the-RFPs-Contract-Terms-PAODVC.pdf,pdfix-unable-to-open
courts/default/documents/photoserv-rfq-intent-10060301_0.pdf,pdfix-unable-to-open
courts/default/documents/OS-20150901-ASTROPHYSICS-JR-ATTACHMENT-7.pdf,pdfix-unable-to-open
courts/default/documents/aersforscbrfp-orange.pdf,pdfix-unable-to-open
courts/default/documents/CRS-SP-293-Cancelation.pdf,pdfix-unable-to-open
courts/default/documents/construct-riskdesign-sanjosefamcenter-rfq-attachf.pdf,pdfix-unable-to-open
courts/default/documents/evaljuryservideo-intent_0.pdf,pdfix-unable-to-open
courts/default/documents/CRS-EG040-Intent-to-Award.pdf,pdfix-unable-to-open
courts/default/documents/cdupmcjcp-rfp.pdf,pdfix-unable-to-open
courts/default/documents/4-2-RFP-13-14-01GW-Attachment-5-Payee-Data-Record.pdf,pdfix-unable-to-open
courts/default/documents/elkins-rfp-att1_0.pdf,pdfix-unable-to-open
courts/default/documents/sseaocform001-01_0.pdf,pdfix-unable-to-open
courts/default/documents/juvdepatta.pdf,pdfix-unable-to-open
courts/default/documents/scanning-reprographic-rfp.pdf,pdfix-unable-to-open
courts/default/documents/preconstruct-riskmanage-fresnorev-rfp-attachb.pdf,pdfix-unable-to-open
courts/default/documents/CRS-SP-419-Intent-to-Award.pdf,pdfix-unable-to-open
courts/default/documents/CRS-PD-113-Attachment-3-Vendors-Acceptance-of-the-RFPs-Contract-Terms.pdf,pdfix-unable-to-open
courts/default/documents/statewide-armoredcar-rfp-attach2.pdf,pdfix-unable-to-open
courts/default/documents/CRS-EG-355-Attachment-1-Admin-Rules-Non-IT-Services.pdf,pdfix-unable-to-open
courts/default/documents/CRS-TD-034-Attachment-7-Conflict-of-Interest-Certification-form.pdf,pdfix-unable-to-open
courts/default/documents/CFCC-2016-15-RBB-RFP.pdf,pdfix-unable-to-open
courts/default/documents/tibco-dataint-rfp.pdf,pdfix-unable-to-open
courts/default/documents/CRS-SP-360-Attachment-4-Darfur-Contracting-ACT.pdf,pdfix-unable-to-open
courts/default/documents/CRS-EG-365-Attachment-2-JCC-Standard-terms-and-conditions.pdf,pdfix-unable-to-open
courts/default/documents/repjuvdeprfp.pdf,pdfix-unable-to-open
courts/default/documents/IT-072414-WXRP-CF_Attachment-4-Certifictions-Form.pdf,pdfix-unable-to-open
courts/default/documents/CRS-PD-150-Attachment-RFP-Hotel-ROOM-BLOCK.pdf,pdfix-unable-to-open
courts/default/documents/IT-2023-46-DM-RFP-Managed-Services-for-IT-Ops.pdf,pdfix-unable-to-open
courts/default/documents/jbsis-notice-agenda-092923.pdf,pdfix-unable-to-open
courts/default/documents/ccmsrfp-add1.pdf,pdfix-unable-to-open
courts/default/documents/OREFM-2013-JMG-04-Q-A.pdf,pdfix-unable-to-open
courts/default/documents/techstaff-augment-rfp-attachf4.pdf,pdfix-unable-to-open
courts/default/documents/preconstruct-riskmanage-kings-rfp-attachg.pdf,pdfix-unable-to-open
courts/default/documents/RFP-FS-2023-14-MY-Attachment-7-STD-Form-330.pdf,pdfix-unable-to-open
courts/default/documents/SAPC_2013-01-JMG-Scoring-Sheet-for-Cost-and-Final-Scores.pdf,pdfix-unable-to-open
courts/default/documents/37-I1-JCC-Site-Drawing-2023-09-28-v2.pdf,pdfix-unable-to-open
courts/default/documents/CRS-PD-248-Attachment-6-Conflict-of-Interest-Certification-form-IMT18.pdf,pdfix-unable-to-open
courts/default/documents/CFCC-2016-12-RBB-Attachment-3-Acceptance-of-TCs.pdf,pdfix-unable-to-open
courts/default/documents/CRS-AU-044-Questions-Answers.pdf,pdfix-unable-to-open
courts/default/documents/CRS-SP-318-Attachment-6-Conflict-of-Interest-Certification-form.pdf,pdfix-unable-to-open
courts/default/documents/ASU-TD-012-LM-Attachment-7-Conflict-of-Interest-Certification-Form.pdf,pdfix-unable-to-open
courts/default/documents/RFP-FS-2021-20-JP-Attachment-10-Iran-Contracting-Act.pdf,pdfix-unable-to-open
courts/default/documents/RFPFS202125AL-Attach-7-Darfur-Cert.pdf,pdfix-unable-to-open
courts/default/documents/CFCC-2016-06-RBB-Attachment-6-Payee-Data-Record.pdf,pdfix-unable-to-open
courts/default/documents/JBCP-2016-03-JT-Addendum-2-rfp-modification.pdf,pdfix-unable-to-open
courts/default/documents/TCAS-2022-04-AJ-Attachment-8-Iran-Contracting-Act-Certification.pdf,pdfix-unable-to-open
courts/default/documents/repjuvdep-larfp.pdf,pdfix-unable-to-open
courts/default/documents/evalcivinst-rfp.pdf,pdfix-unable-to-open
courts/default/documents/RFP-FS-2021-18-AL-RFP.pdf,pdfix-unable-to-open
courts/default/documents/CRS-AK-423-Attachment-1-Admin-Rules-Non-IT-Services.pdf,pdfix-unable-to-open
courts/default/documents/preconstsvc-rfp-add2.pdf,pdfix-unable-to-open
courts/default/documents/CRS-SP-337-Attachment-2-JCC-Hotel-Agreement-Template.pdf,pdfix-unable-to-open
courts/default/documents/cscollsvcs-rfp-add1.pdf,pdfix-unable-to-open
courts/default/documents/RFP-JCC-2023-11-SB_Attachment-6B_STD205.pdf,pdfix-unable-to-open
courts/default/documents/CRS-SP-299-Attachment-4-Darfur-Contracting-ACT.pdf,pdfix-unable-to-open
courts/default/documents/CRS-SP-219-Attachment-6-Conflict-of-Interest-Certification-form.pdf,pdfix-unable-to-open
courts/default/documents/CRS-PD-205-Attachment-4-Darfur-Contracting-ACT-CACCA.pdf,pdfix-unable-to-open
courts/default/documents/docmanage-statewide-rfp-attach4.pdf,pdfix-unable-to-open
courts/default/documents/IT-DMS-2016-01-MDS-Appendix-F-bidder-library.pdf,pdfix-unable-to-open
courts/default/documents/CRS-PD-307-RFP-Hotel-FULL-SERVICE-9-30_pjceo20.pdf,pdfix-unable-to-open
courts/default/documents/offpubjuryinst-rfp_0.pdf,pdfix-unable-to-open
courts/default/documents/titleescrow-rfp-questions.pdf,pdfix-unable-to-open
courts/default/documents/CFCC-031814-LCDR-CF_Att-7_Certifications.pdf,pdfix-unable-to-open
courts/default/documents/CRS-AK-385-Intent-to-Award.pdf,pdfix-unable-to-open
courts/default/documents/pubprivpart-rfp-attd.pdf,pdfix-unable-to-open
courts/default/documents/tempserv-rfp_att_e_pricing_form_0.pdf,pdfix-unable-to-open
courts/default/documents/RFP-FS-2020-06-DF-Attach-I-DVBE-Bidder-Cert.pdf,pdfix-unable-to-open
courts/default/documents/transition-ccmsv3-rfp-intent.pdf,pdfix-unable-to-open
courts/default/documents/EDU-10-12-LM-Appendix-A-Cost-Proposal-Pricing-Form.pdf,pdfix-unable-to-open
courts/default/documents/IT-2019-60-RB-RFP-A6-Darfur.pdf,pdfix-unable-to-open
courts/default/documents/bpr-rfp-att_a_admin_rules_0.pdf,pdfix-unable-to-open
courts/default/documents/RFP-FS-2021-19-AL-Addendum-02.pdf,pdfix-unable-to-open
courts/default/documents/5yearreview-rfp-qna.pdf,pdfix-unable-to-open
courts/default/documents/facility-opmod-rfp-allocmatrix.pdf,pdfix-unable-to-open
courts/default/documents/HR-LV-112015-Attachment-4-General-Certification.pdf,pdfix-unable-to-open
courts/default/documents/CRS-EG040-Attachment-1-Admin-Rules-Non-IT-Services.pdf,pdfix-unable-to-open
courts/default/documents/CRS-SP-425-Attachment-2-Hotel-Agreement-Template.pdf,pdfix-unable-to-open
courts/default/documents/CRS-SP-184-Attachment-RFP-Hotel-MULTIPLE-AWARDS.pdf,pdfix-unable-to-open
courts/default/documents/CRS-SP-366-Attachment-2-JCC-Hotel-Agreement-Template.pdf,pdfix-unable-to-open
courts/default/documents/FS-2019-11-BD-RFP-Addendum-1.pdf,pdfix-unable-to-open
courts/default/documents/preconstruct-riskmanage-fresnorev-rfp-shortlist.pdf,pdfix-unable-to-open
courts/default/documents/creldabuseneeds-rfp-intent.pdf,pdfix-unable-to-open
courts/default/documents/refmsdis-rfp-add3_0.pdf,pdfix-unable-to-open
courts/default/documents/CRS-PD-321-Attachment-1-Admin-Rules-Non-IT-Services-dv20.pdf,pdfix-unable-to-open
courts/default/documents/CRS-SP-043-Attachment-2-AOC-Hotel-Agreement-Template.pdf,pdfix-unable-to-open
courts/default/documents/tibco-dataint-rfp-qna.pdf,pdfix-unable-to-open
courts/default/documents/CFCC-2022-11-LV-Attachment-7-Payee-Data-Record-205.pdf,pdfix-unable-to-open
courts/default/documents/icwa-curriculumdev-rfp-qna.pdf,pdfix-unable-to-open
courts/default/documents/4-2-13-14-07-LM-RFP.pdf,pdfix-unable-to-open
courts/default/documents/IT-2018-42-RB-Attachment-7-DVBE-Bidder-Declaration.pdf,pdfix-unable-to-open
courts/default/documents/CFCC-032514-PCDR-CF-Appendix-A-Screen-Shots.pdf,pdfix-unable-to-open
courts/default/documents/CRS-EG-314-NJO_Intent-to-Award_Sir_Francis_Drake_Updated.pdf,pdfix-unable-to-open
courts/default/documents/RFP-SC-91323-MS-Attachment-5-Darfur-Contract-Act.pdf,pdfix-unable-to-open
courts/default/documents/CRS-PD-220-Attachment-3-Vendors-Acceptance-of-the-RFPs-Contract-Terms-febpaoceqa18.pdf,pdfix-unable-to-open
courts/default/documents/TCAS-2021-02-AJ-Human-Capital-Management-Questions-And-Answers.pdf,pdfix-unable-to-open
courts/default/documents/CFCC-2019-09-LV-Attachment-9-Bidder-Declaration.pdf,pdfix-unable-to-open
courts/default/documents/CRS-AU-099-Attachment-2-AOC-Hotel-Agreement-AB-1058.pdf,pdfix-unable-to-open
courts/default/documents/MAPS-2015-04-PS-Intent-to-Award.pdf,pdfix-unable-to-open
courts/default/documents/CFCC-10-11-LM-Attachment-5-Darfur-Contracting-Certification.pdf,pdfix-unable-to-open
courts/default/documents/CR-2019-04-LV-Attach-3-Acceptance-Terms-Conditions.pdf,pdfix-unable-to-open
courts/default/documents/CRS-SP-363-Intent-to-Award.pdf,pdfix-unable-to-open
courts/default/documents/RFP-HR-2021-29-DM-Attachment-1-Administrative-Rules-Governing-RFPs-Non-IT-Services.pdf,pdfix-unable-to-open
courts/default/documents/dataexchange-juvprogram-rfp-attach2.pdf,pdfix-unable-to-open
courts/default/documents/ASU-EG019-Attachment-4-Darfur-Contracting-ACT.pdf,pdfix-unable-to-open
courts/default/documents/CRS-PD-228-Cancellation-Notice-ajai18.pdf,pdfix-unable-to-open
courts/default/documents/COS-ODP-201604-PSK-Attachment-11.pdf,pdfix-unable-to-open
courts/default/documents/facconpp-rfp-vdf.pdf,pdfix-unable-to-open
courts/default/documents/CFCC-032514-PCDR-CF-Attachment-4-Scope-of-Services.pdf,pdfix-unable-to-open
courts/default/documents/basissap-rfp-attach4.pdf,pdfix-unable-to-open
courts/default/documents/archrelsvccapproj-rfq-qq_0.pdf,pdfix-unable-to-open
courts/default/documents/RFP-CFCC-2012-01-RB-Attachment-4-Scope-of-Services.pdf,pdfix-unable-to-open
courts/default/documents/RFP-REFM-SC-AV-Streaming-2016-61-JP-Questions-and-Answers.pdf,pdfix-unable-to-open
courts/default/documents/icwa-curriculum-rfp-attach1.pdf,pdfix-unable-to-open
courts/default/documents/youthpeer2009-rfp-qa_0.pdf,pdfix-unable-to-open
courts/default/documents/RFP-Appellate-042216-HS.pdf,pdfix-unable-to-open
courts/default/documents/COS-VRILAP-MDS-080816-attachment-14.pdf,pdfix-unable-to-open
courts/default/documents/IT-DMS-2016-01-MDS-Enterprise-DMS-Addendum-1.pdf,pdfix-unable-to-open
courts/default/documents/rfp-cfcc-nacjp-qna_0.pdf,pdfix-unable-to-open
courts/default/documents/hollister-rfq-attachg.pdf,pdfix-unable-to-open
courts/default/documents/CRS-SP-184-Attachment-3-Vendors-Acceptance-of-the-RFPs-Contract-Terms.pdf,pdfix-unable-to-open
courts/default/documents/CRS-PD-312-Attachment-4-Darfur-Contracting-ACT_dv20.pdf,pdfix-unable-to-open
courts/default/documents/RFP-FS-2021-17-AL-Attach-01-Admin-Rules.pdf,pdfix-unable-to-open
courts/default/documents/A1-RFP-Rules.pdf,pdfix-unable-to-open
courts/default/documents/HRSO-04-13-SS-Attachment-2-Agreement-Terms-and-Conditions.pdf,pdfix-unable-to-open
courts/default/documents/precon-rfp-revised_addendum2_0.pdf,pdfix-unable-to-open
courts/default/documents/JBCP-2014-06-BR-New-CMR-Lakeport-Final.pdf,pdfix-unable-to-open
courts/default/documents/costest-rfp-stdform_0.pdf,pdfix-unable-to-open
courts/default/documents/CRS-SP-214-Intent-to-Award.pdf,pdfix-unable-to-open
courts/default/documents/1DCA-19-54-RB-Attach-9-DVBE-Declaration.pdf,pdfix-unable-to-open
courts/default/documents/guidecaserfp.pdf,pdfix-unable-to-open
courts/default/documents/CRS-EG-408-Attachment-2-JCC-Hotel-Agreement.pdf,pdfix-unable-to-open
courts/default/documents/CFCC-2016-16-RBB-Attachment-1-Admin-Rules.pdf,pdfix-unable-to-open
courts/default/documents/TCAS-2020-01-BH-Attachment-2-Terms-and-Conditions-Addendum-3.pdf,pdfix-unable-to-open
courts/default/documents/CRS-SP-131-Attachment-1-Admin-Rules-Non-IT-Services.pdf,pdfix-unable-to-open
courts/default/documents/LSD-2017-36-RB-Attachment-8-DVBE-Bidder-Declaration.pdf,pdfix-unable-to-open
courts/default/documents/ecm-rfp-att4_0.pdf,pdfix-unable-to-open
courts/default/documents/qamtccpor-rfp-cancel_0.pdf,pdfix-unable-to-open
courts/default/documents/titleinsurance-escrowservice-rfp-attachb.pdf,pdfix-unable-to-open
courts/default/documents/RFQFS202205MB-Attach-8-Sample-Agreement_0.pdf,pdfix-unable-to-open
courts/default/documents/CFCC-2018-04-RFP-2018-CA-Veterans-Summit.pdf,pdfix-unable-to-open
courts/default/documents/CRS-SP-400-Intent-to-Award.pdf,pdfix-unable-to-open
courts/default/documents/IT-2022-44-DM-QA.pdf,pdfix-unable-to-open
courts/default/documents/environ-management-rfq-qna.pdf,pdfix-unable-to-open
courts/default/documents/juvdepatta_0.pdf,pdfix-unable-to-open
courts/default/documents/CRS-SP-116-Attachment-3-Vendors-Acceptance-of-the-RFPs-Contract-Terms.pdf,pdfix-unable-to-open
courts/default/documents/RFP-FSO-IDIQ-SPRS-2017-03-JP.pdf,pdfix-unable-to-open
courts/default/documents/CFCC-2023-61-DM-Attachment-1-Administrative-Rules.pdf,pdfix-unable-to-open
courts/default/documents/JBCP-2016-07-CP-Attachment-1.pdf,pdfix-unable-to-open
courts/default/documents/famjuv-20231218-notice.agenda.pdf,pdfix-unable-to-open
courts/default/documents/ASU-EG-020-Attachment-3-Vendors-Acceptance.pdf,pdfix-unable-to-open
courts/default/documents/emprecruit-rfp-add2_0.pdf,pdfix-unable-to-open
courts/default/documents/RFP-CFCC22-119RB-A2-Standard-Agreement.pdf,pdfix-unable-to-open
courts/default/documents/IT-2019-61-RB-PO_TCs.pdf,pdfix-unable-to-open
courts/default/documents/crs-eg-122-Attachment-2-AOC-Hotel-Agreement-Template_Room-Block-Only_Master-Account.pdf,pdfix-unable-to-open
courts/default/documents/RFP-FS-2022-07-JP-Attachment-F-Darfur-Certification.pdf,pdfix-unable-to-open
courts/default/documents/guidejuvdelperf-rfp-attach1.pdf,pdfix-unable-to-open
courts/default/documents/testauditrfp-atte_0.pdf,pdfix-unable-to-open
courts/default/documents/CRS-PD-085-Attachment-1-Admin-Rules.pdf,pdfix-unable-to-open
courts/default/documents/bsadocman-rfp-add1_0.pdf,pdfix-unable-to-open
courts/default/documents/CRS-EG-103-RFP-Hotel-ROOM-BLOCK.pdf,pdfix-unable-to-open
courts/default/documents/jcforms-rfp.pdf,pdfix-unable-to-open
courts/default/documents/FS-2018-19-RP-Response-to-Questions.pdf,pdfix-unable-to-open
courts/default/documents/4-2-RFP-12-13-04CK-RFP-Janitorial-Services.pdf,pdfix-unable-to-open
courts/default/documents/RFP-FS-2021-19-AL-IntentToAward.pdf,pdfix-unable-to-open
courts/default/documents/cbsfcdcs-rfp-att5_0.pdf,pdfix-unable-to-open
courts/default/documents/dependrep-santabarb-rfp.pdf,pdfix-unable-to-open
courts/default/documents/CRS-SP-327-RFP-Revision-1-Hotel-ROOM-BLOCK.pdf,pdfix-unable-to-open
courts/default/documents/RFPFS202125AL-Attach-16-Criteria-Document-draft-220304.pdf,pdfix-unable-to-open
courts/default/documents/ccjcrtc-rfp-attach1.pdf,pdfix-unable-to-open
courts/default/documents/CRS-EG-168-Attachment-1-Admin-Rules-Non-IT-Services.pdf,pdfix-unable-to-open
courts/default/documents/CRSEG127-Attachment-1-Admin-Rules-Non-IT-Services.pdf,pdfix-unable-to-open
courts/default/documents/CFCC-2022-11-LV-Attachment-9-DVBE-Declaration.pdf,pdfix-unable-to-open
courts/default/documents/CRS-LK-413-Attachment-1-Admin-Rules-Non-IT-Services.pdf,pdfix-unable-to-open
courts/default/documents/CFCC-2020-68-RB-RFP-Attach-5-std204.pdf,pdfix-unable-to-open
courts/default/documents/REFM-2016-02-JT-Addendum-4.pdf,pdfix-unable-to-open
courts/default/documents/RFP-FS-2021-20-JP-Revised-5-18-23-Questions-Due-5-23-23.pdf,pdfix-unable-to-open
courts/default/documents/CFCC-2016-15-RBB-Attachment-6-Payee-Data-Record.pdf,pdfix-unable-to-open
courts/default/documents/RFP-FS-2021-20-JP-Attachment-7-Small-Business-Declaration.pdf,pdfix-unable-to-open
courts/default/documents/CMAS_agreement.pdf,pdfix-unable-to-open
courts/default/documents/RFP-FS-2021-13-AL-Exhibit-B-2019-PrioritizationReport-202001.pdf,pdfix-unable-to-open
courts/default/documents/RFP-ISD-06192012-SLO_Attachment-10_Training-Requirements.pdf,pdfix-unable-to-open
courts/default/documents/OGC-ADR-01A-LM-Table-of-Contents.pdf,pdfix-unable-to-open
courts/default/documents/statebasedcs-rfp-att2.pdf,pdfix-unable-to-open
courts/default/documents/cmar-indioconstruct-rfp-attachb.pdf,pdfix-unable-to-open
courts/default/documents/RFQFS202205MB-Attach-8-Sample-Agreement.pdf,pdfix-unable-to-open
courts/default/documents/TCAS-2017-06-MS-Questions-and-Answers.pdf,pdfix-unable-to-open
courts/default/documents/TCAS-2021-03-AJ-Payroll-Services-RFP-Addendum-1.pdf,pdfix-unable-to-open
courts/default/documents/FSO-LA-Metro-Elevator-2017-11-JP-Notice-of-Intent-to-Award.pdf,pdfix-unable-to-open
courts/default/documents/RFP-Hotel-ROOM-BLOCK-CRS-AK-402.pdf,pdfix-unable-to-open
courts/default/documents/COS-ODP-201604-PSK-Attachment-8.pdf,pdfix-unable-to-open
courts/default/documents/CRS-PD-101-Attachment-6-Conflict-of-Interest-Certification-form.pdf,pdfix-unable-to-open
courts/default/documents/CRS-SP-263-RFP-Hotel-FULL-SERVICE.pdf,pdfix-unable-to-open
courts/default/documents/JBCP-2016-03-JT-Notice-of-Intent-to-Award.pdf,pdfix-unable-to-open
courts/default/documents/CPAS-201101-RB-Addendum-3-Attachment-2-Terms-and-Conditions.pdf,pdfix-unable-to-open
courts/default/documents/FS-2018-15-RP-Attach-2-Standard-Agreement.pdf,pdfix-unable-to-open
courts/default/documents/environ-qualact-rfq-qna.pdf,pdfix-unable-to-open
courts/default/documents/RFP-FS-2023-09-XC_NoticeOfIntentToAward.pdf,pdfix-unable-to-open
courts/default/documents/bsadocman-rfp-attach4.pdf,pdfix-unable-to-open
courts/default/documents/LSO-ADR-06-LM-Attachment-2-Contract-Terms-Conditions.pdf,pdfix-unable-to-open
courts/default/documents/formtrans_att_e_contract_exceptions_form.pdf,pdfix-unable-to-open
courts/default/documents/workcomptpa-rfp-appii_a.pdf,pdfix-unable-to-open
courts/default/documents/CFCC-012414-ACDR-CF-Notice-of-Cancellation.pdf,pdfix-unable-to-open
courts/default/documents/bsadocman-rfp.pdf,pdfix-unable-to-open
courts/default/documents/CFCC-1403-RB-Del-Norte-Dependency-Representation-Notice-of-Cancellation.pdf,pdfix-unable-to-open
courts/default/documents/CFCC-02-16-LV-QA.pdf,pdfix-unable-to-open
courts/default/documents/CRS-EG-135-Attachment-RFP-Hotel-ROOM-BLOCK.pdf,pdfix-unable-to-open
courts/default/documents/RFP-FS-2023-06-JP-Addendum-2-12-22-23.pdf,pdfix-unable-to-open
courts/default/documents/appcourtclass-rfp-intent_0.pdf,pdfix-unable-to-open
courts/default/documents/sdmanager-cms-rfp-attach4.pdf,pdfix-unable-to-open
courts/default/documents/FSO-CMS-2018-10-JP-Notice-of-Intent-to-Award.pdf,pdfix-unable-to-open
courts/default/documents/RFPFS202124AL-Appendix-A-Admin-Rules.pdf,pdfix-unable-to-open
courts/default/documents/CFCC-032514-PCDR-CF-Attachment-11-Webinar-Slides.pdf,pdfix-unable-to-open
courts/default/documents/CRS-SP-136-Attachment-RFP-Hotel.pdf,pdfix-unable-to-open
courts/default/documents/TCAS-2022-04-AJ-Attachment-1-Administrative-Rules.pdf,pdfix-unable-to-open
courts/default/documents/ASU-TD-027-Attachment-3-Vendors-Acceptance-of-the-RFPs-Contract-Terms-no-change-by-td.pdf,pdfix-unable-to-open
courts/default/documents/CRS-PD-329-RFP-Hotel-ROOM-BLOCK-pjpi.pdf,pdfix-unable-to-open
courts/default/documents/CRS-EG-211-Attachment-RFP-Hotel-FULL-SERVICE.pdf,pdfix-unable-to-open
courts/default/documents/CRS-PD-267-Attachment-2-JCC-Hotel-Agreement-Template-janpao19.pdf,pdfix-unable-to-open
courts/default/documents/FS-2021-Attachment-13-DVBE-Bidder-Declaration.pdf,pdfix-unable-to-open
courts/default/documents/CRS-TD-033Attachment_6_Form_for_Submission_of_Cost_Proposal_FULL_SERVICE.pdf,pdfix-unable-to-open
courts/default/documents/datacomm-projectmanagement-rfp-qna.pdf,pdfix-unable-to-open
courts/default/documents/guidejuvdelperf-rfp-qna.pdf,pdfix-unable-to-open
courts/default/documents/susjustice-consult-rfp-qna.pdf,pdfix-unable-to-open
courts/default/documents/manprocfair-rfp-atta_0.pdf,pdfix-unable-to-open
courts/default/documents/phoenix-rfp-section8_0.pdf,pdfix-unable-to-open
courts/default/documents/crs-eg-122-Attachment-RFP-Hotel-ROOM-BLOCK_updated.pdf,pdfix-unable-to-open
courts/default/documents/ASU-EG-026-Attachment-1-Admin-Rules-Non-IT-Services.pdf,pdfix-unable-to-open
courts/default/documents/COSSO-2018-01-Language-Access-in-the-CA-Courts-PSK-intent-to-award.pdf,pdfix-unable-to-open
courts/default/documents/CFCC-201701-ML-RFI.pdf,pdfix-unable-to-open
courts/default/documents/adminctintexam-rfp-attc_0.pdf,pdfix-unable-to-open
courts/default/documents/cctaprfp_0.pdf,pdfix-unable-to-open
courts/default/documents/RFP-FS-2021-19-AL-Attach-8A-Payee-Data-Record-Form.pdf,pdfix-unable-to-open
courts/default/documents/FSO-2018-23-JR-Attachment-F-Payee-Data-Record.pdf,pdfix-unable-to-open
courts/default/documents/CRS-PD-336-Intent-to-Award-sept_nov_westinstfrancis.pdf,pdfix-unable-to-open
courts/default/documents/ccms-rfp-add1_0.pdf,pdfix-unable-to-open
courts/default/documents/qamtccpor-rfp-attach4.pdf,pdfix-unable-to-open
courts/default/documents/LSD-2017-36-RB-Intent-to-Award.pdf,pdfix-unable-to-open
courts/default/documents/cscscodappdrev1_0.pdf,pdfix-unable-to-open
courts/default/documents/OGC-ADR-03-NN-RFP.pdf,pdfix-unable-to-open
courts/default/documents/bsadocman-rfp-list.pdf,pdfix-unable-to-open
courts/default/documents/CFCC_09-12-LMAttachment_10_-_RFP_Response_Template.pdf,pdfix-unable-to-open
courts/default/documents/cseaocform001-01.pdf,pdfix-unable-to-open
courts/default/documents/4-2-RFP-12-13-03CK-RFP-Landscaping.pdf,pdfix-unable-to-open
courts/default/documents/conffacilserv-rfp-attachd.pdf,pdfix-unable-to-open
courts/default/documents/TCAS-2018-01-BH-Notice-of-Intent-to-Award.pdf,pdfix-unable-to-open
courts/default/documents/TCAS-2022-04-AJ-Attachment-9-Unruh-Civil-Rights-Act-and-FEHA-Certification.pdf,pdfix-unable-to-open
courts/default/documents/CRS-SP-271-Attachment-6-Conflict-of-Interest-Certification-form.pdf,pdfix-unable-to-open
courts/default/documents/COS-ODP-201604-PSK-Attachment-9.pdf,pdfix-unable-to-open
courts/default/documents/cscscodrfp.pdf,pdfix-unable-to-open
courts/default/documents/oracqna.pdf,pdfix-unable-to-open
courts/default/documents/CRS-PD-085-Attachment-3-Vendors-Acceptance-of-the-RFPs-Contract-Terms.pdf,pdfix-unable-to-open
courts/default/documents/RFP-FS-2021-13-AL-Exhibit-A-DistrictMap2021.pdf,pdfix-unable-to-open
courts/default/documents/cmar-indioconstruct-rfp-attachc.pdf,pdfix-unable-to-open
courts/default/documents/statebasedcs-rfp-att3.pdf,pdfix-unable-to-open
courts/default/documents/CRS-PD-212-Intent-to-Award.pdf,pdfix-unable-to-open
courts/default/documents/RFP-FSO-IDIQ-SPRS-2017-03-JP-Answers-to-Questions.pdf,pdfix-unable-to-open
courts/default/documents/CRSEG186-Attachment-RFP-Hotel-FULL-SERVICE.pdf,pdfix-unable-to-open
courts/default/documents/RFPFS202215KO-Attach-L-DVBEDeclaration.pdf,pdfix-unable-to-open
courts/default/documents/CRS-SP-370-Attachment-6-Conflict-of-Interest-Certification-form.pdf,pdfix-unable-to-open
courts/default/documents/dcqual-rfp-add1.pdf,pdfix-unable-to-open
courts/default/documents/CRS-SP049-RFP-Hotel-ROOM-BLOCK-ONLY.pdf,pdfix-unable-to-open
courts/default/documents/offpubjuryinst-rfp.pdf,pdfix-unable-to-open
courts/default/documents/FS-2018-15-RP-Attach-3-Acceptance-Terms-Conditions.pdf,pdfix-unable-to-open
courts/default/documents/CRS-SP-196-Cancellation-Notice.pdf,pdfix-unable-to-open
courts/default/documents/offsuprfp-add1.pdf,pdfix-unable-to-open
courts/default/documents/TCAS-2021-03-AJ-Payroll-Services-Questions-And-Answers.pdf,pdfix-unable-to-open
courts/default/documents/4-12-Kings-Notice_of_intent_award.pdf,pdfix-unable-to-open
courts/default/documents/eniaconsult-rfp-attach1_0.pdf,pdfix-unable-to-open
courts/default/documents/RFP-HR-201101-GW-Executive-Search-Services-Attachment-B-final.pdf,pdfix-unable-to-open
courts/default/documents/REFM-2016-02-JT-Addendum-5.pdf,pdfix-unable-to-open
courts/default/documents/FIN-201505-ML-QA-FY-2013-14-reconciliation-of-Net-OPEB-Obligation.pdf,pdfix-unable-to-open
courts/default/documents/OAS-2018-06-CD-RFP-On-Site-Catering-San-Francisco.pdf,pdfix-unable-to-open
courts/default/documents/ASU-AU-006-LM-Attachment-1-Administrative-Rules-Governing-RFPs.pdf,pdfix-unable-to-open
courts/default/documents/CRS-SP-388-Intent-to-Award.pdf,pdfix-unable-to-open
courts/default/documents/Judicial-Council-FY2017-18-GASB-75-summary.pdf,pdfix-unable-to-open
courts/default/documents/CFCC-2020-67-RB-Attach-6-Payee-Data.pdf,pdfix-unable-to-open
courts/default/documents/BAP24-166RB-Attach-7-Std-205.pdf,pdfix-unable-to-open
courts/default/documents/JBCP-2015-02-BR-Schedule-of-Events-Update.pdf,pdfix-unable-to-open
courts/default/documents/LSO-09-13-LM-_Attachment-2-Contract-Terms-and-Conditions.pdf,pdfix-unable-to-open
courts/default/documents/CRSEG142-Attachment-RFP-Hotel-ROOM-BLOCK.pdf,pdfix-unable-to-open
courts/default/documents/idiq-archengservice-rfp-interviewsched.pdf,pdfix-unable-to-open
courts/default/documents/CRS-SP-406-Attachment-1-Admin-Rules-Non-IT-Services.pdf,pdfix-unable-to-open
courts/default/documents/sasvssmp-rfp-add3_0.pdf,pdfix-unable-to-open
courts/default/documents/BAP24-166RB-Attach-3-Accept-of-TCs.pdf,pdfix-unable-to-open
courts/default/documents/offsiterfp.pdf,pdfix-unable-to-open
courts/default/documents/RFP-FS-2023-14-MY-Attachment-1-Administrative-Rules-Governing-RFPs.pdf,pdfix-unable-to-open
courts/default/documents/CRS-PD-248-Attachment-4-Darfur-Contracting-ACT-IMT18.pdf,pdfix-unable-to-open
courts/default/documents/offsuprfp-attb_0.pdf,pdfix-unable-to-open
courts/default/documents/CFCC-13-13-LM-Intent-to-Award.pdf,pdfix-unable-to-open
courts/default/documents/RFP-FS-2020-06-DF-Attach-B-Terms-and-Conditions-Addendum-01.pdf,pdfix-unable-to-open
courts/default/documents/CFCC-22-127RB-RFP-Attach-3-Accept-TCs.pdf,pdfix-unable-to-open
courts/default/documents/CRS-SP-237-Attachment-3-Vendors-Acceptance-of-the-RFPs-Contract-Terms.pdf,pdfix-unable-to-open
courts/default/documents/1DCA-19-54-RB-IFB-RFP-Amendment-1.pdf,pdfix-unable-to-open
courts/default/documents/CRS-PD-218-Intent-to-Award-ASI-2017.pdf,pdfix-unable-to-open
courts/default/documents/RFP-FS-2023-12-MB-Attachment-A-Administrative-Rules-Governing-Requests-for-Proposals.pdf,pdfix-unable-to-open
courts/default/documents/Notice-Of-Shortlist-For-Interviews-RFPFS202301MB_0.pdf,pdfix-unable-to-open
courts/default/documents/titleinsurance-escrowservice-rfp-attachc.pdf,pdfix-unable-to-open
courts/default/documents/CRS-PD-220-Attachment-1-Admin-Rules-Non-IT-Services-febpaoceqa18.pdf,pdfix-unable-to-open
courts/default/documents/Payee-Data-Record-Form.pdf,pdfix-unable-to-open
courts/default/documents/CRS-LK-383-RFP-Hotel-ROOM-BLOCK-02-2022.pdf,pdfix-unable-to-open
courts/default/documents/CRS-PD-185-Attachment-3-Vendors-Acceptance-of-the-RFPs-Contract-Terms-NJO.pdf,pdfix-unable-to-open
courts/default/documents/OREFM-2012-04-CC-Attachment-B-Administrative-Rules-Governing-Request.pdf,pdfix-unable-to-open
courts/default/documents/CRS-SP-073-Attachment-7-Conflict-of-Interest-Certification-form.pdf,pdfix-unable-to-open
courts/default/documents/IT-2021-94RB-RFP-Attach-4-Gen-Certs.pdf,pdfix-unable-to-open
courts/default/documents/FSO-LA-Metro-Elevator-2017-11-JP-Attach-R-Project-Manual-Dated-11-01-2017.pdf,pdfix-unable-to-open
courts/default/documents/A3-Acceptance-T-Cs.pdf,pdfix-unable-to-open
courts/default/documents/REFM-2014-03-BR-Addendum-1-QA_BAS-HVAC.pdf,pdfix-unable-to-open
courts/default/documents/vfm-rfp.pdf,pdfix-unable-to-open
courts/default/documents/CRS-SP-370-Attachment-2-JCC-Hotel-Agreement.pdf,pdfix-unable-to-open
courts/default/documents/REFM-2016-28-SM-RFP-Energy-Efficient-Lighting_final.pdf,pdfix-unable-to-open
courts/default/documents/ASU-EG-002-SS-RFP-Hotel-FULL-SERVICE_Appellate-Judicial-Attorneys-Institute-Conference.pdf,pdfix-unable-to-open
courts/default/documents/IT-2023-04-LV-Attachment-3A-Std205.pdf,pdfix-unable-to-open
courts/default/documents/CRS-SP-073-Attachment-4-Darfur-Contracting-ACT.pdf,pdfix-unable-to-open
courts/default/documents/feltrial-rfp-intent_0.pdf,pdfix-unable-to-open
courts/default/documents/claimsadminrfp.pdf,pdfix-unable-to-open
courts/default/documents/RFP-IT-2021-80RB-Notice-of-Technical-Scores.pdf,pdfix-unable-to-open
courts/default/documents/adda1.pdf,pdfix-unable-to-open
courts/default/documents/CFCC-2016-06-RBB-Attachment-4-General-Certification.pdf,pdfix-unable-to-open
courts/default/documents/refmsdis-rfp-W9.pdf,pdfix-unable-to-open
courts/default/documents/RFP-FS-2023-20-KO-Notice-Of-Shortlist-For-Interviews.pdf,pdfix-unable-to-open
courts/default/documents/CRS-PD-123-Attachment-3-Vendors-Acceptance-of-the-RFPs-Contract-Terms.pdf,pdfix-unable-to-open
courts/default/documents/RFPFS202205MB-Attachment-2-TGMP-GMP-Preparation-Form-ADDENDUM-5.pdf,pdfix-unable-to-open
courts/default/documents/SC-19-55-RB-Attachment-1.pdf,pdfix-unable-to-open
courts/default/documents/CRS-PD-083-Intent-to-Award-EAC.pdf,pdfix-unable-to-open
courts/default/documents/hollister-rfq-attachf.pdf,pdfix-unable-to-open
courts/default/documents/sejuvdepct-qdata-rfp-att4_0.pdf,pdfix-unable-to-open
courts/default/documents/COS-VRILAP-MDS-080816-attachment-15.pdf,pdfix-unable-to-open
courts/default/documents/IFB-IT-3770-AA-Attachment-8-Std204-PayeeDataRecord.pdf,pdfix-unable-to-open
courts/default/documents/HR-2012-01-RB-HR-2012-01-RB-Attachment-6-No-Conflict.pdf,pdfix-unable-to-open
courts/default/documents/RFP-ISD-04172017-AA-Computer-Equipment-Refresh.pdf,pdfix-unable-to-open
courts/default/documents/A5-Darfur-Certification.pdf,pdfix-unable-to-open
courts/default/documents/Attachment2-ListofParkingFacilities.pdf,pdfix-unable-to-open
courts/default/documents/COS-VRILAP-MDS-080816-Intent-to-Award.pdf,pdfix-unable-to-open
courts/default/documents/LSS-18-48-RB-Attach-9-Pricing-Form.pdf,pdfix-unable-to-open
courts/default/documents/costestimating-rfp-attacha0909.pdf,pdfix-unable-to-open
courts/default/documents/duiweb-rfp_0.pdf,pdfix-unable-to-open
courts/default/documents/COS-ODP-201604-PSK-Attachment-10.pdf,pdfix-unable-to-open
courts/default/documents/repjuvdep-sanjoaqrfp-appa_0.pdf,pdfix-unable-to-open
courts/default/documents/RFPFS202214MB-Attach-11-Iran-Contracting.pdf,pdfix-unable-to-open
courts/default/documents/CRS-AK-393-Attachment-4-Darfur-Contracting-ACT.pdf,pdfix-unable-to-open
courts/default/documents/repjuvdep-mendrfp.pdf,pdfix-unable-to-open
courts/default/documents/CRS-PD-329-Attachment-6-Conflict-of-Interest-Certification-form-pjpi.pdf,pdfix-unable-to-open
courts/default/documents/RFP-FS-2023-13-MY-Answers-to-Submitted-Questions.pdf,pdfix-unable-to-open
courts/default/documents/CRS-PD-333-Attachment-1-Admin-Rules-Non-IT-Services_janpao21.pdf,pdfix-unable-to-open
courts/default/documents/RFP-FS-2022-08-XC-Addendum-1.pdf,pdfix-unable-to-open
courts/default/documents/callcenter-services-rfq-qna.pdf,pdfix-unable-to-open
courts/default/documents/Attachment-S-Master-Answers-to-Questions-Week-Ending-11-18-22.pdf,pdfix-unable-to-open
courts/default/documents/dataexchange-juvprogram-rfp-attach3.pdf,pdfix-unable-to-open
courts/default/documents/CRS-SP-184-Attachment-4-Darfur-Contracting-ACT.pdf,pdfix-unable-to-open
courts/default/documents/FSO-2020-04-BD-RFQ-Window-Washing.pdf,pdfix-unable-to-open
courts/default/documents/JBCP-2015-01-JT_RFQ-DB-Hollywood.pdf,pdfix-unable-to-open
courts/default/documents/Addendum1-OCCM-2011-13-GS.pdf,pdfix-unable-to-open
courts/default/documents/RFPFS202124AL-RFP.pdf,pdfix-unable-to-open
courts/default/documents/CRS-EG-244-Intent-to-Award.pdf,pdfix-unable-to-open
courts/default/documents/FSO-2018-04-JR-Attachment-13-Internal-Background-Check-Policy.pdf,pdfix-unable-to-open
courts/default/documents/FSO-JOC-Services-2017-08-JP-SF-Pre-bid-Presentation-Sign-In.pdf,pdfix-unable-to-open
courts/default/documents/HR-2019-03-LB-Notice-of-Intent-to-Award.pdf,pdfix-unable-to-open
courts/default/documents/IT-2022-38-DM-Attachment-6A-STD204.pdf,pdfix-unable-to-open
courts/default/documents/forum-20211014-materials.pdf,pdfix-unable-to-open
courts/default/documents/OGC-ADR-01B-LM-Attachment-5-Darfur-Contracting-Certification.pdf,pdfix-unable-to-open
courts/default/documents/rfp-cfcc-nacjp-attach4.pdf,pdfix-unable-to-open
courts/default/documents/CRS-PD-290-Attachment-3-Vendors-Acceptance-of-the-RFPs-Contract-Terms-aji20.pdf,pdfix-unable-to-open
courts/default/documents/cscscodadd4_0.pdf,pdfix-unable-to-open
courts/default/documents/TCAS-2021-01-MS-Attachment-8-Bidder-DVBE-Declaration.pdf,pdfix-unable-to-open
courts/default/documents/ASU-EG-026-Attachment-7-Conflict-of-Interest-Certification-form.pdf,pdfix-unable-to-open
courts/default/documents/IT-2021-94RB-RFP-Attach-9-Darfur.pdf,pdfix-unable-to-open
courts/default/documents/susanvillecourthouse-testing-rfp-add2.pdf,pdfix-unable-to-open
courts/default/documents/CFCC-2021-91RB-Attachment-7-Unruh-Certification.pdf,pdfix-unable-to-open
courts/default/documents/cse_0.pdf,pdfix-unable-to-open
courts/default/documents/Attachment-3-Proposers-Acceptance.pdf,pdfix-unable-to-open
courts/default/documents/CFCC-18-49-RB-RFP-Attach-9-Costing-Matrix.pdf,pdfix-unable-to-open
courts/default/documents/dcqual-rfp-add3_0.pdf,pdfix-unable-to-open
courts/default/documents/RFP-FS-2022-13-XC-Attach-5-General-Certifications-Form.pdf,pdfix-unable-to-open
courts/default/documents/ctintexam_qa_0.pdf,pdfix-unable-to-open
courts/default/documents/RFP-IT23-153RB-Notice-of-Intent-To-Award.pdf,pdfix-unable-to-open
courts/default/documents/RFP-FS-2023-05-XC-Attach-7A-Payee-Data-Record-Form.pdf,pdfix-unable-to-open
courts/default/documents/testadmin-rfp-intent2_0.pdf,pdfix-unable-to-open
courts/default/documents/seismicrehabrfq-attc.pdf,pdfix-unable-to-open
courts/default/documents/ASU-EG-003-SS-Attachment-4-Darfur.pdf,pdfix-unable-to-open
courts/default/documents/IT23-153RB-Attach-1-Admin-Rules.pdf,pdfix-unable-to-open
courts/default/documents/CFCC-2016-13-RBB-Attachment-5-Darfur.pdf,pdfix-unable-to-open
courts/default/documents/TCAS-2023-01-AJ-Emergency-Notification-Services-RFP.pdf,pdfix-unable-to-open
courts/default/documents/CRS-SP-112-Attachment-6-Conflict-of-Interest-Certification-form.pdf,pdfix-unable-to-open
courts/default/documents/CRS-SP-391-Attachment-3-Vendors-Acceptance-of-the-RFPs-Contract-Terms.pdf,pdfix-unable-to-open
courts/default/documents/CFCC-012414-ACDR-CF-attachment-3-Acceptance-Ts-Cs.pdf,pdfix-unable-to-open
courts/default/documents/oracvendlist.pdf,pdfix-unable-to-open
courts/default/documents/CIP-2022-39-DM-Attachment-5B-Std205.pdf,pdfix-unable-to-open
courts/default/documents/CRS-PD-298-Attachment-1-Admin-Rules-Non-IT-Services-septpao19.pdf,pdfix-unable-to-open
courts/default/documents/famjuv-20240122-notice.agenda.pdf,pdfix-unable-to-open
courts/default/documents/scdeprep-rfp-contract_0.pdf,pdfix-unable-to-open
courts/default/documents/CRS-AU-099-Attachment-4-Darfur-Contracting-ACT-AB-1058.pdf,pdfix-unable-to-open
courts/default/documents/CRS-SP-041-Attachment-6-Form-for-Submission-of-Cost-Proposal-ROOM-BLOCK-ONLY.pdf,pdfix-unable-to-open
courts/default/documents/CRS-PD-210-Attachment-3-Vendors-Acceptance-of-the-RFPs-Contract-Terms-AB1058-2017.pdf,pdfix-unable-to-open
courts/default/documents/4-2-RFP-12-13-01-CK-Attachment_2_Terms_and_Conditions.pdf,pdfix-unable-to-open
courts/default/documents/CFCC-14-01-RB-Postponed-Public-Opening-of-Cost-Proposals.pdf,pdfix-unable-to-open
courts/default/documents/callcenter-services-rfq.pdf,pdfix-unable-to-open
courts/default/documents/envconsultsvcs-rfp-list.pdf,pdfix-unable-to-open
courts/default/documents/bsadocman-rfp-qna.pdf,pdfix-unable-to-open
courts/default/documents/plainengrfp-d.pdf,pdfix-unable-to-open
courts/default/documents/RFP-HR-2023-02-LV-Attachment-2-Standard-Terms-and-Conditions.pdf,pdfix-unable-to-open
courts/default/documents/JBCP-REFM-AV-2016-12-JP-Table-1-RFP-Schedule-Extended.pdf,pdfix-unable-to-open
courts/default/documents/RFP-FS-2022-08-XC_RFP.pdf,pdfix-unable-to-open
courts/default/documents/IT-DMS-2016-01-MDS-Appendix-G-glossary.pdf,pdfix-unable-to-open
courts/default/documents/JBCP-2013-01-BR-Attachment-G-General-Cond.pdf,pdfix-unable-to-open
courts/default/documents/wcm-rfp-att9_0.pdf,pdfix-unable-to-open
courts/default/documents/preconstsvc-rfp-add3.pdf,pdfix-unable-to-open
courts/default/documents/CRS-SO-065-Attachment-4-Darfur-Contracting-ACT.pdf,pdfix-unable-to-open
courts/default/documents/RFP-FS-2023-09-XC-Attach-C-Consulting-IDIQ-Master-Agreement.pdf,pdfix-unable-to-open
courts/default/documents/RFP-IT-2023-50-Attachment-1-Administrative-Rules.pdf,pdfix-unable-to-open
courts/default/documents/ASU-AU-009-RB-Attachment-1-Admin-Rules-DV.pdf,pdfix-unable-to-open
courts/default/documents/CFCC-2016-09-RBB-RFP.pdf,pdfix-unable-to-open
courts/default/documents/CRS-PD-097-Attachment-2-AOC-Hotel-Agreement-Template-2-11-13.pdf,pdfix-unable-to-open
courts/default/documents/RFP-FS-2022-13-XC-Attach-1-Administrative-Rules.pdf,pdfix-unable-to-open
courts/default/documents/CRS-SP-196-Attachment-RFP-Room-Block-Addendum-1.pdf,pdfix-unable-to-open
courts/default/documents/FS-2018-18-RP-Attach-A-RFP-Rules.pdf,pdfix-unable-to-open
courts/default/documents/envconsultsvcs-rfp-proprec_0.pdf,pdfix-unable-to-open
courts/default/documents/preconstruct-riskmanage-kings-rfp-attachf.pdf,pdfix-unable-to-open
courts/default/documents/techstaff-augment-rfp-attachf5.pdf,pdfix-unable-to-open
courts/default/documents/CFCC-08-12-LM-Attachment-1-Administrative-Rules-Governing-RFPs.pdf,pdfix-unable-to-open
courts/default/documents/CRS-EG-380-Attachment-1-Admin-Rules-Non-IT-Services.pdf,pdfix-unable-to-open
courts/default/documents/IT-DMS-2016-01-MDS-Appendix-B3-appellate-functional-reqs.pdf,pdfix-unable-to-open
courts/default/documents/forum-20220609-materials-r.pdf,pdfix-unable-to-open
courts/default/documents/statewide-armoredcar-rfp-attach3.pdf,pdfix-unable-to-open
courts/default/documents/RFP-BAP23-155RB-Attach-6A-Std204.pdf,pdfix-unable-to-open
courts/default/documents/RFP-HCRC-CCS-17-22-RBB_Notice_of_Intent_to_Award.pdf,pdfix-unable-to-open
courts/default/documents/Preliminary-Schedule-ID20210602.pdf,pdfix-unable-to-open
courts/default/documents/FSO-2018-17-JR-Notice-to-Firms-20180816.pdf,pdfix-unable-to-open
courts/default/documents/ian_eop_090416-rb.pdf,pdfix-unable-to-open
courts/default/documents/RFPFS202214MB-Attach-5-General-Certifications-Form.pdf,pdfix-unable-to-open
courts/default/documents/construct-riskdesign-sanjosefamcenter-rfq-attachg.pdf,pdfix-unable-to-open
courts/default/documents/enttestmgmt-rfp-appa.pdf,pdfix-unable-to-open
courts/default/documents/ASU-TD-016-Attachment-5-Form-for-Submission-of-Technical-Proposal-ROOM-BLOCK-ONLY.pdf,pdfix-unable-to-open
courts/default/documents/Old-Solano-Addendum-2-QA.pdf,pdfix-unable-to-open
courts/default/documents/paint-supplies-rfp-noaward.pdf,pdfix-unable-to-open
courts/default/documents/CRS-SP-156-Attachment-4-Darfur-Certification-Form.pdf,pdfix-unable-to-open
courts/default/documents/formtrans-add1.pdf,pdfix-unable-to-open
courts/default/documents/jcftrans-rfp-qa.pdf,pdfix-unable-to-open
courts/default/documents/preconstruct-riskmanage-fresnorev-rfp-attachc.pdf,pdfix-unable-to-open
courts/default/documents/HRS-03-13-SS-Notice-of-Intent-to-Award.pdf,pdfix-unable-to-open
courts/default/documents/docmanage-statewide-rfp-appdrev1.pdf,pdfix-unable-to-open
courts/default/documents/payrollattb.pdf,pdfix-unable-to-open
courts/default/documents/juvdepbidconf_0.pdf,pdfix-unable-to-open
courts/default/documents/MAPS-2015-04-PS-Attachment-6-Payee-Data-Record.pdf,pdfix-unable-to-open
courts/default/documents/RFP-Appellate-042216-HS-Attachment-6.pdf,pdfix-unable-to-open
courts/default/documents/CRS-PD-221-Attachment-2-JCC-Hotel-Agreement-Template-janpao18.pdf,pdfix-unable-to-open
courts/default/documents/CRS-SP-059-Intent-to-Award.pdf,pdfix-unable-to-open
courts/default/documents/RFP-FSO-PFMS-2018-21-JP-Notice-of-Intent-to-Award.pdf,pdfix-unable-to-open
courts/default/documents/insurebrokerage-occm-rfp-scoring.pdf,pdfix-unable-to-open
courts/default/documents/RFP-FS-2020-09-JP-Attachment-A-Administrative-Rules.pdf,pdfix-unable-to-open
courts/default/documents/RFP-FS-2020-08-AL-Attachment-8-Bidder-DVBE-Declaration.pdf,pdfix-unable-to-open
courts/default/documents/TCAS-2021-02-AJ-Attachment-11-DVBE-Bidder-Declaration.pdf,pdfix-unable-to-open
courts/default/documents/CRS-SP-177-Attachment-RFP-Hotel-ROOM-BLOCK.pdf,pdfix-unable-to-open
courts/default/documents/RFP-FS-2021-26-AL-Notice-Of-Shortlist.pdf,pdfix-unable-to-open
courts/default/documents/dm-rfp-att9_0.pdf,pdfix-unable-to-open
courts/default/documents/RFP-FS-2021-14-AL-QNA-form-rev1-20210927.pdf,pdfix-unable-to-open
courts/default/documents/CRS-PD-220-Attachment-2-JCC-Hotel-Agreement-Template-febpaoceqa18.pdf,pdfix-unable-to-open
courts/default/documents/RFP-BAP23-155RB-Attach-8-DVBE-Declaration.pdf,pdfix-unable-to-open
courts/default/documents/perfindmonrfp_0.pdf,pdfix-unable-to-open
courts/default/documents/RFP-FS-2021-05-MB-Attachment-Q-Iran-Contracting-Act.pdf,pdfix-unable-to-open
courts/default/documents/OGC-ADR-01B-LM-Attachment-4-Payee-Data-Record-Form.pdf,pdfix-unable-to-open
courts/default/documents/constrantct-rfp_atti_0.pdf,pdfix-unable-to-open
courts/default/documents/IFB-ISD-1272018-AA-Attachment-7-PayeeDataRecord204.pdf,pdfix-unable-to-open
courts/default/documents/intent-to-award-occm-2011-09-cc.pdf,pdfix-unable-to-open
courts/default/documents/CRS-TD-038-QA.pdf,pdfix-unable-to-open
courts/default/documents/REFM-2016-27-BD-Instructions-for-Pre-Proposal-Site-Visit.pdf,pdfix-unable-to-open
courts/default/documents/CRS-EG-358-Attachment-1-Admin-Rules-Non-IT-Services.pdf,pdfix-unable-to-open
courts/default/documents/CRS-PD-248-Attachment-3-Vendors-Acceptance-of-the-RFPs-Contract-Terms-IMT18.pdf,pdfix-unable-to-open
courts/default/documents/CRS-PD-147-Intent-to-Award-NJO-dec-feb-apr.pdf,pdfix-unable-to-open
courts/default/documents/5yearreview-rfp-attacha_0.pdf,pdfix-unable-to-open
courts/default/documents/HR-2012-01-RB-Employee-Assistance-Program-Intent-To-Award-Notice.pdf,pdfix-unable-to-open
courts/default/documents/CRS-SP-391-Intent-to-Award.pdf,pdfix-unable-to-open
courts/default/documents/archrelsvccapproj-rfq-questionform_0.pdf,pdfix-unable-to-open
courts/default/documents/3dcarfp070617_attachment1AdminRules.pdf,pdfix-unable-to-open
courts/default/documents/CFCC-2019-09-LV-Attachment-3-Bidder-Acceptance-Terms-and-Conditions.pdf,pdfix-unable-to-open
courts/default/documents/IT-OPD-18-46-RB-Attachment-2-Standard-Agreement.pdf,pdfix-unable-to-open
courts/default/documents/RFP-FS-2022-21-KO-NOITA.pdf,pdfix-unable-to-open
courts/default/documents/RFP-BAP-2020-14-DM-Closed-Captioning-Services.pdf,pdfix-unable-to-open
courts/default/documents/CRS-EG-395-Attachment-1-Admin-Rules-Non-IT-Services.pdf,pdfix-unable-to-open
courts/default/documents/CRS-SP-116-Attachment-1-Admin-Rules-Non-IT-Services.pdf,pdfix-unable-to-open
courts/default/documents/IFB-ISD-051914-AA-Lenovo-ThinkPad-X1-Carbon.pdf,pdfix-unable-to-open
courts/default/documents/construct-riskdesign-sanjosefamcenter-rfq-shortlist.pdf,pdfix-unable-to-open
courts/default/documents/stplan2k_0.pdf,pdfix-unable-to-open
courts/default/documents/IT-OPD-18-043-RB-Request-For-Proposal.pdf,pdfix-unable-to-open
courts/default/documents/OREFM-2013-06-CC-Attachment-J.pdf,pdfix-unable-to-open
courts/default/documents/REFM-2016-14-RP-Attachment-3.pdf,pdfix-unable-to-open
courts/default/documents/RFP-FS-2023-19-XC-Attach-A-Admin-Rules-Attach-B-Regional-Map.pdf,pdfix-unable-to-open
courts/default/documents/CRS-SP-401-Intent-to-Award.pdf,pdfix-unable-to-open
courts/default/documents/confaudio-rfp-add1.pdf,pdfix-unable-to-open
courts/default/documents/ASU-TD-014-RFP-Hotel-ROOM-BLOCK-ONLY.pdf,pdfix-unable-to-open
courts/default/documents/RFP-FS-2023-06-JP-Addendum-1-11-06-23.pdf,pdfix-unable-to-open
courts/default/documents/HR-2021-27-DM-Attachment-6-Payee-Data-Record.pdf,pdfix-unable-to-open
courts/default/documents/4-2-RFP-12-13-03CK-Attachment-4-Darfur.pdf,pdfix-unable-to-open
courts/default/documents/CJER-HB-0712-LM-Attachment-6-Conflict-of-Interest.pdf,pdfix-unable-to-open
courts/default/documents/ISD2016-01-RB-NOTICE-OF-INTENT.pdf,pdfix-unable-to-open
courts/default/documents/tempserv-rfp_att_a_administrative_rules_governing_rfps.pdf,pdfix-unable-to-open
courts/default/documents/CRS-EG-414-Intent-to-Award-Hyatt.pdf,pdfix-unable-to-open
courts/default/documents/OERS-201101-RB-Attachment-3-Acceptance-of-Terms-and-Conditions.pdf,pdfix-unable-to-open
courts/default/documents/3dcarfp201202_attachment1AdminRules.pdf,pdfix-unable-to-open
courts/default/documents/ecm-rfp-apph.pdf,pdfix-unable-to-open
courts/default/documents/confplansvcs-rfp.pdf,pdfix-unable-to-open
courts/default/documents/emprecruit-rfp-intent.pdf,pdfix-unable-to-open
courts/default/documents/CRS-SP-106-Attachment-4-Darfur-Contracting-ACT.pdf,pdfix-unable-to-open
courts/default/documents/RFP-FSO-2017-15-JR.pdf,pdfix-unable-to-open
courts/default/documents/OCCM-2012-01-CC-RFP-Modernization-of-existing-Elevators-at-the-Clara-Shortridge-Foltz-Superior-Court.pdf,pdfix-unable-to-open
courts/default/documents/precon-stockton-rfq-attacha.pdf,pdfix-unable-to-open
courts/default/documents/testadmin-rfp_0.pdf,pdfix-unable-to-open
courts/default/documents/OGC-ADR-04-NN-Attachment-1-RFP-Administrative-Rules.pdf,pdfix-unable-to-open
courts/default/documents/repjuvdep-larfp-add2.pdf,pdfix-unable-to-open
courts/default/documents/envconsultsvcs-rfp-ans.pdf,pdfix-unable-to-open
courts/default/documents/COS-VRILAP-MDS-080816-addendum2.pdf,pdfix-unable-to-open
courts/default/documents/CRS-SP-301-Attachment-1-Admin-Rules-Non-IT-Services.pdf,pdfix-unable-to-open
courts/default/documents/JBCP-2012-05-BR-Pre-Qual-N-Butte-GC-List.pdf,pdfix-unable-to-open
courts/default/documents/CPAS-201101-RB-Attachment-4-Vendor-Payee-Data.pdf,pdfix-unable-to-open
courts/default/documents/RFP-APPELLATE-122118-WV-Attachment-7.pdf,pdfix-unable-to-open
courts/default/documents/enttestmgmt-rfp-att4_0.pdf,pdfix-unable-to-open
courts/default/documents/OCR23-154RB-Attach-9-DVBE-Declaration.pdf,pdfix-unable-to-open
courts/default/documents/fireprot-rfp-payeedata.pdf,pdfix-unable-to-open
courts/default/documents/CFCC-2021-107RB-Attach-1-Admin-Rules.pdf,pdfix-unable-to-open
courts/default/documents/docmanage-capture-rfi-binder.pdf,pdfix-unable-to-open
courts/default/documents/CFCC-18-49-RB-RFP-Appendix-K.pdf,pdfix-unable-to-open
courts/default/documents/IFB-ISD-050214-RB-Attachment-2-terms-and-conditions.pdf,pdfix-unable-to-open
courts/default/documents/REFM-2016-08-SS-RFI-Elevator-Consulting-Services.pdf,pdfix-unable-to-open
courts/default/documents/susjustice-consult-rfp-attach1.pdf,pdfix-unable-to-open
courts/default/documents/RFP-FS-SP-2020-16-JP-Attachment-6-Sample-Contract.pdf,pdfix-unable-to-open
courts/default/documents/cscollsvcs-rfp-conference.pdf,pdfix-unable-to-open
courts/default/documents/CRS-PD-340-Attachment-4-Darfur-Contracting-ACT_jc21.pdf,pdfix-unable-to-open
courts/default/documents/cscollsvcs-rfp-qna2.pdf,pdfix-unable-to-open
courts/default/documents/CRS-EG-261-Attachment-2-JCC-Hotel-Agreement-Template.pdf,pdfix-unable-to-open
courts/default/documents/CRS-EG-195-Intent-to-Award.pdf,pdfix-unable-to-open
courts/default/documents/emplitrfp_0.pdf,pdfix-unable-to-open
courts/default/documents/IFB-ISD-018355-AA-Attachment-7-Payee-Data-Record.pdf,pdfix-unable-to-open
courts/default/documents/FSO-2018-17-JR-Attachment-1-Sample-CMR-Agreement.pdf,pdfix-unable-to-open
courts/default/documents/CRS-SP-345-Attachment-2-JCC-Hotel-Agreement-Template.pdf,pdfix-unable-to-open
courts/default/documents/CRS-PD-208-Attachment-2-JCC-Hotel-Agreement-Template-Labor-Relations-Full-2017.pdf,pdfix-unable-to-open
courts/default/documents/CRS-SP-400-Attachment-2-JCC-Hotel-Agreement-Template.pdf,pdfix-unable-to-open
courts/default/documents/aocrfp.pdf,pdfix-unable-to-open
courts/default/documents/courtnewsb_0.pdf,pdfix-unable-to-open
courts/default/documents/joborder-contract1010-rfp-listattend.pdf,pdfix-unable-to-open
courts/default/documents/confaudio-rfp.pdf,pdfix-unable-to-open
courts/default/documents/ccjcrtc-rfp-attachlist.pdf,pdfix-unable-to-open
courts/default/documents/CRS-EG-343-Attachment-2-JCC-Hotel-Agreement-Template.pdf,pdfix-unable-to-open
courts/default/documents/scpiv_attachment_e_payee_data_record_form_std_204_2003_0.pdf,pdfix-unable-to-open
courts/default/documents/RFP-FS-2022-01-MB-Attach-G2-Payee-Data-Record-Supplement.pdf,pdfix-unable-to-open
courts/default/documents/JBCP-REFM-AV-2016-12-JP-Cal-TC-Facilities-Standards-2011.pdf,pdfix-unable-to-open
courts/default/documents/CRS-SP-362-Intent-to-Award.pdf,pdfix-unable-to-open
courts/default/documents/CRS-EG-315-Attachment-RFP-Hotel-FULL-SERVICE.pdf,pdfix-unable-to-open
courts/default/documents/RFP-IT-2020-64-RB-IT-Consulting-Managed-Services.pdf,pdfix-unable-to-open
courts/default/documents/efilingdeploy-rfp.pdf,pdfix-unable-to-open
courts/default/documents/seismicrehabrfq-qa.pdf,pdfix-unable-to-open
courts/default/documents/ASU-DC-007-NN-Attachment-1-Admin-Rules-Non-IT-Services.pdf,pdfix-unable-to-open
courts/default/documents/CRS-EG-407-Attachment-RFP-v2.pdf,pdfix-unable-to-open
courts/default/documents/CFCC-2012-02-RB-Attachment-3-Acceptance-of-Terms-and-Conditions.pdf,pdfix-unable-to-open
courts/default/documents/RFP-IT-2021-80RB-Request-For-Proposal.pdf,pdfix-unable-to-open
courts/default/documents/ecm-rfp-appf_0.pdf,pdfix-unable-to-open
courts/default/documents/JCC-2019-01-CD-IFB-ADDENDUM-1.pdf,pdfix-unable-to-open
courts/default/documents/CFCC-2020-67-RB-Attach-1-Admin-Rules.pdf,pdfix-unable-to-open
courts/default/documents/JBWCP-2019-08-DM-Intent-To-Award.pdf,pdfix-unable-to-open
courts/default/documents/JBCP-REFM-AV-2016-12-JP-RFP.pdf,pdfix-unable-to-open
courts/default/documents/ASU-TD-010-SS-Attachment-3-Vendors-Acceptance-of-the-RFPs-Contract-Terms.pdf,pdfix-unable-to-open
courts/default/documents/preconstruct-risk-los-banos-rfp-attach-a.pdf,pdfix-unable-to-open
courts/default/documents/CRS-AU-044-RFP.pdf,pdfix-unable-to-open
courts/default/documents/CFCC-2018-11-CD-Intent-To-Award.pdf,pdfix-unable-to-open
courts/default/documents/CRS-SO-065-Attachment-7-Conflict-of-Interest-Certification-form.pdf,pdfix-unable-to-open
courts/default/documents/aocrfp_att.pdf,pdfix-unable-to-open
courts/default/documents/prequalchulavista-rfq-announce_0.pdf,pdfix-unable-to-open
courts/default/documents/CFCC-201103-RB-Questions-and-Answers.pdf,pdfix-unable-to-open
courts/default/documents/CRS-EG-376-Attachment-2-JCC-Hotel-Agreement-Template.pdf,pdfix-unable-to-open
courts/default/documents/preconstruct-riskmanage-monterey-rfp-add1.pdf,pdfix-unable-to-open
courts/default/documents/IFB-ISD-10242016-AA-Attachment-7-Payee-Data-Record.pdf,pdfix-unable-to-open
courts/default/documents/RFP-LSD-2021-100RB-Photography.pdf,pdfix-unable-to-open
courts/default/documents/ctintexam_addendum1_0.pdf,pdfix-unable-to-open
courts/default/documents/CJS-2018-05-CD-RFP-Study-of-Veterans-Needs.pdf,pdfix-unable-to-open
courts/default/documents/RFP-FS-2020-06-DF-Attach-J-DVBE-Declaration.pdf,pdfix-unable-to-open
courts/default/documents/RFPFS202125AL-Attach-4-Acceptance.pdf,pdfix-unable-to-open
courts/default/documents/CRS-PD-111-Attachment-6-Conflict-of-Interest-Certification-form.pdf,pdfix-unable-to-open
courts/default/documents/RFP-RealEstateReloConsultantScvs-Short-List.pdf,pdfix-unable-to-open
courts/default/documents/10yearslater-rfp-award.pdf,pdfix-unable-to-open
courts/default/documents/CRS-EG91-Attachment-1-Admin-Rules-Non-IT-Services.pdf,pdfix-unable-to-open
courts/default/documents/dellhardware-ifb.pdf,pdfix-unable-to-open
courts/default/documents/4-2-RFP-12-13-04CK-Attachment-4-Darfur.pdf,pdfix-unable-to-open
courts/default/documents/ASU-TD-025-Attachment-2-AOC-Hotel-Agreement-Template-%2810-26-11%29.pdf,pdfix-unable-to-open
courts/default/documents/RFP-APPELLATE-122118-WV-Attachment-3.pdf,pdfix-unable-to-open
courts/default/documents/CRS-PD-229-Attachement-2-JCC-Hotel-Agreement-Template-ajai18.pdf,pdfix-unable-to-open
courts/default/documents/CFCC-031814-LCDR-CF_RFP_Add-1.pdf,pdfix-unable-to-open
courts/default/documents/RFPFS202211MB-Attach-1-Administrative-Rules.pdf,pdfix-unable-to-open
courts/default/documents/FS-2017-02-BD-notice-of-intent-to-award.pdf,pdfix-unable-to-open
courts/default/documents/RFP-FS-2021-02-BD-Attachment-J-Unruh-Certification.pdf,pdfix-unable-to-open
courts/default/documents/preconstruct-risk-los-banos-rfp-attach-e.pdf,pdfix-unable-to-open
courts/default/documents/ent-itarchitecture-rfp-attach2.pdf,pdfix-unable-to-open
courts/default/documents/ITSO-2017-04-RBB-Notice-of-Intent-to-Award.pdf,pdfix-unable-to-open
courts/default/documents/CRS-PD-124-Attachment-3-Vendors-Acceptance-of-the-RFPs-Contract-Terms.pdf,pdfix-unable-to-open
courts/default/documents/sucplanad.pdf,pdfix-unable-to-open
courts/default/documents/repjuvdep-mendrfp-add2_0.pdf,pdfix-unable-to-open
courts/default/documents/HR-LV-112015-Attachment-3-PROPOSERS-ACCEPTANCE.pdf,pdfix-unable-to-open
courts/default/documents/RFP-Appellate-122118-WV-Cancelation.pdf,pdfix-unable-to-open
courts/default/documents/workcomptpa-rfp-attf_0.pdf,pdfix-unable-to-open
courts/default/documents/LSO-ADR-06-LM-Attachment-4-Vendor-Data-Record-Form.pdf,pdfix-unable-to-open
courts/default/documents/REFM-2014-08-RB-Attachment-7---Payee-Data-Record.pdf,pdfix-unable-to-open
courts/default/documents/riverside-reconstruct-rfq-attachk.pdf,pdfix-unable-to-open
courts/default/documents/CRS-PD-200-Attachment-4-Darfur-Contracting-ACT-CLI-2017.pdf,pdfix-unable-to-open
courts/default/documents/realdui-rfp-award.pdf,pdfix-unable-to-open
courts/default/documents/CRS-PD-097-Questions-and-Answers.pdf,pdfix-unable-to-open
courts/default/documents/eaf_forms_instructions.pdf,pdfix-unable-to-open
courts/default/documents/CRS-EG-053-Attachment-2-AOC-Hotel-Agreement-Template.pdf,pdfix-unable-to-open
courts/default/documents/CRS-PD-086-Attachment-1-Admin-Rules.pdf,pdfix-unable-to-open
courts/default/documents/CFCC-2021-107RB-Attach-3-Accept-TCs.pdf,pdfix-unable-to-open
courts/default/documents/elearn-rfp-intent.pdf,pdfix-unable-to-open
courts/default/documents/vfm-rfp_0.pdf,pdfix-unable-to-open
courts/default/documents/CRS-AK-375-Attachment-RFP-Hotel-FULL-SERVICE.pdf,pdfix-unable-to-open
courts/default/documents/RFP-FS-2021-04-MB-Notice-of-Shortlist-for-Interviews.pdf,pdfix-unable-to-open
courts/default/documents/CJER-HB-0712-LM-RFP.pdf,pdfix-unable-to-open
courts/default/documents/IT-2021-30-DM-Attachment-1-Administrative-Rules-IT-Goods.pdf,pdfix-unable-to-open
courts/default/documents/JBCP-2013-07-BR-Addendum-1-QnA_Yreka.pdf,pdfix-unable-to-open
courts/default/documents/HCRC-2018-48-RB-Questions-and-Answers.pdf,pdfix-unable-to-open
courts/default/documents/CRS-SP-193-Intent-to-Award.pdf,pdfix-unable-to-open
courts/default/documents/CRS-PD-266-Attachment-2-JCC-Hotel-Agreement-Template-njofd19.pdf,pdfix-unable-to-open
courts/default/documents/FSO-2020-01-JP-RFQ.pdf,pdfix-unable-to-open
courts/default/documents/CJER-2018-02-DM-Notice-of-Public-Opening.pdf,pdfix-unable-to-open
courts/default/documents/CRS-EG-335-Intent-to-Award.pdf,pdfix-unable-to-open
courts/default/documents/TCAS-2022-02-MS-Attachment-10-DVBE-Declaration-Form.pdf,pdfix-unable-to-open
courts/default/documents/FIN032811CK-addendum-1-Attachment-3-Payment-Provisions.pdf,pdfix-unable-to-open
courts/default/documents/CRS-PD-332-Attachment-2-JCC-Hotel-Agreement-Template-aji21.pdf,pdfix-unable-to-open
courts/default/documents/RFP-ISD-06192012-SLO_QA.pdf,pdfix-unable-to-open
courts/default/documents/CRS-SP-391-Questions-Answers.pdf,pdfix-unable-to-open
courts/default/documents/CFCC-2020-22-CD-Attachment-6-Payee-Data-Record-Form.pdf,pdfix-unable-to-open
courts/default/documents/CRS-PD-175-Attachment-RFP-Hotel-ROOM-BLOCK-January-PAO-2017.pdf,pdfix-unable-to-open
courts/default/documents/CRS-SP-051-Attachment-1-Admin-Rules-Non-IT-Services.pdf,pdfix-unable-to-open
courts/default/documents/ASU-EG024-RFP-QA.pdf,pdfix-unable-to-open
courts/default/documents/RFP-FS-2021-01-MB-Attachment-I-STD205-Payee-Data-Record-Supplement.pdf,pdfix-unable-to-open
courts/default/documents/juvedumeds-rfp-award.pdf,pdfix-unable-to-open
courts/default/documents/nativeamerican-justice2-rfp.pdf,pdfix-unable-to-open
courts/default/documents/IT-2021-17-DM-QA.pdf,pdfix-unable-to-open
courts/default/documents/repjuvdep-larfp-add6.pdf,pdfix-unable-to-open
courts/default/documents/TCAS-2021-02-AJ-Attachment-5-Small-Business-Declaration.pdf,pdfix-unable-to-open
courts/default/documents/precon-stockton-rfq-attache.pdf,pdfix-unable-to-open
courts/default/documents/FS-2021-Attachment-14-DVBE-Declaration.pdf,pdfix-unable-to-open
courts/default/documents/wamsrfp.pdf,pdfix-unable-to-open
courts/default/documents/CRS-PD-228-Attachment-2-JCC-Hotel-Agreement-Template-ajai18.pdf,pdfix-unable-to-open
courts/default/documents/CRS-SP-389-Attachment-2-JCC-Hotel-Agreement.pdf,pdfix-unable-to-open
courts/default/documents/REFM-2016-15-RP-RFP.pdf,pdfix-unable-to-open
courts/default/documents/CJER-030614-OSCSF-CF-Attachment-7-Pricing-Form.pdf,pdfix-unable-to-open
courts/default/documents/IFB-ISD-017938-AA-Veritas-Maintenance.pdf,pdfix-unable-to-open
courts/default/documents/CJS-2017-08-ML-Technical-Scores.pdf,pdfix-unable-to-open
courts/default/documents/CRS-SP-145-Attachment-4-Darfur-Contracting-ACT.pdf,pdfix-unable-to-open
courts/default/documents/REFM-2016-04-JP-IntentBiddersListings-updated.pdf,pdfix-unable-to-open
courts/default/documents/licagree-rfp_0.pdf,pdfix-unable-to-open
courts/default/documents/CFCC-2020-22-CD-Notice-of-Intent-to-Award.pdf,pdfix-unable-to-open
courts/default/documents/CRS-AK-402-Attachment-6-Conflict-of-Interest-Certification-form.pdf,pdfix-unable-to-open
courts/default/documents/FSO-2017-21-HN-Attach-14-Iran-Contracting.pdf,pdfix-unable-to-open
courts/default/documents/CRS-EG-364-Intent-to-Award.pdf,pdfix-unable-to-open
courts/default/documents/IT23-157RB-RFP.pdf,pdfix-unable-to-open
courts/default/documents/confaudio-rfp-qa_0.pdf,pdfix-unable-to-open
courts/default/documents/Attachment-2-HCRC-Terms-and-Conditions-Services-Short-Form-Agreement.pdf,pdfix-unable-to-open
courts/default/documents/CFCC-2018-11-CD-Attachment-9-UNRUH-and-FEHA-Certification.pdf,pdfix-unable-to-open
courts/default/documents/analystsupport-ccmsv3t-rfp-Addendum1.pdf,pdfix-unable-to-open
courts/default/documents/TCAS-SAPC-2016-01-ML-ATTACHMENT-8.pdf,pdfix-unable-to-open
courts/default/documents/CRS-PD-183-Attachment-RFP-Hotel-ROOM-BLOCK-PAOEAC2017.pdf,pdfix-unable-to-open
courts/default/documents/RFP-CAL-2023-01-RP-Intent-to-Award.pdf,pdfix-unable-to-open
courts/default/documents/RFP-Appellate-042216-HS-Attachment-2.pdf,pdfix-unable-to-open
courts/default/documents/RFPFS202211MB-Attach-8B-Payee-Data-Record-Supplement.pdf,pdfix-unable-to-open
courts/default/documents/FSO-GC-Services-IDIQ-2018-01-JP-RFQ.pdf,pdfix-unable-to-open
courts/default/documents/HR-2013-01-RB-JBWC-TPA-Request-For-Proposals.pdf,pdfix-unable-to-open
courts/default/documents/ccporappdev-rfp-intent.pdf,pdfix-unable-to-open
courts/default/documents/aersforscbrfp-imperial_0.pdf,pdfix-unable-to-open
courts/default/documents/preconstruct-riskmanage-fresnorev-rfp-attachg.pdf,pdfix-unable-to-open
courts/default/documents/CRS-EG-128-Intent-to-Award.pdf,pdfix-unable-to-open
courts/default/documents/formtrans-qa_0.pdf,pdfix-unable-to-open
courts/default/documents/CRS-SP-352-Attachment-1-Admin-Rules-Non-IT-Services.pdf,pdfix-unable-to-open
courts/default/documents/CRS-EG-207-RFP-Hotel-FullService.pdf,pdfix-unable-to-open
courts/default/documents/4-2-RFP-12-13-02CK-Attachment-2-Terms-and-Conditions.pdf,pdfix-unable-to-open
courts/default/documents/JBCP-2016-03-JT-Addendum-1.pdf,pdfix-unable-to-open
courts/default/documents/cctaprfp-add2.pdf,pdfix-unable-to-open
courts/default/documents/LSO-09-13-LM-_Attachment-6-Conflict-of-Interest-Certification-Form.pdf,pdfix-unable-to-open
courts/default/documents/construct-riskdesign-sanjosefamcenter-rfq-attachc.pdf,pdfix-unable-to-open
courts/default/documents/RFP-JCC-101817-ESIGNATURE-WV-ATTACHMENT-9.pdf,pdfix-unable-to-open
courts/default/documents/FS-2021-12-AL-Attach-4-Acceptance-of-Terms-and-Conditions.pdf,pdfix-unable-to-open
courts/default/documents/formtrans_translation_rfp_cfcc_0108_rb.pdf,pdfix-unable-to-open
courts/default/documents/RFP-JBWCP-2019-08-DM-Claims-Auditing-Services.pdf,pdfix-unable-to-open
courts/default/documents/CRS-SP-301-Attachment-3-Vendors-Acceptance-of-the-RFPs-Contract-Terms.pdf,pdfix-unable-to-open
courts/default/documents/CRS-PD-082-Attachment-3-Vendors-Acceptance-of-the-RFPs-Contract-Terms.pdf,pdfix-unable-to-open
courts/default/documents/RFP-FS-2021-13-AL-Attach-8B-Payee-Data-Record-Supplement.pdf,pdfix-unable-to-open
courts/default/documents/CFCC-23-141RB-Attach-2-Std-Agmt.pdf,pdfix-unable-to-open
courts/default/documents/CRS-EG-132-Attachment-2-AOC-Hotel-Agreement-Template_Room-Block-Only_Master-Account.pdf,pdfix-unable-to-open
courts/default/documents/CRS-AU-099-Attachment-7-Conflict-of-Interest-Certification-form-AB-1058.pdf,pdfix-unable-to-open
courts/default/documents/traffic-20220725-notice-agenda.pdf,pdfix-unable-to-open
courts/default/documents/CFCC-2022-11-LV-Attachment-4-General-Certifications-Form.pdf,pdfix-unable-to-open
courts/default/documents/thirdparty-rfp-appd_0.pdf,pdfix-unable-to-open
courts/default/documents/IT-2018-05-LB-Attachment-6-PayeeDataRecord204.pdf,pdfix-unable-to-open
courts/default/documents/RFP-IT-2021-80RB-Answers-to-Questions.pdf,pdfix-unable-to-open
courts/default/documents/OGC-ADR-01B-LM-Appendix-A-SB-78-for-Non-IT-Agreements.pdf,pdfix-unable-to-open
courts/default/documents/RFP-OCR-2023-25-LV-Attachment-1-Administrative-Rules-Governing-RFPS.pdf,pdfix-unable-to-open
courts/default/documents/IT-2021-01-LB-QA.pdf,pdfix-unable-to-open
courts/default/documents/emplitrfp.pdf,pdfix-unable-to-open
courts/default/documents/CRS-SP-145-Attachment-1-Admin-Rules-Non-IT-Services.pdf,pdfix-unable-to-open
courts/default/documents/costestimating-rfp-add3.pdf,pdfix-unable-to-open
courts/default/documents/CFCC-2021-26-CD-Intent-to-Award.pdf,pdfix-unable-to-open
courts/default/documents/RFPFS202125AL-Attach-1-Admin-Rules.pdf,pdfix-unable-to-open
courts/default/documents/RFP-FS-SP-2019-03-JP-Attachment-2-Regional-Building-List-Addendum-1.pdf,pdfix-unable-to-open
courts/default/documents/RFPFS202203MB-Attach-8-Project-Documents-ADDENDUM-5.pdf,pdfix-unable-to-open
courts/default/documents/conffacilserv-rfp-award_0.pdf,pdfix-unable-to-open
courts/default/documents/FSO-GC-Services-IDIQ-2018-01-JP-Posting-of-Short-List.pdf,pdfix-unable-to-open
courts/default/documents/HCRC-2018-48-RB-Request-For-Proposal.pdf,pdfix-unable-to-open
courts/default/documents/RFP-FS-2021-20-JP-Attachment-9-Payee-Data-Record-STD205.pdf,pdfix-unable-to-open
courts/default/documents/CRS-SP-051-RFP-Hotel-ROOM-BLOCK.pdf,pdfix-unable-to-open
courts/default/documents/FS-2019-05-DGF-Attach-A-Admin-Rules.pdf,pdfix-unable-to-open
courts/default/documents/JBCP-2014-02-BR-Attachment-5-Payee-Data-Record.pdf,pdfix-unable-to-open
courts/default/documents/IT-OPD-18-043-RB-Answers-to-Questions.pdf,pdfix-unable-to-open
courts/default/documents/Attachment-S-Answers-to-Questions-09-25-23.pdf,pdfix-unable-to-open
courts/default/documents/manprocfair-rfp-atte_0.pdf,pdfix-unable-to-open
courts/default/documents/CRS-PD-166-Attachment-1-Admin-Rules.pdf,pdfix-unable-to-open
courts/default/documents/CRS-SP-193-Attachment-RFP-Hotel-FULL-SERVICE.pdf,pdfix-unable-to-open
courts/default/documents/IT-2021-94RB-RFP-Addendum-1.pdf,pdfix-unable-to-open
courts/default/documents/RFP-FS-2021-22-JP-NoticeOfIntentToAward.pdf,pdfix-unable-to-open
courts/default/documents/CRS-AK-402-Attachment-2-JCC-Hotel-Agreement-Template-9-2022.pdf,pdfix-unable-to-open
courts/default/documents/gcfmti-rfp-awardedfirms.pdf,pdfix-unable-to-open
courts/default/documents/adminctintexam-rfp-attg_0.pdf,pdfix-unable-to-open
courts/default/documents/Attachment-8-DARFUR-Certification-CFCC-2024-01-TQ-ASL.pdf,pdfix-unable-to-open
courts/default/documents/CRS-SP-253-Attachment-1-Admin-Rules-Non-IT-Services.pdf,pdfix-unable-to-open
courts/default/documents/environ-qualact-rfq.pdf,pdfix-unable-to-open
courts/default/documents/CRS-PD-097-Attachment-4-Darfur-Contracting-ACT-no-change.pdf,pdfix-unable-to-open
courts/default/documents/CFCC-2016-07-RBB-Attachment-3-Acceptance-of-TCs.pdf,pdfix-unable-to-open
courts/default/documents/docmanage-statewide-rfp-attach1.pdf,pdfix-unable-to-open
courts/default/documents/JBCP-2013-02-BR-HEALTH-AND-SAFETY-CONSULTING.pdf,pdfix-unable-to-open
courts/default/documents/envservrfq.pdf,pdfix-unable-to-open
courts/default/documents/CFCC-2016-13-RBB-Attachment-6-Payee-Data-Record.pdf,pdfix-unable-to-open
courts/default/documents/FSO-2018-17-JR-Notice-Short-List555.pdf,pdfix-unable-to-open
courts/default/documents/CRS-SP-348-RFP-Cancellation.pdf,pdfix-unable-to-open
courts/default/documents/duiweb_add2.pdf,pdfix-unable-to-open
courts/default/documents/scpiv-rfp-qa.pdf,pdfix-unable-to-open
courts/default/documents/FS-2020-07-RL-Response-to-Questions.pdf,pdfix-unable-to-open
courts/default/documents/statewide-armoredcar-rfp-attach7.pdf,pdfix-unable-to-open
courts/default/documents/CFCC-2012-02-RB-Attachment-4-Scope-of-Services.pdf,pdfix-unable-to-open
courts/default/documents/tcweb-implement-rfp-add1.pdf,pdfix-unable-to-open
courts/default/documents/ASU-EG-021-Attachment-3-Vendors-Acceptance-of-the-RFPs-Contract-Terms.pdf,pdfix-unable-to-open
courts/default/documents/CRS-EG-284-Attachment-2-JCC-Hotel-Agreement-Template.pdf,pdfix-unable-to-open
courts/default/documents/3DCA-17-18-04-attachment-9-DVBE-Declaration-with-Instructions.pdf,pdfix-unable-to-open
courts/default/documents/CFCC-2021-107RB-Attach-5-Small-Biz.pdf,pdfix-unable-to-open
courts/default/documents/CRS-PD-249-RFP-Hotel-ROOM-BLOCK-paooct18.pdf,pdfix-unable-to-open
courts/default/documents/ADMIN-2017-10-ML-Notice-of-Intent-to-Award.pdf,pdfix-unable-to-open
courts/default/documents/preconstruct-riskmanage-kings-rfp-attachb.pdf,pdfix-unable-to-open
courts/default/documents/techstaff-augment-rfp-attachf1.pdf,pdfix-unable-to-open
courts/default/documents/CFCC-2021-107RB-Attach-6-Payee-Data.pdf,pdfix-unable-to-open
courts/default/documents/CFCC-2020-68-RB-Notice-of-Intent-to-Award.pdf,pdfix-unable-to-open
courts/default/documents/IT-2023-58-DM-ADDENDUM-1.pdf,pdfix-unable-to-open
courts/default/documents/analystsupport-ccmsv3t-rfp-list.pdf,pdfix-unable-to-open
courts/default/documents/CRS-SP-230-Attachment-3-Vendors-Acceptance-of-the-RFPs-Contract-Terms.pdf,pdfix-unable-to-open
courts/default/documents/ccmsrfp-add4.pdf,pdfix-unable-to-open
courts/default/documents/4-12-Kings-Attachment-1-Administrative-Rules.pdf,pdfix-unable-to-open
courts/default/documents/CRS-SP-131-Attachment-4-Darfur-Contracting-ACT.pdf,pdfix-unable-to-open
courts/default/documents/CRS-EG-381-Attachment-RFP-Hotel.pdf,pdfix-unable-to-open
courts/default/documents/RFP-FS-2021-05-MB-Attachment-L-Bidder-Declaration.pdf,pdfix-unable-to-open
courts/default/documents/CFCC-2016-10-RBB-RFP.pdf,pdfix-unable-to-open
courts/default/documents/2010lang-rfp-qna_0.pdf,pdfix-unable-to-open
courts/default/documents/FS-2018-14-RP-Intent-to-Award.pdf,pdfix-unable-to-open
courts/default/documents/FS-2018-13-BD-Attachment-1-Admin-Rules-Governing-RFPs.pdf,pdfix-unable-to-open
courts/default/documents/COA2D-1-2014-Attachment-5-Cost-Submission-Matrix-F.pdf,pdfix-unable-to-open
courts/default/documents/IT-2018-42-RB-RFP-Answers-to-Questions.pdf,pdfix-unable-to-open
courts/default/documents/CRS-AK-398-Attachment-3-Vendors-Acceptance-of-the-RFPs-Contract-Terms.pdf,pdfix-unable-to-open
courts/default/documents/CRS-AK-382-Intent-to-Award.pdf,pdfix-unable-to-open
courts/default/documents/RFPFS202307KO-Attach-H-Unruh.pdf,pdfix-unable-to-open
courts/default/documents/4-12-Kings-Attachment-4-Vendor-Payee-Data-Record.pdf,pdfix-unable-to-open
courts/default/documents/statetonerrfpattach1_0.pdf,pdfix-unable-to-open
courts/default/documents/CRS-SP-121-Attachment-3-Vendors-Acceptance-of-the-RFPs-Contract-Terms.pdf,pdfix-unable-to-open
courts/default/documents/LSS-2023-07-LV-Attachment-7-UNRUH-AND-FEHA-CERTIFICATION.pdf,pdfix-unable-to-open
courts/default/documents/aoclanwanprojman-rfp.pdf,pdfix-unable-to-open
courts/default/documents/FIN032811CK-addendum-1-Attachment-5-Contract-Exceptions-Form.pdf,pdfix-unable-to-open
courts/default/documents/CFCC23-163RB-Attach-2-Std-Agmt.pdf,pdfix-unable-to-open
courts/default/documents/videoprodservrfp_0.pdf,pdfix-unable-to-open
courts/default/documents/RFP-CFCC22-119RB-Answers-to-Questions.pdf,pdfix-unable-to-open
courts/default/documents/FS-2018-12-BD-Attach-I-Internal-Background-Check-Policy.pdf,pdfix-unable-to-open
courts/default/documents/preconstsvc-rfp-shortlist_1.pdf,pdfix-unable-to-open
courts/default/documents/IFB-FIN010111CK-Attachment-3-Pricing-Submittal-Form-Final.pdf,pdfix-unable-to-open
courts/default/documents/RFP-FS-2023-12-MB-Answers-to-Submitted-Questions-PACKAGE-02.pdf,pdfix-unable-to-open
courts/default/documents/CRS-SP-063-RFP-Hotel-ROOM-BLOCK-ONLY.pdf,pdfix-unable-to-open
courts/default/documents/CRS-SP-308-Attachment-6-Conflict-of-Interest-Certification-form.pdf,pdfix-unable-to-open
courts/default/documents/IT-DMS-2016-01-MDS-cover.pdf,pdfix-unable-to-open
courts/default/documents/ecm-rfp-appb_0.pdf,pdfix-unable-to-open
courts/default/documents/RFP-FS-2021-13-AL-Attach-9-DVBE-Participation-Form.pdf,pdfix-unable-to-open
courts/default/documents/JBWCP-2019-06-DM-Actuarial-Consulting-Services-RFP.pdf,pdfix-unable-to-open
courts/default/documents/RFP-TCAS-2020-03-MS-Non-Cost-Scoring-Memo.pdf,pdfix-unable-to-open
courts/default/documents/fmsrfpadd1_0.pdf,pdfix-unable-to-open
courts/default/documents/ceac-20231018-notice_agenda.pdf,pdfix-unable-to-open
courts/default/documents/CRSAU215-Attachment-3-Vendors-Acceptance-of-the-RFPs-Contract-BTB17.pdf,pdfix-unable-to-open
courts/default/documents/adda5.pdf,pdfix-unable-to-open
courts/default/documents/RFP-FS-2023-14-MY-Attachment-12-JC-Standard-CMA-Staffing-Plan_Fort_Ord.pdf,pdfix-unable-to-open
courts/default/documents/5yearreview-rfp-attache_0.pdf,pdfix-unable-to-open
courts/default/documents/CRS-SP-397-Intent-to-Award.pdf,pdfix-unable-to-open
courts/default/documents/CRS-SP-242-Intent-to-Award.pdf,pdfix-unable-to-open
courts/default/documents/CRS-PD-248-Cancellation-Notice-IMT18.pdf,pdfix-unable-to-open
courts/default/documents/emprecruit-rfp_0.pdf,pdfix-unable-to-open
courts/default/documents/CRS-SP-281-Attachment-6-Conflict-of-Interest-Certification-form.pdf,pdfix-unable-to-open
courts/default/documents/CRS-PD-102-Attachment-1-Admin-Rules-Non-IT-Services.pdf,pdfix-unable-to-open
courts/default/documents/elearn-rfp-qa.pdf,pdfix-unable-to-open
courts/default/documents/titleinsurance-escrowservice-rfp-attachg.pdf,pdfix-unable-to-open
courts/default/documents/cctaprfp.pdf,pdfix-unable-to-open
courts/default/documents/RFP-FS-2019-04-LB-Notice-of-Cancellation.pdf,pdfix-unable-to-open
courts/default/documents/basissap-rfp-attach1.pdf,pdfix-unable-to-open
courts/default/documents/CFCC-2022-11-LV-Attachment-1-Administrative-Rules.pdf,pdfix-unable-to-open
courts/default/documents/FS-2018-14-RP-Attach-6-Sample-OCIP-Manual.pdf,pdfix-unable-to-open
courts/default/documents/icwa-curriculum-rfp-attach4.pdf,pdfix-unable-to-open
courts/default/documents/CRS-EG-339-Attachment-RFP-Hotel-Room-Block.pdf,pdfix-unable-to-open
courts/default/documents/Court-Interpreter-Oral-Exam-Exhibit-3.pdf,pdfix-unable-to-open
courts/default/documents/CJER-05-13-RB-Attachment-1-Admin-Rules-IT-RFPs.pdf,pdfix-unable-to-open
courts/default/documents/REFM-2016-15-RP-Attachment-6.pdf,pdfix-unable-to-open
courts/default/documents/IT-2021-18-DM-Attachment-1-Administrative-Rules-IT-Goods.pdf,pdfix-unable-to-open
courts/default/documents/evalcivinst-rfp-atta_0.pdf,pdfix-unable-to-open
courts/default/documents/ASU-AU-006-LM-Table-of-Contents.pdf,pdfix-unable-to-open
courts/default/documents/RFP-FSO-PFMS-2018-21-JP-Attach-F-Standard-Agreement-Sample.pdf,pdfix-unable-to-open
courts/default/documents/RFP-ISD-06192012-SLO_Attachment-16_SLO-CMS-RFP-Costing-Matrix.pdf,pdfix-unable-to-open
courts/default/documents/COSSO-02-14-LM-Attachment-5-Darfur-Certification-Form.pdf,pdfix-unable-to-open
courts/default/documents/CFCC-12-13-LM-RFP.pdf,pdfix-unable-to-open
courts/default/documents/CFCC-2023-47-DM-Attachment-6B-Std205.pdf,pdfix-unable-to-open
courts/default/documents/COS-VRILAP-MDS-080816-attachment-11.pdf,pdfix-unable-to-open
courts/default/documents/JIP-2019-05-DM-QA.pdf,pdfix-unable-to-open
courts/default/documents/SC-19-55-RB-Attachment-5.pdf,pdfix-unable-to-open
courts/default/documents/JBCP-2013-03-BR-Attachment-C-Form-for-Submission-of-Questions.pdf,pdfix-unable-to-open
courts/default/documents/hollister-rfq-attachb.pdf,pdfix-unable-to-open
courts/default/documents/REFM-2016-06-RP-Response-to-Questions.pdf,pdfix-unable-to-open
courts/default/documents/IT-OPD-18-47-RB-Attachment-1-Administrative-Rules.pdf,pdfix-unable-to-open
courts/default/documents/ccjcrtc-rfp-attach4.pdf,pdfix-unable-to-open
courts/default/documents/IFB-BAP-23-138RB-Attach-3-Accept-TCs.pdf,pdfix-unable-to-open
courts/default/documents/idiq-archengservice-rfp-shortlist.pdf,pdfix-unable-to-open
courts/default/documents/CRS-PD-267-RFP-Hotel-ROOM-BLOCK-janpao19.pdf,pdfix-unable-to-open
courts/default/documents/CRS-SP-225-Attachment-2-Hotel-Agreement.pdf,pdfix-unable-to-open
courts/default/documents/youthpeer2009-rfp-attachc_0.pdf,pdfix-unable-to-open
courts/default/documents/confaudio-rfp-notice_0.pdf,pdfix-unable-to-open
courts/default/documents/CRS-EG-292-RFP-Hotel-ROOM-BLOCK.pdf,pdfix-unable-to-open
courts/default/documents/CRS-EG-359-Attachment-2-JCC-Hotel-Agreement-Template.pdf,pdfix-unable-to-open
courts/default/documents/sharedservappendices_0.pdf,pdfix-unable-to-open
courts/default/documents/JBCP-2015-12-BR-Short-List.pdf,pdfix-unable-to-open
courts/default/documents/consult-tcfacilities-rfp-shortlist.pdf,pdfix-unable-to-open
courts/default/documents/repjuvdep-sanjoaqrfp-attendees_0.pdf,pdfix-unable-to-open
courts/default/documents/REFM-2016-02-JT-Addendum-1.pdf,pdfix-unable-to-open
courts/default/documents/preconstsvc-rfp-attachd_0.pdf,pdfix-unable-to-open
courts/default/documents/OGC-ADR-02-RB-Attachment-1-Administrative-Rules-Governing-RFPs.pdf,pdfix-unable-to-open
courts/default/documents/scpiv_attachment_g_2006_shc_poster.pdf,pdfix-unable-to-open
courts/default/documents/IT-2018-42-RB-Attachment-4-General-Certfication.pdf,pdfix-unable-to-open
courts/default/documents/CRS-SP-192-Attachment-RFP-Hotel-FULL-SERVICE.pdf,pdfix-unable-to-open
courts/default/documents/CRS-SP-063-Questions-Answers.pdf,pdfix-unable-to-open
courts/default/documents/CRS-EG-387-Cancellation-Notice.pdf,pdfix-unable-to-open
courts/default/documents/eval-famfinding-pilotcounties-rfp-attach3.pdf,pdfix-unable-to-open
courts/default/documents/cafmrfp_0.pdf,pdfix-unable-to-open
courts/default/documents/ITSO-17-04-RBB-RFP.pdf,pdfix-unable-to-open
courts/default/documents/FSO-2018-08-JR-RFP.pdf,pdfix-unable-to-open
courts/default/documents/CFCC-08-12-LM-Notice-Intent-Award.pdf,pdfix-unable-to-open
courts/default/documents/CRS-EG-334-Attachment-1-Admin-Rules-Non-IT-Services.pdf,pdfix-unable-to-open
courts/default/documents/JBCP-2015-10-JMG-RFP-for-IT-Services-for-Sutter-Court.pdf,pdfix-unable-to-open
courts/default/documents/JBCP-2016-07-CP-Attachment-4.pdf,pdfix-unable-to-open
courts/default/documents/OREFM-2013-JMG-04-Bidders-List.pdf,pdfix-unable-to-open
courts/default/documents/CRS-SP-263-Attachment-2-JCC-Hotel-Agreement.pdf,pdfix-unable-to-open
courts/default/documents/aesmcp-rfq-attend_0.pdf,pdfix-unable-to-open
courts/default/documents/CRS-EG-108-Attachment-2---AOC-Hotel-Agreement-Template_Room-Block-Only_Master-Account.pdf,pdfix-unable-to-open
courts/default/documents/guidejuvdelperf-rfp-attach4.pdf,pdfix-unable-to-open
courts/default/documents/CRS-EG-260-Attachment-RFP-Hotel-FULL.pdf,pdfix-unable-to-open
courts/default/documents/RFP-IT-2021-80RB-Cost-Proposals_Part4of4.pdf,pdfix-unable-to-open
courts/default/documents/ASU-EG-026-Attachment-RFP--Hotel-ROOM-BLOCK-ONLY.pdf,pdfix-unable-to-open
courts/default/documents/materialtest-inspection-rfp-qna.pdf,pdfix-unable-to-open
courts/default/documents/CRS-SP-349-Attachment-3-Vendors-Acceptance-of-the-RFPs-Contract-Terms.pdf,pdfix-unable-to-open
courts/default/documents/TCAS-2022-04-AJ-Attachment-6-Payee-Data-Record.pdf,pdfix-unable-to-open
courts/default/documents/CRS-AK-393-Attachment-7-Covid-19-Duty-of-Care-Questionnaire.pdf,pdfix-unable-to-open
courts/default/documents/minorreprfp.pdf,pdfix-unable-to-open
courts/default/documents/FSO-2018-04-JR-Attachment-1-Specifications.pdf,pdfix-unable-to-open
courts/default/documents/Attach-9-DVBE-Participation-Form.pdf,pdfix-unable-to-open
courts/default/documents/CRS-PD-105-Attachment-2-AOC-Hotel-Agreement-Template.pdf,pdfix-unable-to-open
courts/default/documents/datacomm-projectmanagement-rfp-attach2.pdf,pdfix-unable-to-open
courts/default/documents/RFP-CFCC-2022-43-DM-Juvenile-Training-Series.pdf,pdfix-unable-to-open
courts/default/documents/IT23-153RB-Attach-11-Bidder-Decl.pdf,pdfix-unable-to-open
courts/default/documents/confplansvcs-rfp_0.pdf,pdfix-unable-to-open
courts/default/documents/costestimating-rfp-intent.pdf,pdfix-unable-to-open
courts/default/documents/CRS-SP-378-Attachment-1-Admin-Rules-Non-IT-Services.pdf,pdfix-unable-to-open
courts/default/documents/sdmanager-cms-rfp-attach1.pdf,pdfix-unable-to-open
courts/default/documents/CRS-SP-196-Attachment-6-Conflict-of-Interest-Certification-form.pdf,pdfix-unable-to-open
courts/default/documents/RFP-FS-2021-21-KO-Attachment-I-std205.pdf,pdfix-unable-to-open
courts/default/documents/refmsdis-rfp-rev1_0.pdf,pdfix-unable-to-open
courts/default/documents/RFPFS202125AL-Attach-3-Billing-Rates.pdf,pdfix-unable-to-open
courts/default/documents/CRS-SP-370-RFP-Cancellation.pdf,pdfix-unable-to-open
courts/default/documents/CRS-SP-126-Attachment-2-AOC-Hotel-Agreement-Template.pdf,pdfix-unable-to-open
courts/default/documents/42-RFP-13-14-06_Notice-of-Intent-to-Award.pdf,pdfix-unable-to-open
courts/default/documents/FS-2017-02-BD-Attachment-5-Admin-Rules-Governing-RFPs.pdf,pdfix-unable-to-open
courts/default/documents/licagree-rfp-award.pdf,pdfix-unable-to-open
courts/default/documents/snapshot-attb_0.pdf,pdfix-unable-to-open
courts/default/documents/newlbcourt-rfq2-add2.pdf,pdfix-unable-to-open
courts/default/documents/IFB-IT-2021-86RB-A1-Darfur-Certification.pdf,pdfix-unable-to-open
courts/default/documents/pubprivpart-rfp-add1.pdf,pdfix-unable-to-open
courts/default/documents/thirdpartyclaims-rfp-add1.pdf,pdfix-unable-to-open
courts/default/documents/statecopy-rfp-add3_0.pdf,pdfix-unable-to-open
courts/default/documents/sdcourthouse-risk-rfp-attachi.pdf,pdfix-unable-to-open
courts/default/documents/scanning-reprographic-rfp-legal.pdf,pdfix-unable-to-open
courts/default/documents/CRS-SP-269-Attachment-RFP-Hotel-FS-MULTIPLE-AWARDS.pdf,pdfix-unable-to-open
courts/default/documents/CRS-EG-235-Attachment-1-Admin-Rules-Non-IT-Services.pdf,pdfix-unable-to-open
courts/default/documents/5DCA-19-57-RB-Attach-7-Darfur.pdf,pdfix-unable-to-open
courts/default/documents/CFCC-2019-09-LV-Attachment-1-Administrative-Rules-Governing-RFPS.pdf,pdfix-unable-to-open
courts/default/documents/cmar-indioconstruct-rfp-attachg.pdf,pdfix-unable-to-open
courts/default/documents/CRS-SP-071-Attachment-4-Darfur-Contracting-ACT.pdf,pdfix-unable-to-open
courts/default/documents/IT-2021-18-DM-Intent-To-Award.pdf,pdfix-unable-to-open
courts/default/documents/CRS-PD-248-Attachment-1-Admin-Rules-Non-IT-Services-IMT18.pdf,pdfix-unable-to-open
courts/default/documents/ITSO-2022-03-SB-Attachment-1-Admininstrative-Rules.pdf,pdfix-unable-to-open
courts/default/documents/COS-VRILAP-MDS-080816-RFP.pdf,pdfix-unable-to-open
courts/default/documents/scdeprep-rfp-atte_0.pdf,pdfix-unable-to-open
courts/default/documents/IFB-ISD-018349-AA-Dell-Optiplex-9020-Small-Form-Factor.pdf,pdfix-unable-to-open
courts/default/documents/bsadocman-rfp-attach1.pdf,pdfix-unable-to-open
courts/default/documents/RFPFS202301MB-Attach-14-Fire-Sprinkler-Study.pdf,pdfix-unable-to-open
courts/default/documents/CFCC-2016-14-RBB-Attachment-3-Acceptance-of-TCs.pdf,pdfix-unable-to-open
courts/default/documents/eniaconsult-rfp-qna.pdf,pdfix-unable-to-open
courts/default/documents/RFP-FS-2021-22-JP-Answers-to_Questions-10-19-22.pdf,pdfix-unable-to-open
courts/default/documents/CRS-SP-115-Intent-to-Award-DECEMBER.pdf,pdfix-unable-to-open
courts/default/documents/5DCA-19-57-RB-Attach-4-Certs.pdf,pdfix-unable-to-open
courts/default/documents/CRS_EG_347-Intent-to-Award.pdf,pdfix-unable-to-open
courts/default/documents/RFP-FS-2023-05-XC-Attach-1-Administrative-Rules.pdf,pdfix-unable-to-open
courts/default/documents/conffacilserv-rfp-attacha.pdf,pdfix-unable-to-open
courts/default/documents/wcm-rfp-att10_0.pdf,pdfix-unable-to-open
courts/default/documents/LSS-2023-07-LV-Attachment-9-DVBE-Declaration.pdf,pdfix-unable-to-open
courts/default/documents/CFCC-08-12-LM-Attachment-7-Conflict-of-Interest-Certification-Form.pdf,pdfix-unable-to-open
courts/default/documents/CRS-SP-253-Attachment-2-JCC-Hotel-Agreement.pdf,pdfix-unable-to-open
courts/default/documents/RFP-Hotel-ROOM-BLOCK-CRS-AK-412.pdf,pdfix-unable-to-open
courts/default/documents/jcstakedatarfp.pdf,pdfix-unable-to-open
courts/default/documents/CRS-PD-329-Attachment-3-Vendors-Acceptance-of-the-RFPs-Contract-Terms-pjpi.pdf,pdfix-unable-to-open
courts/default/documents/CFCC-2022-03-LB-Intent-To-Award.pdf,pdfix-unable-to-open
courts/default/documents/sdcourthouse-risk-rfp-attachh.pdf,pdfix-unable-to-open
courts/default/documents/CRS-EG-204-Hotel-FS-MULTIPLE-AWARDS.pdf,pdfix-unable-to-open
courts/default/documents/CPAS-201101-RB-Questions-and-Answers.pdf,pdfix-unable-to-open
courts/default/documents/CRS-EG-339-Attachment-1-Admin-Rules-Non-IT-Services.pdf,pdfix-unable-to-open
courts/default/documents/CRS-SP-301-Attachment-2-JCC-Hotel-Agreement.pdf,pdfix-unable-to-open
courts/default/documents/RFP-REFM-SC-AV-Streaming-2016-61-JP-Photo-2-LA-AV-Room-New-2nd-Floor.pdf,pdfix-unable-to-open
courts/default/documents/CRS-SP-159-Attachment-3-Vendors-Acceptance-of-the-RFPs-Contract-Terms.pdf,pdfix-unable-to-open
courts/default/documents/Notice-Of-Shortlist-For-Interviews-RFPFS202301MB.pdf,pdfix-unable-to-open
courts/default/documents/1DCA-19-54-RB-Attach-6-Darfur-Cert.pdf,pdfix-unable-to-open
courts/default/documents/preconstruct-riskmanage-monterey-rfp-attachk.pdf,pdfix-unable-to-open
courts/default/documents/cmar-indioconstruct-rfp-attachf.pdf,pdfix-unable-to-open
courts/default/documents/CRS-PD-192-QuestionAnswers-doc-AJAI2017.pdf,pdfix-unable-to-open
courts/default/documents/CRS-SP-263-Attachment-4-Darfur-Contracting-ACT.pdf,pdfix-unable-to-open
courts/default/documents/cim_qa_0.pdf,pdfix-unable-to-open
courts/default/documents/RFP-IT-2022-38A-DM-QA.pdf,pdfix-unable-to-open
courts/default/documents/CFCC-2018-03-CD-2018-CA-Homeless-Court-Summit.pdf,pdfix-unable-to-open
courts/default/documents/CRS-SP-063-Attachment-1-Admin-Rules-Non-IT-Services.pdf,pdfix-unable-to-open
courts/default/documents/LSO-09-13-LM-Notice-of-Awards.pdf,pdfix-unable-to-open
courts/default/documents/conffacilserv-rfp-attachd_0.pdf,pdfix-unable-to-open
courts/default/documents/preconstsvc-rfp.pdf,pdfix-unable-to-open
courts/default/documents/HR-HREMS-2017-03-ML-Technical-Proposal-Non-Cost-Scores.pdf,pdfix-unable-to-open
courts/default/documents/CFCC-22-124RB-Attach-6-Payee-Data.pdf,pdfix-unable-to-open
courts/default/documents/cdupmcjcp-rfp-qna.pdf,pdfix-unable-to-open
courts/default/documents/RFP-CFCC23-159RB-Answers-to-Questions.pdf,pdfix-unable-to-open
courts/default/documents/RFP-FS-SP-2019-03-JP_Questions-and-Answers-Addendum-4.pdf,pdfix-unable-to-open
courts/default/documents/repjuvdep-larfp-add3_0.pdf,pdfix-unable-to-open
courts/default/documents/RFP-LSD-2021-100RB-Attach-6-Payee-Data.pdf,pdfix-unable-to-open
courts/default/documents/IT-2020-72-RB-RFI.pdf,pdfix-unable-to-open
courts/default/documents/FSO-2017-14-RP-Attach-1-RFP-Rules.pdf,pdfix-unable-to-open
courts/default/documents/CLASP-LNS2015-2015-Language-Study-RFP-Q-and-A.pdf,pdfix-unable-to-open
courts/default/documents/IT-2023-46-DM-Attachment-6A-Payee-Data-Record.pdf,pdfix-unable-to-open
courts/default/documents/CRS-EG-110-Attachment-2-AOC-Hotel-Agreement-Template-2-11-13.pdf,pdfix-unable-to-open
courts/default/documents/qamtccpor-rfp-attach1.pdf,pdfix-unable-to-open
courts/default/documents/refmsdis-rfp_0.pdf,pdfix-unable-to-open
courts/default/documents/CRS-SP049-Intent-to-Award-CAC.pdf,pdfix-unable-to-open
courts/default/documents/FSO-2018-06-JMG_Attach_E_to_Std_Agmt_Judicial_Council_Background_Check_Policy.pdf,pdfix-unable-to-open
courts/default/documents/CFCC-2021-26-CD-Attachment-1-Administrative-Rules-Governing.pdf,pdfix-unable-to-open
courts/default/documents/CRS-PD-111-Attachment-3-Vendors-Acceptance-of-the-RFPs-Contract-Terms.pdf,pdfix-unable-to-open
courts/default/documents/CRS-EG-306-Notice-of-cancellation.pdf,pdfix-unable-to-open
courts/default/documents/IT-OPD-18-46-RB-Attachment-7-DVBE-Bidder-Declaration.pdf,pdfix-unable-to-open
courts/default/documents/CRS-SP-118-Attachment-RFP-Hotel-ROOM-BLOCK.pdf,pdfix-unable-to-open
courts/default/documents/CRS-EG-342-Attachment-RFP-Hotel-FULL-SERVICE.pdf,pdfix-unable-to-open
courts/default/documents/aesmcp-rfq-answers.pdf,pdfix-unable-to-open
courts/default/documents/carsrfp.pdf,pdfix-unable-to-open
courts/default/documents/CPAS-201101-RB-Attachment-1-Admin-Rules.pdf,pdfix-unable-to-open
courts/default/documents/plumas-sierra-rfp_na.pdf,pdfix-unable-to-open
courts/default/documents/eval-famfinding-pilotcounties-rfp-attach2.pdf,pdfix-unable-to-open
courts/default/documents/preconstsvc-rfp-attacha-rev.pdf,pdfix-unable-to-open
courts/default/documents/app_ip_qa_0.pdf,pdfix-unable-to-open
courts/default/documents/susjustice-consult-rfp.pdf,pdfix-unable-to-open
courts/default/documents/JBCP-2016-07-CP-Attachment-5.pdf,pdfix-unable-to-open
courts/default/documents/lc-20210401-materials.pdf,pdfix-unable-to-open
courts/default/documents/CRS-EG-133-Attachment-2-AOC-Hotel-Agreement-Template_Room-Block-Only_Master-Account.pdf,pdfix-unable-to-open
courts/default/documents/CJER-030614-OSCSF-CF-Attachment-2-Ts-Cs.pdf,pdfix-unable-to-open
courts/default/documents/CRS-PD-336-Attachment-1-Admin-Rules-Non-IT-Services_jc21.pdf,pdfix-unable-to-open
courts/default/documents/cdupmcjcp-rfp-qna_0.pdf,pdfix-unable-to-open
courts/default/documents/CRS-SP-109-RFP-Hotel-ROOM-BLOCK.pdf,pdfix-unable-to-open
courts/default/documents/FS-2018-12-BD-Attach-H-Payee-Data-Record.pdf,pdfix-unable-to-open
courts/default/documents/RFP-FS-2021-19-AL-1-RFP-document.pdf,pdfix-unable-to-open
courts/default/documents/CRS-EG88-Attachment-RFP-Hotel-ROOM_BLOCK.pdf,pdfix-unable-to-open
courts/default/documents/adminctintexam-rfp-qna.pdf,pdfix-unable-to-open
courts/default/documents/aesmcp-rfq-change1024.pdf,pdfix-unable-to-open
courts/default/documents/RFP-FS-2021-20-JP-Attachment-6-DVBE-Declaration.pdf,pdfix-unable-to-open
courts/default/documents/preconstsvc-rfp-attachd_1.pdf,pdfix-unable-to-open
courts/default/documents/aersforscbrfp-losangeleselmonte_0.pdf,pdfix-unable-to-open
courts/default/documents/ctintexam-rfp-attd.pdf,pdfix-unable-to-open
courts/default/documents/sseattachmentc_0.pdf,pdfix-unable-to-open
courts/default/documents/techstaff-augment-rfp.pdf,pdfix-unable-to-open
courts/default/documents/TCAS-2020-01-BH-Pretrial-Risk-Assessment-Application-RFP-Addendum-3.pdf,pdfix-unable-to-open
courts/default/documents/CFCC-2018-09-CD-Attachment-6-Payee-Data-Record.pdf,pdfix-unable-to-open
courts/default/documents/CFCC-2020-68-RB-RFP.pdf,pdfix-unable-to-open
courts/default/documents/realdui-rfp-award_0.pdf,pdfix-unable-to-open
courts/default/documents/RFP-FS-2021-19-AL-Attach-7-Architect-Engineer-Qualifications.pdf,pdfix-unable-to-open
courts/default/documents/IFB-BAP-22-126RB-Attach-4-Small-Biz.pdf,pdfix-unable-to-open
courts/default/documents/ecm_add_1_appendix_a_dms_requirements_0.pdf,pdfix-unable-to-open
courts/default/documents/RFP-COA-2019-01-RP-A1-RFP-Rules.pdf,pdfix-unable-to-open
courts/default/documents/CRS-EG-314-Attachment-Notice-of-cancellation-MarkHopkins.pdf,pdfix-unable-to-open
courts/default/documents/CFCC-23-141RB-Attach-4-Gen-Certs.pdf,pdfix-unable-to-open
courts/default/documents/IFB-IT23-151RB-Attach-1-Admin-Rules.pdf,pdfix-unable-to-open
courts/default/documents/CRS-EG-339-Attachment-Intent-to-Award.pdf,pdfix-unable-to-open
courts/default/documents/CRS-AU-067-Attachment-1-Admin-Rules.pdf,pdfix-unable-to-open
courts/default/documents/hollister-rfq-attachc.pdf,pdfix-unable-to-open
courts/default/documents/RFP-IT-2019-60-RB-Answers-To-Questions.pdf,pdfix-unable-to-open
courts/default/documents/foms_q2.pdf,pdfix-unable-to-open
courts/default/documents/SC-19-55-RB-Attachment-4.pdf,pdfix-unable-to-open
courts/default/documents/Attachment-2-Contract-Terms.pdf,pdfix-unable-to-open
courts/default/documents/IT-2021-22-DM-QA.pdf,pdfix-unable-to-open
courts/default/documents/IFB-Supreme-041516-MDS-Revised-Attachment-2.pdf,pdfix-unable-to-open
courts/default/documents/ASU-EG024-Attachment-5--Form-for-Submission-of-Technical-Proposal-FULL-SERVICE.pdf,pdfix-unable-to-open
courts/default/documents/RFQ-FS-2019-01-DGF-Attach-I-Questions-and-Answers-MasterR3.pdf,pdfix-unable-to-open
courts/default/documents/RFP-CFCC-2012-01-RB-Appendix-B-Budget-Template.pdf,pdfix-unable-to-open
courts/default/documents/CRS-SP-217-Attachment-4-Darfur-Contracting-ACT.pdf,pdfix-unable-to-open
courts/default/documents/CRS-EG-414-Attachment-1-Admin-Rules-Non-IT-Services.pdf,pdfix-unable-to-open
courts/default/documents/CRS-SP-047-Intent-to-Award.pdf,pdfix-unable-to-open
courts/default/documents/RFP-CFCC-2022-43-DM-Attachment-7-Std205.pdf,pdfix-unable-to-open
courts/default/documents/CRS-SP-192-Intent-to-Award.pdf,pdfix-unable-to-open
courts/default/documents/traffic-20220711-notice-agenda.pdf,pdfix-unable-to-open
courts/default/documents/JBCP-2014-02-BR-140714-New-El-Centro-Courthouse-Floor-Plans.pdf,pdfix-unable-to-open
courts/default/documents/CRS-EG-157-RFP-Hotel-FULL-SERVICE.pdf,pdfix-unable-to-open
courts/default/documents/CRS-PD-218-Attachment-3-Vendors-Acceptance-of-the-RFPs-Contract-Terms-ASI-2017.pdf,pdfix-unable-to-open
courts/default/documents/RFP-CFCC22-119RB-Cancelation.pdf,pdfix-unable-to-open
courts/default/documents/REFM-2016-15-RP-Attachment-7.pdf,pdfix-unable-to-open
courts/default/documents/CFCC-2020-68-RB-RFP-Attach-6-DVBE-Bidder-Decl.pdf,pdfix-unable-to-open
courts/default/documents/ORFEM-2012-04-CC-Notice-of-Intent.pdf,pdfix-unable-to-open
courts/default/documents/IT-2023-10-SB-Audio-Conference-Attachment-6-STD205.pdf,pdfix-unable-to-open
courts/default/documents/CRS-EG-365-Intent-to-Award.pdf,pdfix-unable-to-open
courts/default/documents/CFCC-22-131RB-Attach-1-Admin-Rules.pdf,pdfix-unable-to-open
courts/default/documents/aoc-onsitecatering-sf-rfp-intent.pdf,pdfix-unable-to-open
courts/default/documents/titleinsurance-escrowservice-rfp-attachf.pdf,pdfix-unable-to-open
courts/default/documents/CRS-PD-2620Attachment-6-Conflict-of-Interest-Certification-form-flsh18.pdf,pdfix-unable-to-open
courts/default/documents/tempserv-rfp-qna_0.pdf,pdfix-unable-to-open
courts/default/documents/titleescrow-relatedservice-rfp-shortlist.pdf,pdfix-unable-to-open
courts/default/documents/OGC-ADR-04-NN-Intent-to-Award.pdf,pdfix-unable-to-open
courts/default/documents/adda4.pdf,pdfix-unable-to-open
courts/default/documents/CRS-SP-076-Attachment-1-Admin-Rules-Non-IT-Services.pdf,pdfix-unable-to-open
courts/default/documents/cmar-indioconstruct-rfp-shortlist.pdf,pdfix-unable-to-open
courts/default/documents/CRS-EG-358-Attachment-7-Covid-19-Duty-of-Care-Questionnaire.pdf,pdfix-unable-to-open
courts/default/documents/precon-rfq-rfp.pdf,pdfix-unable-to-open
courts/default/documents/CRS-PD-100-Intent-to-Award-PAO-Jan-2015.pdf,pdfix-unable-to-open
courts/default/documents/dm-rfp-award_0.pdf,pdfix-unable-to-open
courts/default/documents/rfp_cfcc0211lm-award.pdf,pdfix-unable-to-open
courts/default/documents/3dcarfp070617_RFPAdvancedMediationTraining.pdf,pdfix-unable-to-open
courts/default/documents/CRS-SP-165-Attachment-2-Hotel-Agreement.pdf,pdfix-unable-to-open
courts/default/documents/CRS-SP-076-Attachment-2-AOC-Hotel-Agreement-Template.pdf,pdfix-unable-to-open
courts/default/documents/CFCC_09-12-LMQA.pdf,pdfix-unable-to-open
courts/default/documents/JBCP-2015-05-JMG-RFP.pdf,pdfix-unable-to-open
courts/default/documents/OCR23-154RB-RFP-Answers-to-Questions.pdf,pdfix-unable-to-open
courts/default/documents/IFB-BAP-22-126RB-Attach-2-Agreement.pdf,pdfix-unable-to-open
courts/default/documents/rfp-cfcc-nacjp-attach1.pdf,pdfix-unable-to-open
courts/default/documents/CRS-EG-410-Attachment-2-JCC-Hotel-Agreement-Template.pdf,pdfix-unable-to-open
courts/default/documents/DBE-Selection-Interview-Outline.pdf,pdfix-unable-to-open
courts/default/documents/FS-2018-14-RP-Presentation.pdf,pdfix-unable-to-open
courts/default/documents/RFP-FS-2022-07-JP-San-Francisco-Request-for-Proposals_AD4.pdf,pdfix-unable-to-open
courts/default/documents/RFP-JCC-252020-RB-New-Vehicle-Purchase.pdf,pdfix-unable-to-open
courts/default/documents/digphotadd2_0.pdf,pdfix-unable-to-open
courts/default/documents/CRS-EG-396-Questions-Answers.pdf,pdfix-unable-to-open
courts/default/documents/IT-OPD-18-47-RB-Attachment-7-Unruh.pdf,pdfix-unable-to-open
courts/default/documents/CRS-EG-396-Intent-to-Award.pdf,pdfix-unable-to-open
courts/default/documents/FIN-2020-21-CD-Addendum-4.pdf,pdfix-unable-to-open
courts/default/documents/preconstsvc-rfp-shortlist_0.pdf,pdfix-unable-to-open
courts/default/documents/CRS-SP-360-Attachment-1-Admin-Rules-Non-IT-Services.pdf,pdfix-unable-to-open
courts/default/documents/4-2-13-14-07-LM-Attachment-5-Darfur-Act-Contracting-Certification-Form.pdf,pdfix-unable-to-open
courts/default/documents/CRS-PD-183-Attachment-3-Vendors-Acceptance-of-the-RFPs-Contract-Terms-PAOEAC2017.pdf,pdfix-unable-to-open
courts/default/documents/manprocfair-rfp.pdf,pdfix-unable-to-open
courts/default/documents/CPAS-201101-RB-Attachment-5-Darfur-Contracting-Act-Certification.pdf,pdfix-unable-to-open
courts/default/documents/sdcourthouse-risk-rfp-shortlist.pdf,pdfix-unable-to-open
courts/default/documents/CFCC-04-13-LM-Attachment-1-Administration-Rules-Governing-RFPs.pdf,pdfix-unable-to-open
courts/default/documents/newlbcourt-rfq2-qna1.pdf,pdfix-unable-to-open
courts/default/documents/HR-2016-03-ML-ATTACHMENT-6.pdf,pdfix-unable-to-open
courts/default/documents/CRS-PD-167-Attachment-2-JCC-Hotel-Agreement-Template-AB-1058.pdf,pdfix-unable-to-open
courts/default/documents/FS-2017-20-BD-Attach-L-Answers-to-Bidder-Questions.pdf,pdfix-unable-to-open
courts/default/documents/RFP-FS-2023-12-MB-Notice_of_Intent_to_Award.pdf,pdfix-unable-to-open
courts/default/documents/CRS-SP-177-Attachment-1-Admin-Rules-Non-IT-Services.pdf,pdfix-unable-to-open
courts/default/documents/bpr-rfp-att_a_admin_rules.pdf,pdfix-unable-to-open
courts/default/documents/CRS-PD-082-RFP-Hotel-FULL-SERVICE.pdf,pdfix-unable-to-open
courts/default/documents/CRS-PD-332-RFP-Hotel-FULL-SERVICE_aji21.pdf,pdfix-unable-to-open
courts/default/documents/CRS-PD-194-Attachment-4-Darfur-Contracting-ACT-AJSI2017.pdf,pdfix-unable-to-open
courts/default/documents/aocjobacc-rfp-attb_0.pdf,pdfix-unable-to-open
courts/default/documents/CRS-SP-219-Attachment-4-Darfur-Contracting-ACT.pdf,pdfix-unable-to-open
courts/default/documents/3DCA-RFO-18-19-06-Attachment-2-JC-Standard-Terms-and-Conditions.pdf,pdfix-unable-to-open
courts/default/documents/CFCC-2012-02-RB-Table-of-Contents.pdf,pdfix-unable-to-open
courts/default/documents/riverside-rfq-westtek-final.pdf,pdfix-unable-to-open
courts/default/documents/JBCP-2013-05-BR-Willows-Addendum-1.pdf,pdfix-unable-to-open
courts/default/documents/cafmrfp-add1.pdf,pdfix-unable-to-open
courts/default/documents/devdraftpol-rfp-intent_0.pdf,pdfix-unable-to-open
courts/default/documents/ECU-2013-01-Collections-Intent-to-Award.pdf,pdfix-unable-to-open
courts/default/documents/CRS-SP-114-Attachment-3-Vendors-Acceptance-of-the-RFPs-Contract-Terms.pdf,pdfix-unable-to-open
courts/default/documents/preconstruct-riskmanage-kings-rfp-attachc.pdf,pdfix-unable-to-open
courts/default/documents/CRS-SP-148-Attachment-1-Admin-Rules-Non-IT-Services.pdf,pdfix-unable-to-open
courts/default/documents/CRS-EG89-Attachment-1-Admin-Rules-Non-IT-Services.pdf,pdfix-unable-to-open
courts/default/documents/mentor_0.pdf,pdfix-unable-to-open
courts/default/documents/ccmsrfp-add5.pdf,pdfix-unable-to-open
courts/default/documents/RFP-BAP23-155RB-Attach-4-Gen-Certs.pdf,pdfix-unable-to-open
courts/default/documents/CR-2019-04-LV-Attach-7-Unruh.pdf,pdfix-unable-to-open
courts/default/documents/ctintrecruit-rfp-award.pdf,pdfix-unable-to-open
courts/default/documents/CRS-AK-385-Attachment-1-Admin-Rules-Non-IT-Services.pdf,pdfix-unable-to-open
courts/default/documents/TCAS-2022-02-MS-Attachment-11-Bidder-Declaration.pdf,pdfix-unable-to-open
courts/default/documents/duiweb_add3.pdf,pdfix-unable-to-open
courts/default/documents/precon-rfp-atth2.pdf,pdfix-unable-to-open
courts/default/documents/HR-2017-08-LV-EAP-Attachment-6-Vendor-Payee-Data-Record.pdf,pdfix-unable-to-open
courts/default/documents/ITSO-2022-03-SB-Notice-of-Intent-To-Award.pdf,pdfix-unable-to-open
courts/default/documents/CRS-PD-130-Attachment-1-Admin-Rules-Non-IT-Services.pdf,pdfix-unable-to-open
courts/default/documents/CRS-SP-323-Attachment-4-Darfur-Contracting-ACT.pdf,pdfix-unable-to-open
courts/default/documents/IT-2019-60-RB-RFP-A4-General-Certification.pdf,pdfix-unable-to-open
courts/default/documents/CFCC-02-16-LV-RFP-StatewideTranslation-Services.pdf,pdfix-unable-to-open
courts/default/documents/3dcarfp201401_Attachment3_AcceptanceofTermsandConditions.pdf,pdfix-unable-to-open
courts/default/documents/statewide-armoredcar-rfp-attach6.pdf,pdfix-unable-to-open
courts/default/documents/CFCC-2018-08-CD-Attachment-6-Payee-Data-Record.pdf,pdfix-unable-to-open
courts/default/documents/FSO-JOC-Services-2017-08-JP-Attach-F-Standard-Master-Agreement.pdf,pdfix-unable-to-open
courts/default/documents/19-C1-JCC-Site-Drawing-2023-09-28-v5.pdf,pdfix-unable-to-open
courts/default/documents/ceac-20221026-notice_agenda.pdf,pdfix-unable-to-open
courts/default/documents/OCR23-154RB-RFP-Notice-of-Intent-to-Award.pdf,pdfix-unable-to-open
courts/default/documents/RFPFS202211MB-Attach-7-Architect-Engineer-Qualifications.pdf,pdfix-unable-to-open
courts/default/documents/plainengrfp-a.pdf,pdfix-unable-to-open
courts/default/documents/constrantct-rfp_att1i_0.pdf,pdfix-unable-to-open
courts/default/documents/RFP-CFCC-22-117RB-Notice-of-Intent-to-Award.pdf,pdfix-unable-to-open
courts/default/documents/CFCC-23-141RB-Attach-5-Darfur-Cert.pdf,pdfix-unable-to-open
courts/default/documents/facilityopsrfiAdd1.pdf,pdfix-unable-to-open
courts/default/documents/casa-rfp-att4_0.pdf,pdfix-unable-to-open
courts/default/documents/tv_feeprop.pdf,pdfix-unable-to-open
courts/default/documents/cseadd1_0.pdf,pdfix-unable-to-open
courts/default/documents/preconstsvc-rfp-add6.pdf,pdfix-unable-to-open
courts/default/documents/CRS-PD-190-Attachment-1-Admin-Rules-Non-IT-Services-PJCEO-2016.pdf,pdfix-unable-to-open
courts/default/documents/Attachment-1-Admin-rules-RFP-non-IT-services.pdf,pdfix-unable-to-open
courts/default/documents/tempserv-rfp_att_h_proposer_certification_form.pdf,pdfix-unable-to-open
courts/default/documents/RFP-COA-2023-01-RP-Intent-to-Award.pdf,pdfix-unable-to-open
courts/default/documents/codequality-indassess-rfp-attach2sched2.pdf,pdfix-unable-to-open
courts/default/documents/TCAS-2021-01-MS-Questions-and-Answers-Updated.pdf,pdfix-unable-to-open
courts/default/documents/LSD-2017-36-RB-Attachment-9-DVBE-Declaration.pdf,pdfix-unable-to-open
courts/default/documents/RFP-CFCC-2023-45-DM-Attorney-Translation-Consultant-Chinese-Vietnamese-Korean.pdf,pdfix-unable-to-open
courts/default/documents/CRS-SP-063-Attachment-7-Conflict-of-Interest-Certification-form.pdf,pdfix-unable-to-open
courts/default/documents/CRS-EG-313-Attachment-1-Admin-Rules-Non-IT-Services.pdf,pdfix-unable-to-open
courts/default/documents/costestimating-rfp-add2.pdf,pdfix-unable-to-open
courts/default/documents/CRS-SP-318-Attachment-4-Darfur-Contracting-ACT.pdf,pdfix-unable-to-open
courts/default/documents/evaljustcorps-rfp-add1_0.pdf,pdfix-unable-to-open
courts/default/documents/tvtrans_add1_0.pdf,pdfix-unable-to-open
courts/default/documents/CRS-PD-218-RFP-Hotel-FULL-SERVICE-ASI-2017.pdf,pdfix-unable-to-open
courts/default/documents/confaudio-rfp-notice.pdf,pdfix-unable-to-open
courts/default/documents/RFP-FS-2020-08-AL-notice-of-intent-to-award.pdf,pdfix-unable-to-open
courts/default/documents/realtimetms-rfi.pdf,pdfix-unable-to-open
courts/default/documents/CRSEG117-Attachment-2-AOC-Hotel-Agreement-Template_Room-Block-Only_Master-Account.pdf,pdfix-unable-to-open
courts/default/documents/RFP-SC-91323-MS-Attachment-9-DVBE-Declaration.pdf,pdfix-unable-to-open
courts/default/documents/CRS-PD-216-RFP-Hotel-ROOM-BLOCK-PAODVC.pdf,pdfix-unable-to-open
courts/default/documents/TCAS-2021-02-AJ-HCM-RFP.pdf,pdfix-unable-to-open
courts/default/documents/CRS-EG42-RFP-Hotel-ROOM-BLOCK-ONLY.pdf,pdfix-unable-to-open
courts/default/documents/RFP-CFCC-2016-12LB-RFP.pdf,pdfix-unable-to-open
courts/default/documents/CRS-SP-059-Attachment-2-AOC-Hotel-Agreement-Template.pdf,pdfix-unable-to-open
courts/default/documents/RFP-FS-2021-18-AL-Attach-09-DVBE-Declaration.pdf,pdfix-unable-to-open
courts/default/documents/calcjcduicoststudy-rfp-list_0.pdf,pdfix-unable-to-open
courts/default/documents/HR-TC-2016-04-ML-QA.pdf,pdfix-unable-to-open
courts/default/documents/RFP-FSO-2017-10-JR-Attachment-2-Bid-Drawings.pdf,pdfix-unable-to-open
courts/default/documents/RFP-FS-2022-02-MB-Attach-H-Unruh-Cert.pdf,pdfix-unable-to-open
courts/default/documents/RFP-JCC-4262022-CG-Attachment-2.1-PO-Terms-and-Conditions.pdf,pdfix-unable-to-open
courts/default/documents/cctaprfp-add3.pdf,pdfix-unable-to-open
courts/default/documents/feltrial-rfp-attach3_0.pdf,pdfix-unable-to-open
courts/default/documents/BAP-22-125RB-RFP-Exhibit-4-Proposer-Response-Template.pdf,pdfix-unable-to-open
courts/default/documents/JBCP-2013-02-BR-Attachment-A_Administrative-Rules.pdf,pdfix-unable-to-open
courts/default/documents/Attachment-D-Payee-Data-Record.pdf,pdfix-unable-to-open
courts/default/documents/CRS-TD-036-QA.pdf,pdfix-unable-to-open
courts/default/documents/ASU-TD-010-SS-Attachment-2-JBE-AOC-Standard-Terms-and-Conditions_attendee-pay.pdf,pdfix-unable-to-open
courts/default/documents/preconstruct-riskmanage-fresnorev-rfp-attachf.pdf,pdfix-unable-to-open
courts/default/documents/CRS-SP-243-Attachment-2-JCC-Hotel-Agreement.pdf,pdfix-unable-to-open
courts/default/documents/cjac-20240110-mh-notice-and-agenda.pdf,pdfix-unable-to-open
courts/default/documents/Statewide-Solar-Solicitation-Sitewalk-Schedule-Update-12-22-23.pdf,pdfix-unable-to-open
courts/default/documents/RFQ-FS-2019-11-BD-notice-of-intent-to-award.pdf,pdfix-unable-to-open
courts/default/documents/RFP-CJER-2022-40-DM-Civil-Proceeding-Benchbook.pdf,pdfix-unable-to-open
courts/default/documents/FS-2018-18-RP-Attach-F-Payee-Data-Record.pdf,pdfix-unable-to-open
courts/default/documents/aocrfp_cs.pdf,pdfix-unable-to-open
courts/default/documents/confaudio-rfp-attd.pdf,pdfix-unable-to-open
courts/default/documents/FS-2018-14-RP-RFQ-P-Construction-Manager-at-Risk-New-Modesto.pdf,pdfix-unable-to-open
courts/default/documents/CFCC-2020-69-RB-Attachment-8.pdf,pdfix-unable-to-open
courts/default/documents/CFCC-2019-08-MS-Questions-And-Answers.pdf,pdfix-unable-to-open
courts/default/documents/JBCP-2016-02-BR-exhibit-g-to-cmr-manual.pdf,pdfix-unable-to-open
courts/default/documents/RFP-Appellate-042216-HS-Attachment-3.pdf,pdfix-unable-to-open
courts/default/documents/RFP-JCC-2023-11-SB_QnA.pdf,pdfix-unable-to-open
courts/default/documents/CFCC-2021-91RB-Attachment-5-Darfur-Certification.pdf,pdfix-unable-to-open
courts/default/documents/IT-DMS-2016-01-MDS-Section-II-competition-rules.pdf,pdfix-unable-to-open
courts/default/documents/enttestmgmt-rfp-appb_0.pdf,pdfix-unable-to-open
courts/default/documents/IFB-BAP-23-138RB-Attach-1-Admin-Rules.pdf,pdfix-unable-to-open
courts/default/documents/CJER-2022-40-DM-Attachment-5B-Std205.pdf,pdfix-unable-to-open
courts/default/documents/CRSEG186-Attachment-1-Admin-Rules-Non-IT-Services.pdf,pdfix-unable-to-open
courts/default/documents/CRS-SP-126-Attachment-3_-_Vendors-Acceptance-of-the-RFPs-Contract-Terms.pdf,pdfix-unable-to-open
courts/default/documents/CFCC_09-12-LMAttachment_8_-_Training_Requirements.pdf,pdfix-unable-to-open
courts/default/documents/CRS-SP-293-Attachment-1-Admin-Rules-Non-IT-Services.pdf,pdfix-unable-to-open
courts/default/documents/RFP-IT-2020-64-RB-IT-Consulting-Managed-Services-Addendum-1.pdf,pdfix-unable-to-open
courts/default/documents/HCRC-2018-48-RB-Attachment-9-Reference-Form.pdf,pdfix-unable-to-open
courts/default/documents/precon-stockton-rfq-shortlist.pdf,pdfix-unable-to-open
courts/default/documents/CRS-PD-149-RFP-NJO.pdf,pdfix-unable-to-open
courts/default/documents/CRS-SP-243-Intent-to-Award.pdf,pdfix-unable-to-open
courts/default/documents/LSO-ADR-06-LM-Attachment-3-Proposers-Acceptance-of-T-Cs.pdf,pdfix-unable-to-open
courts/default/documents/CRS-AU-032-Attachment-1--Admin-Rules-Non-IT-Services.pdf,pdfix-unable-to-open
courts/default/documents/RFP-FS-2022-07-JP-Attachment-M-Internal-Background-Check-Protocol.pdf,pdfix-unable-to-open
courts/default/documents/ASU-EG-018-Attachment-6-Form-for-Submission-of-Cost-Proposal-FULL-SERVICE.pdf,pdfix-unable-to-open
courts/default/documents/ccmsv4int-rfp-attd_0.pdf,pdfix-unable-to-open
courts/default/documents/tcpjac_ceac-20230712-materials.pdf,pdfix-unable-to-open
courts/default/documents/CRS-PD-322-Intent-to-Award-ab105820.pdf,pdfix-unable-to-open
courts/default/documents/CRS-TD-038-Attachment-7-Conflict-of-Interest-Certification-form.pdf,pdfix-unable-to-open
courts/default/documents/maderacourthouse-preconstruct-rfp-addendum2.pdf,pdfix-unable-to-open
courts/default/documents/RFPFS202212KO-Attach-C-General-Cert..pdf,pdfix-unable-to-open
courts/default/documents/CRS-PD-172-Attachment-3-Vendors-Acceptance-of-the-RFPs-Contract-Terms-PAOEAC-June-2016.pdf,pdfix-unable-to-open
courts/default/documents/CRS-EG-161-Intent-to-Award.pdf,pdfix-unable-to-open
courts/default/documents/sanbernardino-inspect-rfp-attachc.pdf,pdfix-unable-to-open
courts/default/documents/CRS-SP-362-Attachment-4-Darfur-Contracting-ACT.pdf,pdfix-unable-to-open
courts/default/documents/CJER-18-44-RB-Exhibit-B.pdf,pdfix-unable-to-open
courts/default/documents/laboratta.pdf,pdfix-unable-to-open
courts/default/documents/CRS-SP-406-Intent-to-Award.pdf,pdfix-unable-to-open
courts/default/documents/TCAS-2021-01-MS-Attachment-4-General-Certification.pdf,pdfix-unable-to-open
courts/default/documents/project-schedule-rev_0.pdf,pdfix-unable-to-open
courts/default/documents/CRS-SP-084-Attachment-1-Admin-Rules-Non-IT-Services.pdf,pdfix-unable-to-open
courts/default/documents/CRS-EG-207-Attachment-1-Admin-Rules-Non-IT-Services.pdf,pdfix-unable-to-open
courts/default/documents/5DCA-19-57-RB-Attach-3-Accept-TCs.pdf,pdfix-unable-to-open
courts/default/documents/CFCC-201501-JR-Attachment-6.pdf,pdfix-unable-to-open
courts/default/documents/ASU-TD-022-Attachment-7-Conflict-of-Interest-Certification-form.pdf,pdfix-unable-to-open
courts/default/documents/CFCC-2012-02-RB-Appendix-B-Budget-Template.pdf,pdfix-unable-to-open
courts/default/documents/RFP-IT-2023-03-LP-QA.pdf,pdfix-unable-to-open
courts/default/documents/sseaocform002-01.pdf,pdfix-unable-to-open
courts/default/documents/FIN-201505-ML-Attachment-1-Administrative-Rules-Governing-RFPs--Non-IT-Services.pdf,pdfix-unable-to-open
courts/default/documents/RFPFS202125AL-RFP-document.pdf,pdfix-unable-to-open
courts/default/documents/LSO-2019-12-CD-Attachment-6-Payee-Data-Record-Form.pdf,pdfix-unable-to-open
courts/default/documents/RFP-COA-2023-01-RP-Final-Draft.pdf,pdfix-unable-to-open
courts/default/documents/CRS-SP-392-Attachment-1-Admin-Rules-Non-IT-Services.pdf,pdfix-unable-to-open
courts/default/documents/JBCP-2016-03-JT-Exhibit-A-K.pdf,pdfix-unable-to-open
courts/default/documents/CRS-PD-341-Intent-to-Award-may21_cysacto.pdf,pdfix-unable-to-open
courts/default/documents/FS-2018-26-BD-RFP.pdf,pdfix-unable-to-open
courts/default/documents/CFCC_09-12-LMRFP.pdf,pdfix-unable-to-open
courts/default/documents/costestimating_rfqpayee.pdf,pdfix-unable-to-open
courts/default/documents/preconstruct-risk-los-banos-rfp-attach-d.pdf,pdfix-unable-to-open
courts/default/documents/dpmccpor-rfp-attb.pdf,pdfix-unable-to-open
courts/default/documents/repjuvdep-sanjoaqrfp.pdf,pdfix-unable-to-open
courts/default/documents/FS-2018-14-RP-Attach-5-Payee-Data-Record.pdf,pdfix-unable-to-open
courts/default/documents/FSO-LA-Metro-Elevator-2017-11-JP-Attach-S-Bid-Set-Drawings-Dated-11-01-2017.pdf,pdfix-unable-to-open
courts/default/documents/CRS-PD-130-Attachment-6-Conflict-of-Interest-Certification-form.pdf,pdfix-unable-to-open
courts/default/documents/courtordered-debttask-rfp-cancel.pdf,pdfix-unable-to-open
courts/default/documents/CRS-SP-070-Cancallation-JCApril.pdf,pdfix-unable-to-open
courts/default/documents/CRS-EG-245-Attachment-RFP-Hotel-FULL-SERVICE.pdf,pdfix-unable-to-open
courts/default/documents/IFB-AS-043015-RB-Attachment-2-Eval-Delivery-and-other.pdf,pdfix-unable-to-open
courts/default/documents/susjustice-consult-rfp-attach4.pdf,pdfix-unable-to-open
courts/default/documents/CFCC-2019-09-LV-Attachment-5-Darfur-Contracting-Act-Certification.pdf,pdfix-unable-to-open
courts/default/documents/CRSEG144-Attachment-1-Admin-Rules.pdf,pdfix-unable-to-open
courts/default/documents/CFCC-03-12-LM-Attachment-5-Darfur-Contracting-Certification.pdf,pdfix-unable-to-open
courts/default/documents/RFP-Hotel-ROOM-BLOCK_CRS_AK_393.pdf,pdfix-unable-to-open
courts/default/documents/IT-2021-01-LB-Attachment-9-Darfur-Certification.pdf,pdfix-unable-to-open
courts/default/documents/precon-rfp.pdf,pdfix-unable-to-open
courts/default/documents/RFP-APPELLATE-122118-WV-Attachment-2.pdf,pdfix-unable-to-open
courts/default/documents/CFCC-2022-01-SB-Attachment-1.pdf,pdfix-unable-to-open
courts/default/documents/CRS-EG-306-Attachment-1-Admin-Rules-Non-IT-Services.pdf,pdfix-unable-to-open
courts/default/documents/RFP-Hotel-ROOM-BLOCK-ONLY-tcpjac.pdf,pdfix-unable-to-open
courts/default/documents/IFB-BAP-22-126RB-Attach-9-Bidder-Declaration.pdf,pdfix-unable-to-open
courts/default/documents/CRS-SP-360-Attachment-6-Conflict-of-Interest-Certification-form.pdf,pdfix-unable-to-open
courts/default/documents/codequality-indassess-rfp-qna1.pdf,pdfix-unable-to-open
courts/default/documents/ASU-DC-013-Attachment-6-Cost-Proposal.pdf,pdfix-unable-to-open
courts/default/documents/IT-2020-64-RB-Exhibit-H-Sample-Request-for-Offer.pdf,pdfix-unable-to-open
courts/default/documents/Attach-8A-Payee-Data-Record-Form_0.pdf,pdfix-unable-to-open
courts/default/documents/FIN-2020-21-CD-RFP-Actuarial-Services-for-GASB-74-75-Compliance.pdf,pdfix-unable-to-open
courts/default/documents/CFCC-032614-LCDR-CF_Appx-B_Budget_Template.pdf,pdfix-unable-to-open
courts/default/documents/evaljuryservideo-rfp-add1_0.pdf,pdfix-unable-to-open
courts/default/documents/CRS-PD-194-Attachment-RFP-Hotel-FULL-SERVICE-AJSI2017.pdf,pdfix-unable-to-open
courts/default/documents/FSO-2018-23-JR-RFP.pdf,pdfix-unable-to-open
courts/default/documents/aesmcp-rfq-change_0.pdf,pdfix-unable-to-open
courts/default/documents/OCR23-152RB-Attach-1-Admin-Rules.pdf,pdfix-unable-to-open
courts/default/documents/feltrial-rfp-attach1_0.pdf,pdfix-unable-to-open
courts/default/documents/sejuvdepct-qdata-rfp-intent_0.pdf,pdfix-unable-to-open
courts/default/documents/preconstruct-risk-lakeport-rfp.pdf,pdfix-unable-to-open
courts/default/documents/TCAS-2022-01-MS-Attachment-6-Unruh-Civil-Rights-Act.pdf,pdfix-unable-to-open
courts/default/documents/CRS-SP-106-Attachment-3---Vendors-Acceptance-of-the-RFPs-Contract-Terms.pdf,pdfix-unable-to-open
courts/default/documents/CFCC23-164RB-Attach-7-Iran-Certs.pdf,pdfix-unable-to-open
courts/default/documents/JBCP-2014-04-BR-Notice-of-Intent-to-Award.pdf,pdfix-unable-to-open
courts/default/documents/scjuvdeprep-rfp-qa_0.pdf,pdfix-unable-to-open
courts/default/documents/CRS-SP-363-Attachment-4-Darfur-Contracting-ACT.pdf,pdfix-unable-to-open
courts/default/documents/payrollcvr.pdf,pdfix-unable-to-open
courts/default/documents/RFP-FS-2022-09-XC-Attachment-L-Unruh-Cert.pdf,pdfix-unable-to-open
courts/default/documents/aersforscbrfp-mariposa_0.pdf,pdfix-unable-to-open
courts/default/documents/IT-2019-60-RB-RFP.pdf,pdfix-unable-to-open
courts/default/documents/cscollsvcs-rfp-award_0.pdf,pdfix-unable-to-open
courts/default/documents/OGC-ADR-05-RB-Attachment-5-Darfur-Contracting-Certification.pdf,pdfix-unable-to-open
courts/default/documents/ASU-AU-006-LM-Attachment-3-Vendors-Acceptance-of-Terms-and-Conditions.pdf,pdfix-unable-to-open
courts/default/documents/RFP-CIP-2022-39-DM-LSM.pdf,pdfix-unable-to-open
courts/default/documents/CJCSO-1301-RB-CalRAPP-Inter-Rater-Reliability-RFP.pdf,pdfix-unable-to-open
courts/default/documents/preconstruct-riskmanage-monterey-rfp-add2.pdf,pdfix-unable-to-open
courts/default/documents/phoenix-rfp--resp-rev2.pdf,pdfix-unable-to-open
courts/default/documents/CRS-PD-268-RFP-Hotel-ROOM-BLOCK-janpao20.pdf,pdfix-unable-to-open
courts/default/documents/aesmcp-rfq-al_0.pdf,pdfix-unable-to-open
courts/default/documents/riverside-reconstruct-rfq-attachh.pdf,pdfix-unable-to-open
courts/default/documents/CRS-PD-175-Attachment-3-Vendors-Acceptance-of-the-RFPs-Contract-Terms-Jan-PAO-2017.pdf,pdfix-unable-to-open
courts/default/documents/rfp-bluerib-qna_0.pdf,pdfix-unable-to-open
courts/default/documents/FSO-GC-Services-IDIQ-2018-01-JP-Attach-K-Internal-Background-Check-Policy.pdf,pdfix-unable-to-open
courts/default/documents/CRS-SP-356-Attachment-4-Darfur-Contracting-ACT.pdf,pdfix-unable-to-open
courts/default/documents/IT-2019-10-LB-Question-Answers.pdf,pdfix-unable-to-open
courts/default/documents/publish-rfp-list.pdf,pdfix-unable-to-open
courts/default/documents/CFCC-2021-107RB-Attach-8-Unruh.pdf,pdfix-unable-to-open
courts/default/documents/CRS-SP-356-Attachment-6-Conflict-of-Interest-Certification-form.pdf,pdfix-unable-to-open
courts/default/documents/COS-ODP-201504-JR-Attachment-8.pdf,pdfix-unable-to-open
courts/default/documents/CRS-PD-229-Intent-to-Award-AJAI2018.pdf,pdfix-unable-to-open
courts/default/documents/CRS-SP-145-Intent-to-Award-October-JC.pdf,pdfix-unable-to-open
courts/default/documents/FSO-2018-08-JR-Notice-Answer-to-Questions.pdf,pdfix-unable-to-open
courts/default/documents/aocjobacc-rfp-qna_0.pdf,pdfix-unable-to-open
courts/default/documents/CRS-LK-413-Attachment-2-Hotel_Agreement_Template.pdf,pdfix-unable-to-open
courts/default/documents/CRS-SP-106-RFP-Hotel-FULL-SERVICE.pdf,pdfix-unable-to-open
courts/default/documents/CRS-SP-121-Attachment-1-Admin-Rules-Non-IT-Services.pdf,pdfix-unable-to-open
courts/default/documents/CRS-PD-322-RFP-Hotel-FULL-SERVICE-9-30-ab105820.pdf,pdfix-unable-to-open
courts/default/documents/Attachment-R-Judicial-Council-Tool-Control-Policy.pdf,pdfix-unable-to-open
courts/default/documents/cscac-20211105-rafs-notice.pdf,pdfix-unable-to-open
courts/default/documents/preconstruct-risk-los-banos-rfp-attach-f.pdf,pdfix-unable-to-open
courts/default/documents/FSO-2017-21-HN-Attach-18-Mandatory-Min-Requirements.pdf,pdfix-unable-to-open
courts/default/documents/ent-itarchitecture-rfp-attach1.pdf,pdfix-unable-to-open
courts/default/documents/CRS-SP-294-Attachment-4-Darfur-Contracting-ACT.pdf,pdfix-unable-to-open
courts/default/documents/CFCC-20110826-CT_DataExchange_6_QandA.pdf,pdfix-unable-to-open
courts/default/documents/CFCC-2016-09-RBB-Attachment-2-Standard-Provisions.pdf,pdfix-unable-to-open
courts/default/documents/ASU-TD-027-Attachment-6-Form-for-Submission-of-Cost-Proposal-ROOM-BLOCK-ONLY.pdf,pdfix-unable-to-open
courts/default/documents/CFCC-2022-08-SB-Attachment-6A-STD204.pdf,pdfix-unable-to-open
courts/default/documents/RFP-FS-2021-05-MB-Attachment-K-STD205-Payee-Data-Record-Supplement.pdf,pdfix-unable-to-open
courts/default/documents/workcomptpa-rfp-appi_0.pdf,pdfix-unable-to-open
courts/default/documents/RevisedAttachment5-StandardAgreement.pdf,pdfix-unable-to-open
courts/default/documents/CRSEG117-RFP-Hotel-ROOM_BLOCK.pdf,pdfix-unable-to-open
courts/default/documents/building-commish-rfp-add1.pdf,pdfix-unable-to-open
courts/default/documents/sanbernardino-inspect-rfp-attacha.pdf,pdfix-unable-to-open
courts/default/documents/IT23-153RB-Attach-8-Unruh-Act.pdf,pdfix-unable-to-open
courts/default/documents/CFCC-2018-05-LV-QA.pdf,pdfix-unable-to-open
courts/default/documents/CRS-SP-237-Attachment-1-Admin-Rules-Non-IT-Services.pdf,pdfix-unable-to-open
courts/default/documents/REFM-2016-14-RP-Attachment-4.pdf,pdfix-unable-to-open
courts/default/documents/RFP-COA-2019-01-RP-A16-Service-Area-Map.pdf,pdfix-unable-to-open
courts/default/documents/CRS-EG050-Attachment-1-Admin-Rules-Non-IT-Services.pdf,pdfix-unable-to-open
courts/default/documents/statecopy-rfp_0.pdf,pdfix-unable-to-open
courts/default/documents/RFPFS202307KO-Attach-B-Agreement.pdf,pdfix-unable-to-open
courts/default/documents/42-RFP-13-14-06_Mechanical-HVAC_Attachment-4_General-Certifications.pdf,pdfix-unable-to-open
courts/default/documents/CFCC-2021-04-LV-RFP.pdf,pdfix-unable-to-open
courts/default/documents/OS-20150901-CEIA-JR-NOTICE-OF-CANCELLATION.pdf,pdfix-unable-to-open
courts/default/documents/RFP-FS-2020-06-DF-Attach-K-Iran-Contracting-Act.pdf,pdfix-unable-to-open
courts/default/documents/precon-stockton-rfq-topo.pdf,pdfix-unable-to-open
courts/default/documents/calcjcduicoststudy-rfp-intent.pdf,pdfix-unable-to-open
courts/default/documents/IT-2019-61-RB-Darfur.pdf,pdfix-unable-to-open
courts/default/documents/ASU-TD-014-Attachment-7-Conflict-of-Interest-Certification-form.pdf,pdfix-unable-to-open
courts/default/documents/CRS-PD-321-RFP-Hotel-ROOM-BLOCK_dv20.pdf,pdfix-unable-to-open
courts/default/documents/repjuvdep-larfp-add5.pdf,pdfix-unable-to-open
courts/default/documents/CRS-PD-322-Attachment-1-Admin-Rules-Non-IT-Services-ab105820.pdf,pdfix-unable-to-open
courts/default/documents/RFP-RealEstateReloConsultantScvs-QnA.pdf,pdfix-unable-to-open
courts/default/documents/COSSO-02-14-LM-Attachment-1-Administrative-Rules-Governing-RFPs.pdf,pdfix-unable-to-open
courts/default/documents/FSO-2017-21-HN-Notice-of-Revision.pdf,pdfix-unable-to-open
courts/default/documents/precon-stockton-rfq-attachf.pdf,pdfix-unable-to-open
courts/default/documents/Attachment-10-2019-AB1058-Confernce-Agenda-and-Workshop-Descriptions.pdf,pdfix-unable-to-open
courts/default/documents/scjuvdeprep-rfp-contract_da_0.pdf,pdfix-unable-to-open
courts/default/documents/RFP-FS-SP-2020-16-JP-Attachment-6-Sample-Contract-Addendum-1.pdf,pdfix-unable-to-open
courts/default/documents/CRSSP056-Intent-to-Award-Criminal-Law-Institite.pdf,pdfix-unable-to-open
courts/default/documents/RFP-ISD-06192012-SLO_Attachment-2_Minimum-Terms-and-Conditions.pdf,pdfix-unable-to-open
courts/default/documents/RFP-CFCC-23-141RB.pdf,pdfix-unable-to-open
courts/default/documents/CFCC-22-131RB-Attach-3-Accept-TCs.pdf,pdfix-unable-to-open
courts/default/documents/RFP-FS-2023-08-KO-Answers-to-Submitted-Questions.pdf,pdfix-unable-to-open
courts/default/documents/guidejuvdelperf-rfp-appa.pdf,pdfix-unable-to-open
courts/default/documents/refmsdis-rfp-add5_0.pdf,pdfix-unable-to-open
courts/default/documents/1DCA-19-54-RB-Attach-3-Acceptance-of-Ts-and-Cs.pdf,pdfix-unable-to-open
courts/default/documents/RFPFS202203MB-Attach-2-TGMP-GMP-Form-ADDENDUM-5.pdf,pdfix-unable-to-open
courts/default/documents/preconstruct-riskmanage-fresnorev-rfp-attachd.pdf,pdfix-unable-to-open
courts/default/documents/CRS-AU-099-Attachment-3-Vendors-Acceptance-of-the-RFPs-Contract-Terms-AB-1058.pdf,pdfix-unable-to-open
courts/default/documents/riverside-reconstruct-rfq-shortlist.pdf,pdfix-unable-to-open
courts/default/documents/CRS-SP-366-Intent-to-Award.pdf,pdfix-unable-to-open
courts/default/documents/REFM-2014-03-BR-Attachment-C-Civic-Center-CH-Price-Proposal-Form.pdf,pdfix-unable-to-open
courts/default/documents/cctaprfp-add1.pdf,pdfix-unable-to-open
courts/default/documents/RFP-Appellate-042216-HS-Attachment-1.pdf,pdfix-unable-to-open
courts/default/documents/FS-2017-20-BD-RFP-Attach-A-Admin-Rules.pdf,pdfix-unable-to-open
courts/default/documents/HRSO-04-13-SS-Notice-of-Intent-to-Award.pdf,pdfix-unable-to-open
courts/default/documents/offsuprfp-add2_0.pdf,pdfix-unable-to-open
courts/default/documents/payrollrfp_0.pdf,pdfix-unable-to-open
courts/default/documents/FSO-2020-04-BD-Attach-K-to-Std-Agmt-Security-Badging-Policy.pdf,pdfix-unable-to-open
courts/default/documents/FSO-2017-21-HN-Attach-12-Statement-of-Qualifications.pdf,pdfix-unable-to-open
courts/default/documents/publish-rfp.pdf,pdfix-unable-to-open
courts/default/documents/plumas-sierra-rfp-add1att_0.pdf,pdfix-unable-to-open
courts/default/documents/RFP-FS-2023-09-XC_RFP_Attach-A-Admin-Rules-Attach-B-Map.pdf,pdfix-unable-to-open
courts/default/documents/CRS-SP-361-Attachment-3-Vendors-Acceptance-of-the-RFPs-Contract-Terms.pdf,pdfix-unable-to-open
courts/default/documents/CRSSP056-Attachment-4-Darfur-Contracting-ACT.pdf,pdfix-unable-to-open
courts/default/documents/FS-2018-19-RP-Intent-to-Award.pdf,pdfix-unable-to-open
courts/default/documents/CJCSO-1301-RB-CalRAPP-Inter-Rater-Reliability-Attach-2-Terms-and-Conditions.pdf,pdfix-unable-to-open
courts/default/documents/CRS-PD-291-Attachment-4-Darfur-Contracting-ACT-ab105819.pdf,pdfix-unable-to-open
courts/default/documents/adagency-rfp-qa.pdf,pdfix-unable-to-open
courts/default/documents/FIN-201505-ML-QA-July-1-2013-GASB-45-valuation-for-Santa-Clara-Superior-Court.pdf,pdfix-unable-to-open
courts/default/documents/CJER-2015-03-LV-Notice-of-Cancellation.pdf,pdfix-unable-to-open
courts/default/documents/CRS-SP-140-Attachment-6-Conflict-of-Interest-Certification-form.pdf,pdfix-unable-to-open
courts/default/documents/RFP-FS-2022-02-MB-Notice-of-Intent-to-Award.pdf,pdfix-unable-to-open
courts/default/documents/catering-rfp_0.pdf,pdfix-unable-to-open
courts/default/documents/JBCP-2015-12-BR-intent-to-award.pdf,pdfix-unable-to-open
courts/default/documents/Attach-4-Acceptance-of-Terms-and-Conditions_0.pdf,pdfix-unable-to-open
courts/default/documents/CFCC-031814-LCDR-CF_Att-8_Financial_Capability.pdf,pdfix-unable-to-open
courts/default/documents/CRS-EG-364-Attachment-7-Duty-of-Care-Questionnair.pdf,pdfix-unable-to-open
courts/default/documents/JBCP-CMS-S-2016-50-SM-Short-List-Notice.pdf,pdfix-unable-to-open
courts/default/documents/CRS-PD-317-Attachment-4-Darfur-Contracting-ACT_dv20.pdf,pdfix-unable-to-open
courts/default/documents/CRS-SP-323-Attachment-1-Admin-Rules-Non-IT-Services.pdf,pdfix-unable-to-open
courts/default/documents/RFP-FS-2021-02-BD-Attachment-P31-Electrical-Drawings-95-Percent-CD.pdf,pdfix-unable-to-open
courts/default/documents/prequalchulavista-rfq_0.pdf,pdfix-unable-to-open
courts/default/documents/scpiv-rfp-award.pdf,pdfix-unable-to-open
courts/default/documents/jcstakedatarfp_0.pdf,pdfix-unable-to-open
courts/default/documents/pubprivpart-rfp-agree_0.pdf,pdfix-unable-to-open
courts/default/documents/CRS-PD-167-Attachment-3-Vendors-Acceptance-of-the-RFPs-Contract-Terms-CRS-PD-167.pdf,pdfix-unable-to-open
courts/default/documents/rfp-cfcc-nacjp-qna.pdf,pdfix-unable-to-open
courts/default/documents/IT-2019-12-LB-Attachment-12-PrototypeDesignPatterns.pdf,pdfix-unable-to-open
courts/default/documents/TCAS-2021-02-AJ-Attachment-9-Unruh-Civil-Rights-Act-and-FEHA-Certification.pdf,pdfix-unable-to-open
courts/default/documents/Attachment-4-Std-204-Payee-Data-Record.pdf,pdfix-unable-to-open
courts/default/documents/eval-famfinding-pilotcounties-rfp-qna.pdf,pdfix-unable-to-open
courts/default/documents/juvdepsdrfp_0.pdf,pdfix-unable-to-open
courts/default/documents/designservice-joaquin-rfq-attachb-sheeta1.pdf,pdfix-unable-to-open
courts/default/documents/docmanage-statewide-rfp-attach2.pdf,pdfix-unable-to-open
courts/default/documents/plainengrfp-c.pdf,pdfix-unable-to-open
courts/default/documents/FSO-2018-24-JP_CMR-Willows-Attachment-1-Sample-Agreement.pdf,pdfix-unable-to-open
courts/default/documents/tas-rfp-notice.pdf,pdfix-unable-to-open
courts/default/documents/aersforscbrfp-add1.pdf,pdfix-unable-to-open
courts/default/documents/3dcarfp070617_attachment7ConflictofInterestCertification.pdf,pdfix-unable-to-open
courts/default/documents/cscollsvcs-rfp-qna.pdf,pdfix-unable-to-open
courts/default/documents/CRS-AK-373-Intent-to-Award.pdf,pdfix-unable-to-open
courts/default/documents/ecm-rfp-att2_0.pdf,pdfix-unable-to-open
courts/default/documents/CFCC-012414-ACDR-CF-attachment-5-Payee-Data-Record.pdf,pdfix-unable-to-open
courts/default/documents/apppanatt-rfp_0.pdf,pdfix-unable-to-open
courts/default/documents/codequality-indassess-rfp-add1.pdf,pdfix-unable-to-open
courts/default/documents/cseadd1.pdf,pdfix-unable-to-open
courts/default/documents/CFCC_09-12-LMAttachment_3_-_Proposers_Acceptance_of_TandCs.pdf,pdfix-unable-to-open
courts/default/documents/4-12-Kings-REQUEST-FOR-PROPOSAL.pdf,pdfix-unable-to-open
courts/default/documents/swsecurityscreen-rfp-qna.pdf,pdfix-unable-to-open
courts/default/documents/CRS-PD-273-Attachment-3-Vendors-Acceptance-of-the-RFPs-Contract-Terms-febpao19.pdf,pdfix-unable-to-open
courts/default/documents/Answers-to-Submitted-Questions-%282nd-Round%29.pdf,pdfix-unable-to-open
courts/default/documents/preconstsvc-rfp-add4.pdf,pdfix-unable-to-open
courts/default/documents/3DCA-17-18-04-attachment-4-Payee-Data-Record.pdf,pdfix-unable-to-open
courts/default/documents/CRS-AU-032-Attachment-2--AOC-Hotel-Agreement.pdf,pdfix-unable-to-open
courts/default/documents/ASU-TD-028-RFP-Hotel-ROOM-BLOCK-ONLY.pdf,pdfix-unable-to-open
courts/default/documents/famjuv-20240226-notice.agenda.pdf,pdfix-unable-to-open
courts/default/documents/CFCC-032514-PCDR-CF-Attachment-9-Proposed-Caseload.pdf,pdfix-unable-to-open
courts/default/documents/3DCA-RFO-18-19-06-Attachment-8-DVBE-Declaration-with-Instructions.pdf,pdfix-unable-to-open
courts/default/documents/CRS-PD-329-Attachment-1-Admin-Rules-Non-IT-Services-pjpi.pdf,pdfix-unable-to-open
courts/default/documents/RFP-FS-2022-13-XC-Attach-6-Darfur-Certification.pdf,pdfix-unable-to-open
courts/default/documents/CFCC-2021-26-CD-Mental-Health-Training-and-Technical-Assistance.pdf,pdfix-unable-to-open
courts/default/documents/preconstruct-riskmanage-kings-rfp-attacha.pdf,pdfix-unable-to-open
courts/default/documents/CRS-PD-228-Attachment-3-Vendors-Acceptance-of-the-RFPs-Contract-Terms-ajai18.pdf,pdfix-unable-to-open
courts/default/documents/techstaff-augment-rfp-attachf2.pdf,pdfix-unable-to-open
courts/default/documents/List-of-Attachments.pdf,pdfix-unable-to-open
courts/default/documents/CRS-PD-175-Attachment-2-JCC-Hotel-Agreement-January-PAO-2017.pdf,pdfix-unable-to-open
courts/default/documents/IT-2023-58-DM-ADDENDUM-2.pdf,pdfix-unable-to-open
courts/default/documents/statewide-armoredcar-rfp-attach4.pdf,pdfix-unable-to-open
courts/default/documents/isbrfp.pdf,pdfix-unable-to-open
courts/default/documents/Public-Cost-Opening-Notice.pdf,pdfix-unable-to-open
courts/default/documents/forum-20211014-notice-agenda.pdf,pdfix-unable-to-open
courts/default/documents/ASU-TD-005-NN-Attachment-5-Form-for-Submission-of-Technical-Proposal.pdf,pdfix-unable-to-open
courts/default/documents/ASU-TD-025-Attachment-6-Form-for-Submission-of-Cost-Proposal-ROOM-BLOCK-ONLY.pdf,pdfix-unable-to-open
courts/default/documents/manprocfair-rfp-add1_0.pdf,pdfix-unable-to-open
courts/default/documents/CRS-SP-072-RFP-Hotel-ROOM-BLOCK-ONLY.pdf,pdfix-unable-to-open
courts/default/documents/duiweb_add1.pdf,pdfix-unable-to-open
courts/default/documents/selfhelp_pilot_rfp_0.pdf,pdfix-unable-to-open
courts/default/documents/CRS-SP-041-Attachment-RFP-Hotel-ROOM-BLOCK-ONLY.pdf,pdfix-unable-to-open
courts/default/documents/RFP-BAP23-160RB-Attach-6A-Std204.pdf,pdfix-unable-to-open
courts/default/documents/CRS-AK-426-Attachment-1-Admin-Rules-Non-IT-Services.pdf,pdfix-unable-to-open
courts/default/documents/FSO-2017-17-RP-Attach-2-Standard-Agreement.pdf,pdfix-unable-to-open
courts/default/documents/realdui-rfp-answers_0.pdf,pdfix-unable-to-open
courts/default/documents/JBCP-2014-06-BR-Addendum-1-QA_Lakeport.pdf,pdfix-unable-to-open
courts/default/documents/preconstsvc-rfp-attachf_1.pdf,pdfix-unable-to-open
courts/default/documents/CFCC-03-12-LM-Appendix-B-Acceptance-of-the-Work.pdf,pdfix-unable-to-open
courts/default/documents/dataexchange-juvprogram-rfp-attach4.pdf,pdfix-unable-to-open
courts/default/documents/10yearslater-rfp-award_0.pdf,pdfix-unable-to-open
courts/default/documents/preconstruct-risk-woodland-rfp.pdf,pdfix-unable-to-open
courts/default/documents/gcportola-rfq-vendata_0.pdf,pdfix-unable-to-open
courts/default/documents/JBCP-2014-06-BR-Attachment-5-Payee-Data-Record.pdf,pdfix-unable-to-open
courts/default/documents/CRS-PD-329-Attachment-2-JC-short-form-agreement-pjpi.pdf,pdfix-unable-to-open
courts/default/documents/RFP-LSD-2021-100RB-Attach-3-Accept-TermsandConditions.pdf,pdfix-unable-to-open
courts/default/documents/CRS-SP-151-Attachment-2-Agreement-Template.pdf,pdfix-unable-to-open
courts/default/documents/RFP-FS-2023-22-MB-Answers-to-Submitted-Questions.pdf,pdfix-unable-to-open
courts/default/documents/CRS-EG-289-Attachment-1-Admin-Rules-Non-IT-Services.pdf,pdfix-unable-to-open
courts/default/documents/OCR23-154RB-Attach-7A-std204.pdf,pdfix-unable-to-open
courts/default/documents/rfp-cfcc-nacjp-attach3.pdf,pdfix-unable-to-open
courts/default/documents/RFP-CFCC22-119RB-A3-Acceptance-of-Terms.pdf,pdfix-unable-to-open
courts/default/documents/CRS-SP-243-Attachment-RFP-HOTEL-ROOM-BLOCK.pdf,pdfix-unable-to-open
courts/default/documents/CFCC-2024-28-LV_Technical-Scores.pdf,pdfix-unable-to-open
courts/default/documents/IT-2023-04-LV-Attachment-3-Std204.pdf,pdfix-unable-to-open
courts/default/documents/CRS-SP-141-Attachment-3-Vendors-Acceptance-of-the-RFPs-Contract-Terms.pdf,pdfix-unable-to-open
courts/default/documents/IT-072414-WXRP-CF_Addendum-1.pdf,pdfix-unable-to-open
courts/default/documents/ASU-TD-029-Attachment-7-Conflict-of-Interest-Certification-form.pdf,pdfix-unable-to-open
courts/default/documents/IT-2020-64-RB-Cost-Proposals_Part1of3.pdf,pdfix-unable-to-open
courts/default/documents/Attachment-3-Proposers-Acceptance-of-Terms-and-Conditions.pdf,pdfix-unable-to-open
courts/default/documents/OGC-ADR-03-NN-Appendix-A-SB-78-for-Non-IT-Agreements.pdf,pdfix-unable-to-open
courts/default/documents/CRS-PD-182-Attachment-RFP-Hotel-ROOM-BLOCK-SJI-2017.pdf,pdfix-unable-to-open
courts/default/documents/CFCC-22-127RB-RFP-Attach-1-Admin-Rules.pdf,pdfix-unable-to-open
courts/default/documents/mentorqa.pdf,pdfix-unable-to-open
courts/default/documents/ASU-TD-027-Intent-to-Award.pdf,pdfix-unable-to-open
courts/default/documents/CRS-SP-259-Intent-to-Award.pdf,pdfix-unable-to-open
courts/default/documents/RFP-FS-2023-12-MB-Answers-to-Submitted-Questions-PACKAGE-01.pdf,pdfix-unable-to-open
courts/default/documents/apppanatty-rfp_0.pdf,pdfix-unable-to-open
courts/default/documents/calattrfp.pdf,pdfix-unable-to-open
courts/default/documents/CRS-PD-146-Attachment-6-Conflict-of-Interest-Form.pdf,pdfix-unable-to-open
courts/default/documents/FS-2018-19-RP-Attach-7-Unruh-Civil-Rights-Act-Certification.pdf,pdfix-unable-to-open
courts/default/documents/CFCC-18-49-RB-RFP-Attach-2-Ts-Cs.pdf,pdfix-unable-to-open
courts/default/documents/BAP-2022-07-SB-Revised-Cover-Page.pdf,pdfix-unable-to-open
courts/default/documents/repjuvdep-larfp-add1_0.pdf,pdfix-unable-to-open
courts/default/documents/titleinsurance-escrowservice-rfp-attachd.pdf,pdfix-unable-to-open
courts/default/documents/CRS-SP-231-Cancellation-Notice.pdf,pdfix-unable-to-open
courts/default/documents/CRS-SP-296-Attachment-6-Conflict-of-Interest-Certification-form.pdf,pdfix-unable-to-open
courts/default/documents/IFB-EDU-050412-RB-Attachment-1-Statement-of-Work-March-2012vFinal.pdf,pdfix-unable-to-open
courts/default/documents/CFCC-2019-08-MS-Attachment-8-DVBE-Declaration.pdf,pdfix-unable-to-open
courts/default/documents/ITSO-11-13-LM-Attachment-2-Contract-Terms-and-Conditions.pdf,pdfix-unable-to-open
courts/default/documents/CRS-PD-290-Attachment-2-JCC-Hotel-Agreement-Template-aji20.pdf,pdfix-unable-to-open
courts/default/documents/CRS-SP-361-RFP-Hotel-ROOM-BLOCK.pdf,pdfix-unable-to-open
courts/default/documents/attendees_0.pdf,pdfix-unable-to-open
courts/default/documents/ASU-EG-021-Intent-to-Award.pdf,pdfix-unable-to-open
courts/default/documents/CRS-EG-058-Notice-of-Award.pdf,pdfix-unable-to-open
courts/default/documents/CRS-AU-134-Attachment-4-Darfur-contract.pdf,pdfix-unable-to-open
courts/default/documents/RFP-FS-2023-08-KO-RFP.pdf,pdfix-unable-to-open
courts/default/documents/CRSSP084-Intent-to-Award.pdf,pdfix-unable-to-open
courts/default/documents/CFCC-22-117RB-Attach-6B-std205.pdf,pdfix-unable-to-open
courts/default/documents/CRS-EG-079-Attachment-2-AOC-Hotel-Agreement_Appellate.pdf,pdfix-unable-to-open
courts/default/documents/consult-tcfacilities-rfp.pdf,pdfix-unable-to-open
courts/default/documents/CRS-AU-037-Attachment-1-Admin-Rules-Non-IT-Services.pdf,pdfix-unable-to-open
courts/default/documents/COS-VRILAP-MDS-080816-attachment-12.pdf,pdfix-unable-to-open
courts/default/documents/JCC-2019-04-DM-QA.pdf,pdfix-unable-to-open
courts/default/documents/CRS-PD-305-Attachment-1-Admin-Rules-Non-IT-Services-ptpi19.pdf,pdfix-unable-to-open
courts/default/documents/SC-19-55-RB-Attachment-6.pdf,pdfix-unable-to-open
courts/default/documents/ADMIN-2018-04-LB-Attachment-6-PayeeDataRecord204b.pdf,pdfix-unable-to-open
courts/default/documents/hollister-rfq-attacha.pdf,pdfix-unable-to-open
courts/default/documents/CRS-EG-357-Attachment-2-JCC-Standard-Terms-and-Conditions.pdf,pdfix-unable-to-open
courts/default/documents/docmanage-statewide-rfp-qna.pdf,pdfix-unable-to-open
courts/default/documents/RFP-REFM-2016-29-JP-Attachment-2-Sample-Agreement.pdf,pdfix-unable-to-open
courts/default/documents/workcomptpa-rfp-intent_0.pdf,pdfix-unable-to-open
courts/default/documents/CFCC-2022-11-LV-Attachment-3-Acceptance-of-Terms-and-Conditions.pdf,pdfix-unable-to-open
courts/default/documents/gcfmti-rfp-prequalapp_0.pdf,pdfix-unable-to-open
courts/default/documents/BAP-22-125RB-Attach-6-Payee-Data-Record.pdf,pdfix-unable-to-open
courts/default/documents/CRS-SP-070-Attachment-3-Vendors-Acceptance-of-the-RFPs-Contract-Terms.pdf,pdfix-unable-to-open
courts/default/documents/3dcarfp201401_Attachment6_PayeeDataRecordForm.pdf,pdfix-unable-to-open
courts/default/documents/REFM-2016-15-RP-Attachment-5.pdf,pdfix-unable-to-open
courts/default/documents/RFP-CFCC-2023-26-LV-Attachment-1-Administrative-Rules.pdf,pdfix-unable-to-open
courts/default/documents/ISD-2016-01-RB-Technical-Scores.pdf,pdfix-unable-to-open
courts/default/documents/FSO-2018-09-JR-Attachment-C-Sample-Agreement.pdf,pdfix-unable-to-open
courts/default/documents/REFM-2016-16-BD-RFP-Attach-3-Square-Footage-Breakdown-Spreadsheet.pdf,pdfix-unable-to-open
courts/default/documents/basissap-rfp-attach2.pdf,pdfix-unable-to-open
courts/default/documents/RFP-IT-2021-80RB-Atrachment-12F-Evaluation.pdf,pdfix-unable-to-open
courts/default/documents/RFP-FS-2021-02-BD-Attachment-H-Darfur-Certification.pdf,pdfix-unable-to-open
courts/default/documents/CRS-SP-156-Attachment-2-Hotel-Agreement.pdf,pdfix-unable-to-open
courts/default/documents/ctintexam_addendum1.pdf,pdfix-unable-to-open
courts/default/documents/BSU-2013-01-GW-Attachment-3-Acceptance-to-Terms-and-Conditions.pdf,pdfix-unable-to-open
courts/default/documents/HRDRM-17-05-RBB-Attachment-6-Payee-Data-Record.pdf,pdfix-unable-to-open
courts/default/documents/RFP-CFCC-2023-04-LP-Attachment-6A-STD204-Payee-Data-Record.pdf,pdfix-unable-to-open
courts/default/documents/mentorqa_0.pdf,pdfix-unable-to-open
courts/default/documents/OCR23-154RB-Attach-8-DVBE-Bidder-Decl.pdf,pdfix-unable-to-open
courts/default/documents/4DCA-12-13-01-CK-Attachment-1-Admin-Rules.pdf,pdfix-unable-to-open
courts/default/documents/workcomptpa-rfp-atth.pdf,pdfix-unable-to-open
courts/default/documents/RFP-FS-2021-18-AL-Attach-07-Iran-Contracting-Act.pdf,pdfix-unable-to-open
courts/default/documents/IT-2020-65-RB-RFI-052020-1639.pdf,pdfix-unable-to-open
courts/default/documents/preconstsvc-rfp_1.pdf,pdfix-unable-to-open
courts/default/documents/REFM-2016-02-JT-addendum-2.pdf,pdfix-unable-to-open
courts/default/documents/CFCC-2021-11-LV-Attachment-3-Proposers-Acceptance-Terms-and-Conditions.pdf,pdfix-unable-to-open
courts/default/documents/FSO-LA-Metro-Elevator-2017-11-JP-Site-Walk-Sign-in-Sheet.pdf,pdfix-unable-to-open
courts/default/documents/LSD-2017-36-RB-Attachment-7-Small-Business-Declaration.pdf,pdfix-unable-to-open
courts/default/documents/CRS-EG-211-Intent-to-Award.pdf,pdfix-unable-to-open
courts/default/documents/docmanage-statewide-rfp-slides.pdf,pdfix-unable-to-open
courts/default/documents/CRS-EG-325-Hotel-FS-MULTIPLE-AWARDS.pdf,pdfix-unable-to-open
courts/default/documents/RFP-CFCC-2021-27-CD-Shriver-Data.pdf,pdfix-unable-to-open
courts/default/documents/ppm-application-rfi.pdf,pdfix-unable-to-open
courts/default/documents/ASU-DC-007-NN-Attachment-3-Vendors-Acceptance-of-the-RFPs-Contract-Terms.pdf,pdfix-unable-to-open
courts/default/documents/ccjcrtc-rfp-attach2e_0.pdf,pdfix-unable-to-open
courts/default/documents/CRS-EG-376-RFP-Hotel-Full-Service.pdf,pdfix-unable-to-open
courts/default/documents/CRS-AU-222-RFP-Hotel-ROOM-BLOCK-9-30.pdf,pdfix-unable-to-open
courts/default/documents/swsecscreen-rfp.pdf,pdfix-unable-to-open
courts/default/documents/famlawworkres-rfp-award.pdf,pdfix-unable-to-open
courts/default/documents/RFQFS202205MB-Attach-2-SOQ-Scoring-Criteria_0.pdf,pdfix-unable-to-open
courts/default/documents/CRS-SP-109-Attachment-6-Conflict-of-Interest-Certification-form.pdf,pdfix-unable-to-open
courts/default/documents/IT-2021-94RB-RFP-Answers-to-Questions.pdf,pdfix-unable-to-open
courts/default/documents/JBCP-2016-07-CP-Attachment-7.pdf,pdfix-unable-to-open
courts/default/documents/CRS-EG-395-Intent-to-Award.pdf,pdfix-unable-to-open
courts/default/documents/precon-rfq-rfp-attb_0.pdf,pdfix-unable-to-open
courts/default/documents/CRS-PD-341-Attachment-3-Vendors-Acceptance-of-the-RFPs-Contract-Terms_jc21.pdf,pdfix-unable-to-open
courts/default/documents/courtbasedfdrrfp_0.pdf,pdfix-unable-to-open
courts/default/documents/pubprivpart-rfp-add2.pdf,pdfix-unable-to-open
courts/default/documents/CRS-SP-431-Attachment-1-Admin-Rules-Non-IT-Services.pdf,pdfix-unable-to-open
courts/default/documents/IT-2018-42-RB-Attachment-6-Payee-Data.pdf,pdfix-unable-to-open
courts/default/documents/CRS-SP-348-Attachment-2-JCC-Hotel-Agreement-Template.pdf,pdfix-unable-to-open
courts/default/documents/RFQFS202205MB-Attach-1-Prequalification-Questionaire_0.pdf,pdfix-unable-to-open
courts/default/documents/tempstaff-rfp.pdf,pdfix-unable-to-open
courts/default/documents/CRS-AU-286-RFP-BTB-Hotel-FULL-SERVICE.pdf,pdfix-unable-to-open
courts/default/documents/ADR-032814-RB-Questions-and-Answers.pdf,pdfix-unable-to-open
courts/default/documents/datacomm-projectmanagement-rfp-attach1.pdf,pdfix-unable-to-open
courts/default/documents/perfrel_addendum1_0.pdf,pdfix-unable-to-open
courts/default/documents/CFCC-2016-13-RBB-Attachment-4-General-Certification.pdf,pdfix-unable-to-open
courts/default/documents/RFP-HR-2022-08-LV-Attachment-6-Payee-Data-Record-204.pdf,pdfix-unable-to-open
courts/default/documents/sdmanager-cms-rfp-attach2.pdf,pdfix-unable-to-open
courts/default/documents/qamtccpor-rfp-attach3.pdf,pdfix-unable-to-open
courts/default/documents/RFP-FS-2023-12-MB-Notice-Of-Shortlist-For-Interviews.pdf,pdfix-unable-to-open
courts/default/documents/CRS-EG-053-Attachment-1-Admin-Rules-Non-IT-Services.pdf,pdfix-unable-to-open
courts/default/documents/CRS-EG-390-Intent-to-Award-Hotel-Nikko.pdf,pdfix-unable-to-open
courts/default/documents/JBCP-2016-02-BR-intent-to-award.pdf,pdfix-unable-to-open
courts/default/documents/IT23-157RB-Answer-to-Question.pdf,pdfix-unable-to-open
courts/default/documents/42-RFP-13-14-04_Housekeeping-Janitorial-Attachment-6_Payee-Data-Record.pdf,pdfix-unable-to-open
courts/default/documents/JBCP-2013-03-BR-Attachment-A-Application-Pre-Qualification.pdf,pdfix-unable-to-open
courts/default/documents/CFCC-012414-ACDR-CF-Appendix-B-Budget-Template.pdf,pdfix-unable-to-open
courts/default/documents/snapshot-rfp-att4_0.pdf,pdfix-unable-to-open
courts/default/documents/RFP-FS-SP-2019-03-JP-Attachment-6-Sample-Contract.pdf,pdfix-unable-to-open
courts/default/documents/CRS-PD-097-Intent-to-Award-PAO-September.pdf,pdfix-unable-to-open
courts/default/documents/bsadocman-rfp-attach2.pdf,pdfix-unable-to-open
courts/default/documents/RFP-CFCC-2022-04-LV-FDDRP.pdf,pdfix-unable-to-open
courts/default/documents/REFM-2016-18-RP-RFP.pdf,pdfix-unable-to-open
courts/default/documents/bsadocman-rfp-intent_0.pdf,pdfix-unable-to-open
courts/default/documents/TCAS-2023-01-AJ-Attachment-1-Administrative-Rules-Governing-RFPs.pdf,pdfix-unable-to-open
courts/default/documents/idiq-occm-rfq-add1qna.pdf,pdfix-unable-to-open
courts/default/documents/statebasedcs-rfp-att4.pdf,pdfix-unable-to-open
courts/default/documents/CRS-EG-168-Attachment-4-Darfur-Contracting-ACT.pdf,pdfix-unable-to-open
courts/default/documents/preconstruct-riskmanage-monterey-rfp-attachi.pdf,pdfix-unable-to-open
courts/default/documents/cmar-indioconstruct-rfp-attachd.pdf,pdfix-unable-to-open
courts/default/documents/pmhac-20220622-noticeagenda.pdf,pdfix-unable-to-open
courts/default/documents/CRS-SP-041-Intent-to-Award-CAC.pdf,pdfix-unable-to-open
courts/default/documents/tcfmac-20230226-public-roster.pdf,pdfix-unable-to-open
courts/default/documents/designstandrfq.pdf,pdfix-unable-to-open
courts/default/documents/CRS-SP-259-Attachment-4-Darfur-Contracting-ACT.pdf,pdfix-unable-to-open
courts/default/documents/cmar-indioconstruct-rfp-attache.pdf,pdfix-unable-to-open
courts/default/documents/preconstruct-riskmanage-monterey-rfp-attachh.pdf,pdfix-unable-to-open
courts/default/documents/workcomptpa-rfp-appii_0.pdf,pdfix-unable-to-open
courts/default/documents/CRS-EG-365-RFP-Hotel-Multi-Awards-Room-Blocks.pdf,pdfix-unable-to-open
courts/default/documents/statebasedcs-rfp-att5.pdf,pdfix-unable-to-open
courts/default/documents/ADDENDUM-1-RFPFS202214MB.pdf,pdfix-unable-to-open
courts/default/documents/RFPFS202204MB-Attach-14-Criteria-Documents.pdf,pdfix-unable-to-open
courts/default/documents/licagree-rfp-award_0.pdf,pdfix-unable-to-open
courts/default/documents/CFCC-012414-ACDR-CF-attachment-7-Conflict-of-Int-Cert.pdf,pdfix-unable-to-open
courts/default/documents/CRS-EG-314-Attachment-9-Intent-to-award-mark-hopkins.pdf,pdfix-unable-to-open
courts/default/documents/conffacilserv-rfp-attachb.pdf,pdfix-unable-to-open
courts/default/documents/RFI-FS-2021-20-JP-COOP-Answers-to-Submitted-Questions.pdf,pdfix-unable-to-open
courts/default/documents/CRS-SP-187-Attachment-4-Darfur-Contracting-ACT.pdf,pdfix-unable-to-open
courts/default/documents/3DCA-17-18-10-Attachment-7-SB-Declaration-with-Instructions.pdf,pdfix-unable-to-open
courts/default/documents/bsadocman-rfp-attach3.pdf,pdfix-unable-to-open
courts/default/documents/docmanage-statewide-rfp.pdf,pdfix-unable-to-open
courts/default/documents/CFCC-CCW17-23RB-Attachment_8-DVBE_Declaration.pdf,pdfix-unable-to-open
courts/default/documents/guidejuvdelperf-rfp-award.pdf,pdfix-unable-to-open
courts/default/documents/ASU-EG-020-Attachment-6-Form-for-Submission-of-Cost-Proposal-ROOM-BLOCK-ONLY.pdf,pdfix-unable-to-open
courts/default/documents/titleescrow-rfp.pdf,pdfix-unable-to-open
courts/default/documents/qamtccpor-rfp-attach2.pdf,pdfix-unable-to-open
courts/default/documents/sdmanager-cms-rfp-attach3.pdf,pdfix-unable-to-open
courts/default/documents/RFQ-FS-2021-06-BD-Attach-J-Iran-Contracting-Act-Certification.pdf,pdfix-unable-to-open
courts/default/documents/workcomptpa-rfp-intent.pdf,pdfix-unable-to-open
courts/default/documents/IT23-153RB-Attach-3-Accept-of-TCs.pdf,pdfix-unable-to-open
courts/default/documents/RFP-IT-2023-50-DM-Cancellation-Notice.pdf,pdfix-unable-to-open
courts/default/documents/CFCC23-164RB-Attach-8-Unruh.pdf,pdfix-unable-to-open
courts/default/documents/OCCM-2012-02-BR-NTA_New-Red-Bluff-CH.pdf,pdfix-unable-to-open
courts/default/documents/JBCP-2015-09-BR-RFQP-CMR-Shasta.pdf,pdfix-unable-to-open
courts/default/documents/CFCC-2016-11-RBB-RFP-SAN-LUIS-OBISPO-CANCELLATION.pdf,pdfix-unable-to-open
courts/default/documents/pubprivpart-rfp-add3.pdf,pdfix-unable-to-open
courts/default/documents/RFP-HR-2023-02-LV-Attachment-6-Payee-Data-Record-204.pdf,pdfix-unable-to-open
courts/default/documents/appcourtclass-rfp-add1.pdf,pdfix-unable-to-open
courts/default/documents/CRS-PD-249-Attachment-2-JCC-Hotel-Agreement-Template-paooct18.pdf,pdfix-unable-to-open
courts/default/documents/IFB-FIN010111CK-Attachment-10-Iran-Contracting-Cert.pdf,pdfix-unable-to-open
courts/default/documents/CFCC-2019-08-MS-Attachment-2-Standard-Terms-and-Conditions.pdf,pdfix-unable-to-open
courts/default/documents/CRS-AK-385-Attachment-3-Vendors-Acceptance-of-the-RFPs-Contract-Terms.pdf,pdfix-unable-to-open
courts/default/documents/IT-2018-06-LB-Attachment-6-PayeeDataRecord204.pdf,pdfix-unable-to-open
courts/default/documents/3dcarfp201202_attachment5TravelRateGuidelines.pdf,pdfix-unable-to-open
courts/default/documents/seismicrehabrfq-qa_0.pdf,pdfix-unable-to-open
courts/default/documents/JBCP-2016-07-CP-Attachment-6.pdf,pdfix-unable-to-open
courts/default/documents/FSO-LA-Metro-Elevator-2017-11-JP-Questions-and-Answers.pdf,pdfix-unable-to-open
courts/default/documents/talentag-rfp-attache_0.pdf,pdfix-unable-to-open
courts/default/documents/CRS-PD-150-Cancellation-Notice.pdf,pdfix-unable-to-open
courts/default/documents/CRS-SP049-Attachment-2-IPO-sample-JBE-AOC-Standard-Terms-and-Conditions.pdf,pdfix-unable-to-open
courts/default/documents/repjuvdep-sc-rfp_0.pdf,pdfix-unable-to-open
courts/default/documents/CFCC-2017-10-ML-Notice-of-Intent-to-Award.pdf,pdfix-unable-to-open
courts/default/documents/precon-stockton-rfq.pdf,pdfix-unable-to-open
courts/default/documents/eval-famfinding-pilotcounties-rfp-attach1.pdf,pdfix-unable-to-open
courts/default/documents/CFCC-2021-23-DM-Attachment-5-Darfur-Certification.pdf,pdfix-unable-to-open
courts/default/documents/RFP-FS-2021-05-MB-Notice-of-Shortlist-for-Interviews.pdf,pdfix-unable-to-open
courts/default/documents/ASU-TD-005-NN-Addendum-1.pdf,pdfix-unable-to-open
courts/default/documents/ecm-rfp_0.pdf,pdfix-unable-to-open
courts/default/documents/CFCC-2021-05-LV-Attachment-6-Payee-Data-Record-Form.pdf,pdfix-unable-to-open
courts/default/documents/crs-sp-057-RFP-Hotel-ROOM-BLOCK-ONLY.pdf,pdfix-unable-to-open
courts/default/documents/CRS-PD-305-Attachment-4-Darfur-Contracting-ACT-ptpi19.pdf,pdfix-unable-to-open
courts/default/documents/RFQOCCM-2009-09-JMGLegalAgreementPublished_01-29-10.pdf,pdfix-unable-to-open
courts/default/documents/HRDRM-17-05-RBB-Attachment-13-Cost-Proposal.pdf,pdfix-unable-to-open
courts/default/documents/CRS-PD-085-Cancellation-EAC-November.pdf,pdfix-unable-to-open
courts/default/documents/RFP-FS-2021-18-AL-NoticeOfShortlistForInterviews.pdf,pdfix-unable-to-open
courts/default/documents/enttestmgmt-rfp-att2_0.pdf,pdfix-unable-to-open
courts/default/documents/techctr-rfp.pdf,pdfix-unable-to-open
courts/default/documents/ptc_qa.pdf,pdfix-unable-to-open
courts/default/documents/CFCC-2022-33-DM-QA.pdf,pdfix-unable-to-open
courts/default/documents/plainlanguagerfpaddend1.pdf,pdfix-unable-to-open
courts/default/documents/CFCC-2016-10-RBB-Attachment-6-Payee-Data-Record.pdf,pdfix-unable-to-open
courts/default/documents/CRS-EG-390-Attachment-1-Admin-Rules-Non-IT-Services.pdf,pdfix-unable-to-open
courts/default/documents/4DCA-12-13-01-CK-Attachment-4Payee-Data-Form.pdf,pdfix-unable-to-open
courts/default/documents/CRS-SP-066-RFP-Hotel-FULL-SERVICE.pdf,pdfix-unable-to-open
courts/default/documents/REFM-2016-02-JT-Addendum-3.pdf,pdfix-unable-to-open
courts/default/documents/JBCP-CMS-S-2016-50-SM-RFP-Attach-2-Form-of-Agmt-CMServices.pdf,pdfix-unable-to-open
courts/default/documents/HCRC-2018-48-RB-Attachment-4-General-Certifications.pdf,pdfix-unable-to-open
courts/default/documents/preconstsvc-rfp_0.pdf,pdfix-unable-to-open
courts/default/documents/IT-DMS-2016-01-MDS-Section-IV-administrative-requirements.pdf,pdfix-unable-to-open
courts/default/documents/RFP-CFCC-2023-11-LP_Notice-of-Cancellation.pdf,pdfix-unable-to-open
courts/default/documents/CFCC-2024-28-SB-On-Line-Document-Assembly-Technical-Scores.pdf,pdfix-unable-to-open
courts/default/documents/CRS-EG-347-Attachment-RFP-Hotel-FULL-SERVICE.pdf,pdfix-unable-to-open
courts/default/documents/qamtccpor-rfp-attachlist_0.pdf,pdfix-unable-to-open
courts/default/documents/statecopy-rfp-add1_0.pdf,pdfix-unable-to-open
courts/default/documents/GA-2017-40-RB-Attachment-1-Administrative-Rules.pdf,pdfix-unable-to-open
courts/default/documents/CRS-PD-290-RFP-Hotel-FULL-SERVICE-aji20.pdf,pdfix-unable-to-open
courts/default/documents/IFB-EDU-050412-RB-Intent-to-Award-Posting.pdf,pdfix-unable-to-open
courts/default/documents/sanbernardino-inspect-rfp.pdf,pdfix-unable-to-open
courts/default/documents/vtechqa2_1113.pdf,pdfix-unable-to-open
courts/default/documents/RFP-SC-91323-MS-Attachment-1-Administrative-Rules.pdf,pdfix-unable-to-open
courts/default/documents/CRS-SP-354-Attachment-3-Vendors-Acceptance-of-the-RFPs-Contract-Terms.pdf,pdfix-unable-to-open
courts/default/documents/basissap-rfp-attach3.pdf,pdfix-unable-to-open
courts/default/documents/RFP-FS-2021-21-KO-Attachment-K2-DVBE-Bidder-Declaration.pdf,pdfix-unable-to-open
courts/default/documents/minorreprfp-add1.pdf,pdfix-unable-to-open
courts/default/documents/idtrfp-add1.pdf,pdfix-unable-to-open
courts/default/documents/SC-19-55-RB-Attachment-7.pdf,pdfix-unable-to-open
courts/default/documents/CFCC-2020-68-RB-RFP-Attach-2-Std-Agmt.pdf,pdfix-unable-to-open
courts/default/documents/CRS-EG-260-Attachment-2-JCC-Hotel-Agreement-Template.pdf,pdfix-unable-to-open
courts/default/documents/COS-VRILAP-MDS-080816-attachment-13.pdf,pdfix-unable-to-open
courts/default/documents/CRS-SP-344-Attachment-2-JCC-Hotel-Agreement-Template.pdf,pdfix-unable-to-open
courts/default/documents/RFP-LSD-2021-100RB-Attach-7-Services-Form.pdf,pdfix-unable-to-open
courts/default/documents/CRS-PD-113-Attachment-4-Darfur-Contracting-ACT.pdf,pdfix-unable-to-open
courts/default/documents/JBCP-2015-11-JT-Attach-RFP-PropertyClaimsAdmin.pdf,pdfix-unable-to-open
courts/default/documents/precon-rfp-add4_0.pdf,pdfix-unable-to-open
courts/default/documents/CRS-EG-284-Attachment-1-Admin-Rules-Non-IT-Services.pdf,pdfix-unable-to-open
courts/default/documents/IFB-BAP-22-126RB-Attach-8-Darfur.pdf,pdfix-unable-to-open
courts/default/documents/CRS-EG-407-Attachment-2-JCC-Hotel-Agreement-Template.pdf,pdfix-unable-to-open
courts/default/documents/CRS-EG-342-Attachment-2-JCC-Hotel-Agreement-Template.pdf,pdfix-unable-to-open
courts/default/documents/cacpe-rfp-add1.pdf,pdfix-unable-to-open
courts/default/documents/CRS-EG-178-Attachment-2-JCC-Hotel-Agreement-Template.pdf,pdfix-unable-to-open
courts/default/documents/4-2-RFP-13-14-01GW-Attachment-3-Accept_Terms.pdf,pdfix-unable-to-open
courts/default/documents/REFM-2016-02-JT-Payee-Data-Record.pdf,pdfix-unable-to-open
courts/default/documents/LSS-2023-07-LV-Attachment-6B-Payee-Data-Record-Supplement-205.pdf,pdfix-unable-to-open
courts/default/documents/ceac-20231117-mm.pdf,pdfix-unable-to-open
courts/default/documents/ASU-EG-003-SS-RFP.pdf,pdfix-unable-to-open
courts/default/documents/commcorrections-ebp-rfp.pdf,pdfix-unable-to-open
courts/default/documents/BAP-2017-01-PC-RFP_and_referenced_documents.pdf,pdfix-unable-to-open
courts/default/documents/TCAS-2022-02-MS-Attachment-4-General-Certification.pdf,pdfix-unable-to-open
courts/default/documents/titleinsurance-escrowservice-rfp-attache.pdf,pdfix-unable-to-open
courts/default/documents/Attachment-5-Darfur-Contracting-Act-Certification.pdf,pdfix-unable-to-open
courts/default/documents/CRS-PD-304-Attachment-1-Admin-Rules-Non-IT-Services_jc20.pdf,pdfix-unable-to-open
courts/default/documents/eniaconsult-rfp-qna_0.pdf,pdfix-unable-to-open
courts/default/documents/IFB-ISD-041015-AA-Attachment-7-Std204-Payee-Data-Record.pdf,pdfix-unable-to-open
courts/default/documents/JBCP-2015-03-JT_RFQ_for_Arch_Peer_Review_Services.pdf,pdfix-unable-to-open
courts/default/documents/JBCP-2016-02-BR-Attachment-5-Payee-Data-Record-204a.pdf,pdfix-unable-to-open
courts/default/documents/RFP-IT-2021-80RB-Attachment-12A-12E-Evaluation.pdf,pdfix-unable-to-open
courts/default/documents/ian_isd_200815-rb.pdf,pdfix-unable-to-open
courts/default/documents/ADMIN-2018-04-LB-Calendar-Scheduling-Public-Opening.pdf,pdfix-unable-to-open
courts/default/documents/CRS-SP-214-Attachment-2-JCC-Hotel-Agreement.pdf,pdfix-unable-to-open
courts/default/documents/CRS-SP-203-Attachment-2-JCC-Hotel-Agreement.pdf,pdfix-unable-to-open
courts/default/documents/juvedumeds-rfp-award_0.pdf,pdfix-unable-to-open
courts/default/documents/cscollsvcs-rfp-qna3_0.pdf,pdfix-unable-to-open
courts/default/documents/aersforscbrfp-intlist_0.pdf,pdfix-unable-to-open
courts/default/documents/rfp-cfcc-nacjp-attach2.pdf,pdfix-unable-to-open
courts/default/documents/LSD-2017-36-RB-Attachment-1-Administrative-Rules.pdf,pdfix-unable-to-open
courts/default/documents/TCAS-2021-03-AJ-Notice-of-Intent-to-Award.pdf,pdfix-unable-to-open
courts/default/documents/RFP-FS-2022-07-JP-NOITA.pdf,pdfix-unable-to-open
courts/default/documents/HR-2013-01-RB-JBWC-TPA-Intent-To-Award.pdf,pdfix-unable-to-open
courts/default/documents/CRS-SP-265-Attachment-3-Vendors-Acceptance-of-the-RFPs-Contract-Terms.pdf,pdfix-unable-to-open
courts/default/documents/OERS-201101-RB-Attachment-6-No-Conflict-of-Interest-Certification.pdf,pdfix-unable-to-open
courts/default/documents/TCAS-2020-03-MS-Attachment-8-Unruh-Civil-Rights.pdf,pdfix-unable-to-open
courts/default/documents/ASU-TD-012-LM-Attachment-1-Administrative-Rules-Governing-RFPs.pdf,pdfix-unable-to-open
courts/default/documents/RFP-CFCC-2023-26-LV-Attachment-3-Acceptance-of-Terms-Conditions.pdf,pdfix-unable-to-open
courts/default/documents/CRS-PD-096-Attachment-4-Darfur-Contracting-ACT-no-change.pdf,pdfix-unable-to-open
courts/default/documents/JBCP-2015-02-BR-QnA.pdf,pdfix-unable-to-open
courts/default/documents/CRS-SP-106-Attachment-1-Admin-Rules-Non-IT-Services.pdf,pdfix-unable-to-open
courts/default/documents/RFP-CFCC-2023-08-LP-Attachment-6A-STD204-Payee-Data-Record.pdf,pdfix-unable-to-open
courts/default/documents/gcfmti-rfp-add2_0.pdf,pdfix-unable-to-open
courts/default/documents/JBCP-2013-02-BR-notice-of-ita.pdf,pdfix-unable-to-open
courts/default/documents/IT-072414-WXRP-CF_Attachment-5-Small-Bus-Declaration.pdf,pdfix-unable-to-open
courts/default/documents/CRS-PD-175-Attachment-4-Darfur-Contracting-ACT-Jan-PAO-2017.pdf,pdfix-unable-to-open
courts/default/documents/youthpeer2009-rfp-attacha_0.pdf,pdfix-unable-to-open
courts/default/documents/CRS-PD-332-Attachment-6-Conflict-of-Interest-Certification-form_aji21.pdf,pdfix-unable-to-open
courts/default/documents/CFCC_09-12-LMAttachment_7_-_Conflict_Materials_Certification_Form.pdf,pdfix-unable-to-open
courts/default/documents/ZOOM-Enterprise-Licensing-IFB-IT-2021-22-DM.pdf,pdfix-unable-to-open
courts/default/documents/LSS-2019-17-CD-QA.pdf,pdfix-unable-to-open
courts/default/documents/constman_awd_0.pdf,pdfix-unable-to-open
courts/default/documents/preconstsvc-rfp-attachf_0.pdf,pdfix-unable-to-open
courts/default/documents/COA2D-1-2014-Attachment-3-Darfur-Contracting-ACT.pdf,pdfix-unable-to-open
courts/default/documents/RFP-CFCC23-159RB-Firearm-Relinquish-Grant-Eval.pdf,pdfix-unable-to-open
courts/default/documents/RFQFS202205MB-Attach-9-Criteria-Documents.pdf,pdfix-unable-to-open
courts/default/documents/RFP-FS-SP-2019-03-JP-Attachment-7-Price-Proposal-Evaluation-Addendum-1.pdf,pdfix-unable-to-open
courts/default/documents/CRS-EG-395-Attachment-2-JCC-Hotel-Agreement.pdf,pdfix-unable-to-open
courts/default/documents/newlbcourt-rfq2-qna2.pdf,pdfix-unable-to-open
courts/default/documents/CJCSO-1301-RB-CalRAPP-Inter-Rater-Reliability-Attach-4-Vendor-Payee-Data.pdf,pdfix-unable-to-open
courts/default/documents/gcportola-rfq-add3_0.pdf,pdfix-unable-to-open
courts/default/documents/ASU-TD-027-Attachment-2-AOC-Hotel-Agreement-Template-10-26-11.pdf,pdfix-unable-to-open
courts/default/documents/IFB-ISD-052914-AA-NetApp-System-Controller.pdf,pdfix-unable-to-open
courts/default/documents/CRS-PD-249-Attachment-4-Darfur-Contracting-ACT-paooct18.pdf,pdfix-unable-to-open
courts/default/documents/mentor.pdf,pdfix-unable-to-open
courts/default/documents/statewide-armoredcar-rfp-attach5.pdf,pdfix-unable-to-open
courts/default/documents/RFP-412020-MJ-Part-of-attachment-2-PO-Terms-and-Conditions-Paper.pdf,pdfix-unable-to-open
courts/default/documents/CRS-PD-216-Attachment-4-Darfur-Contracting-ACT-PAODVC.pdf,pdfix-unable-to-open
courts/default/documents/precon-rfp-atth1.pdf,pdfix-unable-to-open
courts/default/documents/guidecaserfp_0.pdf,pdfix-unable-to-open
courts/default/documents/IT-2023-58-DM-ADDENDUM-3.pdf,pdfix-unable-to-open
courts/default/documents/cafmrfp-add2.pdf,pdfix-unable-to-open
courts/default/documents/susanville-gencontractors-rfq-qna.pdf,pdfix-unable-to-open
courts/default/documents/elecpubbenchrfp_0.pdf,pdfix-unable-to-open
courts/default/documents/techstaff-augment-rfp-attachf3.pdf,pdfix-unable-to-open
courts/default/documents/RFP-ISD-06192012-SLO_Attachment-4_Vendor-Data-Record.pdf,pdfix-unable-to-open
courts/default/documents/CFCC-2022-03-LB-Attachment-6B-STD205.pdf,pdfix-unable-to-open
courts/default/documents/CRS-SP-115-Attachment-6-Conflict-of-Interest-Certification-form.pdf,pdfix-unable-to-open
courts/default/documents/swsecscreen-rfp-qa2.pdf,pdfix-unable-to-open
courts/default/documents/CRS-EG-107-RFP-Hotel-FULL-SERVICE.pdf,pdfix-unable-to-open
courts/default/documents/4-2-RFP-12-13-03CK-Attachment-2-Terms-and-Conditions.pdf,pdfix-unable-to-open
courts/default/documents/RFP-2DCA-1-2012-Addendum-1.pdf,pdfix-unable-to-open
courts/default/documents/REFM-2016-03-MS-Attachment-5-Darfur-Contracting-Act-Certification.pdf,pdfix-unable-to-open
courts/default/documents/filetrack.pdf,pdfix-unable-to-open
courts/default/documents/CRS-AU-099-Questions-and-Answers.pdf,pdfix-unable-to-open
courts/default/documents/preconstsvc-rfp-add5.pdf,pdfix-unable-to-open
courts/default/documents/CRS-SP-217-Attachment-RFP-Hotel-ROOM-BLOCK.pdf,pdfix-unable-to-open
courts/default/documents/FS-2017-18-BD-RFP-1.pdf,pdfix-unable-to-open
courts/default/documents/FSO-2018-05-JMG_RFQ_Plumbing_Contractors_Schedule_of_Events.pdf,pdfix-unable-to-open
courts/default/documents/4-2-RFP-12-13-03CK-Attachment-1-Admin-Rules.pdf,pdfix-unable-to-open
courts/default/documents/codequality-indassess-rfp-attach2sched1.pdf,pdfix-unable-to-open
courts/default/documents/attach4_payee_data_record.pdf,pdfix-unable-to-open
courts/default/documents/CRS-PD-172-Attachment-2-JCC-Hotel-Agreement-PAOEAC-June-2016.pdf,pdfix-unable-to-open
courts/default/documents/REFM-2015-01-DM-RFI-Redding-Structure-Removal.pdf,pdfix-unable-to-open
courts/default/documents/docmanage-statewide-rfp-attach3.pdf,pdfix-unable-to-open
courts/default/documents/ASU-EG-021-Attachment-7-Conflict-of-Interest-Certification-form.pdf,pdfix-unable-to-open
courts/default/documents/CRS-SP-171-Attachment-3-Vendors-Acceptance-of-the-RFPs-Contract-Terms.pdf,pdfix-unable-to-open
courts/default/documents/OERS-201101-RB-Attachment-4-Vendor-Payee-Data.pdf,pdfix-unable-to-open
courts/default/documents/4-12-Kings-Attachment-5-Iran-Contracting-Act-Certification.pdf,pdfix-unable-to-open
courts/default/documents/RFP-LSS-2021-26-DM-Attachment-1-Administrative-Rules.pdf,pdfix-unable-to-open
courts/default/documents/CRS-EG-346-RFP-Hotel-Room-Block.pdf,pdfix-unable-to-open
courts/default/documents/CRS-SP-174-Attachment-3-Vendors-Acceptance-of-the-RFPs-Contract-Terms.pdf,pdfix-unable-to-open
courts/default/documents/RFP-CFCC-2023-26-LV-Request-for-Proposal.pdf,pdfix-unable-to-open
courts/default/documents/REFM-2016-04-JP-Notice-to-Award-date-change.pdf,pdfix-unable-to-open
courts/default/documents/ceac-diversion-programs-memo-092923.pdf,pdfix-unable-to-open
courts/default/documents/CJER-05-13-RB-Attachment-8b-Boardroom-Video.pdf,pdfix-unable-to-open
courts/default/documents/JBCP-2014-04-BR-Agreement-for-CM-Services-Attachment-B.pdf,pdfix-unable-to-open
courts/default/documents/plainengrfp-b.pdf,pdfix-unable-to-open
courts/default/documents/cscscodadd2_0.pdf,pdfix-unable-to-open
courts/default/documents/RFP-FS-2021-13-AL-NoticeOfIntentToAward.pdf,pdfix-unable-to-open
courts/default/documents/HR-2017-08-LV-EAP-QUESTIONS-AND-ANSWERS.pdf,pdfix-unable-to-open
courts/default/documents/cscollsvcs-rfp-conference_0.pdf,pdfix-unable-to-open
courts/default/documents/RFP-FS-2020-08-AL-Attachment-11-Price-Proposal-Worksheet.pdf,pdfix-unable-to-open
courts/default/documents/CRS-PD-252-Attachment-2-JCC-Hotel-Agreement-Template-aprnjo18.pdf,pdfix-unable-to-open
courts/default/documents/JBCP-2014-02-BR-CMR-RFQP-Imperial.pdf,pdfix-unable-to-open
courts/default/documents/web-rfp_qa_log_0.pdf,pdfix-unable-to-open
courts/default/documents/RFP-CFCC-2012-01-RB-Attachment-1-Administrative-Rules-Governing-RFPs.pdf,pdfix-unable-to-open
courts/default/documents/CRS-SP-074-Attachment-7-Conflict-of-Interest-Certification-form.pdf,pdfix-unable-to-open
courts/default/documents/Attachment5-StandardAgreement.pdf,pdfix-unable-to-open
courts/default/documents/CRS-SP-237-Attachment-2-JCC-Hotel-Agreement-Template.pdf,pdfix-unable-to-open
courts/default/documents/sdcourthouse-risk-rfp-add1.pdf,pdfix-unable-to-open
courts/default/documents/workcomptpa-rfp-attd_0.pdf,pdfix-unable-to-open
courts/default/documents/IT-2021-18-DM-Attachment-11-UNRUH-CIVIL-RIGHTS-ACT.pdf,pdfix-unable-to-open
courts/default/documents/ASU-AU-006-LM-Attachment-7-Conflict-of-Interest-Certification-Form.pdf,pdfix-unable-to-open
courts/default/documents/costestimating-rfp-add1.pdf,pdfix-unable-to-open
courts/default/documents/3DCA-17-18-04-RFP.pdf,pdfix-unable-to-open
courts/default/documents/ITB-Answers-to-Questions-Master-11-1-22.pdf,pdfix-unable-to-open
courts/default/documents/CRS-EG-241-Intent-to-Award.pdf,pdfix-unable-to-open
courts/default/documents/CFCC-2012-03-RB-RFP.pdf,pdfix-unable-to-open
courts/default/documents/guidecaserfp-attd.pdf,pdfix-unable-to-open
courts/default/documents/FS-2019-11-BD-Questions-Reply-to-Brokerage-Update.pdf,pdfix-unable-to-open
courts/default/documents/JBCP-2013-02-BR-Attachment-B_Price-Proposal-Form.pdf,pdfix-unable-to-open
courts/default/documents/RFP-IDIQ-CI-110202.pdf,pdfix-unable-to-open
courts/default/documents/CRS-PD-267-Attachment-4-Darfur-Contracting-ACT-janpao19.pdf,pdfix-unable-to-open
courts/default/documents/HRSO-04-13-SS-Attachment-7-Conflict-of-Interest.pdf,pdfix-unable-to-open
courts/default/documents/REFM-2015-13-DM-Attachment-8-Form-Submission-of-Questions.pdf,pdfix-unable-to-open
courts/default/documents/RFQFS202205MB-Attach-5b-Payee-Data-Record-Supplement_0.pdf,pdfix-unable-to-open
courts/default/documents/IT-2021-94RB-RFP-Attach-11-DVBE-Declaration.pdf,pdfix-unable-to-open
courts/default/documents/cscollsvcs-rfp.pdf,pdfix-unable-to-open
courts/default/documents/CFCC-2020-12-DM-Attachment-1-Administrative-Rules.pdf,pdfix-unable-to-open
courts/default/documents/ASU-DC-013-Attachment-3-Vendor-Terms-Conditions-Acceptance.pdf,pdfix-unable-to-open
courts/default/documents/emprecruit-rfp-attb_0.pdf,pdfix-unable-to-open
courts/default/documents/construct-riskdesign-sanjosefamcenter-rfq-attacha.pdf,pdfix-unable-to-open
courts/default/documents/OGC-ADR-01A-LM-Attachment-6-Conflict-of-Interest.pdf,pdfix-unable-to-open
courts/default/documents/FSO-2018-22-JP_CMR-EL-CENTRO-Attachment-5-Payee-Data-Record.pdf,pdfix-unable-to-open
courts/default/documents/preconstruct-riskmanage-fresnorev-rfp-attache.pdf,pdfix-unable-to-open
courts/default/documents/JBCP-2013-02-BR-Attachment-E-Conflict-of-Interest.pdf,pdfix-unable-to-open
courts/default/documents/precon-stockton-rfq-attachg.pdf,pdfix-unable-to-open
courts/default/documents/clik-system-dev-rfp-nonaward.pdf,pdfix-unable-to-open
courts/default/documents/LSD-2017-36-RB-Attachment-4-Payee-Data-Record.pdf,pdfix-unable-to-open
courts/default/documents/CFCC-2023-53-DM-Attachment-7-UNRUH-AND-FEHA-CERTIFICATION.pdf,pdfix-unable-to-open
courts/default/documents/repjuvdep-larfp-add4.pdf,pdfix-unable-to-open
courts/default/documents/CRS-EG-276-Attachment-1-Admin-Rules-Non-IT-Services.pdf,pdfix-unable-to-open
courts/default/documents/TCAS-2022-02-MS-Attachment-3-Contractors-Acceptance-of-Terms-and-Conditions.pdf,pdfix-unable-to-open
courts/default/documents/maderacourthouse-preconstruct-rfp-addendum1.pdf,pdfix-unable-to-open
courts/default/documents/CRS-PD-291-RFP-Hotel-FULL-SERVICE_ab105819.pdf,pdfix-unable-to-open
courts/default/documents/REFM-2016-25-SM-Intent-to-Award.pdf,pdfix-unable-to-open
courts/default/documents/ASU-EG-020-Intent-to-Award.pdf,pdfix-unable-to-open
courts/default/documents/CRS-TD-038-Attachment-1-Admin-Rules-Non-IT-Services.pdf,pdfix-unable-to-open
courts/default/documents/HR-2020-24-CD-Attachment-9-CA-Map-of-Regions.pdf,pdfix-unable-to-open
courts/default/documents/HCRC-CCS-17-22RB-Attachment-2-Standard-Provisions.pdf,pdfix-unable-to-open
courts/default/documents/LSS-18-48-RB-Attach-11-DVBE-Bidder-Declaration.pdf,pdfix-unable-to-open
courts/default/documents/RFP-FS-2021-02-BD-Attachment-F-Acceptance-of-Terms-and-Conditions.pdf,pdfix-unable-to-open
courts/default/documents/RFP-FS-2022-07-JP-Attachment-G-Payee-Data-Record-std204.pdf,pdfix-unable-to-open
courts/default/documents/RFP-HR-2021-27-DM-Pre-Proposal-Conference-Agenda.pdf,pdfix-unable-to-open
courts/default/documents/CRS-EG-277-Attachment-RFP-Hotel-FULL-SERVICE.pdf,pdfix-unable-to-open
courts/default/documents/CRS-AK-398-Intent-to-Award.pdf,pdfix-unable-to-open
courts/default/documents/CFCC-CCW17-23RB-Attachment_2-Contract_Terms_and_Conditions.pdf,pdfix-unable-to-open
courts/default/documents/adminctintexam-rfp-atte_0.pdf,pdfix-unable-to-open
courts/default/documents/CFCC-22-117RB-Attach-7-Darfur.pdf,pdfix-unable-to-open
courts/default/documents/creldabuseneeds-rfp-intent_0.pdf,pdfix-unable-to-open
courts/default/documents/TCAS-2021-02-AJ-Attachment-4-General-Certifications-Form.pdf,pdfix-unable-to-open
courts/default/documents/CRS-SP-356-Attachment-2-JCC-Hotel-Agreement.pdf,pdfix-unable-to-open
courts/default/documents/constrantct-rfp-award_0.pdf,pdfix-unable-to-open
courts/default/documents/JBCP-2013-01-BR-Pre-Qual-Yuba-City-GC-List.pdf,pdfix-unable-to-open
courts/default/documents/FS-2018-14-RP-Notice-Revised-Fee-Proposal.pdf,pdfix-unable-to-open
courts/default/documents/CFCC-2024-28-LV-Attachment-5-Small-Business-Declaration.pdf,pdfix-unable-to-open
courts/default/documents/CJER-18-44-RB-Exhibit-A.pdf,pdfix-unable-to-open
courts/default/documents/Attachment-3-Vendors-Acceptance-of-the-RFPs-Contract-Terms.pdf,pdfix-unable-to-open
courts/default/documents/CSSEG107-Intent-to-Award.pdf,pdfix-unable-to-open
courts/default/documents/CRS-PD-340-Cancellation-Notice-jc.pdf,pdfix-unable-to-open
courts/default/documents/dpmccpor-rfp-atta.pdf,pdfix-unable-to-open
courts/default/documents/FSO-2018-08-JR-Attachment-A-Admin-Rules-RFP.pdf,pdfix-unable-to-open
courts/default/documents/vps-rfp_0.pdf,pdfix-unable-to-open
courts/default/documents/3DCA-RFO-18-19-06-Attachment-6-Payee-Data-Record.pdf,pdfix-unable-to-open
courts/default/documents/3DCA-17-18-10-Attachment-3-Proposers-Acceptance-of-Terms-and-Conditions.pdf,pdfix-unable-to-open
courts/default/documents/JBCP-2012-05-BR-N-Butte-QnA-Addendum-1.pdf,pdfix-unable-to-open
courts/default/documents/Attachment-7-UNRUH-Certification-CFCC-2024-01-TQ-ASL.pdf,pdfix-unable-to-open
courts/default/documents/riverside-reconstruct-rfq-attachi.pdf,pdfix-unable-to-open
courts/default/documents/COS-ODP-201504-JR-Attachment-9.pdf,pdfix-unable-to-open
courts/default/documents/ADR-032814-RB-Translation-of-Videos-RFP.pdf,pdfix-unable-to-open
courts/default/documents/CFCC_09-12-LM-Notice-of-Award.pdf,pdfix-unable-to-open
courts/default/documents/FS-2018-14-RP-Attach-1-CMR-Standard-Agreement.pdf,pdfix-unable-to-open
courts/default/documents/Attachment-C-FIsCal-PDA-Formatted.pdf,pdfix-unable-to-open
courts/default/documents/CRS-PD-305-Attachment-2-JC-Short-Form-Agreement-ptpi19.pdf,pdfix-unable-to-open
courts/default/documents/CRS-PD-149-Attachment-4-Darfur-Certification-Form-NJO.pdf,pdfix-unable-to-open
courts/default/documents/REFM-2016-02-JT-SignIn_SRO.pdf,pdfix-unable-to-open
courts/default/documents/ASU-EG-026-Attachment-6-Form-for-Submission-of-Cost-Proposal-ROOM-BLOCK-ONLY.pdf,pdfix-unable-to-open
courts/default/documents/RFP-REFM-SC-AV-Streaming-2016-61-JP-RFP-Posting-of-Short-List.pdf,pdfix-unable-to-open
courts/default/documents/CRS-PD-149-Attachment-6-Conflict-of-Interest-Certification-form-NJO.pdf,pdfix-unable-to-open
courts/default/documents/CFCC-031814-LCDR-CF-Notice-of-Cancellation.pdf,pdfix-unable-to-open
courts/default/documents/dependrep-santabarb-rfp-add1.pdf,pdfix-unable-to-open
courts/default/documents/CRS-SP-174-Attachment-RFP-Hotel-ROOM-BLOCK.pdf,pdfix-unable-to-open
courts/default/documents/eandp-20150226-mm.pdf,pdfix-unable-to-open
courts/default/documents/RFP-FS-2021-13-AL-Attach-12-Unruh-Certification.pdf,pdfix-unable-to-open
courts/default/documents/preconstruct-riskmanage-monterey-rfp-add3.pdf,pdfix-unable-to-open
courts/default/documents/ccms-rfp-qa2_0.pdf,pdfix-unable-to-open
courts/default/documents/CFCC-13-13-LM-Notice-of-Award.pdf,pdfix-unable-to-open
courts/default/documents/attendees.pdf,pdfix-unable-to-open
courts/default/documents/RFP-LSD-2021-100RB-Attach-1-Admin-Rules.pdf,pdfix-unable-to-open
courts/default/documents/JBCP-2013-04-BR-GC-Pre-Qual-RFP.pdf,pdfix-unable-to-open
courts/default/documents/RFP-APPELLATE-122118-WV-Attachment-1.pdf,pdfix-unable-to-open
courts/default/documents/OS-20150901-ASTROPHYSICS-JR-QA.pdf,pdfix-unable-to-open
courts/default/documents/testadmin-rfp_qa.pdf,pdfix-unable-to-open
courts/default/documents/RFP-CFCC-2023-04-LP-Intent-To-Award.pdf,pdfix-unable-to-open
courts/default/documents/JBWCP-2019-06-DM-Intent-To-Award.pdf,pdfix-unable-to-open
courts/default/documents/4-2-13-14-07-LM-Attachment-1-Administration-Rules-Governing-RFPs.pdf,pdfix-unable-to-open
courts/default/documents/EWA-Solution_Manager.pdf,pdfix-unable-to-open
courts/default/documents/CRS-SP-171-Attachment-4-Darfur-Contracting-ACT.pdf,pdfix-unable-to-open
courts/default/documents/RFP-FS-2022-10-XC-Notice-Of-Intent-To-Award.pdf,pdfix-unable-to-open
courts/default/documents/SAPC_2013-01-List-of-Participants.pdf,pdfix-unable-to-open
courts/default/documents/FSO-2018-17-JR-Answers-to-Question.pdf,pdfix-unable-to-open
courts/default/documents/courtbasedfdr-attb_0.pdf,pdfix-unable-to-open
courts/default/documents/emprecruit-rfp-add3_0.pdf,pdfix-unable-to-open
courts/default/documents/CRS-TD-034-Intent-to-Award-TCPJAC.pdf,pdfix-unable-to-open
courts/default/documents/scdeprep-rfp-award_0.pdf,pdfix-unable-to-open
courts/default/documents/techanalysts-rfp-attach2.pdf,pdfix-unable-to-open
courts/default/documents/occm-2011-19-jmg-Questions-and-Answers-Update.pdf,pdfix-unable-to-open
courts/default/documents/RFI-IT-201610-MDS-AppellateSelfHelpCenter.pdf,pdfix-unable-to-open
courts/default/documents/TCAS-2021-02-AJ-Attachment-3-Proposers-Acceptance-of-Terms-and-and-Conditions.pdf,pdfix-unable-to-open
courts/default/documents/testauditrfp-attd_0.pdf,pdfix-unable-to-open
courts/default/documents/adminctintexam-rfp-attb.pdf,pdfix-unable-to-open
courts/default/documents/CRS-SP-199-RFP-Hotel-FULL-SERVICE.pdf,pdfix-unable-to-open
courts/default/documents/verttransit-consult-rfp-add1.pdf,pdfix-unable-to-open
courts/default/documents/knowledgecenterdesign-rfp-attach2.pdf,pdfix-unable-to-open
courts/default/documents/ASU-EG-020-Attachment-5-Form-for-Submission-of-Technical-Proposal-ROOM-BLOCK-ONLY.pdf,pdfix-unable-to-open
courts/default/documents/solanocourthouse-rfq-attachd.pdf,pdfix-unable-to-open
courts/default/documents/CRS-SP-281-Attachment-3-Vendors-Acceptance-of-the-RFPs-Contract-Terms.pdf,pdfix-unable-to-open
courts/default/documents/famlawworkres-rfp-intent.pdf,pdfix-unable-to-open
courts/default/documents/perfrel_addendum1.pdf,pdfix-unable-to-open
courts/default/documents/COA2D-1-2014-Attachment-7-Payee-Data-Record.pdf,pdfix-unable-to-open
courts/default/documents/lc-20220428-notice-agenda.pdf,pdfix-unable-to-open
courts/default/documents/CLASP_report_060514_0.pdf,pdfix-unable-to-open
courts/default/documents/dm-rfp-add1_0.pdf,pdfix-unable-to-open
courts/default/documents/parentreprfp-add1_0.pdf,pdfix-unable-to-open
courts/default/documents/CRS-PD-185-Intent-to-Award-NJO-20162017.pdf,pdfix-unable-to-open
courts/default/documents/FS-2018-15-RP-Attach-7-Payee-Data-Record.pdf,pdfix-unable-to-open
courts/default/documents/CRS-PD-226-Attachment-3-Vendors-Acceptance-of-the-RFPs-Contract-Terms-njo1718.pdf,pdfix-unable-to-open
courts/default/documents/CRS-AU-044Attachment-4-Darfur-Contracting-ACT.pdf,pdfix-unable-to-open
courts/default/documents/CRS-EG-168-Attachment-RFP-Hotel-ROOM-BLOCK.pdf,pdfix-unable-to-open
courts/default/documents/RFQ-JBCP-CBR-2016-60-SM-Request-for-Qualifications.pdf,pdfix-unable-to-open
courts/default/documents/RFP-FS-2022-10-XC-Attach-12-Unruh-Certification.pdf,pdfix-unable-to-open
courts/default/documents/CFCC-2019-08-MS-Attachment-6-Payee-Data-Record.pdf,pdfix-unable-to-open
courts/default/documents/efilingdeploy-rfp-attach2.pdf,pdfix-unable-to-open
courts/default/documents/Answers-to-Submitted-Questions-RFPFS202301MB.pdf,pdfix-unable-to-open
courts/default/documents/environ-qualact-rfq-attachc.pdf,pdfix-unable-to-open
courts/default/documents/evaljustcorps-rfp-jcsites.pdf,pdfix-unable-to-open
courts/default/documents/QA-RFP-CFCC-2023-53-DM.pdf,pdfix-unable-to-open
courts/default/documents/RFPInfractionAmnestyProgramECU-preprop.pdf,pdfix-unable-to-open
courts/default/documents/statewide-translation11-rfp-attachd.pdf,pdfix-unable-to-open
courts/default/documents/IFB-ISD-053014-AA-VMware-vSphere-5-Enterprise.pdf,pdfix-unable-to-open
courts/default/documents/CRS-PD-083-Attachment-2-AOC-Hotel-Agreement.pdf,pdfix-unable-to-open
courts/default/documents/HRDRM-17-05-RBB-Attachment-14-Response-Template.pdf,pdfix-unable-to-open
courts/default/documents/ASU-TD-010-SS-RFP-Hotel-ROOM-BLOCK-ONLY.pdf,pdfix-unable-to-open
courts/default/documents/riverside-reconstruct-rfq-add6.pdf,pdfix-unable-to-open
courts/default/documents/Attachment-1-Administrative-Rules-Governing.pdf,pdfix-unable-to-open
courts/default/documents/RFP-FS-2022-08-XC-Attachment-H-Sup-Payee_Data_Record.pdf,pdfix-unable-to-open
courts/default/documents/HCRC-2018-48-RB-Attachment-1-Administrative-Rules.pdf,pdfix-unable-to-open
courts/default/documents/tvsignal-services-rfp-qna.pdf,pdfix-unable-to-open
courts/default/documents/RFPFS202212KO_Request-for-Proposals.pdf,pdfix-unable-to-open
courts/default/documents/conffacilserv-rfp_0.pdf,pdfix-unable-to-open
courts/default/documents/CRS-AK-421-Attachment-RFP-Hotel-FULL-SERVICE.pdf,pdfix-unable-to-open
courts/default/documents/REVISEDPAGE3RFPTitle.pdf,pdfix-unable-to-open
courts/default/documents/CRS-PD-223-Attachment-3-Vendors-Acceptance-of-the-RFPs-Contract-Terms-pjceo18.pdf,pdfix-unable-to-open
courts/default/documents/offsupp-rfp-intent.pdf,pdfix-unable-to-open
courts/default/documents/CJER-18-44-RB-Attachment-7.pdf,pdfix-unable-to-open
courts/default/documents/RFP-CFCC22-119RB-A6-std205.pdf,pdfix-unable-to-open
courts/default/documents/CRS-PD-264-Attachment-4-Darfur-Contracting-ACT-cow19.pdf,pdfix-unable-to-open
courts/default/documents/dm-rfp-att3.pdf,pdfix-unable-to-open
courts/default/documents/wcm-rfp-add1_0.pdf,pdfix-unable-to-open
courts/default/documents/LSO-09-13-LM-_Attachment-1-Administration-Rules-Governing-RFPs.pdf,pdfix-unable-to-open
courts/default/documents/CRS-SP-151-Attachment-RFP-Hotel-Full-Service.pdf,pdfix-unable-to-open
courts/default/documents/aesmcp-rfq-legal.pdf,pdfix-unable-to-open
courts/default/documents/constrantct-rfp_att1h.pdf,pdfix-unable-to-open
courts/default/documents/CFCC-18-49-RB-RFP-Attach-6-Payee-Data-Form.pdf,pdfix-unable-to-open
courts/default/documents/phoenix-rfp-cover.pdf,pdfix-unable-to-open
courts/default/documents/RFP-CFCC-2023-61-DM-Intent-To-Award.pdf,pdfix-unable-to-open
courts/default/documents/designservice-joaquin-rfq-attachb-sheet1.pdf,pdfix-unable-to-open
courts/default/documents/JCC-2023-11-SB-Notice-of-Intent-To-Award.pdf,pdfix-unable-to-open
courts/default/documents/RFP-FS-2021-07-BD-Revision-2.pdf,pdfix-unable-to-open
courts/default/documents/JBCP-2016-03-JT-RFP.pdf,pdfix-unable-to-open
courts/default/documents/ASU-TD-012-LM-Attachment-4-Darfur-Contracting-Act-Certification.pdf,pdfix-unable-to-open
courts/default/documents/RFP-FS-2023-06-JP-AttachmentS-Answers-to-Questions-101323.pdf,pdfix-unable-to-open
courts/default/documents/TCAS-2022-01-MS-Request-For-Proposal-Revised03-17-22.pdf,pdfix-unable-to-open
courts/default/documents/CRSPD162-Attachment-1-Admin-Rules.pdf,pdfix-unable-to-open
courts/default/documents/ctintrecruit-rfp-att5_0.pdf,pdfix-unable-to-open
courts/default/documents/Answers-to-Submitted-Questions-RFP-FS-2021-01-MB.pdf,pdfix-unable-to-open
courts/default/documents/Addendum1QA.pdf,pdfix-unable-to-open
courts/default/documents/COS-VRILAP-MDS-080816-attachment-8.pdf,pdfix-unable-to-open
courts/default/documents/TCAS-2023-01-AJ-Notice-Of-Intent-To-Award.pdf,pdfix-unable-to-open
courts/default/documents/CRS-EG-408-RFP-Hotel-ROOM-BLOCK.pdf,pdfix-unable-to-open
courts/default/documents/mentorb_0.pdf,pdfix-unable-to-open
courts/default/documents/4-12-Kings-Attachment-17-Response-Template.pdf,pdfix-unable-to-open
courts/default/documents/techctr-rfp-intent.pdf,pdfix-unable-to-open
courts/default/documents/thirdparty-rfp_0.pdf,pdfix-unable-to-open
courts/default/documents/hr053012ck_questions_and_answers.pdf,pdfix-unable-to-open
courts/default/documents/RFP-FS-2023-22-MB-Notice-Of-Shortlist-For-Interviews.pdf,pdfix-unable-to-open
courts/default/documents/building-commish-rfp-shortlist.pdf,pdfix-unable-to-open
courts/default/documents/transition-ccmsv3-rfp.pdf,pdfix-unable-to-open
courts/default/documents/cscollsvcs-rfp-vend_0.pdf,pdfix-unable-to-open
courts/default/documents/CRS-EG-422-Cancellation-Notice.pdf,pdfix-unable-to-open
courts/default/documents/RFP-CFCC-2024-01-TQ-ASL-Final.pdf,pdfix-unable-to-open
courts/default/documents/dcqual-rfp-slsched_0.pdf,pdfix-unable-to-open
courts/default/documents/prodjustsc-rfp-attd_0.pdf,pdfix-unable-to-open
courts/default/documents/RFP-REFM-2016-29-JP-Attachment-15-Narrative-of-Changes.pdf,pdfix-unable-to-open
courts/default/documents/CRS-SP-327-Attachment-3-Vendors-Acceptance-of-the-RFPs-Contract-Terms.pdf,pdfix-unable-to-open
courts/default/documents/CRS-SP-352-RFP-Hotel-ROOM-BLOCK-Rev-No-1.pdf,pdfix-unable-to-open
courts/default/documents/HR-2020-12-LV-Attachment-2-Standard-Terms-and-Conditions.pdf,pdfix-unable-to-open
courts/default/documents/childsupport-review-rfp-attach4.pdf,pdfix-unable-to-open
courts/default/documents/IT-DMS-2016-01-MDS-attachment-5.pdf,pdfix-unable-to-open
courts/default/documents/RFP-FS-2022-10-XC-Attach-7-Architect-Engineer-Qualifications.pdf,pdfix-unable-to-open
courts/default/documents/ergoassess-rfp-attachc.pdf,pdfix-unable-to-open
courts/default/documents/RFP-FS-2021-22-JP-Form-of-the-Agreement.pdf,pdfix-unable-to-open
courts/default/documents/3dcarfp070617_attachment2AppendicesA-D.pdf,pdfix-unable-to-open
courts/default/documents/ECU-2013-01-Questions-and-Answers.pdf,pdfix-unable-to-open
courts/default/documents/ccjcrtc-rfp-attach2c.pdf,pdfix-unable-to-open
courts/default/documents/scanning-reprographic-rfp-vendorform.pdf,pdfix-unable-to-open
courts/default/documents/3dcarfp201203_Attachment1Administrative_Rules.pdf,pdfix-unable-to-open
courts/default/documents/refmsdis-rfp-add2_0.pdf,pdfix-unable-to-open
courts/default/documents/CRS-SP-281-Attachment-2-JCC-Hotel-Agreement.pdf,pdfix-unable-to-open
courts/default/documents/RFP-FS-2022-08-XC-Notice-Of-Intent-To-Award.pdf,pdfix-unable-to-open
courts/default/documents/CFCC-2016-10-RBB-Attachment-4-General-Certification.pdf,pdfix-unable-to-open
courts/default/documents/CRS-SP-066-QA.pdf,pdfix-unable-to-open
courts/default/documents/CRS-AK-394-Attachment-4-Darfur-Contracting-ACT.pdf,pdfix-unable-to-open
courts/default/documents/JBWCP-2019-07-DM-Intent-To-Award.pdf,pdfix-unable-to-open
courts/default/documents/casa-rfp-add1.pdf,pdfix-unable-to-open
courts/default/documents/RFP-FS-2022-01-MB-Attach-K-Iran-Contracting-Act.pdf,pdfix-unable-to-open
courts/default/documents/CRS-PD-086_Questions_and_Answers.pdf,pdfix-unable-to-open
courts/default/documents/3DCA-17-18-10-Attachment-1-Admin-Rules-Governing-RFPs.pdf,pdfix-unable-to-open
courts/default/documents/CRS-PD-163-Attachment-4-Darfur-Contracting-ACT.pdf,pdfix-unable-to-open
courts/default/documents/CFCC-22-127RB-RFP-Attach-2-Standard-Agmt.pdf,pdfix-unable-to-open
courts/default/documents/RFP-FS-2022-01-MB-Attach-D-General-Certs.pdf,pdfix-unable-to-open
courts/default/documents/eapjb-rfp-appc.pdf,pdfix-unable-to-open
courts/default/documents/Builders-Risk-Policy.pdf,pdfix-unable-to-open
courts/default/documents/tcpjac-20231018-materials.pdf,pdfix-unable-to-open
courts/default/documents/TCAS-2022-04-AJ-Attachment-12-Bidder-Declaration.pdf,pdfix-unable-to-open
courts/default/documents/ASU-TD-027-Attachment-RFP-Hotel-ROOM-BLOCK-ONLY.pdf,pdfix-unable-to-open
courts/default/documents/aac-20210204-rs-agenda.pdf,pdfix-unable-to-open
courts/default/documents/CJER-122013-OSCS-CF-Notice-of-Award.pdf,pdfix-unable-to-open
courts/default/documents/CFCC-2018-11-CD-Attachment-6-Payee-Data-Record.pdf,pdfix-unable-to-open
courts/default/documents/realtimetms-rfi_0.pdf,pdfix-unable-to-open
courts/default/documents/courtordered-debttask-rfp-qna.pdf,pdfix-unable-to-open
courts/default/documents/ccmsv4int-rfp-atta_0.pdf,pdfix-unable-to-open
courts/default/documents/CRS-PD-182-Attachment-6-Conflict-of-Interest-Certification-form-SJI-2017.pdf,pdfix-unable-to-open
courts/default/documents/CRS-PD-218-Attachment-1-Admin-Rules-Non-IT-Services-ASI-2017.pdf,pdfix-unable-to-open
courts/default/documents/CRS-SP-288-RFP-Hotel-FULL-SERVICE.pdf,pdfix-unable-to-open
courts/default/documents/jbwcp_moc_2023_24_trial_courts.pdf,pdfix-unable-to-open
courts/default/documents/RFP-CFCC22-119RB-A7-Unruh.pdf,pdfix-unable-to-open
courts/default/documents/ADDENDUM2QUESTIONSANSWERS.pdf,pdfix-unable-to-open
courts/default/documents/CRS-PD-100-Attachment-1-Admin-Rules-Non-IT-Services.pdf,pdfix-unable-to-open
courts/default/documents/IFB-IT-3770-AA-Attachment-2-PO-TermsAndConditions.pdf,pdfix-unable-to-open
courts/default/documents/IFB-ISD-018730-AA-Attachment-7-Payee-Data-Record.pdf,pdfix-unable-to-open
courts/default/documents/payrollatta_0.pdf,pdfix-unable-to-open
courts/default/documents/IT-2019-12-LB-Questions-Answers.pdf,pdfix-unable-to-open
courts/default/documents/costest-rfp-add1.pdf,pdfix-unable-to-open
courts/default/documents/precon-rfp-revised_addendum3_0.pdf,pdfix-unable-to-open
courts/default/documents/CRS-SP-148-Attachment-RFP.pdf,pdfix-unable-to-open
courts/default/documents/famlawworkres-rfp.pdf,pdfix-unable-to-open
courts/default/documents/RFP-LSD-2021-100RB-Attach-5-Darfur.pdf,pdfix-unable-to-open
courts/default/documents/3dcarfp201202_attachment2AppendicesA-D.pdf,pdfix-unable-to-open
courts/default/documents/wcm-rfp-att8.pdf,pdfix-unable-to-open
courts/default/documents/OREFM-2013-JMG-04-RFP-Rev-1.pdf,pdfix-unable-to-open
courts/default/documents/tcworkmeth-rfp-attach2.pdf,pdfix-unable-to-open
courts/default/documents/IFB-ISD-050214-RB-Payee-Data-Record-204a.pdf,pdfix-unable-to-open
courts/default/documents/CRS-AK-405-Intent-to-Award.pdf,pdfix-unable-to-open
courts/default/documents/scjuvdeprep-rfp.pdf,pdfix-unable-to-open
courts/default/documents/JBCP-2015-06-BR-Short-List-Announcement-Santa-Rosa.pdf,pdfix-unable-to-open
courts/default/documents/CFCC-2021-91RB-Attachment-6-Payee-Data.pdf,pdfix-unable-to-open
courts/default/documents/ecm-rfp-att5_0.pdf,pdfix-unable-to-open
courts/default/documents/CFCC-1403-RB-Del-Norte-Dependency-Representation-Attachment-5-Payee-Data-Record.pdf,pdfix-unable-to-open
courts/default/documents/IFB-IT-2021-89-RB-Notice-of-Intent-to-Award.pdf,pdfix-unable-to-open
courts/default/documents/CRS-SP-156-Attachment-6-Conflict-of-Interest-Certification-form.pdf,pdfix-unable-to-open
courts/default/documents/FS-2021-12-AL-Attach-8A-Payee-Data-Record-Form.pdf,pdfix-unable-to-open
courts/default/documents/ccms-program-rfp.pdf,pdfix-unable-to-open
courts/default/documents/TCAS-2021-02-AJ-Attachment-10-Darfur-Contracting-Act-Certification.pdf,pdfix-unable-to-open
courts/default/documents/Exhibit-N-Resource-Inventory.pdf,pdfix-unable-to-open
courts/default/documents/4-2-RFP-12-13-01-CK-Attachment_3_Accept_Terms.pdf,pdfix-unable-to-open
courts/default/documents/CFCC-12-13-LM-Attachment-5-Darfur-Certification-Form.pdf,pdfix-unable-to-open
courts/default/documents/RFP-APPELLATE-122118-WV-Attachment-12.pdf,pdfix-unable-to-open
courts/default/documents/CRS-SP-280-Attachment-6-Conflict-of-Interest-Certification-form.pdf,pdfix-unable-to-open
courts/default/documents/rfp082205-cimbriefing_0.pdf,pdfix-unable-to-open
courts/default/documents/licagree-rfp-attd.pdf,pdfix-unable-to-open
courts/default/documents/CRS-SP-140-Attachment-4-Darfur-Contracting-ACT.pdf,pdfix-unable-to-open
courts/default/documents/4-2-RFP-13-14-01GW-Cancellation.pdf,pdfix-unable-to-open
courts/default/documents/CRS-TD-033RFP_Hotel_FULL_SERVICE.pdf,pdfix-unable-to-open
courts/default/documents/dpmccpor-rfp-attb_0.pdf,pdfix-unable-to-open
courts/default/documents/CFCC-2012-03-RB-Attachment-4-Vendor-Payee-Data.pdf,pdfix-unable-to-open
courts/default/documents/JBCP-2014-04-BR-Addendum-1-CM-Services.pdf,pdfix-unable-to-open
courts/default/documents/CFCC-2012-02-RB-Attachment-1-Administrative-Rules-Governing-RFPs.pdf,pdfix-unable-to-open
courts/default/documents/CRS-SP-350-Attachment-1-Admin-Rules-Non-IT-Services.pdf,pdfix-unable-to-open
courts/default/documents/CFCC-2022-43-DM-QA.pdf,pdfix-unable-to-open
courts/default/documents/clik-system-dev-rfp-attach4.pdf,pdfix-unable-to-open
courts/default/documents/CRSEG143_Attachment-2-AOC-Hotel-Agreement-Template.pdf,pdfix-unable-to-open
courts/default/documents/sse.pdf,pdfix-unable-to-open
courts/default/documents/preconstsvc-rfp-attacha_1.pdf,pdfix-unable-to-open
courts/default/documents/evaljustcorps-rfp-att4.pdf,pdfix-unable-to-open
courts/default/documents/BS-2018-03-DM-Online-Course-Provider-Q-A.pdf,pdfix-unable-to-open
courts/default/documents/IT-2019-60-RB-RFP-Appendix-A-PRRI.pdf,pdfix-unable-to-open
courts/default/documents/commcorrections-ebp-rfp-attach2.pdf,pdfix-unable-to-open
courts/default/documents/TCAS-2020-03-MS-Attachment-4-General-Certification.pdf,pdfix-unable-to-open
courts/default/documents/dpmccpor-rfp_0.pdf,pdfix-unable-to-open
courts/default/documents/CRS-SP-350-Attachment-2-JCC-Hotel-Agreement-Template.pdf,pdfix-unable-to-open
courts/default/documents/Payee-Data-Record_3-2021.pdf,pdfix-unable-to-open
courts/default/documents/ITSO-11-13-LM-RFP.pdf,pdfix-unable-to-open
courts/default/documents/Attach-1-Administrative-Rules_0.pdf,pdfix-unable-to-open
courts/default/documents/native-curriculumdev-rfp.pdf,pdfix-unable-to-open
courts/default/documents/lanwanrfp.pdf,pdfix-unable-to-open
courts/default/documents/CRS-SP-399-Intent-to-Award.pdf,pdfix-unable-to-open
courts/default/documents/TCAS-2022-04-AJ-Attachment-4-General-Certifications-Form.pdf,pdfix-unable-to-open
courts/default/documents/hrassessment-rfp.pdf,pdfix-unable-to-open
courts/default/documents/CFCC23-164RB-Attach-10-Bidder-Declaration.pdf,pdfix-unable-to-open
courts/default/documents/precon-porterville-rfq-add1qna.pdf,pdfix-unable-to-open
courts/default/documents/ecm-rfp-att3.pdf,pdfix-unable-to-open
courts/default/documents/elearn-rfp-d.pdf,pdfix-unable-to-open
courts/default/documents/COS-ODP-201504-JR-Attachment-11.pdf,pdfix-unable-to-open
courts/default/documents/CFCC-2016-12LB-Attachment-2-JCC-Generic-Contracting-Shriver.pdf,pdfix-unable-to-open
courts/default/documents/FS-2018-18-RP-Attach-D-General-Certifications.pdf,pdfix-unable-to-open
courts/default/documents/CFCC-23-141RB-Attach-6A-std205.pdf,pdfix-unable-to-open
courts/default/documents/icwa-curriculumdev-rfp-qna_0.pdf,pdfix-unable-to-open
courts/default/documents/CRS-SP-388-Attachment-1-Admin-Rules-Non-IT-Services.pdf,pdfix-unable-to-open
courts/default/documents/juvcourtuserres-rfp-intent.pdf,pdfix-unable-to-open
courts/default/documents/OGC-ADR-01B-LM-Q-A.pdf,pdfix-unable-to-open
courts/default/documents/ASU-DC-008-LM-Notice-of-Intent-to-Award.pdf,pdfix-unable-to-open
courts/default/documents/CFCC-2023-45-DM-QA.pdf,pdfix-unable-to-open
courts/default/documents/cfcp_rfp.pdf,pdfix-unable-to-open
courts/default/documents/conffacilserv-rfp-attacha_0.pdf,pdfix-unable-to-open
courts/default/documents/CFCC-2023-57-DM-Attachment-1-Administrative-Rules.pdf,pdfix-unable-to-open
courts/default/documents/CJER-122013-OSCS-CF-Attachment-4-Vendor-Payee-Data.pdf,pdfix-unable-to-open
courts/default/documents/CFCC-13-10-RB-Questions-and-Answers.pdf,pdfix-unable-to-open
courts/default/documents/knowledgecenterdesign-rfp.pdf,pdfix-unable-to-open
courts/default/documents/5DCA-19-57-RB-Attach-1-Admin-Rules.pdf,pdfix-unable-to-open
courts/default/documents/archrelsvccapproj-rfq-payee.pdf,pdfix-unable-to-open
courts/default/documents/FSO-2018-17-JR-Notice-to-Firms-20180730.pdf,pdfix-unable-to-open
courts/default/documents/OERS-201101-RB-Attachment-2-Terms-and-Conditions.pdf,pdfix-unable-to-open
courts/default/documents/Form-for-Submission-of-Questions.pdf,pdfix-unable-to-open
courts/default/documents/preconstruct-risk-lakeport-rfp-attachh.pdf,pdfix-unable-to-open
courts/default/documents/tibco-dataint-rfp-attach2.pdf,pdfix-unable-to-open
courts/default/documents/juvdepwebgd-rfp-qa_0.pdf,pdfix-unable-to-open
courts/default/documents/plumas-sierra-rfp-atti.pdf,pdfix-unable-to-open
courts/default/documents/repjuvdep-larfp-add6_0.pdf,pdfix-unable-to-open
courts/default/documents/scdeprep-rfp_0.pdf,pdfix-unable-to-open
courts/default/documents/aersforscbrfp-losangelesmentalhealth.pdf,pdfix-unable-to-open
courts/default/documents/sharedservicesQandA_0.pdf,pdfix-unable-to-open
courts/default/documents/CRS-SP-409-Intent-to-Award.pdf,pdfix-unable-to-open
courts/default/documents/RFP-JCC-252020-RB-Attachment-2-PO-Terms-and-Conditions.pdf,pdfix-unable-to-open
courts/default/documents/RFPFS202124AL-NoticeOfIntentToAward.pdf,pdfix-unable-to-open
courts/default/documents/repjuvdep_qa.pdf,pdfix-unable-to-open
courts/default/documents/HRS-03-13-SS-Temporary-Staffing-Services-QandA-Final.pdf,pdfix-unable-to-open
courts/default/documents/CFCC-2016-06-RBB-RFP.pdf,pdfix-unable-to-open
courts/default/documents/CRS-SP-197-Attachment-6-Conflict-of-Interest-Certification-form.pdf,pdfix-unable-to-open
courts/default/documents/repjuvdep-sc-rfp-qasm_0.pdf,pdfix-unable-to-open
courts/default/documents/ASU-EG019-Attachment-3-Vendors-Acceptance-of-the-RFPs-Contract-Terms.pdf,pdfix-unable-to-open
courts/default/documents/ccjcrtc-rfp-attach2b_0.pdf,pdfix-unable-to-open
courts/default/documents/environ-management-rfq-add2.pdf,pdfix-unable-to-open
courts/default/documents/IFB-Supreme-041516-MDS-Attachment-4.pdf,pdfix-unable-to-open
courts/default/documents/OCCM-2012-01-CC-ATTACHMENT-3.pdf,pdfix-unable-to-open
courts/default/documents/juvdepwebgd-rfp-atte.pdf,pdfix-unable-to-open
courts/default/documents/solanorenov-occmrfp-attachg.pdf,pdfix-unable-to-open
courts/default/documents/ASU-EG-004-SS-Attachment-5.pdf,pdfix-unable-to-open
courts/default/documents/ADMIN-2018-08-LB-Notice-of-Intent-to-Award.pdf,pdfix-unable-to-open
courts/default/documents/CJER-2019-59-RB-RFP-Attachment-7.pdf,pdfix-unable-to-open
courts/default/documents/TCAS-SAPC-2016-01-ML-NOTICE-OF-INTENT.pdf,pdfix-unable-to-open
courts/default/documents/emprecruit-rfp-add3.pdf,pdfix-unable-to-open
courts/default/documents/REFM-2016-18-RP-Attachment-4-Acceptance-T-Cs.pdf,pdfix-unable-to-open
courts/default/documents/famlawworkres-rfp-attach3.pdf,pdfix-unable-to-open
courts/default/documents/Old-Solano-Addendum-4-QA.pdf,pdfix-unable-to-open
courts/default/documents/Interdisciplinary-Education-RFP-CFCC-2021-21-DM.pdf,pdfix-unable-to-open
courts/default/documents/CPAS-201101-RB-Attachment-2_-Terms-and-Conditions.pdf,pdfix-unable-to-open
courts/default/documents/CFCC-2019-08-MS-Attachment-9-DVBE-Bidders-Declaration.pdf,pdfix-unable-to-open
courts/default/documents/devdraftpol-rfp-list_0.pdf,pdfix-unable-to-open
courts/default/documents/addendum.pdf,pdfix-unable-to-open
courts/default/documents/OREFM-2012-04-CC-ADDENDUM-1-RFQRFP-Schedule.pdf,pdfix-unable-to-open
courts/default/documents/CFCC-10-13-LM-Addendum-1.pdf,pdfix-unable-to-open
courts/default/documents/CRS-SP-345-Attachment-1-Admin-Rules-Non-IT-Services.pdf,pdfix-unable-to-open
courts/default/documents/CRS-SP-043-Attachment-5--Form-for-Submission-of-Technical-Proposal.pdf,pdfix-unable-to-open
courts/default/documents/mamlakes-rfp-atta.pdf,pdfix-unable-to-open
courts/default/documents/envconsultsvcs-rfp-ans_0.pdf,pdfix-unable-to-open
courts/default/documents/RFP-FS-2020-08-AL-RFP.pdf,pdfix-unable-to-open
courts/default/documents/offsupp-rfp-bsup_0.pdf,pdfix-unable-to-open
courts/default/documents/prequalchulavista-rfq-interview.pdf,pdfix-unable-to-open
courts/default/documents/RFPFS202214MB-Attach-1-Administrative-Rules.pdf,pdfix-unable-to-open
courts/default/documents/3DCA-RFP-21-22-02-Notice-of-Intent-to-Award.pdf,pdfix-unable-to-open
courts/default/documents/Chart-to-support-response-to-question-17.pdf,pdfix-unable-to-open
courts/default/documents/CJER-122013-OSCS-CF-Attachment-2-Terms-Conditions.pdf,pdfix-unable-to-open
courts/default/documents/courtordered-debttask-rfp-attach3.pdf,pdfix-unable-to-open
courts/default/documents/TCAS-2020-03-MS-Attachment-9-Darfur-Certification.pdf,pdfix-unable-to-open
courts/default/documents/CRS-EG-255-Intent-to-Award.pdf,pdfix-unable-to-open
courts/default/documents/snapshot-rfp-att3_0.pdf,pdfix-unable-to-open
courts/default/documents/CRS-EG-380-Intent-to-Award.pdf,pdfix-unable-to-open
courts/default/documents/CRS-EG050-Attachment-2-AOC-Hotel-Agreement-Template-2-11-13.pdf,pdfix-unable-to-open
courts/default/documents/CRS-EG-325-Attachment-2-JCC-Hotel-Agreement-Template-07-14-15.pdf,pdfix-unable-to-open
courts/default/documents/TCAS-2021-01-MS-Notice-of-Intent-to-Award.pdf,pdfix-unable-to-open
courts/default/documents/riverside-reconstruct-rfq-addendum3.pdf,pdfix-unable-to-open
courts/default/documents/hollister-rfq-add4.pdf,pdfix-unable-to-open
courts/default/documents/IT-2023-04-LV-Attachment-4-UNRUH-CIVIL-RIGHTS-ACT.pdf,pdfix-unable-to-open
courts/default/documents/ASU-DC-008-LM-Attachment-4-Darfur-Contracting-Act-Certification.pdf,pdfix-unable-to-open
courts/default/documents/app_ip_intent.pdf,pdfix-unable-to-open
courts/default/documents/pgmdesc.pdf,pdfix-unable-to-open
courts/default/documents/CFCC-22-131RB-Attach-5-Darfur.pdf,pdfix-unable-to-open
courts/default/documents/elkins-rfp-att2.pdf,pdfix-unable-to-open
courts/default/documents/2010study-rfp-qna.pdf,pdfix-unable-to-open
courts/default/documents/CRS-EG-309-Attachment-1-Admin-Rules-Non-IT-Services.pdf,pdfix-unable-to-open
courts/default/documents/CFCC-02-16-LV-Addendum-2-Statewide-Translation-Services.pdf,pdfix-unable-to-open
courts/default/documents/tibco-dataint-rfp-intent.pdf,pdfix-unable-to-open
courts/default/documents/CJER-HB-0712-LM-Attachment-1-Administrative-Rules-Governing-RFPs.pdf,pdfix-unable-to-open
courts/default/documents/IFB-AS-043015-RB-Attachment-4-terms-and-conditions.pdf,pdfix-unable-to-open
courts/default/documents/OCR23-152RB-Attach-9-Unruh-Cert.pdf,pdfix-unable-to-open
courts/default/documents/CRS-SP049-Attachment-6-Form-for-Submission-of-Cost-Proposal-ROOM-BLOCK-ONLY.pdf,pdfix-unable-to-open
courts/default/documents/CRS-EG-204-Intent-to-Award.pdf,pdfix-unable-to-open
courts/default/documents/precon-rfp-atte_0.pdf,pdfix-unable-to-open
courts/default/documents/prodjustsc-rfp-intent.pdf,pdfix-unable-to-open
courts/default/documents/CRS-SP-236-RFP-Hotel-FS-MULTIPLE-AWARDS.pdf,pdfix-unable-to-open
courts/default/documents/CRS-SP-177-Intent-to-Award.pdf,pdfix-unable-to-open
courts/default/documents/Attach-6-Darfur-Certification.pdf,pdfix-unable-to-open
courts/default/documents/ASU-EG-004-SS-RFP.pdf,pdfix-unable-to-open
courts/default/documents/ITSO-2013-01-DCA-Attachment-3-Conflict-of-Interest-Certification.pdf,pdfix-unable-to-open
courts/default/documents/FS-2018-12-BD-Attach-A-1-DGS-Appraisal-Specifications.pdf,pdfix-unable-to-open
courts/default/documents/FSO-2018-04-JR-Attachment-6-Sample-Agreement.pdf,pdfix-unable-to-open
courts/default/documents/meeting-minutes-2024-02-20.pdf,pdfix-unable-to-open
courts/default/documents/CRS-PD-102-RFP-Hotel-FULL-SERVICE.pdf,pdfix-unable-to-open
courts/default/documents/cafmrfp.pdf,pdfix-unable-to-open
courts/default/documents/CRSSP056-Attachment-2-AOC-Hotel-Agreement-Template.pdf,pdfix-unable-to-open
courts/default/documents/RFP-FSO-IDIQ-SPRS-2017-03-JP-Attach-I-Internal-Background-Check-Policy.pdf,pdfix-unable-to-open
courts/default/documents/ITSO-2013-01-DCAAppellateE-Filing_RFP_Addendum1.pdf,pdfix-unable-to-open
courts/default/documents/CRS-SP-348-Attachment-1-Admin-Rules-Non-IT-Services.pdf,pdfix-unable-to-open
courts/default/documents/CRS-SP-164-Attachment-RFP-Hotel-FULL-SERVICE.pdf,pdfix-unable-to-open
courts/default/documents/confaudio-rfp-atte2_0.pdf,pdfix-unable-to-open
courts/default/documents/RFPFS202204MB-Attach-4-Acceptance.pdf,pdfix-unable-to-open
courts/default/documents/FSO-2017-21-HN-Notice-of-Revision-2.pdf,pdfix-unable-to-open
courts/default/documents/CRS-PD-251-Intent-to-Award-ab105818.pdf,pdfix-unable-to-open
courts/default/documents/CRS-SP-328-Attachment-4-Darfur-Contracting-ACT.pdf,pdfix-unable-to-open
courts/default/documents/RFPFS202125AL-Attach-14-Std-CMA-Staffing-Plan.pdf,pdfix-unable-to-open
courts/default/documents/tempserv-rfp_att_h_proposer_certification_form_0.pdf,pdfix-unable-to-open
courts/default/documents/REFM-2016-18-RP-Attachment-3-Sample-Master-Agmt.pdf,pdfix-unable-to-open
courts/default/documents/FSO-2018-05-JMG_RFQ_Plumbing_Contractors.pdf,pdfix-unable-to-open
courts/default/documents/CRS-AK-394-Intent-to-Award.pdf,pdfix-unable-to-open
courts/default/documents/LSS-2023-16-SB-Attachment-1-Administrative-Rules-Governing.pdf,pdfix-unable-to-open
courts/default/documents/peercourtrfp-add1_0.pdf,pdfix-unable-to-open
courts/default/documents/phoenix-rfp-add5v2_0.pdf,pdfix-unable-to-open
courts/default/documents/CFCC-22-132RB-Attach-4-Gen-Certs.pdf,pdfix-unable-to-open
courts/default/documents/JBCP-2015-12-BR-Attachment-6-Mitigation-Monitoring-Plan-Sonora.pdf,pdfix-unable-to-open
courts/default/documents/CRS-SP-372-Intent-to-Award.pdf,pdfix-unable-to-open
courts/default/documents/CRS-AU-032-Attachment-6--Form-for-Submission-of-Cost-Proposal-FULL-SERVICE.pdf,pdfix-unable-to-open
courts/default/documents/elkins-rfp-att3.pdf,pdfix-unable-to-open
courts/default/documents/ctintrecruit-rfp-add1.pdf,pdfix-unable-to-open
courts/default/documents/preconstsvc-rfp-bidding.pdf,pdfix-unable-to-open
courts/default/documents/courtordered-debttask-rfp-attach2.pdf,pdfix-unable-to-open
courts/default/documents/CRS-EG-358-Attachment-RFP-Hotel-FULL-SERVICE.pdf,pdfix-unable-to-open
courts/default/documents/CRS-PD-304-Attachment-4-Darfur-Contracting-ACT_jc20.pdf,pdfix-unable-to-open
courts/default/documents/gcportola-rfq_0.pdf,pdfix-unable-to-open
courts/default/documents/RFQFS202205MB_Request-for-Qualifications_0.pdf,pdfix-unable-to-open
courts/default/documents/aersforscbrfp-eldorado_0.pdf,pdfix-unable-to-open
courts/default/documents/CRS-SP-368-RFP-Hotel-ROOM-BLOCK.pdf,pdfix-unable-to-open
courts/default/documents/hollister-rfq-add5.pdf,pdfix-unable-to-open
courts/default/documents/RFP-FS-2021-13-AL-1-RFP.pdf,pdfix-unable-to-open
courts/default/documents/ASU-EG-003-SS-Attachment-1.pdf,pdfix-unable-to-open
courts/default/documents/cacpe-rfp-add1_0.pdf,pdfix-unable-to-open
courts/default/documents/HR-17-33RB-RFI.pdf,pdfix-unable-to-open
courts/default/documents/IT-2023-58-DM-Non-Cost-Proposals-Scores.pdf,pdfix-unable-to-open
courts/default/documents/enttestmgmt-rfp-att5_0.pdf,pdfix-unable-to-open
courts/default/documents/IT-2019-10-LB-Technical-Score-Posting.pdf,pdfix-unable-to-open
courts/default/documents/CFCC-2021-21-DM-Attachment-7-UNRUH-CERTIFICATION.pdf,pdfix-unable-to-open
courts/default/documents/susanville-gencontractors-rfq-add2.pdf,pdfix-unable-to-open
courts/default/documents/eniaconsult-rfp-attach4.pdf,pdfix-unable-to-open
courts/default/documents/phoenix-rfp-add4.pdf,pdfix-unable-to-open
courts/default/documents/EDU-10-12-LM-RFP.pdf,pdfix-unable-to-open
courts/default/documents/ccjcrtc-rfp-attachlist_0.pdf,pdfix-unable-to-open
courts/default/documents/CRS-PD-223-Attachment-4-Darfur-Contracting-ACT-pjceo18.pdf,pdfix-unable-to-open
courts/default/documents/Master-Schedule-DD20210531.pdf,pdfix-unable-to-open
courts/default/documents/emprecruit-rfp-add2.pdf,pdfix-unable-to-open
courts/default/documents/cscac-20210526-notice.pdf,pdfix-unable-to-open
courts/default/documents/tas-rfp-notice_0.pdf,pdfix-unable-to-open
courts/default/documents/swsecurityscreen-rfp-attach1.pdf,pdfix-unable-to-open
courts/default/documents/cjdcls_n2a_0.pdf,pdfix-unable-to-open
courts/default/documents/Intent-to-enter-agreement-RFP-FIN122210CK.pdf,pdfix-unable-to-open
courts/default/documents/FSO-2017-14-RP-Questions-and-Answers.pdf,pdfix-unable-to-open
courts/default/documents/famlawworkres-rfp-attach2.pdf,pdfix-unable-to-open
courts/default/documents/RFPFS202124AL-Attach-STD204-Payee-Data-Record.pdf,pdfix-unable-to-open
courts/default/documents/CRS-SP-187-Attachment-1-Admin-Rules-Non-IT-Services.pdf,pdfix-unable-to-open
courts/default/documents/OREFM-2012-04-CC-Attachment-G-Standard-Agreement.pdf,pdfix-unable-to-open
courts/default/documents/SAPC_2013-01-Questions-and-Answers.pdf,pdfix-unable-to-open
courts/default/documents/gcportola-rfq-pqla.pdf,pdfix-unable-to-open
courts/default/documents/bsa-webdev-rfp-qna.pdf,pdfix-unable-to-open
courts/default/documents/OCCM-2012-01-CC-ATTACHMENT-2.pdf,pdfix-unable-to-open
courts/default/documents/IFB-Supreme-041516-MDS-Attachment-5.pdf,pdfix-unable-to-open
courts/default/documents/CJER-2019-59-RB-RFP-Attachment-6.pdf,pdfix-unable-to-open
courts/default/documents/techstaff-augment-rfp-attacha.pdf,pdfix-unable-to-open
courts/default/documents/tempserv-rfp_att_b2_work_order_form_0.pdf,pdfix-unable-to-open
courts/default/documents/talentag-rfp-attachb_0.pdf,pdfix-unable-to-open
courts/default/documents/bsadocman-rfp-list_0.pdf,pdfix-unable-to-open
courts/default/documents/ASU-EG-004-SS-Attachment-4.pdf,pdfix-unable-to-open
courts/default/documents/solanorenov-occmrfp-attachf.pdf,pdfix-unable-to-open
courts/default/documents/juvedumeds-rfp-intent_0.pdf,pdfix-unable-to-open
courts/default/documents/juvdepwebgd-rfp-attd.pdf,pdfix-unable-to-open
courts/default/documents/CRSSP052-Attachment-4-Darfur-Contracting-ACT.pdf,pdfix-unable-to-open
courts/default/documents/CFCC-201103-RB-Attachment-6-No-Conflict-of-Interest-Certification.pdf,pdfix-unable-to-open
courts/default/documents/offsupp-rfp-add2_0.pdf,pdfix-unable-to-open
courts/default/documents/CRS-PD-081-Attachment-4-Darfur-Contracting-ACT-no-change.pdf,pdfix-unable-to-open
courts/default/documents/5yearreview-rfp_0.pdf,pdfix-unable-to-open
courts/default/documents/RFP-OCR-2023-25-LV-Attachment-6A-Payee-Data-Record-204.pdf,pdfix-unable-to-open
courts/default/documents/ecm-rfp-appg_0.pdf,pdfix-unable-to-open
courts/default/documents/IFB-ISD-042015-AA-Attachment-7-Std204-Payee-Data-Record.pdf,pdfix-unable-to-open
courts/default/documents/environ-management-rfq-add3.pdf,pdfix-unable-to-open
courts/default/documents/RFPFS202205MB-Phase-I_Environmental_Site_Assessment.pdf,pdfix-unable-to-open
courts/default/documents/ITSO-11-13-LM-intent-to-award.pdf,pdfix-unable-to-open
courts/default/documents/IT-2019-12-LB-Attachment-1-Admin-Rules.pdf,pdfix-unable-to-open
courts/default/documents/statebasedcs-rfp-qna.pdf,pdfix-unable-to-open
courts/default/documents/IT-2018-09-LB-Questions-Answers.pdf,pdfix-unable-to-open
courts/default/documents/CRS-AK-382-Attachment-RFP-Hotel-FULL-SERVICE.pdf,pdfix-unable-to-open
courts/default/documents/CFCC-2016-12-RBB-Attachment-5-Darfur.pdf,pdfix-unable-to-open
courts/default/documents/CRS-SP-203-Cancellation-Notice.pdf,pdfix-unable-to-open
courts/default/documents/foms_q2_0.pdf,pdfix-unable-to-open
courts/default/documents/RFP-FS-2020-06-DF-Attach-A-Admin-Rules.pdf,pdfix-unable-to-open
courts/default/documents/1DCA-19-54-RB-Attach-8-Bidder-Declaration.pdf,pdfix-unable-to-open
courts/default/documents/IT-OPD-18-043-RB-Attachment-9-DVBE-Declaration.pdf,pdfix-unable-to-open
courts/default/documents/qanda.pdf,pdfix-unable-to-open
courts/default/documents/FS-2019-11-BD-Attachment-M-Schedule-of-Court-Locations-2019-20.pdf,pdfix-unable-to-open
courts/default/documents/manprocfair-rfp-attb.pdf,pdfix-unable-to-open
courts/default/documents/wcm-rfp-att8_0.pdf,pdfix-unable-to-open
courts/default/documents/preconstruct-risk-lakeport-rfp-attachi.pdf,pdfix-unable-to-open
courts/default/documents/ASU-DC-007-NN-QA.pdf,pdfix-unable-to-open
courts/default/documents/CRS-PD-273-Attachment-6-Conflict-of-Interest-Certification-form-febpao19.pdf,pdfix-unable-to-open
courts/default/documents/plumas-sierra-rfp-atth.pdf,pdfix-unable-to-open
courts/default/documents/CPAS-201102-RB-Attachment-1-Admin-Rules.pdf,pdfix-unable-to-open
courts/default/documents/CRS-SP-047-Attachment-6-Form-for-Submission-of-Cost-Proposal.pdf,pdfix-unable-to-open
courts/default/documents/CRS-PD-311-Attachment-4-Darfur-Contracting-ACT_jc20.pdf,pdfix-unable-to-open
courts/default/documents/IFB-ISD-10242016-AA-Intent-to-Award-Posting.pdf,pdfix-unable-to-open
courts/default/documents/offpubjuryinstintentaward_0.pdf,pdfix-unable-to-open
courts/default/documents/ccms-program-rfp-attach2.pdf,pdfix-unable-to-open
courts/default/documents/CRS-PD-333-Attachment-6-Conflict-of-Interest-Certification-form_janpao21.pdf,pdfix-unable-to-open
courts/default/documents/tempserv-rfp_att_b2_work_order_form.pdf,pdfix-unable-to-open
courts/default/documents/CRSEG048-Attachment-1-Admin-Rules-Non-IT-Services.pdf,pdfix-unable-to-open
courts/default/documents/CRS-SP-328-Attachment-6-Conflict-of-Interest-Certification-form.pdf,pdfix-unable-to-open
courts/default/documents/emprecruit-rfp-attb.pdf,pdfix-unable-to-open
courts/default/documents/docmanage-statewide-rfp-add1.pdf,pdfix-unable-to-open
courts/default/documents/rfp082205_0.pdf,pdfix-unable-to-open
courts/default/documents/CRS-PD-218-Attachment-2-JCC-Hotel-Agreement-Template-ASI-2017.pdf,pdfix-unable-to-open
courts/default/documents/JCC-2018-01-CD-Attachment-9-Building-Moving-Policy-Shipping-Instructions.pdf,pdfix-unable-to-open
courts/default/documents/prequalcontract-sanandreas-rfp-attacha.pdf,pdfix-unable-to-open
courts/default/documents/Attachment-S-Master-Answers-to-Questions-Submitted-Week-Ending-10-7-22.pdf,pdfix-unable-to-open
courts/default/documents/IFB-ISD-053012-AA-Attachment-1-Specifications.pdf,pdfix-unable-to-open
courts/default/documents/TCAS-2018-03-BH-Non-Cost-Scoring.pdf,pdfix-unable-to-open
courts/default/documents/COS-ODP-201504-JR-Attachment-10.pdf,pdfix-unable-to-open
courts/default/documents/ecm-rfp-att2.pdf,pdfix-unable-to-open
courts/default/documents/CRS-SP-419-RFP-Hotel-ROOM-BLOCK-Revision-1.pdf,pdfix-unable-to-open
courts/default/documents/RFPFS202310MB_ADDENDUM-1.pdf,pdfix-unable-to-open
courts/default/documents/disasterrfp.pdf,pdfix-unable-to-open
courts/default/documents/cfcc-sandiego-dependencyrep-rfp-intent.pdf,pdfix-unable-to-open
courts/default/documents/RFP-FS-2023-19-XC_NoticeOfIntentToAward.pdf,pdfix-unable-to-open
courts/default/documents/evalbiddersconf_0.pdf,pdfix-unable-to-open
courts/default/documents/ASU-TD-010-SS-Attachment-6-Form-for-Submission-of-Cost-Proposal-ROOM-BLOCK-ONLY.pdf,pdfix-unable-to-open
courts/default/documents/devdraftpol-rfp.pdf,pdfix-unable-to-open
courts/default/documents/tcassadd1_0.pdf,pdfix-unable-to-open
courts/default/documents/CRS-SP-192-Attachment-1-Admin-Rules-Non-IT-Services.pdf,pdfix-unable-to-open
courts/default/documents/CJER-2018-01-DM-Attachment-1-Administrative-Rules.pdf,pdfix-unable-to-open
courts/default/documents/preconstsvc-rfp-attacha_0.pdf,pdfix-unable-to-open
courts/default/documents/CRS-EG-169-Attachment-2-JCC-Hotel-Agreement-PAOEAC-June-2016.pdf,pdfix-unable-to-open
courts/default/documents/tvsignal-services-rfp-attach2.pdf,pdfix-unable-to-open
courts/default/documents/tempserv-rfp_rfp_hr_07-08-ss_temporary_staffing_services_0.pdf,pdfix-unable-to-open
courts/default/documents/CRS-LK-413-RFP-Hotel-FULL-SERVICE.pdf,pdfix-unable-to-open
courts/default/documents/FSO-2018-17-JR-Attachment-5-Payee-Data-Record.pdf,pdfix-unable-to-open
courts/default/documents/CFCC-032514-PCDR-CF-Attachment-3-Acceptance.pdf,pdfix-unable-to-open
courts/default/documents/CRS-PD-274-RFP-Hotel-ROOM-BLOCK-febpao20.pdf,pdfix-unable-to-open
courts/default/documents/CRS-SO060-FAQ.pdf,pdfix-unable-to-open
courts/default/documents/constman-rfq-vdf.pdf,pdfix-unable-to-open
courts/default/documents/IT-2018-09-LB-Attachment-6-PayeeDataRecord204.pdf,pdfix-unable-to-open
courts/default/documents/RFPFS202205MB-Answers-to-Submitted-Questions-Round-1.pdf,pdfix-unable-to-open
courts/default/documents/famjuv-20210719-noticeagenda.pdf,pdfix-unable-to-open
courts/default/documents/aocjobacc-rfp-add1_0.pdf,pdfix-unable-to-open
courts/default/documents/RFP-FS-2021-22-JP-NoticeToAward.pdf,pdfix-unable-to-open
courts/default/documents/CRS-EG-408-Intent-to-Award.pdf,pdfix-unable-to-open
courts/default/documents/CRS-AK-421-Attachment-2-JCC_Hotel_Agreement_Template-11-2023.pdf,pdfix-unable-to-open
courts/default/documents/eapjb-rfp-appendixa.pdf,pdfix-unable-to-open
courts/default/documents/RFI-CFCC23-158RB.pdf,pdfix-unable-to-open
courts/default/documents/dm-rfp-att8_0.pdf,pdfix-unable-to-open
courts/default/documents/AS-2022-37-DM-Attachment-5A-Payee-Data-Record.pdf,pdfix-unable-to-open
courts/default/documents/3dcarfp201203_RFPCopierandFaxMaintenance.pdf,pdfix-unable-to-open
courts/default/documents/cscscodappdrev2.pdf,pdfix-unable-to-open
courts/default/documents/CRS-SP-074-RFP-Hotel-ROOM-BLOCK-ONLY.pdf,pdfix-unable-to-open
courts/default/documents/RFPFS202212KO-Attach-B-Acceptance-TC.pdf,pdfix-unable-to-open
courts/default/documents/Cancellation-Notice_dv20.pdf,pdfix-unable-to-open
courts/default/documents/constrantct-rfp_atth_0.pdf,pdfix-unable-to-open
courts/default/documents/bsadocman-rfp-award.pdf,pdfix-unable-to-open
courts/default/documents/CRS-SP-352-Attachment-4-Darfur-Contracting-ACT.pdf,pdfix-unable-to-open
courts/default/documents/REFM-2016-16-BD-RFP-Attach-2-List-of-JCC-Properties-by-Address.pdf,pdfix-unable-to-open
courts/default/documents/formtrans-add1_0.pdf,pdfix-unable-to-open
courts/default/documents/CRS-SP-362-RFP-Hotel-FULL-SERVICE-Mulitiple-Awards-Revision-1.pdf,pdfix-unable-to-open
courts/default/documents/ccporappdev-rfp-appa.pdf,pdfix-unable-to-open
courts/default/documents/repjuvdep-larfp_0.pdf,pdfix-unable-to-open
courts/default/documents/wcm-rfp-att9.pdf,pdfix-unable-to-open
courts/default/documents/TCAS-2021-01-MS-Attachment-5-Small-Business-Declaration-Form.pdf,pdfix-unable-to-open
courts/default/documents/RFP-FS-2021-20-JP-Attachment-12-Darfur.pdf,pdfix-unable-to-open
courts/default/documents/RFP-FSO-2017-15-JR-Attachment-13-Tool-Control-Policy.pdf,pdfix-unable-to-open
courts/default/documents/RFQ-FS-2021-06-BD-Attach-I-Unruh-Certification.pdf,pdfix-unable-to-open
courts/default/documents/famjuv-20240205-notice-agenda.pdf,pdfix-unable-to-open
courts/default/documents/RFP-COA-2023-01-RP-Notice-Questions.pdf,pdfix-unable-to-open
courts/default/documents/precon-stockton-rfq-geotech.pdf,pdfix-unable-to-open
courts/default/documents/tempstaff-rfp-qa.pdf,pdfix-unable-to-open
courts/default/documents/CRS-AU-286-Attachment-1-Admin-Rules-Non-IT-Services.pdf,pdfix-unable-to-open
courts/default/documents/CRS-SP-263-Attachment-1-Admin-Rules-Non-IT-Services.pdf,pdfix-unable-to-open
courts/default/documents/CRS-EG-416-Attachment-1-Admin-Rules-Non-IT-Services.pdf,pdfix-unable-to-open
courts/default/documents/CRS-EG-276-Attachment-2-JCC-Hotel-Agreement-Template-07-14-15.pdf,pdfix-unable-to-open
courts/default/documents/CFCC-22-117RB-Attach-4-Gen_Certs.pdf,pdfix-unable-to-open
courts/default/documents/RFI-FS-2021-20-JP-COOP.pdf,pdfix-unable-to-open
courts/default/documents/CFCC-12-13-LM-Attachment-3-Proposers-Acceptance-of-Terms-Conditions.pdf,pdfix-unable-to-open
courts/default/documents/oracupg-1_0.pdf,pdfix-unable-to-open
courts/default/documents/CFCC-032514-PCDR-CF-Content.pdf,pdfix-unable-to-open
courts/default/documents/RFP-FS-2021-05-MB-Attachment-D-SIMT-Duties-ADDENDUM-1.pdf,pdfix-unable-to-open
courts/default/documents/pilotdesign-shriver-rfp-attach4.pdf,pdfix-unable-to-open
courts/default/documents/3dcarfp070617_attachment6PayeeDataRecordForm-.pdf,pdfix-unable-to-open
courts/default/documents/offsupp-rfp_0.pdf,pdfix-unable-to-open
courts/default/documents/RFP-FS-SP-2020-16-JP-Notice-to-Intent-to-Award.pdf,pdfix-unable-to-open
courts/default/documents/datacollect-collabresearch-rfp-attach4.pdf,pdfix-unable-to-open
courts/default/documents/CRS-EG-411-Intent-to-Award.pdf,pdfix-unable-to-open
courts/default/documents/RFP-ISD-06192012-SLO_Attachment-9_Configuration-Requirements.pdf,pdfix-unable-to-open
courts/default/documents/CRS-SP-080-Attachment-3-Vendors-Acceptance-of-the-RFPs-Contract-Terms-TCPJAC.pdf,pdfix-unable-to-open
courts/default/documents/cjdcls_add1_0.pdf,pdfix-unable-to-open
courts/default/documents/isbrfp_0.pdf,pdfix-unable-to-open
courts/default/documents/digphot_0.pdf,pdfix-unable-to-open
courts/default/documents/CRS-SP-391-Attachment-4-Darfur-Contracting-ACT.pdf,pdfix-unable-to-open
courts/default/documents/IT-OPD-18-47-RB-Attachment-2-Agreement.pdf,pdfix-unable-to-open
courts/default/documents/newlbcourt-rfq2-qna1_0.pdf,pdfix-unable-to-open
courts/default/documents/eapjb-rfp-appb.pdf,pdfix-unable-to-open
courts/default/documents/CRS-SP-177-Attachment-6-Conflict-of-Interest-Certification-form.pdf,pdfix-unable-to-open
courts/default/documents/CFCC-2021-03-LV-RFP.pdf,pdfix-unable-to-open
courts/default/documents/materialtest-inspection-rfp.pdf,pdfix-unable-to-open
courts/default/documents/IT-DMS-2016-01-MDS-Section-III-current-future-state.pdf,pdfix-unable-to-open
courts/default/documents/RFP-REFM-2016-29-JP-Attachment-4-Cost-Proposal-Form-Addendum-1.pdf,pdfix-unable-to-open
courts/default/documents/CRS-SP-137-Attachment-3-Vendors-Acceptance-of-the-RFPs-Contract-Terms.pdf,pdfix-unable-to-open
courts/default/documents/CFCC-2020-12-DM-Attachment-7-UNRUH-CERTIFICATION.pdf,pdfix-unable-to-open
courts/default/documents/CRS-SP-074-Attachment-1-Admin-Rules-Non-IT-Services.pdf,pdfix-unable-to-open
courts/default/documents/photoserv-rfq-attachb_0.pdf,pdfix-unable-to-open
courts/default/documents/ASU-EG024-Attachment-3-Vendors-Acceptance-of-the-RFPs-Contract-Terms-no-change-by-td.pdf,pdfix-unable-to-open
courts/default/documents/FSO-2019-08-BD_Attach_K_to_Std_Agmt_Security_Badging_Policy.pdf,pdfix-unable-to-open
courts/default/documents/RFP-FS-SP-2020-16-JP-Attachment-4-Planned-Activities-and-PM-Standards-Revised.pdf,pdfix-unable-to-open
courts/default/documents/fundevrfp_0.pdf,pdfix-unable-to-open
courts/default/documents/CRS-SP-253-Attachment-4-Darfur-Contracting-ACT.pdf,pdfix-unable-to-open
courts/default/documents/RFP-FS-2022-08-XC-Attachment-I-General-Certification-Form.pdf,pdfix-unable-to-open
courts/default/documents/ctintexam_qa.pdf,pdfix-unable-to-open
courts/default/documents/RFP-CFCC-2021-91RB-Notice-of-Intent-to-Award.pdf,pdfix-unable-to-open
courts/default/documents/emprecruit-rfp.pdf,pdfix-unable-to-open
courts/default/documents/aersforscbrfp-eldorado.pdf,pdfix-unable-to-open
courts/default/documents/RFP-FS-SP-2020-16-JP-Attachment-12-Job-Descriptions.pdf,pdfix-unable-to-open
courts/default/documents/RFP-FS-2021-17-AL-RFP.pdf,pdfix-unable-to-open
courts/default/documents/web-rfp_intent.pdf,pdfix-unable-to-open
courts/default/documents/ergoassess-rfp-attachb.pdf,pdfix-unable-to-open
courts/default/documents/CFCC-04-13-LM-Attachment-5-Darfur-Contracting-Certification.pdf,pdfix-unable-to-open
courts/default/documents/IT-DMS-2016-01-MDS-attachment-4.pdf,pdfix-unable-to-open
courts/default/documents/archrelsvccapproj-rfq-questionform.pdf,pdfix-unable-to-open
courts/default/documents/Intent-to-Award-Notice-JCSS-201301_0.pdf,pdfix-unable-to-open
courts/default/documents/Attach-4-Acceptance-of-Terms-and-Conditions.pdf,pdfix-unable-to-open
courts/default/documents/ccjcrtc-rfp-attach2b.pdf,pdfix-unable-to-open
courts/default/documents/CRS-SP-362-Attachment-1-Admin-Rules-Non-IT-Services.pdf,pdfix-unable-to-open
courts/default/documents/evalcivinst-rfp-intent.pdf,pdfix-unable-to-open
courts/default/documents/dcqual-rfp-add2_0.pdf,pdfix-unable-to-open
courts/default/documents/HR-2023-54-DM-Attachment-7-UNRUH-AND-FEHA-CERTIFICATION.pdf,pdfix-unable-to-open
courts/default/documents/OGC-ADR-01A-LM-Appendix-A-SB-78-for-Non-IT-Agreements.pdf,pdfix-unable-to-open
courts/default/documents/LSS-18-48-RB-RFP-Notice-of-Intent-to-Award.pdf,pdfix-unable-to-open
courts/default/documents/cscscodadd5_0.pdf,pdfix-unable-to-open
courts/default/documents/LSS-2023-07-LV-Attachment-3-Acceptance-Terms-and-Conditions.pdf,pdfix-unable-to-open
courts/default/documents/3dcarfp201202_NoticeofIntenttoAward.pdf,pdfix-unable-to-open
courts/default/documents/CFCC-2024-28-LV-Attachment-1-Administrative-Rules.pdf,pdfix-unable-to-open
courts/default/documents/OCR-2018-02-LV-Questions-and-Answers.pdf,pdfix-unable-to-open
courts/default/documents/CFCC-16-10-RBB-Attachment-6-Payee-Data-Record.pdf,pdfix-unable-to-open
courts/default/documents/CRS-PD-271-Questions-and-Answers-pjceo19.pdf,pdfix-unable-to-open
courts/default/documents/IT-2019-60-RB-RFP-A7-Unruh.pdf,pdfix-unable-to-open
courts/default/documents/RFP-REFM-2016-26-SM-Answer-Form.pdf,pdfix-unable-to-open
courts/default/documents/riverside-reconstruct-rfq.pdf,pdfix-unable-to-open
courts/default/documents/wcm-rfp-att5rev.pdf,pdfix-unable-to-open
courts/default/documents/childsupport-review-rfp-list.pdf,pdfix-unable-to-open
courts/default/documents/RFQ-FS-2019-01-DGF-Revised.pdf,pdfix-unable-to-open
courts/default/documents/FS-2018-16-RP-Attach-F-Payee-Data-Record.pdf,pdfix-unable-to-open
courts/default/documents/CRS-PD-336-Attachment-4-Darfur-Contracting-ACT_jc21.pdf,pdfix-unable-to-open
courts/default/documents/CRS-PD-149-Attachment-2-JC-Contract-NJO.pdf,pdfix-unable-to-open
courts/default/documents/phoenix-rfp-section9_0.pdf,pdfix-unable-to-open
courts/default/documents/RFPFS202307KO-Attach-J-DVBE-Declaration.pdf,pdfix-unable-to-open
courts/default/documents/grantpolprorfp.pdf,pdfix-unable-to-open
courts/default/documents/techctr-rfp_0.pdf,pdfix-unable-to-open
courts/default/documents/dpmccpor-rfp-award_0.pdf,pdfix-unable-to-open
courts/default/documents/ITSO-11-13-LM-Attachment-3-Proposers-Acceptance-of-T-Cs.pdf,pdfix-unable-to-open
courts/default/documents/IT-OPD-18-47-RB-Attachment-6-Payee-Data.pdf,pdfix-unable-to-open
courts/default/documents/OERS-201101-RB-RFP.pdf,pdfix-unable-to-open
courts/default/documents/constrantct-rfp_att1i.pdf,pdfix-unable-to-open
courts/default/documents/FSO-2020-04-BD-Attach-F-Payee-Data-Record-Form.pdf,pdfix-unable-to-open
courts/default/documents/adminctintexam-rfp-attb_0.pdf,pdfix-unable-to-open
courts/default/documents/CRS-AK-375-Attachment-1-Admin-Rules-Non-IT-Services.pdf,pdfix-unable-to-open
courts/default/documents/CRS-SP-120-Attachment-2-Hotel-Agreement.pdf,pdfix-unable-to-open
courts/default/documents/CRS-PD-258-Attachment-6-Conflict-of-Interest-Certification-form-asai19.pdf,pdfix-unable-to-open
courts/default/documents/CRS-SP-265-RFP-Hotel-FULL-SERVICE.pdf,pdfix-unable-to-open
courts/default/documents/IFB-FIN010111CK-Attachment-2-Goods-to-be-Provided.pdf,pdfix-unable-to-open
courts/default/documents/CRS-SP-120-Intent-to-Award-TCPJAC.pdf,pdfix-unable-to-open
courts/default/documents/RFP-TCAS-2020-01-BH-Non-Cost-Scoring.pdf,pdfix-unable-to-open
courts/default/documents/RFP-CFCC22-119RB-A6-std204.pdf,pdfix-unable-to-open
courts/default/documents/CRSSP052-Attachment-1-Admin-Rules-Non-IT-Services.pdf,pdfix-unable-to-open
courts/default/documents/CFCC-12-13-LM-Attachment-6-Payee-Data-Record-Form.pdf,pdfix-unable-to-open
courts/default/documents/CJER-18-44-RB-Attachment-6.pdf,pdfix-unable-to-open
courts/default/documents/CFCC-2024-28-LV-Attachment-2-JBCM-Terms_and_Conditions.pdf,pdfix-unable-to-open
courts/default/documents/CRSSP045Attachment1.pdf,pdfix-unable-to-open
courts/default/documents/dm-rfp-att2.pdf,pdfix-unable-to-open
courts/default/documents/CFCC-CCW17-23RB-Attachment_6-Payee_Data.pdf,pdfix-unable-to-open
courts/default/documents/CFCC-2023-53-DM-Attachment-6A-Payee-Data-Record.pdf,pdfix-unable-to-open
courts/default/documents/photoserv-rfq-attachb.pdf,pdfix-unable-to-open
courts/default/documents/CRS-EG-403-Attachment-1-Admin-Rules-Non-IT-Services.pdf,pdfix-unable-to-open
courts/default/documents/IFB-BAP-23-138RB-Attach-6-Iran_Act.pdf,pdfix-unable-to-open
courts/default/documents/OREFM-2014-01-JMG-PForm.pdf,pdfix-unable-to-open
courts/default/documents/duiweb-vdf_0.pdf,pdfix-unable-to-open
courts/default/documents/CRS-SP-361-Attachment-6-Conflict-of-Interest-Certification-form.pdf,pdfix-unable-to-open
courts/default/documents/RFP-CFCC-2023-03-LP-Notice-of-Cancellation.pdf,pdfix-unable-to-open
courts/default/documents/CRS-EG035-Attachment-2-AOC-Hotel-Agreement-Template-10-26-11.pdf,pdfix-unable-to-open
courts/default/documents/repjuvdep-sc-rfp.pdf,pdfix-unable-to-open
courts/default/documents/IT-2023-58-DM-Intent-To-Award.pdf,pdfix-unable-to-open
courts/default/documents/3DCA212202_attachment4_PayeeDataRecord.pdf,pdfix-unable-to-open
courts/default/documents/ASU-EG-015-RFP-Hotel-ROOM-BLOCK-ONLY.pdf,pdfix-unable-to-open
courts/default/documents/CRS-SP-219-Attachment-2-JCC-Hotel-Agreement.pdf,pdfix-unable-to-open
courts/default/documents/CRS-PD-167-Attachment-RFP-Hotel-FULL-SERVICE-AB-1058.pdf,pdfix-unable-to-open
courts/default/documents/Judicial-Council-FY2018-19-GASB-75-summary.pdf,pdfix-unable-to-open
courts/default/documents/environ-qualact-rfq-attachb.pdf,pdfix-unable-to-open
courts/default/documents/REFM-2016-04-JP-Bidders-List.pdf,pdfix-unable-to-open
courts/default/documents/lc-20221006-notice-agenda.pdf,pdfix-unable-to-open
courts/default/documents/CFCC-10-11-LM-Attachment-8-Basic-Data-Elements.pdf,pdfix-unable-to-open
courts/default/documents/efilingdeploy-rfp-attach3.pdf,pdfix-unable-to-open
courts/default/documents/CRS-PD-282-Attachment-1-Admin-Rules-Non-IT-Services-sji19.pdf,pdfix-unable-to-open
courts/default/documents/RFP-FS-2021-20-JP-Attachment-5-Bidder-Declaration.pdf,pdfix-unable-to-open
courts/default/documents/statewide-translation11-rfp-attache.pdf,pdfix-unable-to-open
courts/default/documents/RFPFS202212KO-Attach-G-Iran.pdf,pdfix-unable-to-open
courts/default/documents/eandp-20150226-notice.pdf,pdfix-unable-to-open
courts/default/documents/CRS-PD-251-Attachment-4-Darfur-Contracting-ACT-ab105818.pdf,pdfix-unable-to-open
courts/default/documents/CLASP_report_060514_1.pdf,pdfix-unable-to-open
courts/default/documents/RFP-FS-2021-20-JP-Attachment-3-Acceptance-of-Terms-and-Condition.pdf,pdfix-unable-to-open
courts/default/documents/Attach-7-Architect-Engineer-Qualifications.pdf,pdfix-unable-to-open
courts/default/documents/statetonerrfp.pdf,pdfix-unable-to-open
courts/default/documents/maderacourthouse-preconstruct-rfp-attachj.pdf,pdfix-unable-to-open
courts/default/documents/IT-2021-17-DM-Attachment-1-Administrative-Rules.pdf,pdfix-unable-to-open
courts/default/documents/newlbcourt-rfq2-add2_0.pdf,pdfix-unable-to-open
courts/default/documents/1DCA-19-54-RB-Attach-10-Payee-Data-Form.pdf,pdfix-unable-to-open
courts/default/documents/thirdparty-rfp-appa_0.pdf,pdfix-unable-to-open
courts/default/documents/knowledgecenterdesign-rfp-attach3.pdf,pdfix-unable-to-open
courts/default/documents/ITSO-17-04-RBB-Attachment-4-General-Certs.pdf,pdfix-unable-to-open
courts/default/documents/CRS-EG-403-Attachment-2-JCC-Hotel-Agreement.pdf,pdfix-unable-to-open
courts/default/documents/ASU-DC-007-NN-Attachment-4-Darfur-Contracting-Act.pdf,pdfix-unable-to-open
courts/default/documents/CRS-PD-298-RFP-Hotel-ROOM-BLOCK-septpao19.pdf,pdfix-unable-to-open
courts/default/documents/CRS-SP-214-Attachment-6-Conflict-of-Interest-Certification-form.pdf,pdfix-unable-to-open
courts/default/documents/sasvssmp-rfp-add2_0.pdf,pdfix-unable-to-open
courts/default/documents/adminctintexam-rfp-attc.pdf,pdfix-unable-to-open
courts/default/documents/CRS-EG-414-Attachment-2-JCC-Hotel-Agreement.pdf,pdfix-unable-to-open
courts/default/documents/FSO-RFQ-for-Furniture-5.24.19_FINAL-v2.pdf,pdfix-unable-to-open
courts/default/documents/RFP-FS-2022-07-JP-Attachment-E-RFP-General-Certifications.pdf,pdfix-unable-to-open
courts/default/documents/RFP0406QnA.pdf,pdfix-unable-to-open
courts/default/documents/FS-2018-18-RP-Intent-to-Award.pdf,pdfix-unable-to-open
courts/default/documents/REFM-2016-23-RP-Attachment-2-Sample-Agreement.pdf,pdfix-unable-to-open
courts/default/documents/codequality-indassess-rfp-attach1.pdf,pdfix-unable-to-open
courts/default/documents/CFCC-2023-17-SB-Attachment-6B-STD205.pdf,pdfix-unable-to-open
courts/default/documents/CRS-EG023-RFP-Hotel-ROOM-BLOCK-ONLY.pdf,pdfix-unable-to-open
courts/default/documents/tcweb-implement-rfp-award.pdf,pdfix-unable-to-open
courts/default/documents/RFP-FS-2021-19-AL-Attach-12-Unruh-Certification.pdf,pdfix-unable-to-open
courts/default/documents/ITSO-2013-01-DCA-Attachment-2-Vendor-Data-Record.pdf,pdfix-unable-to-open
courts/default/documents/CRS-EG-257-Attachment-2-JCC-Hotel-Agreement-Template.pdf,pdfix-unable-to-open
courts/default/documents/CRS-PD-267-Attachment-6-Conflict-of-Interest-Certification-form-janpao19.pdf,pdfix-unable-to-open
courts/default/documents/RFP-FS-2021-15-AL-NoticeOfIntentToAward.pdf,pdfix-unable-to-open
courts/default/documents/ADMIN-2018-01-LB-Attachment-6-PayeeDataRecord204b.pdf,pdfix-unable-to-open
courts/default/documents/codequality-indassess-rfp-attach3.pdf,pdfix-unable-to-open
courts/default/documents/IFB-IT23-151RB-Attach-7-Darfur.pdf,pdfix-unable-to-open
courts/default/documents/qamtccpor-rfp-qna_0.pdf,pdfix-unable-to-open
courts/default/documents/eaf_grant_recip.pdf,pdfix-unable-to-open
courts/default/documents/CRS-EG-132-Cancellation-Notice.pdf,pdfix-unable-to-open
courts/default/documents/CRS-EG-334-Hotel-Room-Block.pdf,pdfix-unable-to-open
courts/default/documents/CRS-EG-110-RFP-Hotel-FULL-SERVICE.pdf,pdfix-unable-to-open
courts/default/documents/adminctintexam-rfp-atta.pdf,pdfix-unable-to-open
courts/default/documents/CFCC-2016-08-RBB-Attachment-3-Acceptance-of-TCs.pdf,pdfix-unable-to-open
courts/default/documents/idtrfp_0.pdf,pdfix-unable-to-open
courts/default/documents/CRS-EG-347-Attachment-1-Admin-Rules-Non-IT-Services.pdf,pdfix-unable-to-open
courts/default/documents/verttransit-consult-rfp-add2.pdf,pdfix-unable-to-open
courts/default/documents/knowledgecenterdesign-rfp-attach1.pdf,pdfix-unable-to-open
courts/default/documents/RFP-IT-2020-64-RB-Addendum-4.pdf,pdfix-unable-to-open
courts/default/documents/CFCC-10-13-LM-Attachment-4-Scope-of-Services.pdf,pdfix-unable-to-open
courts/default/documents/cfccwebdev2-rfp.pdf,pdfix-unable-to-open
courts/default/documents/CFCC-2016-08-LV-INTENT-TO-AWARD.pdf,pdfix-unable-to-open
courts/default/documents/RFPFS202205MB-ADDENDUM-5.pdf,pdfix-unable-to-open
courts/default/documents/CRS-PD-264-Attachment-3-Vendors-Acceptance-of-the-RFPs-Contract-Terms-cow19.pdf,pdfix-unable-to-open
courts/default/documents/CRS-AK-393-Attachment-3-Vendors-Acceptance-of-the-RFPs-Contract-Terms.pdf,pdfix-unable-to-open
courts/default/documents/IT-2018-42-RB-RFP.pdf,pdfix-unable-to-open
courts/default/documents/CFCC-2016-12LB-Attachment-6-Iran-Cert.pdf,pdfix-unable-to-open
courts/default/documents/REFM-2014-03-BR-Attachment-B-CCC-BASUpgrade-Bridging-Document.pdf,pdfix-unable-to-open
courts/default/documents/techanalysts-rfp-attach1.pdf,pdfix-unable-to-open
courts/default/documents/CFCC-14-01-RB-Attachment-2-Contract-T-and-Cs.pdf,pdfix-unable-to-open
courts/default/documents/forum-20210211-noticeagenda.pdf,pdfix-unable-to-open
courts/default/documents/FSO-2020-04-BD-Attach-B-JCC-CA-Regional-Map.pdf,pdfix-unable-to-open
courts/default/documents/statewide-translation11-rfp-attachg.pdf,pdfix-unable-to-open
courts/default/documents/JCC-2019-04-DM-Attachment-9-Moving-Policy-for-DGS-Building.pdf,pdfix-unable-to-open
courts/default/documents/LSS-2021-26-DM-QA.pdf,pdfix-unable-to-open
courts/default/documents/OCCM-2011-13-GS-Letter-of-Intent.pdf,pdfix-unable-to-open
courts/default/documents/efilingdeploy-rfp-attach1.pdf,pdfix-unable-to-open
courts/default/documents/RFPFS202310MB-Notice-of-Intent-to-Award.pdf,pdfix-unable-to-open
courts/default/documents/CRS-SP-323-Attachment-6-Conflict-of-Interest-Certification-form.pdf,pdfix-unable-to-open
courts/default/documents/CRS-EG-053-RFP-CCTI-Hotel-ROOM-BLOCK-ONLY.pdf,pdfix-unable-to-open
courts/default/documents/maderacourthouse-preconstruct-rfp-attachh.pdf,pdfix-unable-to-open
courts/default/documents/RFP-FS-2023-22-MB-Notice_of_Intent_to_Award.pdf,pdfix-unable-to-open
courts/default/documents/JBWCP-2019-07-DM-Attachment-8-UNRUH.pdf,pdfix-unable-to-open
courts/default/documents/RFP-FSO-2017-15-JR-Notice-of-Cancellation.pdf,pdfix-unable-to-open
courts/default/documents/emprecruit-rfp-attg_0.pdf,pdfix-unable-to-open
courts/default/documents/JBCP-2016-06-CP-Intent-to-Award.pdf,pdfix-unable-to-open
courts/default/documents/CFCC-13-10-RB-CFCC-13-10-RB-Marin-Dependency-Representation-Attach-4-Marin-Scope-of-Services.pdf,pdfix-unable-to-open
courts/default/documents/RFP-FS-2022-10-XC-Attach-4-Acceptance-of-Terms-and-Conditions.pdf,pdfix-unable-to-open
courts/default/documents/CFCC-032514-PCDR-CF-Addendum-2.pdf,pdfix-unable-to-open
courts/default/documents/OREFM-2012-04-CC-Attachment-F-Payee-Data-Record.pdf,pdfix-unable-to-open
courts/default/documents/childsupport-review-rfp.pdf,pdfix-unable-to-open
courts/default/documents/hollister-rfq-revisedattachf.pdf,pdfix-unable-to-open
courts/default/documents/CRSSP045Attachment3.pdf,pdfix-unable-to-open
courts/default/documents/costest-rfp-vdf_0.pdf,pdfix-unable-to-open
courts/default/documents/FSO-2017-21-HN-Attach-11-Submittal-of-Questions-Form.pdf,pdfix-unable-to-open
courts/default/documents/vps_rfp_addendum2_0.pdf,pdfix-unable-to-open
courts/default/documents/3DCA212202_attachment1_AdminRulesGoverningRFPs.pdf,pdfix-unable-to-open
courts/default/documents/FSO-JOC-Services-2017-08-JP-Attach-I-Internal-Background-Check-Policy.pdf,pdfix-unable-to-open
courts/default/documents/CJER-18-44-RB-Attachment-4.pdf,pdfix-unable-to-open
courts/default/documents/CFCC-2021-21-DM-Attachment-6-Payee-Data-Record-Form.pdf,pdfix-unable-to-open
courts/default/documents/Attachment-L-RFP-FS-2021-07-BD-Internal-Background-Check-Policy.pdf,pdfix-unable-to-open
courts/default/documents/evaljuryservideo-rfp.pdf,pdfix-unable-to-open
courts/default/documents/CRS-PD-290-Attachment-1-Admin-Rules-Non-IT-Services-aji20.pdf,pdfix-unable-to-open
courts/default/documents/RFP-CFCC-2023-04-LP-Attachment-6B-STD205-Payee-Data-Record-Supplement.pdf,pdfix-unable-to-open
courts/default/documents/ASU-AU-006-LM-Attachment-6-Submission-Form-for-Cost-Proposal.pdf,pdfix-unable-to-open
courts/default/documents/modular-rfp.pdf,pdfix-unable-to-open
courts/default/documents/CFCC-2020-22-CD-Producing-Podcast-Episodes.pdf,pdfix-unable-to-open
courts/default/documents/CRS-SP-051-Attachment-5--Form-for-Submission-of-Technical-Proposal-FULL-SERVICE-rev-1.pdf,pdfix-unable-to-open
courts/default/documents/IntentToAwardNotice-ChiefJustice.pdf,pdfix-unable-to-open
courts/default/documents/RFQ-FS-2019-09-BD-notice-of-shortlist-for-interviews.pdf,pdfix-unable-to-open
courts/default/documents/IT-2021-94RB-RFP-Tyler-Odyssey-Integration.pdf,pdfix-unable-to-open
courts/default/documents/tcpjac_ceac-20220721-jls-notice_agenda.pdf,pdfix-unable-to-open
courts/default/documents/1DCA-19-54-RB-Attach-7-DGS-Bldg-Policy.pdf,pdfix-unable-to-open
courts/default/documents/carsrfp_0.pdf,pdfix-unable-to-open
courts/default/documents/CRS-EG-257-Intent-to-Award.pdf,pdfix-unable-to-open
courts/default/documents/Notice-of-Intent-To-Award_Indio.pdf,pdfix-unable-to-open
courts/default/documents/OGC-ADR-02-RB-Appendix-A-SB-78-for-Non-IT-Agreements.pdf,pdfix-unable-to-open
courts/default/documents/casa-rfp-att4.pdf,pdfix-unable-to-open
courts/default/documents/CRS-PD-311-Attachment-2-JCC-Hotel-Agreement-Template_jc20.pdf,pdfix-unable-to-open
courts/default/documents/paint-supplies-rfp-add1.pdf,pdfix-unable-to-open
courts/default/documents/CRS-PD-337-Intent-to-Award-jc21.pdf,pdfix-unable-to-open
courts/default/documents/CFCC-2021-23-DM-QA.pdf,pdfix-unable-to-open
courts/default/documents/designservice-joaquin-rfq-attachb-sheet2.pdf,pdfix-unable-to-open
courts/default/documents/thirdparty-rfp-appc_0.pdf,pdfix-unable-to-open
courts/default/documents/CRS-PD-218-Attachment-6-Conflict-of-Interest-Certification-form-ASI-2017.pdf,pdfix-unable-to-open
courts/default/documents/CRS-SP-368-Intent-to-Award.pdf,pdfix-unable-to-open
courts/default/documents/sharedservicesFinalAmendments_0.pdf,pdfix-unable-to-open
courts/default/documents/Attachment3-RFP-FS-2021-22-JP-Internal-Background-Check.pdf,pdfix-unable-to-open
courts/default/documents/CRS-SP-141-Attachment-2-Hotel-Agreement-Template.pdf,pdfix-unable-to-open
courts/default/documents/netinfra-rfp_0.pdf,pdfix-unable-to-open
courts/default/documents/TCAS-2021-03-AJ-Attachment-1-Administrative-Rules-Governing-RFPs.pdf,pdfix-unable-to-open
courts/default/documents/IT-2021-22-DM-Intent-To-Award.pdf,pdfix-unable-to-open
courts/default/documents/JBCP-2013-05-BR-Addendum-2-QA_Willows.pdf,pdfix-unable-to-open
courts/default/documents/mamlakes-rfp-qna_0.pdf,pdfix-unable-to-open
courts/default/documents/RFPFS202203MB-Request-for-Proposals-ADDENDUM-8.pdf,pdfix-unable-to-open
courts/default/documents/RFP-FS-2020-06-DF-Attach-H-Unruh-Cert.pdf,pdfix-unable-to-open
courts/default/documents/CRS-AK-424-Attachment-1-Admin-Rules-Non-IT-Services.pdf,pdfix-unable-to-open
courts/default/documents/famjuv-20240108-materials.pdf,pdfix-unable-to-open
courts/default/documents/arceng-ccrfq.pdf,pdfix-unable-to-open
courts/default/documents/OGC-ADR-03-NN-Attachment-4-Payee-Data-Record-Form.pdf,pdfix-unable-to-open
courts/default/documents/CRS-AK-424-Attachment-RFP-Hotel-FULL-SERVICE.pdf,pdfix-unable-to-open
courts/default/documents/ITB-Answers-to-Questions-Master-110422-Q-30-Seating-Details.pdf,pdfix-unable-to-open
courts/default/documents/CRS-EG-310-Attachment-2-JCC-Hotel-Agreement-Template.pdf,pdfix-unable-to-open
courts/default/documents/CRS-SP-269-Attachment-4-Darfur-Contracting-ACT.pdf,pdfix-unable-to-open
courts/default/documents/ctimprov.pdf,pdfix-unable-to-open
courts/default/documents/BSU-2013-01-GW-Attachment-4-Vendor-Payee-Data.pdf,pdfix-unable-to-open
courts/default/documents/ASU-EG046-Attachment-1-Admin-Rules-Non-IT-Services.pdf,pdfix-unable-to-open
courts/default/documents/CRS-PD-304-Intent-to-Award-jc20-cus.pdf,pdfix-unable-to-open
courts/default/documents/ASU-TD-031-Attachment-3-Vendors-Acceptance-of-the-RFPs-Contract-Terms-no-change-by-td.pdf,pdfix-unable-to-open
courts/default/documents/4-12-Kings-Q-A.pdf,pdfix-unable-to-open
courts/default/documents/CFCC-22-131RB-RFP.pdf,pdfix-unable-to-open
courts/default/documents/eniaconsult-rfp-attach2_0.pdf,pdfix-unable-to-open
courts/default/documents/CFCC-18-49-RB-RFP-Intent-to-Award.pdf,pdfix-unable-to-open
courts/default/documents/RFP-Appellate-042216-HS-Attachment-10.pdf,pdfix-unable-to-open
courts/default/documents/RFP-FS-2022-08-XC-Attachment-N-Iran-Contracting.pdf,pdfix-unable-to-open
courts/default/documents/CRS-SP-126-Attachment-RFP-Hotel-ROOM_BLOCK.pdf,pdfix-unable-to-open
courts/default/documents/RFP-HR-201101-GW-Executive-Search-Services-w-o-Attachments-A-B-G.pdf,pdfix-unable-to-open
courts/default/documents/workcomptpa-rfp-appv.pdf,pdfix-unable-to-open
courts/default/documents/aoclanwanprojman-rfp-qna.pdf,pdfix-unable-to-open
courts/default/documents/IT-DMS-2016-01-MDS-attachment-6.pdf,pdfix-unable-to-open
courts/default/documents/OS-20150901-SMITH-JR-QA.pdf,pdfix-unable-to-open
courts/default/documents/CFCC-23-141RB-Attach-3-Accept-TCs.pdf,pdfix-unable-to-open
courts/default/documents/idtrfp-add1_0.pdf,pdfix-unable-to-open
courts/default/documents/elearning_att_c.pdf,pdfix-unable-to-open
courts/default/documents/CRS-SP-368-Attachment-2-JCC-Hotel-Agreement-Template.pdf,pdfix-unable-to-open
courts/default/documents/CRS-AU-222-Attachment-1-Admin-Rules-Non-IT-Services.pdf,pdfix-unable-to-open
courts/default/documents/phoenix-rfp-resprev1_0.pdf,pdfix-unable-to-open
courts/default/documents/IT-072414-WXRP-CF_Notice_of_Intent_to_Award.pdf,pdfix-unable-to-open
courts/default/documents/CFCC-012414-ACDR-CF-Synopsis.pdf,pdfix-unable-to-open
courts/default/documents/CFCC-2012-02-RB-Attachment-2-AOC-Standard-TCs.pdf,pdfix-unable-to-open
courts/default/documents/CJER0613LM-Attachment-6-Conflict-of-Interest-Certification-Form.pdf,pdfix-unable-to-open
courts/default/documents/preconstsvc-rfp-attachf-rev3.pdf,pdfix-unable-to-open
courts/default/documents/talentag-rfp-qna2.pdf,pdfix-unable-to-open
courts/default/documents/RFP-FS-2021-18-AL-Attach-03-Acceptance-of-Terms.pdf,pdfix-unable-to-open
courts/default/documents/RFP-FS-2022-07-JP-Attachment-H-std205.pdf,pdfix-unable-to-open
courts/default/documents/CRS-AU-129-questions-and-answers.pdf,pdfix-unable-to-open
courts/default/documents/CRS-SP-285-Attachment-2-Hotel-Agreement-Template.pdf,pdfix-unable-to-open
courts/default/documents/RFP-FS-2021-21-KO-Attachment-F-RFP-General-Certifications.pdf,pdfix-unable-to-open
courts/default/documents/tempserv-rfp_att_e_pricing_form.pdf,pdfix-unable-to-open
courts/default/documents/tcworkmeth-rfp-attach1.pdf,pdfix-unable-to-open
courts/default/documents/CRS-PD-224-Attachment-4-Darfur-Contracting-ACT-eacmar18.pdf,pdfix-unable-to-open
courts/default/documents/manprocfair-rfp-attb_0.pdf,pdfix-unable-to-open
courts/default/documents/CRS-SP-141-Attachment-6-Conflict-of-Interest-Certification-form.pdf,pdfix-unable-to-open
courts/default/documents/CRS-EG-275-RFP-Hotel-FS-MULTIPLE-AWARDS.pdf,pdfix-unable-to-open
courts/default/documents/ccporappdev-rfp-appc.pdf,pdfix-unable-to-open
courts/default/documents/CRS-SP-109-Attachment-1-Admin-Rules-Non-IT-Services.pdf,pdfix-unable-to-open
courts/default/documents/REFM-2016-03-MS-RFQ-Environmental-Services.pdf,pdfix-unable-to-open
courts/default/documents/formtrans_att_f_payee_data_record.pdf,pdfix-unable-to-open
courts/default/documents/RFP-JCC-2023-11-SB_Attachment-8_UNRUH.pdf,pdfix-unable-to-open
courts/default/documents/FSO-2017-21-HN-Attach-5-Darfur-Certification.pdf,pdfix-unable-to-open
courts/default/documents/cscscodappdrev2_0.pdf,pdfix-unable-to-open
courts/default/documents/JBCP-2014-06-BR-intent-to-award.pdf,pdfix-unable-to-open
courts/default/documents/costest-rfp-add2.pdf,pdfix-unable-to-open
courts/default/documents/lc-20210827-notice.pdf,pdfix-unable-to-open
courts/default/documents/ASU-EG-021-Attachment-2-AOC-Hotel-Agreement-Template.pdf,pdfix-unable-to-open
courts/default/documents/CRS-EG-169-Attachment-6-Conflict-of-Interest-Certification-form-PAOEAC-June-2016.pdf,pdfix-unable-to-open
courts/default/documents/appcourtclass-rfp-intent.pdf,pdfix-unable-to-open
courts/default/documents/ccms-rfp-add2_0.pdf,pdfix-unable-to-open
courts/default/documents/CFCC-2016-06-RBB-Attachment-1-Admin-Rules.pdf,pdfix-unable-to-open
courts/default/documents/3DCA-RFP-19-20-02-Attachment-3-Contractors-Acceptance.pdf,pdfix-unable-to-open
courts/default/documents/CRS-EG-133-Attachment-RFP-Hotel-ROOM-BLOCK.pdf,pdfix-unable-to-open
courts/default/documents/HR-2020-12-LV-Attachment-1-Administrative-Rules-Governing-RFPS.pdf,pdfix-unable-to-open
courts/default/documents/HR-2013-01-RB-JBWC-TPA-Attachment-2-Terms-Cond.pdf,pdfix-unable-to-open
courts/default/documents/CIP-2022-39-DM-Attachment-5A-Payee-Data-Record.pdf,pdfix-unable-to-open
courts/default/documents/CRS-PD-097-Attachment-1-Admin-Rules-Non-IT-Services.pdf,pdfix-unable-to-open
courts/default/documents/HR-2021-09-LV-RFP-Diversity-Recruiting.pdf,pdfix-unable-to-open
courts/default/documents/CRS-PD-175-Attachment-1-Admin-Rules-Non-IT-Services-January-PAO-2017.pdf,pdfix-unable-to-open
courts/default/documents/JBCP-2016-02-BR-responses-to-questions.pdf,pdfix-unable-to-open
courts/default/documents/cscollsvcs-rfp-award.pdf,pdfix-unable-to-open
courts/default/documents/Exhibit-H-CJIS_Security_Policy.pdf,pdfix-unable-to-open
courts/default/documents/BAP-2023-19-SB-Notice-of-Intent-To-Award.pdf,pdfix-unable-to-open
courts/default/documents/RFP-APPELLATE-122118-WV-Attachment-11.pdf,pdfix-unable-to-open
courts/default/documents/JCC-2018-01-CD-Notice-of-Intent-to-Award.pdf,pdfix-unable-to-open
courts/default/documents/CRS-PD-297-Attachment-6-Conflict-of-Interest-Certification-form-janpao20.pdf,pdfix-unable-to-open
courts/default/documents/CRS-SP-155-Attachment-RFP-Hotel-ROOM-BLOCK.pdf,pdfix-unable-to-open
courts/default/documents/CRS-PD-229-RFP-Hotel-FULL-SERVICE-ajai18.pdf,pdfix-unable-to-open
courts/default/documents/CFCC-2012-03-RB-Attachment-2-T-and-C.pdf,pdfix-unable-to-open
courts/default/documents/IT-2020-64-RB-Exhibit-D-Regional-Map-and-JBE-Listing.pdf,pdfix-unable-to-open
courts/default/documents/ERS-041007CK-RFP-CCTV-Access-Final-intent-to-award.pdf,pdfix-unable-to-open
courts/default/documents/JCC-2019-01-CD-Attachment-9-Moving-Policy.pdf,pdfix-unable-to-open
courts/default/documents/CRS-SP-136-Attachment-1-Admin-Rules-Non-IT-Services.pdf,pdfix-unable-to-open
courts/default/documents/hr053012ck_attachment_7_questions_for_proposers.pdf,pdfix-unable-to-open
courts/default/documents/ecm-rfp-appe_0.pdf,pdfix-unable-to-open
courts/default/documents/prequalchulavista-rfq-interview_0.pdf,pdfix-unable-to-open
courts/default/documents/CRS-SP-368-Attachment-4-Darfur-Contracting-ACT.pdf,pdfix-unable-to-open
courts/default/documents/RFP-CFCC-2023-08-LP-Intent-To-Award.pdf,pdfix-unable-to-open
courts/default/documents/ctintrecruit-rfp-att5.pdf,pdfix-unable-to-open
courts/default/documents/CRS-SP-419-Attachment-1-Admin-Rules-Non-IT-Services.pdf,pdfix-unable-to-open
courts/default/documents/CRS-SP-206-Intent-to-Award.pdf,pdfix-unable-to-open
courts/default/documents/OGC-ADR-01B-LM-Attachment-3-Proposers-Acceptance-of-Terms-and-Conditions.pdf,pdfix-unable-to-open
courts/default/documents/enttestmgmt-rfp-att7_0.pdf,pdfix-unable-to-open
courts/default/documents/maderacourthouse-preconstruct-rfp-shortlist.pdf,pdfix-unable-to-open
courts/default/documents/CFCC-032514-PCDR-CF-Attachment-1-Admin-Rules.pdf,pdfix-unable-to-open
courts/default/documents/idiq-occm-rfq-add1intent.pdf,pdfix-unable-to-open
courts/default/documents/plumas-sierra-rfp-atth_0.pdf,pdfix-unable-to-open
courts/default/documents/RFP-BAP-2023-56-DM-Attachment-9-UNRUH-CERTIFICATION.pdf,pdfix-unable-to-open
courts/default/documents/CFCC-03-12-LM-RFP.pdf,pdfix-unable-to-open
courts/default/documents/testauditrfp-attd.pdf,pdfix-unable-to-open
courts/default/documents/commcorrections-ebp-rfp-attach1.pdf,pdfix-unable-to-open
courts/default/documents/ASU-TD-029-Intent-to-Award.pdf,pdfix-unable-to-open
courts/default/documents/CRS-PD-322-Attachment-6-Conflict-of-Interest-Certification-form-ab105820.pdf,pdfix-unable-to-open
courts/default/documents/archrelsvccapproj-rfq-interview-datesinfo_0.pdf,pdfix-unable-to-open
courts/default/documents/2_Cancellation-Notice_dv20.pdf,pdfix-unable-to-open
courts/default/documents/environ-management-rfq.pdf,pdfix-unable-to-open
courts/default/documents/CJER-2018-01-DM-RFP-Sacramento-Meeting-Space-Sacramento.pdf,pdfix-unable-to-open
courts/default/documents/phoenix-rfp-add6_v4.pdf,pdfix-unable-to-open
courts/default/documents/techstaff-augment-rfp-qa.pdf,pdfix-unable-to-open
courts/default/documents/evalcivinst-rfp-attf_0.pdf,pdfix-unable-to-open
courts/default/documents/Attachment6-CourtDarfurContractingActCeritification.pdf,pdfix-unable-to-open
courts/default/documents/RFP-FSO-IDIQ-SPRS-2017-03-JP-Posting-of-Short-List.pdf,pdfix-unable-to-open
courts/default/documents/CRS-SP-371-Intent-to-Award.pdf,pdfix-unable-to-open
courts/default/documents/IFB-ISD-019277-AA-Attachment-7-Payee-Data-Record.pdf,pdfix-unable-to-open
courts/default/documents/LSO-09-13-LM-_Attachment-4-Vendor-Data-Record-Form.pdf,pdfix-unable-to-open
courts/default/documents/mamlakes-rfp-atth_0.pdf,pdfix-unable-to-open
courts/default/documents/TCAS-2018-04-ML-Attachment-6-Payee-Data-Record.pdf,pdfix-unable-to-open
courts/default/documents/IT-2019-10-LB-Attachment-12-PrototypeDesignPatterns.pdf,pdfix-unable-to-open
courts/default/documents/FS-2018-12-BD-Attach-A-2-DGS-Implied-Dedication.pdf,pdfix-unable-to-open
courts/default/documents/IT-2022-44-DM-Attachment-1-Administrative-Rules-IT-Goods.pdf,pdfix-unable-to-open
courts/default/documents/RFP-FS-2022-07-JP-Attachment-A-Administrative-Rules-Governing.pdf,pdfix-unable-to-open
courts/default/documents/CFCC-10-11-LM-QnA.pdf,pdfix-unable-to-open
courts/default/documents/REFM-2016-25-SM-Attachment-10-Internal-Background-Check-Policy.pdf,pdfix-unable-to-open
courts/default/documents/CRS-EG-169-Cancellation-Notice-June-PAO.pdf,pdfix-unable-to-open
courts/default/documents/HR-2013-01-RB-JBWC-TPA-Attachment-1-Admin-Rules.pdf,pdfix-unable-to-open
courts/default/documents/prequalchulavista-rfq-add1_0.pdf,pdfix-unable-to-open
courts/default/documents/CRS-EG-416-Intent-to-Award-Grand-Hyatt.pdf,pdfix-unable-to-open
courts/default/documents/CFCC-2012-02-RB-Attachment-6-Darfur-Contracting-Act-Certification-Form.pdf,pdfix-unable-to-open
courts/default/documents/costest_awd.pdf,pdfix-unable-to-open
courts/default/documents/bsadocman-rfp-intent.pdf,pdfix-unable-to-open
courts/default/documents/TCAS-2022-01-MS-Addendum-1.pdf,pdfix-unable-to-open
courts/default/documents/FSO-2018-17-JR-Notice-to-Firms-20180727.pdf,pdfix-unable-to-open
courts/default/documents/TCAS-2017-05-JU-Intent-To-Award-Court-Case-Management-Systems-RFP.pdf,pdfix-unable-to-open
courts/default/documents/prequalcontract-sanandreas-rfp-attachc.pdf,pdfix-unable-to-open
courts/default/documents/CLASP_report_060514.pdf,pdfix-unable-to-open
courts/default/documents/IT23-153RB-Attach-9-Darfur-Cert.pdf,pdfix-unable-to-open
courts/default/documents/wcm-rfp-att10.pdf,pdfix-unable-to-open
courts/default/documents/ASU-TD-005-NN-QA.pdf,pdfix-unable-to-open
courts/default/documents/CRS-AU-222-Attachment-2-JCC-Hotel-Agreement-Sample.pdf,pdfix-unable-to-open
courts/default/documents/CRS-PD-305-Attachment-3-Vendors-Acceptance-of-the-RFPs-Contract-Terms-ptpi19.pdf,pdfix-unable-to-open
courts/default/documents/CRS-SP-115-Intent-to-Award-JUNE.pdf,pdfix-unable-to-open
courts/default/documents/5yearreview-rfp-attachb_0.pdf,pdfix-unable-to-open
courts/default/documents/ASU-TD-028-Attachment-7-Conflict-of-Interest-Certification-form.pdf,pdfix-unable-to-open
courts/default/documents/CRS-PD-264-Attachment-1-Admin-Rules-Non-IT-Services-cow19.pdf,pdfix-unable-to-open
courts/default/documents/preconstruct-riskmanage-fresnorev-rfp.pdf,pdfix-unable-to-open
courts/default/documents/ens-rfp-add1-20090601.pdf,pdfix-unable-to-open
courts/default/documents/CJER0613LM-RFP.pdf,pdfix-unable-to-open
courts/default/documents/RFP-FS-SP-2019-03-JP-Attachment-16-NCRO.pdf,pdfix-unable-to-open
courts/default/documents/RFP-FS-SP-2019-03-JP-Notice-for-Rankings-by-Region.pdf,pdfix-unable-to-open
courts/default/documents/CRS-EG-053-Intent-to-Award.pdf,pdfix-unable-to-open
courts/default/documents/FS-2020-07-RL-Attachment-G-Payee-Data-Record-Form.pdf,pdfix-unable-to-open
courts/default/documents/web-rfp.pdf,pdfix-unable-to-open
courts/default/documents/FIN-MM-0412-NN-Attachment-5-Conflict-of-Interest-Certification-Form.pdf,pdfix-unable-to-open
courts/default/documents/CRS-SP-366-Attachment-4-Darfur-Contracting-ACT.pdf,pdfix-unable-to-open
courts/default/documents/4-2-13-14-07-LM-intent-to-award.pdf,pdfix-unable-to-open
courts/default/documents/ASU-TD-016-Attachment-2-AOC-Hotel-Agreement-Template-_10-26-11_.pdf,pdfix-unable-to-open
courts/default/documents/preconstruct-risk-lakeport-rfp-attachk.pdf,pdfix-unable-to-open
courts/default/documents/tibco-dataint-rfp-attach1.pdf,pdfix-unable-to-open
courts/default/documents/building-commish-rfp-payee.pdf,pdfix-unable-to-open
courts/default/documents/FIN-2020-21-CD-Actuarial-Services-for-GASB-74-75-Compliance-Addendum-1.pdf,pdfix-unable-to-open
courts/default/documents/ASU-EG-004-SS-Attachment-6.pdf,pdfix-unable-to-open
courts/default/documents/solanorenov-occmrfp-attachd.pdf,pdfix-unable-to-open
courts/default/documents/techstaff-augment-rfp-attachc.pdf,pdfix-unable-to-open
courts/default/documents/RFP-FS-2023-13-MY-Notice-Of-Shortlist-For-Interviews.pdf,pdfix-unable-to-open
courts/default/documents/CJER-2019-59-RB-RFP-Attachment-4.pdf,pdfix-unable-to-open
courts/default/documents/CRS-TD-033Attachment_1_Admin_Rules_Non_IT_Services.pdf,pdfix-unable-to-open
courts/default/documents/CRS-SO-065-RFP-Hotel-ROOM-BLOCK-ONLY.pdf,pdfix-unable-to-open
courts/default/documents/IFB-Supreme-041516-MDS-Attachment-7.pdf,pdfix-unable-to-open
courts/default/documents/TCAS-2020-08-LB-Final-Questions-Answers.pdf,pdfix-unable-to-open
courts/default/documents/cscac-20211203-notice.pdf,pdfix-unable-to-open
courts/default/documents/ergoeval-rfp.pdf,pdfix-unable-to-open
courts/default/documents/elkins-rfp.pdf,pdfix-unable-to-open
courts/default/documents/CRSEG125-RFP-Hotel-ROOM_BLOCK.pdf,pdfix-unable-to-open
courts/default/documents/CFCC-2017-13-LB-Attachment-A-Proposal-Form.pdf,pdfix-unable-to-open
courts/default/documents/CRS-AU-037-Attachment-4-Darfur-Contracting-ACT.pdf,pdfix-unable-to-open
courts/default/documents/IT-DMS-2016-01-MDS-Section-V-propose-solution-requirements.pdf,pdfix-unable-to-open
courts/default/documents/RFP-SC-91323-MS-Attachment-3-Proposers-Acceptance.pdf,pdfix-unable-to-open
courts/default/documents/mamlakes-rfp-attb.pdf,pdfix-unable-to-open
courts/default/documents/youthpeer2009-rfp-attachd_0.pdf,pdfix-unable-to-open
courts/default/documents/CFCC-16-10-RBB-Notice-of-Intent-to-Award.pdf,pdfix-unable-to-open
courts/default/documents/CRS-PD-146-Attachment-4-Darfur-Certification-Form.pdf,pdfix-unable-to-open
courts/default/documents/Judicial-Council-FYE2019-GASB-75-OPEB-Valuation_LA-Superior-Court.pdf,pdfix-unable-to-open
courts/default/documents/repjuvdeprfp_0.pdf,pdfix-unable-to-open
courts/default/documents/IFB-Supreme-041516-MDS-Attachment-A.pdf,pdfix-unable-to-open
courts/default/documents/CFCC-10-13-LM-Addendum-2.pdf,pdfix-unable-to-open
courts/default/documents/CRS-SP-269-Attachment-2-JCC-Hotel-Agreement.pdf,pdfix-unable-to-open
courts/default/documents/ASU-EG-003-SS-Attachment-3.pdf,pdfix-unable-to-open
courts/default/documents/transition-ccmsv3-rfp-attach4.pdf,pdfix-unable-to-open
courts/default/documents/preconstsvc-rfp-attachc_0.pdf,pdfix-unable-to-open
courts/default/documents/RFPFS202212KO-Attach-I-DVBE-Declaration.pdf,pdfix-unable-to-open
courts/default/documents/Attachment-8-Proposer-Questionnaire.pdf,pdfix-unable-to-open
courts/default/documents/CRS-EG-279-Attachment-1-Admin-Rules-Non-IT-Services.pdf,pdfix-unable-to-open
courts/default/documents/CRS-PD-268-Attachment-4-Darfur-Contracting-ACT-janpao20.pdf,pdfix-unable-to-open
courts/default/documents/CRS-SP-206-Attachment-RFP-Hotel-Sleeping-Rooms.pdf,pdfix-unable-to-open
courts/default/documents/RFP-REFM-2016-26-SM-Attach-2-Standard-Agreement.pdf,pdfix-unable-to-open
courts/default/documents/FIN-201505-ML-QA-Trial-Court-OPEB-AV-Report-Summary-2014.pdf,pdfix-unable-to-open
courts/default/documents/sharedservagreement_0.pdf,pdfix-unable-to-open
courts/default/documents/rfp082205-cimbriefing.pdf,pdfix-unable-to-open
courts/default/documents/swsecurityscreen-rfp-attach3.pdf,pdfix-unable-to-open
courts/default/documents/RFP-AS-2022-37-DM-Audit.pdf,pdfix-unable-to-open
courts/default/documents/cfccwebdev2-rfp-qr_0.pdf,pdfix-unable-to-open
courts/default/documents/TCAS-2022-02-MS-Telephonic-Remote-Interpreter-Services-RFP.pdf,pdfix-unable-to-open
courts/default/documents/CFCC-13-13-LM-Attachment-2-Contract-Terms-and-Conditions.pdf,pdfix-unable-to-open
courts/default/documents/CFCC-2021-27-CD-Attachment-6-Payee-Data-Record.pdf,pdfix-unable-to-open
courts/default/documents/CRS-PD-152-Attachment-2-JC-Contract-NJO.pdf,pdfix-unable-to-open
courts/default/documents/offsupp-rfp-attf.pdf,pdfix-unable-to-open
courts/default/documents/elkins-rfp-att1.pdf,pdfix-unable-to-open
courts/default/documents/CRS-SP-327-Attachment-4-Darfur-Contracting-ACT.pdf,pdfix-unable-to-open
courts/default/documents/vidproduction-rfp.pdf,pdfix-unable-to-open
courts/default/documents/IT-2022-38A-DM-Attachment-1-Administrative-Rules.pdf,pdfix-unable-to-open
courts/default/documents/COA1D-021717-ML-Questions-and-Answers.pdf,pdfix-unable-to-open
courts/default/documents/RFPFS202205MB-OCIP_Manual_Draft.pdf,pdfix-unable-to-open
courts/default/documents/oracqna_0.pdf,pdfix-unable-to-open
courts/default/documents/FSO-2018-04-JR-Attachment-2-Bid-Drawings.pdf,pdfix-unable-to-open
courts/default/documents/environ-qualact-rfq-appendix.pdf,pdfix-unable-to-open
courts/default/documents/HR-2021-27-DM-QA.pdf,pdfix-unable-to-open
courts/default/documents/precon-rfp-add1_0.pdf,pdfix-unable-to-open
courts/default/documents/hollister-rfq-add7.pdf,pdfix-unable-to-open
courts/default/documents/BAP-2023-19-SB-Attachment-6B-STD205.pdf,pdfix-unable-to-open
courts/default/documents/CRS-PD-210-Attachment-2-JCC-Hotel-Agreement-Template-AB1058-2017.pdf,pdfix-unable-to-open
courts/default/documents/CRS-PD-221-Attachment-6-Conflict-of-Interest-Certification-form-janpao18.pdf,pdfix-unable-to-open
courts/default/documents/RFP-FS-2022-01-MB-Notice-of-Intent-to-Award.pdf,pdfix-unable-to-open
courts/default/documents/CFCC-031814-LCDR-CF_RFP.pdf,pdfix-unable-to-open
courts/default/documents/repjuvdeprfpqna.pdf,pdfix-unable-to-open
courts/default/documents/solano-renovation.pdf,pdfix-unable-to-open
courts/default/documents/legsvcsp3-rfp_0.pdf,pdfix-unable-to-open
courts/default/documents/CRS-PD-123-Intent-to-Award.pdf,pdfix-unable-to-open
courts/default/documents/LSO-ADR-06-LM-Attachment-5-Darfur-Contracting-Certification.pdf,pdfix-unable-to-open
courts/default/documents/evaljustcorps-rfp-add1.pdf,pdfix-unable-to-open
courts/default/documents/BAP-2020-14-DM-QA.pdf,pdfix-unable-to-open
courts/default/documents/CRS-PD-190-Intent-to-Award-PJCEO-2016.pdf,pdfix-unable-to-open
courts/default/documents/FSO-2018-24-JP_CMR-Notice-of-Intent-to-Award.pdf,pdfix-unable-to-open
courts/default/documents/RFP-SC-91323-MS-Attachment-4-General-Certifications-Form.pdf,pdfix-unable-to-open
courts/default/documents/creldabuseneeds-rfp-add1_0.pdf,pdfix-unable-to-open
courts/default/documents/CRS-PD-251-Q-A_ab105818.pdf,pdfix-unable-to-open
courts/default/documents/phoenix-rfp-appendf.pdf,pdfix-unable-to-open
courts/default/documents/FS-2018-16-RP-Attach-C-Acceptance-Terms-and-Condtions.pdf,pdfix-unable-to-open
courts/default/documents/archeng-rfq-intsl_0.pdf,pdfix-unable-to-open
courts/default/documents/childsupport-guide-rfp-qna.pdf,pdfix-unable-to-open
courts/default/documents/CRS-SP-070-Attachment-4-Darfur-Contracting-ACT-no-change.pdf,pdfix-unable-to-open
courts/default/documents/RFP-FSO-PFMS-2018-21-JP.pdf,pdfix-unable-to-open
courts/default/documents/CRS-PD-340-Attachment-2-JCC-Hotel-Agreement-Template_jc21.pdf,pdfix-unable-to-open
courts/default/documents/CFCC-2022-34-DM-QA.pdf,pdfix-unable-to-open
courts/default/documents/conffacilserv-rfp-qna.pdf,pdfix-unable-to-open
courts/default/documents/cbsfcdcs-rfp-att5.pdf,pdfix-unable-to-open
courts/default/documents/RFPFS202205MB-Answers-to-Submitted-Questions-%28Round-2%29.pdf,pdfix-unable-to-open
courts/default/documents/archeng_rfq_0.pdf,pdfix-unable-to-open
courts/default/documents/RFQFS202126AL-RFQ-Attach-8.pdf,pdfix-unable-to-open
courts/default/documents/CJER92013-LV-Intent-to-Award.pdf,pdfix-unable-to-open
courts/default/documents/CRS-PD-297-Attachment-4-Darfur-Contracting-ACT-janpao20.pdf,pdfix-unable-to-open
courts/default/documents/REFM-2016-28-SM-Attachment-6-Standard-Agreement-Final.pdf,pdfix-unable-to-open
courts/default/documents/JCC-2019-04-DM-Attachment-1-Administrative-Rules-Governing.pdf,pdfix-unable-to-open
courts/default/documents/IFB-JCC-040618-WV-Attachment-8-payee-data-form.pdf,pdfix-unable-to-open
courts/default/documents/rfp_cfcc0211lm-qna.pdf,pdfix-unable-to-open
courts/default/documents/RFPFS202301MB-Attach-15-Pre-Renovation-Asbestos-Survey-Report_0.pdf,pdfix-unable-to-open
courts/default/documents/IFB-FIN010111CK-Statewide-Office-Supplies-Paper-and-Toner.pdf,pdfix-unable-to-open
courts/default/documents/TCAS-2018-03-BH-Emergency-Notification-Services-Addendum-No-2.pdf,pdfix-unable-to-open
courts/default/documents/repjuvdep-larfp-add4_0.pdf,pdfix-unable-to-open
courts/default/documents/CRS-SP-401-Attachment-1-Admin-Rules-Non-IT-Services.pdf,pdfix-unable-to-open
courts/default/documents/CRS-EG-232-Attachment-2.pdf,pdfix-unable-to-open
courts/default/documents/susanville-gencontractors-rfq-bidopen.pdf,pdfix-unable-to-open
courts/default/documents/ASU-EG-018-Attachment-5-Form-for-Submission-of-Technical-Proposal-FULL-SERVICE.pdf,pdfix-unable-to-open
courts/default/documents/ASU-EG-018-Attachment-RFP-Hotel-FULL-SERVICE.pdf,pdfix-unable-to-open
courts/default/documents/preconstruct-riskmanage-kings-rfp-shortlist.pdf,pdfix-unable-to-open
courts/default/documents/RFP-CFCC22-119RB-A9-DVBE-Bidder-Declaration.pdf,pdfix-unable-to-open
courts/default/documents/RFP-CFCC-2024-01-TQ-ASL-QA.pdf,pdfix-unable-to-open
courts/default/documents/archeng-rfq-intsl.pdf,pdfix-unable-to-open
courts/default/documents/RFP-HCM-TCAS-2021-02-AJ-Non-Cost-Scoring.pdf,pdfix-unable-to-open
courts/default/documents/RFP-FS-2023-13-MY-NoticeOfIntentToAward.pdf,pdfix-unable-to-open
courts/default/documents/EWA-ECC_Production.pdf,pdfix-unable-to-open
courts/default/documents/CFCC-03-12-LM-Appendix-A-SB-78-for-Non-IT-Agreements.pdf,pdfix-unable-to-open
courts/default/documents/CFCC-03-12-LM-Attachment-3-Proposers-Acceptance-of-Terms-and-Conditions.pdf,pdfix-unable-to-open
courts/default/documents/phoenix-rfp-appendg.pdf,pdfix-unable-to-open
courts/default/documents/riverside-reconstruct-rfq-addendum1.pdf,pdfix-unable-to-open
courts/default/documents/CRS-PD-229-Attachment-6-Conflict-of-Interest-Certification-form-ajai18.pdf,pdfix-unable-to-open
courts/default/documents/CFCC-CCW17-23RB-Request_For_Proposal.pdf,pdfix-unable-to-open
courts/default/documents/guidecaserfp-attd_0.pdf,pdfix-unable-to-open
courts/default/documents/OGC-ADR-01B-LM-Attachment-6-Conflict-of-Interest.pdf,pdfix-unable-to-open
courts/default/documents/courtordered-debttask-rfp-attach1.pdf,pdfix-unable-to-open
courts/default/documents/CFCC-18-49-RB-RFP-Attach-10-Response-Template.pdf,pdfix-unable-to-open
courts/default/documents/FS-2018-19-RP-Attach-1-RFP-Rules.pdf,pdfix-unable-to-open
courts/default/documents/HR-2023-54-DM-Attachment-6A-Payee-Data-Record.pdf,pdfix-unable-to-open
courts/default/documents/JBCP-2016-07-CP-Questions-and-Answers.pdf,pdfix-unable-to-open
courts/default/documents/CFCC-2018-02-CD-RFP-E-Learning-Modules.pdf,pdfix-unable-to-open
courts/default/documents/CRS-PD-240-Attachment-2-JCC-Hotel-Agreement-Template-cow18.pdf,pdfix-unable-to-open
courts/default/documents/CRS-PD-273-Attachment-2-JCC-Hotel-Agreement-Template-febpao19.pdf,pdfix-unable-to-open
courts/default/documents/CRS-EG-314-Attachment-2-JCC-Hotel-Agreement-Template_07-14-15.pdf,pdfix-unable-to-open
courts/default/documents/gcfmti-rfp-shortlist-firm.pdf,pdfix-unable-to-open
courts/default/documents/CJER-2019-59-RB-RFP.pdf,pdfix-unable-to-open
courts/default/documents/lglsvctcfa.pdf,pdfix-unable-to-open
courts/default/documents/RFP-CFCC-CCW17-23RB0-Notice_of_Public_Opening_of_Bid.pdf,pdfix-unable-to-open
courts/default/documents/CPAS-201102-RB-Attachment-6-No-Conflict-of-Interest-Certification.pdf,pdfix-unable-to-open
courts/default/documents/ASU-EG-002-SS-Q-A.pdf,pdfix-unable-to-open
courts/default/documents/IT-2020-64-RB-Notice-of-Intent-Posting.pdf,pdfix-unable-to-open
courts/default/documents/rfp-bluerib-qna.pdf,pdfix-unable-to-open
courts/default/documents/swsecurityscreen-rfp-attach2.pdf,pdfix-unable-to-open
courts/default/documents/FSO-GC-Services-IDIQ-2018-01-JP-Attach-P-Request-for-Payment-Form.pdf,pdfix-unable-to-open
courts/default/documents/ASU-AU-009-RB-Attachment-4-Darfur-Contracting-ACT-DV.pdf,pdfix-unable-to-open
courts/default/documents/RFP-FS-SP-2019-03-JP.pdf,pdfix-unable-to-open
courts/default/documents/idiq-occm-rfq.pdf,pdfix-unable-to-open
courts/default/documents/preconstsvc-rfp-attachc_1.pdf,pdfix-unable-to-open
courts/default/documents/famlawworkres-rfp-attach1.pdf,pdfix-unable-to-open
courts/default/documents/RFP-FS-2022-01-MB-Attach-G1-Payee-Data-Record.pdf,pdfix-unable-to-open
courts/default/documents/enttestmgmt-rfp-att8.pdf,pdfix-unable-to-open
courts/default/documents/FS-2018-15-RP-Intent-to-Award.pdf,pdfix-unable-to-open
courts/default/documents/appraiserrfp-2_0.pdf,pdfix-unable-to-open
courts/default/documents/3dcarfp070617_attachment3ContractorsAcceptance.pdf,pdfix-unable-to-open
courts/default/documents/RFP-FS-2022-09-XC-Attachment-H-Sup-Payee_Data_Record.pdf,pdfix-unable-to-open
courts/default/documents/offsupp-rfp-attf_0.pdf,pdfix-unable-to-open
courts/default/documents/emprecruit-rfp-add1.pdf,pdfix-unable-to-open
courts/default/documents/OGC-ADR-04-NN-Attachment-3-Vendors-Acceptance-of-the-RFPs-Contract-Terms.pdf,pdfix-unable-to-open
courts/default/documents/FS-2019-09-BD-RFP.pdf,pdfix-unable-to-open
courts/default/documents/IFB-ISD-042015-AA-Dell-Equipment.pdf,pdfix-unable-to-open
courts/default/documents/4-2-RFP-13-14-05-Attachment-2-Terms-and-Conditions.pdf,pdfix-unable-to-open
courts/default/documents/CFCC-2023-53-DM-Attachment-1-Administrative-Rules.pdf,pdfix-unable-to-open
courts/default/documents/CRS-EG-054-RFP-April-2014-CCTI-Hotel-Room-Block-Only.pdf,pdfix-unable-to-open
courts/default/documents/RFP-FS-2023-05-XC-Notice-Of-Intent-To-Award.pdf,pdfix-unable-to-open
courts/default/documents/mamlakes-rfp-attc.pdf,pdfix-unable-to-open
courts/default/documents/ASU-EG-003-SS-Attachment-2.pdf,pdfix-unable-to-open
courts/default/documents/tcgasbs-rfp-qna.pdf,pdfix-unable-to-open
courts/default/documents/CRS-SP-328-RFP-Cancellation.pdf,pdfix-unable-to-open
courts/default/documents/elkins-rfp-att2_0.pdf,pdfix-unable-to-open
courts/default/documents/IT-2023-46-DM-Attachment-6B-Std205.pdf,pdfix-unable-to-open
courts/default/documents/scpiv_attachment_f_2006_shc_brochure_0.pdf,pdfix-unable-to-open
courts/default/documents/RFP-LSS-2023-04-LV-On-Site-Catering-Sacramento.pdf,pdfix-unable-to-open
courts/default/documents/CRS-EG-211-Attachment-2-JCC-Hotel-Agreement-Template.pdf,pdfix-unable-to-open
courts/default/documents/Answers-to-Submitted-Questions-%283rd-Round%29.pdf,pdfix-unable-to-open
courts/default/documents/CFCC-22-124RB-RFP-Answers-to-Questions.pdf,pdfix-unable-to-open
courts/default/documents/FSO-2018-23-JR-Notice-Answer-to-Questions.pdf,pdfix-unable-to-open
courts/default/documents/CRSSP116-Intent-to-Award.pdf,pdfix-unable-to-open
courts/default/documents/CFCC-2016-13-RBB-RFP.pdf,pdfix-unable-to-open
courts/default/documents/CFCC-2020-25-CD-Notice-of-Intent-to-Award.pdf,pdfix-unable-to-open
courts/default/documents/CFCC-2016-07-RBB-Attachment-4-General-Certification.pdf,pdfix-unable-to-open
courts/default/documents/ASU-EG-021-Attachment-1-Admin-Rules-Non-IT-Services.pdf,pdfix-unable-to-open
courts/default/documents/BAP24-166RB-RFP-Tech-Scores.pdf,pdfix-unable-to-open
courts/default/documents/FSO-2017-12-RP-RFQ.pdf,pdfix-unable-to-open
courts/default/documents/CJER-2019-59-RB-RFP-Attachment-5.pdf,pdfix-unable-to-open
courts/default/documents/manprocfair-rfp-add1.pdf,pdfix-unable-to-open
courts/default/documents/themissdp-rfp-qna.pdf,pdfix-unable-to-open
courts/default/documents/IFB-ISD-030512-AA-Dell-Hardware-IFB.pdf,pdfix-unable-to-open
courts/default/documents/techstaff-augment-rfp-attachb.pdf,pdfix-unable-to-open
courts/default/documents/CRS-SP-171-Attachment-RFP-Hotel-ROOM-BLOCK.pdf,pdfix-unable-to-open
courts/default/documents/vendor.pdf,pdfix-unable-to-open
courts/default/documents/solanorenov-occmrfp-attache.pdf,pdfix-unable-to-open
courts/default/documents/ASU-EG-004-SS-Attachment-7.pdf,pdfix-unable-to-open
courts/default/documents/FSO-2017-12-RP-Intent-to-Award.pdf,pdfix-unable-to-open
courts/default/documents/IT-2019-11-LB-Notice-of-Intent-to-Award.pdf,pdfix-unable-to-open
courts/default/documents/IFB-ISD-031912-AA-Attachment-1-Specifications-for-Dell-E6420-and-Optiplex-990.pdf,pdfix-unable-to-open
courts/default/documents/LSS-18-48-RB-Attach-7-Iran.pdf,pdfix-unable-to-open
courts/default/documents/IFB-Supreme-041516-MDS-Attachment-6.pdf,pdfix-unable-to-open
courts/default/documents/OCCM-2012-01-CC-ATTACHMENT-1.pdf,pdfix-unable-to-open
courts/default/documents/CRS-SP-388-Attachment-2-Hotel-Agreement.pdf,pdfix-unable-to-open
courts/default/documents/CRS-EG-480-Attachment-1-Admin-Rules-Non-IT-Services.pdf,pdfix-unable-to-open
courts/default/documents/CRS-EG-207-Intent-to-Award.pdf,pdfix-unable-to-open
courts/default/documents/CRS-PD-086-Attachment-7-Conflict-of-Interest-Certification-form.pdf,pdfix-unable-to-open
courts/default/documents/manprocfair-rfp-atta.pdf,pdfix-unable-to-open
courts/default/documents/RFP-FS-2022-13-XC-Notice-Of-Intent-To-Award.pdf,pdfix-unable-to-open
courts/default/documents/CFCC-2019-09-LV-Attachment-7-Unruh-Certification.pdf,pdfix-unable-to-open
courts/default/documents/devdraftpol-rfp-intent.pdf,pdfix-unable-to-open
courts/default/documents/RFPFS202215_QA.pdf,pdfix-unable-to-open
courts/default/documents/RFPFS202125AL-Attach-8-Std-Form-330.pdf,pdfix-unable-to-open
courts/default/documents/REFM-2014-08-RB-Attachment-2---Master-Agreement-Terms-and-Conditions.pdf,pdfix-unable-to-open
courts/default/documents/RFP-CFCC22-119RB-A8-DVBE-Declaration.pdf,pdfix-unable-to-open
courts/default/documents/CRS-SP-230-Attachment-RFP-Hotel-FS-MULTIPLE-AWARDS.pdf,pdfix-unable-to-open
courts/default/documents/payrollrfp.pdf,pdfix-unable-to-open
courts/default/documents/CJER-2018-02-DM-Public-Bid-Opening-Cost.pdf,pdfix-unable-to-open
courts/default/documents/CRS-SP-174-Intent-to-Award.pdf,pdfix-unable-to-open
courts/default/documents/CRS-PD-329-Attachment-4-Darfur-Contracting-ACT_pjpi.pdf,pdfix-unable-to-open
courts/default/documents/cletsmms-rfp.pdf,pdfix-unable-to-open
courts/default/documents/BAP24-166RB-Attach-10-DVBE-Bidder-Decl.pdf,pdfix-unable-to-open
courts/default/documents/CRS-SP-174-Attachment-4-Darfur-Contracting-ACT.pdf,pdfix-unable-to-open
courts/default/documents/RFQ-P-FSO-2018-11-JMG-Attach-5-PayeeDataRecord-Form.pdf,pdfix-unable-to-open
courts/default/documents/REFM-2014-08-RB-Questions-and-Answers.pdf,pdfix-unable-to-open
courts/default/documents/RFP-FS-SP-2019-03-JP-Attachment-14-Hazard-Checklist.pdf,pdfix-unable-to-open
courts/default/documents/ecm-rfp-att1.pdf,pdfix-unable-to-open
courts/default/documents/CRS-EG-355-Attachment-RFP-Hotel.pdf,pdfix-unable-to-open
courts/default/documents/CRS-EG-261-Attachment-1-Admin-Rules-Non-IT-Services.pdf,pdfix-unable-to-open
courts/default/documents/snapshot-rfp-att1_0.pdf,pdfix-unable-to-open
courts/default/documents/RFP-COA-2019-01-RP-Questions-and-Answers.pdf,pdfix-unable-to-open
courts/default/documents/CRS-PD-278-Attachment-1-Admin-Rules-Non-IT-Services-aji20.pdf,pdfix-unable-to-open
courts/default/documents/CRS-SP-141-Attachment-4-Darfur-Contracting-ACT.pdf,pdfix-unable-to-open
courts/default/documents/riverside-rfq-alta-sign.pdf,pdfix-unable-to-open
courts/default/documents/prequalchulavista-rfq-add1.pdf,pdfix-unable-to-open
courts/default/documents/CRS-EG-256-Intent-to-Award.pdf,pdfix-unable-to-open
courts/default/documents/adminctintexam-rfp-qna_0.pdf,pdfix-unable-to-open
courts/default/documents/RFP-ISD-04172017-AA-Intent-to-Award-Posting.pdf,pdfix-unable-to-open
courts/default/documents/CFCC-2018-20-LB-Notice-of-Intent-to-Award.pdf,pdfix-unable-to-open
courts/default/documents/newlbcourt-rfq2.pdf,pdfix-unable-to-open
courts/default/documents/prequalcontract-sanandreas-rfp-attachb.pdf,pdfix-unable-to-open
courts/default/documents/5yearreview-rfp-add2_0.pdf,pdfix-unable-to-open
courts/default/documents/plainengrfp_0.pdf,pdfix-unable-to-open
courts/default/documents/newlbcourt-rfq2-webcast_0.pdf,pdfix-unable-to-open
courts/default/documents/JBCP-CMS-S-2016-58-JP-RFP.pdf,pdfix-unable-to-open
courts/default/documents/ccjcrtc-rfp-intent.pdf,pdfix-unable-to-open
courts/default/documents/Attachment-4-Darfur-Contracting-ACT.pdf,pdfix-unable-to-open
courts/default/documents/rfp082205-cimnot_0.pdf,pdfix-unable-to-open
courts/default/documents/confplansvcs-rfp-attb_0.pdf,pdfix-unable-to-open
courts/default/documents/HR-2022-10-LV-Diversity-Recruitiment-Services-RFP.pdf,pdfix-unable-to-open
courts/default/documents/FS-2017-20-BD-RFP-Attach-K-Internal-Background-Check-Policy.pdf,pdfix-unable-to-open
courts/default/documents/ccms-program-rfp-attach1.pdf,pdfix-unable-to-open
courts/default/documents/4-2-RFP-12-13-02CK-RFP-Fire-Pump-and-Fire-Sprinkler-Maintenance.pdf,pdfix-unable-to-open
courts/default/documents/CRS-PD-182-Intent-to-Award-SJI.pdf,pdfix-unable-to-open
courts/default/documents/archeng_rfq_vform.pdf,pdfix-unable-to-open
courts/default/documents/reas-rfp.pdf,pdfix-unable-to-open
courts/default/documents/CRS-SP-372-Attachment-3-Vendors-Acceptance-of-the-RFPs-Contract-Terms.pdf,pdfix-unable-to-open
courts/default/documents/REFM-2015-01-DM-Addendum-1.pdf,pdfix-unable-to-open
courts/default/documents/CRS-SP-239-RFP-Hotel-FULL-SERVICE.pdf,pdfix-unable-to-open
courts/default/documents/FSO-2017-21-HN-Attach-17-DVBE-Enterprise.pdf,pdfix-unable-to-open
courts/default/documents/OGC-ADR-01B-LM-Cancellation-Notice.pdf,pdfix-unable-to-open
courts/default/documents/testauditrfp-atte.pdf,pdfix-unable-to-open
courts/default/documents/sdmanager-cms-rfp.pdf,pdfix-unable-to-open
courts/default/documents/precon-rfp-atth1_0.pdf,pdfix-unable-to-open
courts/default/documents/tvsignal-services-rfp-attach1.pdf,pdfix-unable-to-open
courts/default/documents/famjuv-20240108-notice.agenda.pdf,pdfix-unable-to-open
courts/default/documents/RFPFS202310MB-Attach-C_Master-Agreement.pdf,pdfix-unable-to-open
courts/default/documents/CFCC-032514-PCDR-CF-Q-A.pdf,pdfix-unable-to-open
courts/default/documents/CRS-EG-343-RFP-Hotel-Room-Block.pdf,pdfix-unable-to-open
courts/default/documents/RFQ-FS-2019-01-DGF-Posting-of-Short-List.pdf,pdfix-unable-to-open
courts/default/documents/CJS-2017-08-ML-RFP-Questions-and-Answers.pdf,pdfix-unable-to-open
courts/default/documents/RFP-COA-2019-01-RP-A4-Payee-Data-Record.pdf,pdfix-unable-to-open
courts/default/documents/formtrans_att_f_payee_data_record_0.pdf,pdfix-unable-to-open
courts/default/documents/CRS-LK-383-Intent-to-Award.pdf,pdfix-unable-to-open
courts/default/documents/ccms-transitionv3-rfp-CANCELLATION-NOTICE.pdf,pdfix-unable-to-open
courts/default/documents/RFP-CFCC-2023-08-LP-Attachment-1-Administrative-Rules.pdf,pdfix-unable-to-open
courts/default/documents/TCAS-2022-01-MS-Attachment-12-Bidder-Declaration-Revised.pdf,pdfix-unable-to-open
courts/default/documents/ccms-rfp-intent.pdf,pdfix-unable-to-open
courts/default/documents/TCAS-2021-01-MS-Attachment-9-Darfur-Contracting-Act-Certification.pdf,pdfix-unable-to-open
courts/default/documents/RFP-CFCC-2012-01-RB-RFP.pdf,pdfix-unable-to-open
courts/default/documents/CRS-SP-243-Attachment-3-Vendors-Acceptance-of-the-RFPs-Contract-Terms.pdf,pdfix-unable-to-open
courts/default/documents/tcgasbs-rfp.pdf,pdfix-unable-to-open
courts/default/documents/FSO-2018-22-JP_CMR-EL-CENTRO-Attachment-1-Sample-Agreement.pdf,pdfix-unable-to-open
courts/default/documents/CRS-EG-374-RFP-Hotel-Room-Block.pdf,pdfix-unable-to-open
courts/default/documents/CRS-LK-413-Intent-to-Award.pdf,pdfix-unable-to-open
courts/default/documents/CRS-SP-187-Intent-to-Award.pdf,pdfix-unable-to-open
courts/default/documents/cscscodappdrev1.pdf,pdfix-unable-to-open
courts/default/documents/conffacilserv-rfp-add1_0.pdf,pdfix-unable-to-open
courts/default/documents/RFP-FS-2022-13-XC-Attach-2-Standard-Agreement.pdf,pdfix-unable-to-open
courts/default/documents/RFP-FS-2023-22-MB-Notice-Of-Shortlist-For-Interviews-Rev1.pdf,pdfix-unable-to-open
courts/default/documents/precon-rfq-rfp-attg_0.pdf,pdfix-unable-to-open
courts/default/documents/RFP-IT-2021-80RB-Attachment-1-Admininstrative-Rules.pdf,pdfix-unable-to-open
courts/default/documents/realdui-rfp.pdf,pdfix-unable-to-open
courts/default/documents/CFCC-14-01-RB-Attachment-1-Admin-Rules.pdf,pdfix-unable-to-open
courts/default/documents/IT-OPD-18-47-RB-Attachment-3-Acceptance.pdf,pdfix-unable-to-open
courts/default/documents/RFP-APPELLATE-122118-WV-Attachment-10.pdf,pdfix-unable-to-open
courts/default/documents/JBCP-2013-04-BR-Form-Submission-of-Questions_Atta-E.pdf,pdfix-unable-to-open
courts/default/documents/RFP-FS-2023-06-JP-Virtual-Technical-Question-and-Answer-Session-Presentation-R1-09-08-23.pdf,pdfix-unable-to-open
courts/default/documents/CFCC-012414-ACDR-CF-attachment-4-Scope-of-Svs-Amador.pdf,pdfix-unable-to-open
courts/default/documents/TCAS-2020-01-BH-Pretrial-Risk-Assessment-Application-QandA.pdf,pdfix-unable-to-open
courts/default/documents/Project-Specifications-Addendum-1.pdf,pdfix-unable-to-open
courts/default/documents/CRS-AU-286-Attachment-3-Vendors-Acceptance-of-the-RFPs-Contract-Terms.pdf,pdfix-unable-to-open
courts/default/documents/FS-2021-Attachment-05-Small-Business-Declaration.pdf,pdfix-unable-to-open
courts/default/documents/RFP-FS-2023-22-MB-Attachment-A-Administrative-Rules-Governing-Requests-for-Proposals.pdf,pdfix-unable-to-open
courts/default/documents/IT-2021-01-LB-Attachment-5-Payee-Data-Record-std204.pdf,pdfix-unable-to-open
courts/default/documents/FS-2019-09-BD-Attachment-F-Payee-Data-Record.pdf,pdfix-unable-to-open
courts/default/documents/IT-2022-38A-DM-Attachment-6A-STD204.pdf,pdfix-unable-to-open
courts/default/documents/FS-2018-13-BD-Attachment-11-Internal-Background-Check-Policy.pdf,pdfix-unable-to-open
courts/default/documents/RFP-OCR-2023-25-LV-Attachment-4-General-Certification.pdf,pdfix-unable-to-open
courts/default/documents/tv_feeprop_0.pdf,pdfix-unable-to-open
courts/default/documents/JBCP-2014-01-BR-Attachment-D-Sample-Standard-Agreement-T-Cs.pdf,pdfix-unable-to-open
courts/default/documents/CRS-EG-369-Intent-to-Award.pdf,pdfix-unable-to-open
courts/default/documents/CJER-2022-40-DM-Attachment-5A-Payee-Data-Record.pdf,pdfix-unable-to-open
courts/default/documents/ccporappdev-rfp-appb.pdf,pdfix-unable-to-open
courts/default/documents/elearning_att_b_0.pdf,pdfix-unable-to-open
courts/default/documents/occm-2011-19-jmg-Payee-Data-Record-Form.pdf,pdfix-unable-to-open
courts/default/documents/EDU-10-12-LM-Attachment-3-Proposers-Acceptance-of-Contract-Terms-and-Conditions.pdf,pdfix-unable-to-open
courts/default/documents/rules-20230828-agenda.pdf,pdfix-unable-to-open
courts/default/documents/ITSO-17-04-RBB-Attachment-5-Darfur.pdf,pdfix-unable-to-open
courts/default/documents/IFB-ISD-010599-AA-IFB-Dell-Latitude-Ultrabook.pdf,pdfix-unable-to-open
courts/default/documents/JBCP-2013-02-BR-Addendum_1.pdf,pdfix-unable-to-open
courts/default/documents/IFB-ISD-017938-AA-Attachment-7-payee-data-recoed.pdf,pdfix-unable-to-open
courts/default/documents/1DCA-19-54-RB-Attach-1-Admin_Rules.pdf,pdfix-unable-to-open
courts/default/documents/RFPFS202204MB-Attach-11-Iran-Contracting.pdf,pdfix-unable-to-open
courts/default/documents/CRS-SP-299-Attachment-3-Vendors-Acceptance-of-the-RFPs-Contract-Terms.pdf,pdfix-unable-to-open
courts/default/documents/REFM-2016-27-BD-Attach-12-Internal-Background-Check-Policy.pdf,pdfix-unable-to-open
courts/default/documents/flrgp-rfp-award_0.pdf,pdfix-unable-to-open
courts/default/documents/CRS-PD-163-Attachment-RFP-Hotel-FULL-SERVICE.pdf,pdfix-unable-to-open
courts/default/documents/CFCC-2018-09-CD-Notice-of-Intent-to-Award.pdf,pdfix-unable-to-open
courts/default/documents/preconstsvc-rfp-attachf-rev2.pdf,pdfix-unable-to-open
courts/default/documents/CRS-AK-429-Attachment-1-Admin-Rules-Non-IT-Services.pdf,pdfix-unable-to-open
courts/default/documents/sharedservicesQandA.pdf,pdfix-unable-to-open
courts/default/documents/CRS-TD-038-Attachment-4-Darfur-Contracting-ACT.pdf,pdfix-unable-to-open
courts/default/documents/CRS-PD-113-Attachment-1-Admin-Rules.pdf,pdfix-unable-to-open
courts/default/documents/CRS-PD-188-Attachment-1-Admin-Rules-Non-IT-Services-NJO.pdf,pdfix-unable-to-open
courts/default/documents/NTA_New_Redding_Courthouse.pdf,pdfix-unable-to-open
courts/default/documents/RFP-CFCC-22-132RB-Cancelation.pdf,pdfix-unable-to-open
courts/default/documents/planrevsanbern-rfp-qna.pdf,pdfix-unable-to-open
courts/default/documents/ASU-EG-015-Attachment-5-Form-for-Submission-of-Technical-Proposal-ROOM-BLOCK-ONLY.pdf,pdfix-unable-to-open
courts/default/documents/lgladvc_0.pdf,pdfix-unable-to-open
courts/default/documents/elearning_att_b.pdf,pdfix-unable-to-open
courts/default/documents/RFP-CFCC-2023-53-DM-AB1194.pdf,pdfix-unable-to-open
courts/default/documents/OCR23-152RB-Attach-7-DVBE-Bidder-Decl.pdf,pdfix-unable-to-open
courts/default/documents/facilityopsrfi_0.pdf,pdfix-unable-to-open
courts/default/documents/preconstruct-risk-los-banos-rfp-Revised-Pages-Adden-2.pdf,pdfix-unable-to-open
courts/default/documents/themissdp-rfp-attach4.pdf,pdfix-unable-to-open
courts/default/documents/RFP-Appellate-042216-HS-Attachment-11.pdf,pdfix-unable-to-open
courts/default/documents/Attach-11-Iran-Contracting_0.pdf,pdfix-unable-to-open
courts/default/documents/ccjcrtc-rfp-attach2a.pdf,pdfix-unable-to-open
courts/default/documents/feltrial-rfp-attach4_0.pdf,pdfix-unable-to-open
courts/default/documents/CFCC-14-01-RB-Questions-and-Answers.pdf,pdfix-unable-to-open
courts/default/documents/ergoassess-rfp-attacha.pdf,pdfix-unable-to-open
courts/default/documents/titlesvcs.pdf,pdfix-unable-to-open
courts/default/documents/RFQ-FS-2021-06-BD-Notice-of-Cancellation.pdf,pdfix-unable-to-open
courts/default/documents/IT-DMS-2016-01-MDS-attachment-7.pdf,pdfix-unable-to-open
courts/default/documents/FIN-201505-ML-Attachment-5-Darfur-Contracting-Act-Certification.pdf,pdfix-unable-to-open
courts/default/documents/precon-porterville-rfq-add2rac.pdf,pdfix-unable-to-open
courts/default/documents/occm-2011-19-jmg-RFP-FinalV2.pdf,pdfix-unable-to-open
courts/default/documents/CRS-SP-063-Attachment-3-Vendors-Acceptance-of-the-RFPs-Contract-Terms.pdf,pdfix-unable-to-open
courts/default/documents/CRS-EG-334-Attachment-Notice-of-cancellation.pdf,pdfix-unable-to-open
courts/default/documents/RFP-FS-2022-05-MB-Notice-Of-Shortlist.pdf,pdfix-unable-to-open
courts/default/documents/CRS-EG-387-Attachment-1-Admin-Rules-Non-IT-Services.pdf,pdfix-unable-to-open
courts/default/documents/scpiv_attachment_h_070403_earthquake_8_5x14.pdf,pdfix-unable-to-open
courts/default/documents/CRS-SP-066-Attachment-3-Vendors-Acceptance-of-the-RFPs-Contract-Terms.pdf,pdfix-unable-to-open
courts/default/documents/JBCP-2015-03-JT_Response_to_Vendor_Questions.pdf,pdfix-unable-to-open
courts/default/documents/CRS-TD-036-Attachment-4-Darfur-Contracting-ACT.pdf,pdfix-unable-to-open
courts/default/documents/CFCC-2023-47-DM-Attachment-1-Administrative-Rules.pdf,pdfix-unable-to-open
courts/default/documents/vfm-rfp-att1.pdf,pdfix-unable-to-open
courts/default/documents/CJER-HB-0712-LM-Notice-of-Award.pdf,pdfix-unable-to-open
courts/default/documents/IT23-153RB-Exh-B-S1-to-S4-010324.pdf,pdfix-unable-to-open
courts/default/documents/CRS-PD-291-Attachment-1-Admin-Rules-Non-IT-Services-ab105819.pdf,pdfix-unable-to-open
courts/default/documents/CRS-PD-258-Intent-to-Award-asai19.pdf,pdfix-unable-to-open
courts/default/documents/CRS-PD-266-Attachment-6-Conflict-of-Interest-Certification-form-njofd19.pdf,pdfix-unable-to-open
courts/default/documents/emprecruit-rfp-add1_0.pdf,pdfix-unable-to-open
courts/default/documents/CRS-PD-249-Attachment-3-Vendors-Acceptance-of-the-RFPs-Contract-Terms-paooct18.pdf,pdfix-unable-to-open
courts/default/documents/CRS-SP-114-Attachment-6-Conflict-of-Interest-Certification-form.pdf,pdfix-unable-to-open
courts/default/documents/COA2D-1-2014-Document-Shredding-REVISION_1-REQUEST-FOR-PROPOSAL.pdf,pdfix-unable-to-open
courts/default/documents/ASU-TD-022-Attachment-4-Darfur-Contracting-ACT-no-change-by-td.pdf,pdfix-unable-to-open
courts/default/documents/juvedumeds-rfp-intent.pdf,pdfix-unable-to-open
courts/default/documents/CRS-SP-118-Cancellation-Notice-JC-February.pdf,pdfix-unable-to-open
courts/default/documents/GA-2017-40-RB-Notice-of-Intent-to-Award.pdf,pdfix-unable-to-open
courts/default/documents/juvdepattb_0.pdf,pdfix-unable-to-open
courts/default/documents/ASU-DC-013-Attachment-7-Conflict-of-Interest.pdf,pdfix-unable-to-open
courts/default/documents/analystsupport-ccmsv3t-rfp-cancel.pdf,pdfix-unable-to-open
courts/default/documents/analystsupport-ccmsv3t-rfp-qna.pdf,pdfix-unable-to-open
courts/default/documents/ASU-EG-020-Attachment-7-Conflict-of-Interest-Certification-form.pdf,pdfix-unable-to-open
courts/default/documents/planrevsanbern-rfp-shortlist.pdf,pdfix-unable-to-open
courts/default/documents/bsadocman-rfp-add2_0.pdf,pdfix-unable-to-open
courts/default/documents/capproj-rfq.pdf,pdfix-unable-to-open
courts/default/documents/traffic-20220808-notice-agenda.pdf,pdfix-unable-to-open
courts/default/documents/HRDRM-17-05-RBB-RFP-Answers-to-Questions.pdf,pdfix-unable-to-open
courts/default/documents/RFP-FS-2021-19-AL-Attach-5-General-Certifications-Form.pdf,pdfix-unable-to-open
courts/default/documents/CRS-SP-296-Attachment-2-JCC-Hotel-Agreement-Template.pdf,pdfix-unable-to-open
courts/default/documents/CRS-PD-305-Intent-to-Award-ptpi19.pdf,pdfix-unable-to-open
courts/default/documents/Data-Mining-Software-RFP-BS-2020-13-DM.pdf,pdfix-unable-to-open
courts/default/documents/IFB-Suprme-041516-MDS-Attachment-A-FloorPlan.pdf,pdfix-unable-to-open
courts/default/documents/IFB-IT-2021-86RB.pdf,pdfix-unable-to-open
courts/default/documents/IT23-157RB-Attach-8-Unruh.pdf,pdfix-unable-to-open
courts/default/documents/TCAS-2021-02-AJ-Attachment-13-Employee-Counts.pdf,pdfix-unable-to-open
courts/default/documents/FIN032811CK-addendum-1-RFP.pdf,pdfix-unable-to-open
courts/default/documents/OREFM-2012-04-CC-RFQRFP-SHORTLIST.pdf,pdfix-unable-to-open
courts/default/documents/HR-2019-03-LB-QA-Final.pdf,pdfix-unable-to-open
courts/default/documents/payrollattc_0.pdf,pdfix-unable-to-open
courts/default/documents/IT23-153RB-Managed-Service-Desk-Support-Technical-Scores.pdf,pdfix-unable-to-open
courts/default/documents/RFP-FS-2023-06-JP-Timeline-for-this-RFP-Revised-08-23-23.pdf,pdfix-unable-to-open
courts/default/documents/3DCA-RFP-17-18-10-Notice-of-Public-Opening-of-Cost-Proposal.pdf,pdfix-unable-to-open
courts/default/documents/CRS-PD-290-Attachment-4-Darfur-Contracting-ACT_aji20.pdf,pdfix-unable-to-open
courts/default/documents/RFP-FS-2021-19-AL-Attach-9-DVBE-Participation-Form.pdf,pdfix-unable-to-open
courts/default/documents/RFPFS202301MB-Attach-13-Std-CMA-Staffing-Plan_0.pdf,pdfix-unable-to-open
courts/default/documents/jcstakedatarfp-intent.pdf,pdfix-unable-to-open
courts/default/documents/Attachment1-CourtAdminRulesforNon-ITServicesRFPs.pdf,pdfix-unable-to-open
courts/default/documents/ecm-rfp-att7_0.pdf,pdfix-unable-to-open
courts/default/documents/TCAS-2021-02-AJ-Attachment-6-Payee-Data-Record.pdf,pdfix-unable-to-open
courts/default/documents/CRS-SP-370-Intent-to-Award.pdf,pdfix-unable-to-open
courts/default/documents/RFP-2DCA-1-2012-Doc-Storage-attach2-contract-exceptions.pdf,pdfix-unable-to-open
courts/default/documents/vps_rfp_addendum.pdf,pdfix-unable-to-open
courts/default/documents/RFP-REFM-2016-29-JP-Attachment-1-Pasadena-CH-Specifications.pdf,pdfix-unable-to-open
courts/default/documents/joborder-contract1010-rfp-answers.pdf,pdfix-unable-to-open
courts/default/documents/docmanage-capture-rfi-qna.pdf,pdfix-unable-to-open
courts/default/documents/native-curriculumdev-rfp-cancel.pdf,pdfix-unable-to-open
courts/default/documents/eapjb-rfp.pdf,pdfix-unable-to-open
courts/default/documents/dcqual-rfp-legal.pdf,pdfix-unable-to-open
courts/default/documents/photoserv-rfq-attacha.pdf,pdfix-unable-to-open
courts/default/documents/CRS-SP-041-Attachment-2-AOC-Hotel-Agreement-Template.pdf,pdfix-unable-to-open
courts/default/documents/CRSSP045Attachment2.pdf,pdfix-unable-to-open
courts/default/documents/appcourtclass-rfp.pdf,pdfix-unable-to-open
courts/default/documents/CFCC23-163RB-Attach-3-Accept-TCs.pdf,pdfix-unable-to-open
courts/default/documents/dm-rfp-att1.pdf,pdfix-unable-to-open
courts/default/documents/CJER-18-44-RB-Attachment-5.pdf,pdfix-unable-to-open
courts/default/documents/Questions_and_Answers_AJAI_Conf_Call_81722.pdf,pdfix-unable-to-open
courts/default/documents/IT23-153RB-Attach-7-Iran-Act.pdf,pdfix-unable-to-open
courts/default/documents/a4-general-certifications-pcor.pdf,pdfix-unable-to-open
courts/default/documents/nr81-09.pdf,pdfix-unable-to-open
courts/default/documents/realestappserv-rfp-sample.pdf,pdfix-unable-to-open
courts/default/documents/cseattachmentb.pdf,pdfix-unable-to-open
courts/default/documents/maderacourthouse-preconstruct-rfp-attachi.pdf,pdfix-unable-to-open
courts/default/documents/FIN032811CK-addendum-1-Attachment-7-Payee-Data-Record-Form.pdf,pdfix-unable-to-open
courts/default/documents/CFCC-2017-13-LB-Notice-of-Intent-to-Award.pdf,pdfix-unable-to-open
courts/default/documents/RFP-FS-SP-2019-03-JP-Attachment-9-Hazardous-Materials-Management.pdf,pdfix-unable-to-open
courts/default/documents/CRS-PD-123-Attachment-4-Darfur-Contracting-ACT.pdf,pdfix-unable-to-open
courts/default/documents/CRS-PD-307-Attachment-3-Vendors-Acceptance-of-the-RFPs-Contract-Terms-pjceo20.pdf,pdfix-unable-to-open
courts/default/documents/CJER-HB-0712-LM-Attachment-5-Darfur-Contracting-Certification.pdf,pdfix-unable-to-open
courts/default/documents/cfccwebdev-rfp-qa_0.pdf,pdfix-unable-to-open
courts/default/documents/CRS-SP-397-Attachment-2-Hotel-Agreement.pdf,pdfix-unable-to-open
courts/default/documents/statewide-translation11-rfp-attachf.pdf,pdfix-unable-to-open
courts/default/documents/OGC-ADR-03-NN-Attachment-1-RFP-Administrative-Rules.pdf,pdfix-unable-to-open
courts/default/documents/LSS-18-48-RB-Attach-3-Acceptance.pdf,pdfix-unable-to-open
courts/default/documents/susanville-gencontractors-rfq-prequal.pdf,pdfix-unable-to-open
courts/default/documents/4-12-Kings-Attachment-15-Kings-Court-Information.pdf,pdfix-unable-to-open
courts/default/documents/sejuvdepct-qdata-rfp-list.pdf,pdfix-unable-to-open
courts/default/documents/RFP-FS-2023-15-XC-Attach-M-Consulting-IDIQ-DVBE-Declaration.pdf,pdfix-unable-to-open
courts/default/documents/environ-qualact-rfq-attacha.pdf,pdfix-unable-to-open
courts/default/documents/JBCP-2016-01-JMG-RFQ-LIST-ATTENDEES.pdf,pdfix-unable-to-open
courts/default/documents/CFCC-13-13-LM-Table-of-Contents.pdf,pdfix-unable-to-open
courts/default/documents/CRS-SP-137-Intent-to-Award-Probate.pdf,pdfix-unable-to-open
courts/default/documents/sasvssmp-rfp-attf_0.pdf,pdfix-unable-to-open
courts/default/documents/qamtccpor-rfp-qna.pdf,pdfix-unable-to-open
courts/default/documents/archeng-rfq-slistann_0.pdf,pdfix-unable-to-open
courts/default/documents/CFCC-2020-04-LV-Attachment-6-Payee-Data-Record-Form.pdf,pdfix-unable-to-open
courts/default/documents/talentag-rfp-add1.pdf,pdfix-unable-to-open
courts/default/documents/RFPFS202212KO-Attach-E-Payee-Data-Record.pdf,pdfix-unable-to-open
courts/default/documents/RFPFS202205MB-ADDENDUM-4.pdf,pdfix-unable-to-open
courts/default/documents/jcftrans-rfp_0.pdf,pdfix-unable-to-open
courts/default/documents/ASU-TD-028-Intent-to-Award.pdf,pdfix-unable-to-open
courts/default/documents/flrgp_res_guide_0.pdf,pdfix-unable-to-open
courts/default/documents/basissap-rfp.pdf,pdfix-unable-to-open
courts/default/documents/IT23-157RB-Attach-2-IT-Agrmt.pdf,pdfix-unable-to-open
courts/default/documents/CRS-SP-203-Attachment-6-Conflict-of-Interest-Certification-form.pdf,pdfix-unable-to-open
courts/default/documents/codequality-indassess-rfp-attach2.pdf,pdfix-unable-to-open
courts/default/documents/OS-20150901-SMITHS-JR-ATTACHMENT-7.pdf,pdfix-unable-to-open
courts/default/documents/REFM-2016-25-SM-RFP-Final.pdf,pdfix-unable-to-open
courts/default/documents/CFCC-2021-27-CD-Intent-to-Award.pdf,pdfix-unable-to-open
courts/default/documents/RFP-CFCC-2023-26-LV-Attachment-4-General-Certifications-Form.pdf,pdfix-unable-to-open
courts/default/documents/CRS-AU-032-Attachment-RFP-Hotel-FULL-SERVICE.pdf,pdfix-unable-to-open
courts/default/documents/CRS-EG-376-Intent-to-Award.pdf,pdfix-unable-to-open
courts/default/documents/juvcourtuserres-rfp-qna.pdf,pdfix-unable-to-open
courts/default/documents/CRS-PD-176-Attachment-1-Admin-Rules-Non-IT-Services-Sept-PAO-2016.pdf,pdfix-unable-to-open
courts/default/documents/RFP-CRS-EG-161-Attachment-RFP-Hotel-ROOM-BLOCK.pdf,pdfix-unable-to-open
courts/default/documents/efilingdeploy-rfp-attach4.pdf,pdfix-unable-to-open
courts/default/documents/FSO-2018-22-JP_CMR-EL-CENTRO-Notice-Short-List.pdf,pdfix-unable-to-open
courts/default/documents/REFM-2016-27-BD-Request-for-Proposal-Revision-8.pdf,pdfix-unable-to-open
courts/default/documents/sharedservterms_0.pdf,pdfix-unable-to-open
courts/default/documents/elearning_0.pdf,pdfix-unable-to-open
courts/default/documents/CFCC-22-117RB-Answers-to-Questions.pdf,pdfix-unable-to-open
courts/default/documents/CFCC23-164RB-Attach-3-Accept-TCs.pdf,pdfix-unable-to-open
courts/default/documents/courtnewsb.pdf,pdfix-unable-to-open
courts/default/documents/statewide-translation11-rfp-attachb.pdf,pdfix-unable-to-open
courts/default/documents/aersforscbrfp-placernevada_0.pdf,pdfix-unable-to-open
courts/default/documents/aocjobacc-rfp-atta_0.pdf,pdfix-unable-to-open
courts/default/documents/cfccwebdev-rfp-add1.pdf,pdfix-unable-to-open
courts/default/documents/aesmcp-rfq-sl_0.pdf,pdfix-unable-to-open
courts/default/documents/CRS-EG-247-Attachment-2-JCC-Hotel-Agreement.pdf-.pdf,pdfix-unable-to-open
courts/default/documents/CRSEG154-Attachment-1-Admin-Rules-Non-IT-Services.pdf,pdfix-unable-to-open
courts/default/documents/RFP-FS-2022-02-MB-Attach-A-Admin-Rules.pdf,pdfix-unable-to-open
courts/default/documents/ASU-TD-031-Attachment-6-Form-for-Submission-of-Cost-Proposal-FULL-SERVICE.pdf,pdfix-unable-to-open
courts/default/documents/adminctintexam-rfp-attd.pdf,pdfix-unable-to-open
courts/default/documents/RFPFS202205MB-Delineation_of_Wetlands_Report.pdf,pdfix-unable-to-open
courts/default/documents/OGC-ADR-05-RB-Attachment-4-Payee-Data-Record-Form.pdf,pdfix-unable-to-open
courts/default/documents/BAP-22-125RB-RFP-Revision-1.pdf,pdfix-unable-to-open
courts/default/documents/prequalchulavista-rfq-prequalified_0.pdf,pdfix-unable-to-open
courts/default/documents/knowledgecenterdesign-rfp-attach4.pdf,pdfix-unable-to-open
courts/default/documents/CFCC-2017-13-LB-Questions-Answers.pdf,pdfix-unable-to-open
courts/default/documents/CFCC-02-16-LV-Attachment-1-ADMINISTRATIVE-RULES-GOVERNING-RFPS.pdf,pdfix-unable-to-open
courts/default/documents/cscscodrfp_0.pdf,pdfix-unable-to-open
courts/default/documents/CRSAU215-Attachment-4-Darfur-Contracting-ACT.BTB17.pdf,pdfix-unable-to-open
courts/default/documents/CRS-PD-262-Attachment-1-Admin-Rules-Non-IT-Services-flsh18.pdf,pdfix-unable-to-open
courts/default/documents/codequality-indassess-rfp-attach6.pdf,pdfix-unable-to-open
courts/default/documents/IT-2020-72-RB-RFI-QA.pdf,pdfix-unable-to-open
courts/default/documents/ccjcrtc-rfp-attach2d_0.pdf,pdfix-unable-to-open
courts/default/documents/5DCA-19-57-RB-Attach-5-Payee-Data.pdf,pdfix-unable-to-open
courts/default/documents/solanocourthouse-rfq-attachb.pdf,pdfix-unable-to-open
courts/default/documents/ADMIN-2018-04-LB-Notice-of-Intent-to-Award.pdf,pdfix-unable-to-open
courts/default/documents/CRS-SP-118-Attachment-6-Conflict-of-Interest-Certification-form.pdf,pdfix-unable-to-open
courts/default/documents/CFCC-2016-09-RBB-Attachment-6-Payee-Data-Record.pdf,pdfix-unable-to-open
courts/default/documents/evaljustcorps-rfp-qna_0.pdf,pdfix-unable-to-open
courts/default/documents/techanalysts-rfp-attach4.pdf,pdfix-unable-to-open
courts/default/documents/RFP-CFCC23-159RB-Attach-5-Darfur-Cert.pdf,pdfix-unable-to-open
courts/default/documents/CRS-SP-370-Attachment-3-Vendors-Acceptance-of-the-RFPs-Contract-Terms.pdf,pdfix-unable-to-open
courts/default/documents/tcpjac_ceac-20220707-jls-notice_agenda.pdf,pdfix-unable-to-open
courts/default/documents/constrantct-rfp_atth.pdf,pdfix-unable-to-open
courts/default/documents/clik-system-dev-rfp-qna.pdf,pdfix-unable-to-open
courts/default/documents/TCAS-2022-04-AJ-Notice-Of-Intent-To-Award.pdf,pdfix-unable-to-open
courts/default/documents/susanville-gencontractors-rfq-signsheet.pdf,pdfix-unable-to-open
courts/default/documents/CRS-EG-415-Intent-to-Award.pdf,pdfix-unable-to-open
courts/default/documents/precon-rfp-attc_0.pdf,pdfix-unable-to-open
courts/default/documents/Flow-Diagram-to-support-response-to-question-56.pdf,pdfix-unable-to-open
courts/default/documents/JBCP-2013-07-BR-Yreka-RFQP.pdf,pdfix-unable-to-open
courts/default/documents/CRS-SP-077-Attachment-4-Darfur-Contracting-ACT.pdf,pdfix-unable-to-open
courts/default/documents/CRS-SP-074-Attachment-2-AOC-Hotel-Agreement-Template.pdf,pdfix-unable-to-open
courts/default/documents/ASU-AU-009-RB-Attachment-7-Conflict-of-Interest-Certification-form-DV.pdf,pdfix-unable-to-open
courts/default/documents/CRSEG055-Attachment-1-Admin-Rules-Non-IT-Services.pdf,pdfix-unable-to-open
courts/default/documents/CRS-SP-299-Attachment-1-Admin-Rules-Non-IT-Services.pdf,pdfix-unable-to-open
courts/default/documents/CFCC-02-16-LV-Attachment-5--Darfur-Certification.pdf,pdfix-unable-to-open
courts/default/documents/CRS-PD-278-RFP-Hotel-FULL-SERVICE-aji20.pdf,pdfix-unable-to-open
courts/default/documents/RFP-FS-SP-2019-03-JP-Addendum-1.pdf,pdfix-unable-to-open
courts/default/documents/cseaocform001-01_0.pdf,pdfix-unable-to-open
courts/default/documents/archeng_rfq_agree_0.pdf,pdfix-unable-to-open
courts/default/documents/FS-2019-09-BD-RFP-Addendum-3.pdf,pdfix-unable-to-open
courts/default/documents/4-2-RFP-12-13-03CK-Attachment-3-Accept-Terms.pdf,pdfix-unable-to-open
courts/default/documents/RFP-CFCC-2012-01-RB-Attachment-2-AOC-Standard-TCs.pdf,pdfix-unable-to-open
courts/default/documents/BAP-2017-02-MS-Closed-Captioning-Services-RFP.pdf,pdfix-unable-to-open
courts/default/documents/Attach-8A-Payee-Data-Record-Form.pdf,pdfix-unable-to-open
courts/default/documents/CRS-PD-340-Attachment-6-Conflict-of-Interest-Certification-form_jc21.pdf,pdfix-unable-to-open
courts/default/documents/JBCP-2013-01-BR-Attachment-A-Application-for-PQ.pdf,pdfix-unable-to-open
courts/default/documents/cscscodappd.pdf,pdfix-unable-to-open
courts/default/documents/CRS-EG-181-Atttachment-2-JCCHotelAgreementTemplate.pdf,pdfix-unable-to-open
courts/default/documents/disasterrfp_0.pdf,pdfix-unable-to-open
courts/default/documents/repmarinrfp_0.pdf,pdfix-unable-to-open
courts/default/documents/CJER-18-44-RB-Attachment-1.pdf,pdfix-unable-to-open
courts/default/documents/dm-rfp-att5.pdf,pdfix-unable-to-open
courts/default/documents/JBCP-2013-03-BR-Attachment-E-OCIP-Insurance-Manual-DBB.pdf,pdfix-unable-to-open
courts/default/documents/FIN-201505-ML-Attachment-7-Iran-Contracting-Act-Certification.pdf,pdfix-unable-to-open
courts/default/documents/materialtest-inspection-rfp-attachb.pdf,pdfix-unable-to-open
courts/default/documents/IFB-BAP-23-138RB-Attach-7-Unruh.pdf,pdfix-unable-to-open
courts/default/documents/CRSSP045Attachment6.pdf,pdfix-unable-to-open
courts/default/documents/hollister-rfq-revisedattachc.pdf,pdfix-unable-to-open
courts/default/documents/RFP-FS-2023-05-XC-Attach-12-Conflict-of-Interest-Policy.pdf,pdfix-unable-to-open
courts/default/documents/3DCA-17-18-04-attachment-2-Standard-Agreement.pdf,pdfix-unable-to-open
courts/default/documents/FIN-201505-ML-Notice-of-Intent-to-Award.pdf,pdfix-unable-to-open
courts/default/documents/FSO-2017-21-HN-Attach-19-Evaluation-Scoresheet.pdf,pdfix-unable-to-open
courts/default/documents/CRS-PD-082-Attachment-4-Darfur-Contracting-ACT-no-change.pdf,pdfix-unable-to-open
courts/default/documents/RFP-CFCC-2023-26-LV-Attachment-7-Unruh-and-FEHA-Certification.pdf,pdfix-unable-to-open
courts/default/documents/CRS-PD-333-RFP-Hotel-ROOM-BLOCK_janpao21.pdf,pdfix-unable-to-open
courts/default/documents/CFCC-02-16-LV-Attachment-6-Payee-Data-Record-Form.pdf,pdfix-unable-to-open
courts/default/documents/1DCA-19-54-RB-IFB.pdf,pdfix-unable-to-open
courts/default/documents/CFCC23-163RB-Attach-4-Gen-Certs.pdf,pdfix-unable-to-open
courts/default/documents/RFP-Payroll-Services-TCAS-2021-03-AJ-Non-Cost-Scoring.pdf,pdfix-unable-to-open
courts/default/documents/Attachment-6-Form-for-Submission-of-Price-Proposal-TCPJAC.pdf,pdfix-unable-to-open
courts/default/documents/susanvillecourthouse-testing-rfp.pdf,pdfix-unable-to-open
courts/default/documents/Exhibit-G-CLETS-private-contractor-mngmt-control-agreement.pdf,pdfix-unable-to-open
courts/default/documents/FS-2018-18-RP-RFP.pdf,pdfix-unable-to-open
courts/default/documents/preconstsvc-rfp-attachi.pdf,pdfix-unable-to-open
courts/default/documents/TCAS-2020-03-MS-Attachment-7-Iran-Contracting.pdf,pdfix-unable-to-open
courts/default/documents/preconstsvc-rfp-attachg_1.pdf,pdfix-unable-to-open
courts/default/documents/REFM-2016-07-SS-RFI-Integrated-Workplace-Management-Solution.pdf,pdfix-unable-to-open
courts/default/documents/elearn-rfp-add1_0.pdf,pdfix-unable-to-open
courts/default/documents/IT-2022-38A-DM-Intent-To-Award.pdf,pdfix-unable-to-open
courts/default/documents/RFP-CFCC-2012-01-RB-Attachment-7-Conflict-of-Interest-Certification-Form.pdf,pdfix-unable-to-open
courts/default/documents/offsupp-rfp-attb_0.pdf,pdfix-unable-to-open
courts/default/documents/IT-DMS-2016-01-MDS-attachment-3.pdf,pdfix-unable-to-open
courts/default/documents/aoc-onsitecatering-sf-rfp-qa.pdf,pdfix-unable-to-open
courts/default/documents/ASU-TD-014-Attachment-1-Admin-Rules-Non-IT-Services.pdf,pdfix-unable-to-open
courts/default/documents/ergoassess-rfp-attache.pdf,pdfix-unable-to-open
courts/default/documents/CRS-SP-043-Attachment-1-Admin-Rules-Non-IT-Services.pdf,pdfix-unable-to-open
courts/default/documents/CRS-SP-118-Attachment-3-Vendors-Acceptance-of-the-RFPs-Contract-Terms.pdf,pdfix-unable-to-open
courts/default/documents/CRS-SP-043-Intent-to-Award-PJ-CEO.pdf,pdfix-unable-to-open
courts/default/documents/cletsmms-rfp_0.pdf,pdfix-unable-to-open
courts/default/documents/ccjcrtc-rfp-attach2e.pdf,pdfix-unable-to-open
courts/default/documents/CRS-AK-394-Attachment-2-JCC-Standard-terms-and-conditions.pdf,pdfix-unable-to-open
courts/default/documents/BAP-2020-14-DM-Attachment-1-Administrative-Rules-Governing-RFPs.pdf,pdfix-unable-to-open
courts/default/documents/familyfunding-toolkit-rfp-award.pdf,pdfix-unable-to-open
courts/default/documents/newlbcourt-rfq2-letter.pdf,pdfix-unable-to-open
courts/default/documents/RFPFS202203MB-RFP-Attach-9-Support-Documents-A.10-through-A.16-ADDENDUM-7.pdf,pdfix-unable-to-open
courts/default/documents/RFP-FS-2021-13-AL-Attach-5-General-Certifications-Form.pdf,pdfix-unable-to-open
courts/default/documents/CRS-EG-238-Attachment-RFP-Hotel-FULL-SERVICE.pdf,pdfix-unable-to-open
courts/default/documents/formtrans-qa.pdf,pdfix-unable-to-open
courts/default/documents/IT-DMS-2016-01-MDS-Addendum-2.pdf,pdfix-unable-to-open
courts/default/documents/IT-2019-01-BD-RFI.pdf,pdfix-unable-to-open
courts/default/documents/CFCC-2021-11-LV-Attachment-8-DVBE-Declaration.pdf,pdfix-unable-to-open
courts/default/documents/childsupport-review-rfp-attach2.pdf,pdfix-unable-to-open
courts/default/documents/FIN-MM-0412-NN-RFP.pdf,pdfix-unable-to-open
courts/default/documents/IT-2022-44-DM-Intent-To-Award.pdf,pdfix-unable-to-open
courts/default/documents/RFP-FS-2021-13-AL-Attach-8A-Payee-Data-Record-Form.pdf,pdfix-unable-to-open
courts/default/documents/REFM-2014-08-RB-RFP-Addendum-1.pdf,pdfix-unable-to-open
courts/default/documents/TCAS-2020-03-MS-Attachment-3-Proposers-Acceptance-of-Terms.pdf,pdfix-unable-to-open
courts/default/documents/JBCP-2013-01-BR-Notice-of-Intent-to-Award_YC.pdf,pdfix-unable-to-open
courts/default/documents/CRS-PD-185-Attachment-RFP-Hotel-MULTIPLE-AWARDS-NJO.pdf,pdfix-unable-to-open
courts/default/documents/dpmccpor-rfp-attd_0.pdf,pdfix-unable-to-open
courts/default/documents/RFP-2DCA-1-2012-Doc-Storage.pdf,pdfix-unable-to-open
courts/default/documents/TCAS-2021-02-AJ-Attachment-8-Iran-Contracting-Act-Certification.pdf,pdfix-unable-to-open
courts/default/documents/RFPFS202310MB-Attach-A_Administrative-Rules_0.pdf,pdfix-unable-to-open
courts/default/documents/CJER0613LM-Attachment-5-Darfur-Contracting-Certification.pdf,pdfix-unable-to-open
courts/default/documents/3DCA-17-18-04-attachment-7-SB-Declaration-with-Instructions.pdf,pdfix-unable-to-open
courts/default/documents/MAPS-2015-04-PS-Attachment-1-Admin-Rules.pdf,pdfix-unable-to-open
courts/default/documents/CRS-PD-179-Attachment-2-Hotel-Agreement-PAOEAC2017.pdf,pdfix-unable-to-open
courts/default/documents/CRS-PD-188-Attachment-3-Vendors-Acceptance-of-the-RFPs-Contract-Terms-NJO.pdf,pdfix-unable-to-open
courts/default/documents/CRS-PD-150-Attachment-3-Vendors-Acceptance-of-the-RFPs-Contract-Terms.pdf,pdfix-unable-to-open
courts/default/documents/envconsultsvcs-rfp-listpart.pdf,pdfix-unable-to-open
courts/default/documents/ITSO-2022-03-SB-Attachment-6B-STD205.pdf,pdfix-unable-to-open
courts/default/documents/app_ip_0.pdf,pdfix-unable-to-open
courts/default/documents/tcworkmeth-rfp-attach4.pdf,pdfix-unable-to-open
courts/default/documents/RFPFS202215KO-Attach-F-General-Certs.pdf,pdfix-unable-to-open
courts/default/documents/CRS-SP-287-Attachment-6-Conflict-of-Interest-Certification-form.pdf,pdfix-unable-to-open
courts/default/documents/CRS-PD-170-Attachment-6-Conflict-of-Interest-Certification-form-NJO.pdf,pdfix-unable-to-open
courts/default/documents/parking-rfp-rfq.pdf,pdfix-unable-to-open
courts/default/documents/3DCA-17-18-10-Attachment-9-DVBE-Declaration-with-Instructions.pdf,pdfix-unable-to-open
courts/default/documents/rules-20230828-notice.pdf,pdfix-unable-to-open
courts/default/documents/CRS-PD-216-Intent-to-Award-PAODVC.pdf,pdfix-unable-to-open
courts/default/documents/JBCP-2013-05-BR-OCIP-INSURANCE-PRE-BID-PACKET-2013-01-31.pdf,pdfix-unable-to-open
courts/default/documents/precon-rfp_0.pdf,pdfix-unable-to-open
courts/default/documents/digphot_a.pdf,pdfix-unable-to-open
courts/default/documents/CJER-030614-OSCSF-CF-Attachment-6-Certifications.pdf,pdfix-unable-to-open
courts/default/documents/4-12-Kings-Exhibit-C-JBSIS-Implementation-Manual.pdf,pdfix-unable-to-open
courts/default/documents/RFP-CFCC-2022-43-DM-Attachment-6-Payee-Data-Record.pdf,pdfix-unable-to-open
courts/default/documents/ASU-DC-008-LM-Notice-of-Award.pdf,pdfix-unable-to-open
courts/default/documents/realdui-rfp-atte_0.pdf,pdfix-unable-to-open
courts/default/documents/CRS-PD-290-Intent-to-Award-aji20.pdf,pdfix-unable-to-open
courts/default/documents/CRS-AU-075-Attachment-4-Darfur-Contracting-ACT-AB-1058.pdf,pdfix-unable-to-open
courts/default/documents/IT-2021-94RB-RFP-Attach-7-Iran-Act.pdf,pdfix-unable-to-open
courts/default/documents/ASU-AU-009-RB-Attachment-2-AOC-Standard-Terms-and-Conditions-Contract-DV.pdf,pdfix-unable-to-open
courts/default/documents/vfm-rfp-att1_0.pdf,pdfix-unable-to-open
courts/default/documents/CFCC-2023-45-DM-Intent-To-Award-Cancellation-Notice.pdf,pdfix-unable-to-open
courts/default/documents/RFP-LSS-2021-26-DM-On-Site-Catering.pdf,pdfix-unable-to-open
courts/default/documents/IFB-BAP-22-126RB-Cost-Opening-Info.pdf,pdfix-unable-to-open
courts/default/documents/RFP-FS-2020-08-AL-Attachment-3-Proposers-Acceptance.pdf,pdfix-unable-to-open
courts/default/documents/cscollsvcs-rfp_0.pdf,pdfix-unable-to-open
courts/default/documents/CRS-EG-309-Attachment-RFP-Hotel-FULL-SERVICE.pdf,pdfix-unable-to-open
courts/default/documents/pilotdesign-shriver-rfp-attach3.pdf,pdfix-unable-to-open
courts/default/documents/preconstruct-riskmanage-fresnorev-rfp-intent.pdf,pdfix-unable-to-open
courts/default/documents/CRS-SP-041-Attachment-4-Darfur-Contracting-ACT-no-change.pdf,pdfix-unable-to-open
courts/default/documents/CRS-PD-209-Attachment-3-Vendors-Acceptance-of-the-RFPs-Contract-Terms-Labor-Relations-SRO-2017.pdf,pdfix-unable-to-open
courts/default/documents/FSO-2018-09-JR-Attachment-F-Payee-Data-Record.pdf,pdfix-unable-to-open
courts/default/documents/RFPFS202301MB-Attach-4-Acceptance-of-TCs.pdf,pdfix-unable-to-open
courts/default/documents/JBWCP-2019-06-DM-Attachment-1-Administrative-Rules-Governing-RFPs.pdf,pdfix-unable-to-open
courts/default/documents/ccms-rfp-qa.pdf,pdfix-unable-to-open
courts/default/documents/OGC-ADR-03-NN-Table-of-Contents.pdf,pdfix-unable-to-open
courts/default/documents/CRS-SP-349-RFP-Hotel-ROOM-BLOCK.pdf,pdfix-unable-to-open
courts/default/documents/CFCC-2021-11-LV-Attachment-1-Administrative-Rules-Governing-RFPS.pdf,pdfix-unable-to-open
courts/default/documents/refmsdis-rfp-add4_0.pdf,pdfix-unable-to-open
courts/default/documents/clik-system-dev-rfp-attach2.pdf,pdfix-unable-to-open
courts/default/documents/evaljuryservideo-rfp-add2_0.pdf,pdfix-unable-to-open
courts/default/documents/scanning-reprographic-rfp-pricing.pdf,pdfix-unable-to-open
courts/default/documents/TCAS-2020-03-MS-Attachment-6-Payee-Data-Record.pdf,pdfix-unable-to-open
courts/default/documents/tvsignal-services-rfp-attach5.pdf,pdfix-unable-to-open
courts/default/documents/OS-20150901-CEIA-JR-QA.pdf,pdfix-unable-to-open
courts/default/documents/evaljustcorps-rfp-att2.pdf,pdfix-unable-to-open
courts/default/documents/commcorrections-ebp-rfp-attach4.pdf,pdfix-unable-to-open
courts/default/documents/FS-2019-04-LB-Exhibit-6-Reports-Requirement.pdf,pdfix-unable-to-open
courts/default/documents/construct-riskdesign-sanjosefamcenter-rfq-intent.pdf,pdfix-unable-to-open
courts/default/documents/sasvssmp-rfp-attb_0.pdf,pdfix-unable-to-open
courts/default/documents/CFCC-2020-12-DM-Attachment-6-Payee-Data-Record-Form.pdf,pdfix-unable-to-open
courts/default/documents/RFQ-FS-2021-06-BD_DA_Electric.pdf,pdfix-unable-to-open
courts/default/documents/offsuprfp-add3_0.pdf,pdfix-unable-to-open
courts/default/documents/CRS-SP-356-Attachment-RFP-Hotel-FULL-SERVICE.pdf,pdfix-unable-to-open
courts/default/documents/OREFM-2013-06-CC-Attachment-A-2.pdf,pdfix-unable-to-open
courts/default/documents/scdeprep-rfp-award.pdf,pdfix-unable-to-open
courts/default/documents/RFPFS202211MB-ADDENDUM-2.pdf,pdfix-unable-to-open
courts/default/documents/licagree-rfp-attb.pdf,pdfix-unable-to-open
courts/default/documents/CFCC-2023-45-DM-Attachment-6A-Payee-Data-Record.pdf,pdfix-unable-to-open
courts/default/documents/precon-porterville-rfq-attachi.pdf,pdfix-unable-to-open
courts/default/documents/CRS-EG-227-Attachment-1-Admin-Rules-Non-IT-Services.pdf,pdfix-unable-to-open
courts/default/documents/feltrial-rfp-supsummary.pdf,pdfix-unable-to-open
courts/default/documents/CRS-SP-151-Attachment-6-Conflict-of-Interest-Certification-form.pdf,pdfix-unable-to-open
courts/default/documents/CRS-PD-086-RFP-Hotel-Room-Block.pdf,pdfix-unable-to-open
courts/default/documents/FSO-2018-23-JR-Notice-Cancel.pdf,pdfix-unable-to-open
courts/default/documents/RFP-FS-2023-13-MY-Attachment-C-Consulting-IDIQ-Master-Agreement.pdf,pdfix-unable-to-open
courts/default/documents/4DCA-12-13-01-CK-RFP-SA-12-13-001-CK.pdf,pdfix-unable-to-open
courts/default/documents/SAPC_2013-01-JMG-Legal-Agreement-01-15-13.pdf,pdfix-unable-to-open
courts/default/documents/cdupmcjcp-rfp-add1_0.pdf,pdfix-unable-to-open
courts/default/documents/CRS-SP-059-RFP-Hotel-FULL-SERVICE.pdf,pdfix-unable-to-open
courts/default/documents/4-2-RFP-12-13-04CK-Attachment-2-Terms-and-Conditions.pdf,pdfix-unable-to-open
courts/default/documents/10yearslater-rfp-atte_0.pdf,pdfix-unable-to-open
courts/default/documents/CJS-2017-08-ML-Public-Opening-Cost-Proposals.pdf,pdfix-unable-to-open
courts/default/documents/IT-2021-94RB-Notice-of-Tech-Scores-and-Cost-Opening-Info.pdf,pdfix-unable-to-open
courts/default/documents/OREFM-2013-06-CC-Addendum-1-Q-A.pdf,pdfix-unable-to-open
courts/default/documents/aersforscbrfp-losangeleselmonte.pdf,pdfix-unable-to-open
courts/default/documents/ccms-program-rfp-intent.pdf,pdfix-unable-to-open
courts/default/documents/CFCC-22-124RB-Attach-4-Gen-Certs.pdf,pdfix-unable-to-open
courts/default/documents/CRS-PD-298-Attachment-6-Conflict-of-Interest-Certification-form-septpao19.pdf,pdfix-unable-to-open
courts/default/documents/childsupport-guide-rfp.pdf,pdfix-unable-to-open
courts/default/documents/Attachment-1-Administrative-Rules-CFCC-2024-01-TQ-ASL.pdf,pdfix-unable-to-open
courts/default/documents/CRS-EG-386-Attachment-RFP-Hotel-Room-Block.pdf,pdfix-unable-to-open
courts/default/documents/RFPFS202203MB-RFP-Attach-9-Support-Documents-A.1-through-A.8-ADDENDUM-7.pdf,pdfix-unable-to-open
courts/default/documents/avmaintsvcs-rfp-noticeofintent.pdf,pdfix-unable-to-open
courts/default/documents/CRS-SP-137-Attachment-4-Darfur-Contracting-ACT.pdf,pdfix-unable-to-open
courts/default/documents/QA_No_5-42.pdf,pdfix-unable-to-open
courts/default/documents/CJER-122013-OSCS-CF-Intent-to-Award.pdf,pdfix-unable-to-open
courts/default/documents/CFCC-04-13-LM-Notice-of-Award.pdf,pdfix-unable-to-open
courts/default/documents/HRS-03-13-SS-Attachment-2-Form-C-Sample-WO-Template.pdf,pdfix-unable-to-open
courts/default/documents/qamtccpor-rfp-cancel.pdf,pdfix-unable-to-open
courts/default/documents/JBCP-2013-03-BR-Attachment-E-OCIP-SAFETY-MANUAL.pdf,pdfix-unable-to-open
courts/default/documents/OGC-ADR-04-NN-RFP.pdf,pdfix-unable-to-open
courts/default/documents/JBWCP-2019-08-DM-Attachment-8-UNRUH.pdf,pdfix-unable-to-open
courts/default/documents/duiweb-vdf.pdf,pdfix-unable-to-open
courts/default/documents/manprocfair-rfp-atte.pdf,pdfix-unable-to-open
courts/default/documents/rfp_tv_signal_transmission_services_cjer-sb10-06-ss.pdf,pdfix-unable-to-open
courts/default/documents/tibco-dataint-rfp-attach4.pdf,pdfix-unable-to-open
courts/default/documents/themissdp-rfp-intent.pdf,pdfix-unable-to-open
courts/default/documents/ecm-rfp-att3_0.pdf,pdfix-unable-to-open
courts/default/documents/titleescrow-rfp-payeedata_0.pdf,pdfix-unable-to-open
courts/default/documents/A4-General-Certifications.pdf,pdfix-unable-to-open
courts/default/documents/ASU-TD-012-LM-Attachment-5-Submission-Form-for-Technical-Proposal-Revision-1.pdf,pdfix-unable-to-open
courts/default/documents/ASU-DC-013-Attachment-1-Admin-Rules-Non-IT-Services.pdf,pdfix-unable-to-open
courts/default/documents/CRS-PD-182-Attachment-4-Darfur-Contracting-ACT-SJI-2017.pdf,pdfix-unable-to-open
courts/default/documents/HCRC-CCS-17-22RB-Attachment-5-Darfur.pdf,pdfix-unable-to-open
courts/default/documents/CRS-PD-123-QA.pdf,pdfix-unable-to-open
courts/default/documents/enttestmgmt-rfp-appa_0.pdf,pdfix-unable-to-open
courts/default/documents/CJS-2020-01-LV-Attachment-6-Payee-Data-Record-Form.pdf,pdfix-unable-to-open
courts/default/documents/RFP-FS-2021-01-MB-Attachment-C-Acceptance-of-Terms-and-Conditions.pdf,pdfix-unable-to-open
courts/default/documents/OGC-ADR-04-NN-Attachment-6-Conflict-of-Interest-Certification-form.pdf,pdfix-unable-to-open
courts/default/documents/ASU-EG-018-Attachment-3-Vendors-Acceptance-of-the-RFPs-Contract-Terms.pdf,pdfix-unable-to-open
courts/default/documents/CRS-SP-327-Intent-to-Award.pdf,pdfix-unable-to-open
courts/default/documents/famjuv-20210412-noticeagenda.pdf,pdfix-unable-to-open
courts/default/documents/ASU-EG019-RFP-Intent-to-Award.pdf,pdfix-unable-to-open
courts/default/documents/devdraftpol-rfp-att1.pdf,pdfix-unable-to-open
courts/default/documents/CRS-EG-054-Intent-to-Award.pdf,pdfix-unable-to-open
courts/default/documents/CRS-PD-297-Attachment-1-Admin-Rules-Non-IT-Services-janpao20.pdf,pdfix-unable-to-open
courts/default/documents/ASU-TD-028-Attachment-6-Revision-1-Form-for-Submission-of-Cost-Proposal.pdf,pdfix-unable-to-open
courts/default/documents/CRS-EG-415-Attachment-2-JCC-Hotel-Agreement.pdf,pdfix-unable-to-open
courts/default/documents/RFP-FS-SP-2019-03-JP-Appendix-A-Questions-and-Answers-Addendum-2.pdf,pdfix-unable-to-open
courts/default/documents/elearn-rfp-b.pdf,pdfix-unable-to-open
courts/default/documents/CRSEG048-Intent-to-Award.pdf,pdfix-unable-to-open
courts/default/documents/ecm-rfp-att5.pdf,pdfix-unable-to-open
courts/default/documents/ccjcrtc-rfp-attach1_0.pdf,pdfix-unable-to-open
courts/default/documents/OAS-2017-10-LV-Questions-and-Answers.pdf,pdfix-unable-to-open
courts/default/documents/TCAS-2020-08-LB-Preliminary-Questions-Answers_FINAL.pdf,pdfix-unable-to-open
courts/default/documents/scpiv_attachment_e_payee_data_record_form_std_204_2003.pdf,pdfix-unable-to-open
courts/default/documents/CJER92013-LV-ATTACHMENT-1-RULES-GOVERNING-RFPS-IT-GOODS-AND-SERVICES.pdf,pdfix-unable-to-open
courts/default/documents/CRS-SP-155-Attachment-3-Vendors-Acceptance-of-the-RFPs-Contract-Terms.pdf,pdfix-unable-to-open
courts/default/documents/ASU-EG-003-SS-Attachment-6.pdf,pdfix-unable-to-open
courts/default/documents/CRS-PD-252-Attachment-6-Conflict-of-Interest-Certification-form-aprnjo18.pdf,pdfix-unable-to-open
courts/default/documents/mamlakes-rfp-attg.pdf,pdfix-unable-to-open
courts/default/documents/CRS-SP-265-Cancelation.pdf,pdfix-unable-to-open
courts/default/documents/external-judicial-council-legislation-committee-roster.pdf,pdfix-unable-to-open
courts/default/documents/preconstsvc-rfp-attache-rev_1.pdf,pdfix-unable-to-open
courts/default/documents/CRS-SP-114-Attachment-2-Hotel-Agreement-Template.pdf,pdfix-unable-to-open
courts/default/documents/ens-rfp-20090601.pdf,pdfix-unable-to-open
courts/default/documents/facility-opmod-rfp-agree2.pdf,pdfix-unable-to-open
courts/default/documents/CRS-AU-067-Attachment-7-Conflict-of-Interest-Certification-form.pdf,pdfix-unable-to-open
courts/default/documents/3DCA-RFO-17-18-07-Notice-of-Intent-to-Award.pdf,pdfix-unable-to-open
courts/default/documents/RFI_BAP-2022-01-SB_Addendum_1_Fleet_Management_Services.pdf,pdfix-unable-to-open
courts/default/documents/ADR-032814-RB-Translation-of-Videos-Intent-To-Award.pdf,pdfix-unable-to-open
courts/default/documents/RFPFS202204MB_Request-for-Proposals.pdf,pdfix-unable-to-open
courts/default/documents/transition-ccmsv3-rfp-attach1.pdf,pdfix-unable-to-open
courts/default/documents/famjuv-20231211-noticeagenda.pdf,pdfix-unable-to-open
courts/default/documents/CRS-PD-221-RFP-Hotel-ROOM-BLOCK-janpao18.pdf,pdfix-unable-to-open
courts/default/documents/designconstruct-engineerservices11-rfp.pdf,pdfix-unable-to-open
courts/default/documents/REFM-2016-02-JT-Sample-contract.pdf,pdfix-unable-to-open
courts/default/documents/FSO-2018-08-JR-Attachment-F-Payee-Data-Record.pdf,pdfix-unable-to-open
courts/default/documents/swsecurityscreen-rfp-attach6.pdf,pdfix-unable-to-open
courts/default/documents/OCCM-2012-01-CC-ATTACHMENT-5.pdf,pdfix-unable-to-open
courts/default/documents/IFB-Supreme-041516-MDS-Attachment-2.pdf,pdfix-unable-to-open
courts/default/documents/OS-20150901-CEIA-JR-ATTACHMENT-7.pdf,pdfix-unable-to-open
courts/default/documents/CFCC-18-49-RB-RFP-Attach-8-Testing-Reqs.pdf,pdfix-unable-to-open
courts/default/documents/3DCA-RFO-18-19-06-Questions-and-Responses.pdf,pdfix-unable-to-open
courts/default/documents/cim_qa.pdf,pdfix-unable-to-open
courts/default/documents/manprocfair-rfp-qa_0.pdf,pdfix-unable-to-open
courts/default/documents/CFCC-2019-16-CD-RFP-Designing-and-User-Testing-Court-Forms.pdf,pdfix-unable-to-open
courts/default/documents/ASU-EG-004-SS-Attachment-3.pdf,pdfix-unable-to-open
courts/default/documents/solanorenov-occmrfp-attacha.pdf,pdfix-unable-to-open
courts/default/documents/CRS-PD-170-Intent-to-Award-NJO-April-3-8-2016.pdf,pdfix-unable-to-open
courts/default/documents/CJER-2019-59-RB-RFP-Attachment-1.pdf,pdfix-unable-to-open
courts/default/documents/RFP-MAPS-2020-09-LV-Questions-and-Answers.pdf,pdfix-unable-to-open
courts/default/documents/JCC-2019-04-DM-ADDENDUM-1.pdf,pdfix-unable-to-open
courts/default/documents/Attachment-W-Site_Specific_Project_Approach.pdf,pdfix-unable-to-open
courts/default/documents/Addendum-1-RFP-FS-2021-04-MB.pdf,pdfix-unable-to-open
courts/default/documents/ADDENDUM-1-RFP-FS-2021-25-AL.pdf,pdfix-unable-to-open
courts/default/documents/parking-cmjcente-rfp.pdf,pdfix-unable-to-open
courts/default/documents/CFCC-201103-RB-Attachment-7-Reference-Form.pdf,pdfix-unable-to-open
courts/default/documents/web-rfp_intent_0.pdf,pdfix-unable-to-open
courts/default/documents/RFP-FS-2023-19-XC-Notice-Of-Shortlist-For-Interviews.pdf,pdfix-unable-to-open
courts/default/documents/IFB-ISD-019277-AA-Attachment-2-termsandconditions4.pdf,pdfix-unable-to-open
courts/default/documents/LSS-2019-15-CD-Intent-To-Award.pdf,pdfix-unable-to-open
courts/default/documents/CIP-2022-39-DM-Intent-To-Award.pdf,pdfix-unable-to-open
courts/default/documents/IFB-ISD-052914-AA-Std204-Payee-Data-Record.pdf,pdfix-unable-to-open
courts/default/documents/CRS-PD-175-Intent-to-Award.pdf,pdfix-unable-to-open
courts/default/documents/RFP-OCR23-152RB-QnA.pdf,pdfix-unable-to-open
courts/default/documents/FS-2018-13-BD-RFP.pdf,pdfix-unable-to-open
courts/default/documents/qual-arch-eng-rfq-interviewguideline.pdf,pdfix-unable-to-open
courts/default/documents/COS-VRILAP-MDS-080816-Technical-Non-Cost-Proposal-Scores.pdf,pdfix-unable-to-open
courts/default/documents/CFCC-2020-68-RB-RFP-Attach-4-Gen-Certs.pdf,pdfix-unable-to-open
courts/default/documents/IFB-BAP-22-126RB-Amendment-2.pdf,pdfix-unable-to-open
courts/default/documents/CFCC-2021-23-DM-Attachment-6-Payee-Data-Record-Form.pdf,pdfix-unable-to-open
courts/default/documents/JBCP-2015-12-BR-Attachment-5-Payee-Data-Record.pdf,pdfix-unable-to-open
courts/default/documents/COSSO-02-14-LM-Intent-to-award.pdf,pdfix-unable-to-open
courts/default/documents/CRS-SP-064-Attachment-3-Vendors-Acceptance-of-the-RFPs-Contract-Terms.pdf,pdfix-unable-to-open
courts/default/documents/dcqual-rfp-vdf_0.pdf,pdfix-unable-to-open
courts/default/documents/JBCP-2014-01-BR-SF-HOJ-Addendum-1.pdf,pdfix-unable-to-open
courts/default/documents/A11-Unruh-Certification.pdf,pdfix-unable-to-open
courts/default/documents/sacramento-dependrep-rfp-add1.pdf,pdfix-unable-to-open
courts/default/documents/youthpeer2009-rfp.pdf,pdfix-unable-to-open
courts/default/documents/RFP-FS-2021-18-AL-NoticeOfIntentToAward.pdf,pdfix-unable-to-open
courts/default/documents/2010lang-rfp.pdf,pdfix-unable-to-open
courts/default/documents/Addendum-1-for-RFP-Hotel-ROOM-BLOCK-ONLY-tcpjac.pdf,pdfix-unable-to-open
courts/default/documents/elkins-rfp-att4.pdf,pdfix-unable-to-open
courts/default/documents/evaljustcorps-rfp-notice_0.pdf,pdfix-unable-to-open
courts/default/documents/archeng-rfq-add2.pdf,pdfix-unable-to-open
courts/default/documents/jsierfp.pdf,pdfix-unable-to-open
courts/default/documents/FS-2017-01-BD-notice-of-intent-to-awardrev1.pdf,pdfix-unable-to-open
courts/default/documents/courtordered-debttask-rfp-attach5.pdf,pdfix-unable-to-open
courts/default/documents/CRS-EG-380-RFP-Hotel-ROOM-BLOCK.pdf,pdfix-unable-to-open
courts/default/documents/JCC-2022-23-RFP-JP-Addendum-1.pdf,pdfix-unable-to-open
courts/default/documents/JBCP-2015-02-BR-Short-List-Announcement.pdf,pdfix-unable-to-open
courts/default/documents/CRS-PD-252-Attachment-3-Vendors-Acceptance-of-the-RFPs-Contract-Terms-aprnjo18.pdf,pdfix-unable-to-open
courts/default/documents/RFP-FS-2021-02-BD-Attachment-I-B-std205.pdf,pdfix-unable-to-open
courts/default/documents/envconsultsvcs-rfp_0.pdf,pdfix-unable-to-open
courts/default/documents/CPAS-201102-RB-JusticeCorps-Eval-RFP.pdf,pdfix-unable-to-open
courts/default/documents/hollister-rfq-add2.pdf,pdfix-unable-to-open
courts/default/documents/environ-management-rfq-attachb.pdf,pdfix-unable-to-open
courts/default/documents/RFP-CFCC-2012-01-RB-Table-of-Contents.pdf,pdfix-unable-to-open
courts/default/documents/CRS-SP-137-Attachment-RFP-Hotel-FULL-SERVICE.pdf,pdfix-unable-to-open
courts/default/documents/courtordered-debttask-rfp-attach4.pdf,pdfix-unable-to-open
courts/default/documents/CRS-SP-219-Intent-to-Award.pdf,pdfix-unable-to-open
courts/default/documents/parentreprfp-add1.pdf,pdfix-unable-to-open
courts/default/documents/archeng-rfq-add3.pdf,pdfix-unable-to-open
courts/default/documents/preconstruct-risk-woodland-rfp-add2.pdf,pdfix-unable-to-open
courts/default/documents/CFCC-2023-57-DM-QA.pdf,pdfix-unable-to-open
courts/default/documents/CJS-2018-01-CD-Attachment-6-Payee-Data-Record.pdf,pdfix-unable-to-open
courts/default/documents/RFP-FS-2021-02-BD-Attachment-P2-Existing-Roof-Drawings-50-Percent-CD.pdf,pdfix-unable-to-open
courts/default/documents/environ-management-rfq-attachc.pdf,pdfix-unable-to-open
courts/default/documents/riverside-reconstruct-rfq-addendum4.pdf,pdfix-unable-to-open
courts/default/documents/hollister-rfq-add3.pdf,pdfix-unable-to-open
courts/default/documents/RFP-FS-SP-2019-03-JP-Attachment-4-Planned-Activities-and-PM-Standards-Revised.pdf,pdfix-unable-to-open
courts/default/documents/traffic-20220627-notice-agenda.pdf,pdfix-unable-to-open
courts/default/documents/IFB-BAP-23-138RB-Attach-5-Payee-Data.pdf,pdfix-unable-to-open
courts/default/documents/mamlakes-rfp.pdf,pdfix-unable-to-open
courts/default/documents/CRS-AU-032-Attachment-7-Conflict-of-Interest-Certification-form.pdf,pdfix-unable-to-open
courts/default/documents/CRS-SP-372-Attachment-1-Admin-Rules-Non-IT-Services.pdf,pdfix-unable-to-open
courts/default/documents/OGC-ADR-01A-LM-Attachment-4-Payee-Data-Record-Form.pdf,pdfix-unable-to-open
courts/default/documents/CFCC-2016-16-RBB-Attachment-2-Standard-Provisions.pdf,pdfix-unable-to-open
courts/default/documents/CRS-SP-155-Attachment-4-Darfur-Certification-Form.pdf,pdfix-unable-to-open
courts/default/documents/CRS-SP-280-Attachment-2-JCC-Hotel-Agreement.pdf,pdfix-unable-to-open
courts/default/documents/HR-LV-112015-Attachment-1-ADMINISTRATIVE-RULES-GOVERNING-RFPS.pdf,pdfix-unable-to-open
courts/default/documents/IFB-BAP-22-126RB-Amendment-3.pdf,pdfix-unable-to-open
courts/default/documents/Attach-9-DVBE-Participation-Form_0.pdf,pdfix-unable-to-open
courts/default/documents/crimhandbkrfp_0.pdf,pdfix-unable-to-open
courts/default/documents/aersforscbrfp-placernevada.pdf,pdfix-unable-to-open
courts/default/documents/CRS-AU-037-RFP-Hotel-FULL-SERVICE.pdf,pdfix-unable-to-open
courts/default/documents/CRS-SP-345-Attachment-3-Vendors-Acceptance-of-the-RFPs-Contract-Terms.pdf,pdfix-unable-to-open
courts/default/documents/RFP-FS-2022-13-XC-Notice-Of-Shortlist-For-Interviews.pdf,pdfix-unable-to-open
courts/default/documents/facility-opmod-rfp-payee.pdf,pdfix-unable-to-open
courts/default/documents/manprocfair-rfp-attf_0.pdf,pdfix-unable-to-open
courts/default/documents/CRS-SP-196-Attachment-2-Hotel-Agreement.pdf,pdfix-unable-to-open
courts/default/documents/evaljustcorps-rfp-qna.pdf,pdfix-unable-to-open
courts/default/documents/CFCC-02-16-LV-Attachment-2-CONTRACT-TERMS-AND-CONDITIONS.pdf,pdfix-unable-to-open
courts/default/documents/FS-2017-20-BD-RFP.pdf,pdfix-unable-to-open
courts/default/documents/CJER-201601-1-JR-Attachment-11.pdf,pdfix-unable-to-open
courts/default/documents/CRSEG127-Intent-to-Award.pdf,pdfix-unable-to-open
courts/default/documents/AS-2022-37-DM-Intent-To-Award.pdf,pdfix-unable-to-open
courts/default/documents/CRS-EG-058-RFP-Hotel-FULL-SERVICE.pdf,pdfix-unable-to-open
courts/default/documents/adminctintexam-rfp-attd_0.pdf,pdfix-unable-to-open
courts/default/documents/Attach-1-Administrative-Rules.pdf,pdfix-unable-to-open
courts/default/documents/CRS-SP-165-Attachment-1-Admin-Rules-Non-IT-Services.pdf,pdfix-unable-to-open
courts/default/documents/lglsvctcfa_0.pdf,pdfix-unable-to-open
courts/default/documents/Attachment-S-Master-Answers-to-Questions-Submitted-Week-Ending-10-14-22r1.pdf,pdfix-unable-to-open
courts/default/documents/sasvssmp-rfp-add4_0.pdf,pdfix-unable-to-open
courts/default/documents/elkins-rfp-notice.pdf,pdfix-unable-to-open
courts/default/documents/RFP-BAP23-155RB-Attach-1-Admin-Rules.pdf,pdfix-unable-to-open
courts/default/documents/paperaddendum1_0.pdf,pdfix-unable-to-open
courts/default/documents/RFP-FS-2021-02-BD-Attachment-P21-Existing-Roof-Drawings-95-Percent-CD.pdf,pdfix-unable-to-open
courts/default/documents/CRS-SP-293-Attachment-4-Darfur-Contracting-ACT.pdf,pdfix-unable-to-open
courts/default/documents/jcstakedatarfp-qa_0.pdf,pdfix-unable-to-open
courts/default/documents/GA-2017-40-RB-Attachment-5-Darfur.pdf,pdfix-unable-to-open
courts/default/documents/JBWCP-2019-08-DM-Attachment-6-Payee-Data-Record-Form.pdf,pdfix-unable-to-open
courts/default/documents/3dcarfp201203_Attachment4USBTInsuranceRequirements.pdf,pdfix-unable-to-open
courts/default/documents/IFB-Supreme-041516-MDS-Attachment-3.pdf,pdfix-unable-to-open
courts/default/documents/ecm-rfp-add2.pdf,pdfix-unable-to-open
courts/default/documents/OCCM-2012-01-CC-ATTACHMENT-4.pdf,pdfix-unable-to-open
courts/default/documents/cscac-20211203-agenda.pdf,pdfix-unable-to-open
courts/default/documents/CJS-2018-05-CD-QA.pdf,pdfix-unable-to-open
courts/default/documents/techstaff-augment-rfp-attachg.pdf,pdfix-unable-to-open
courts/default/documents/BSU-2013-01-GW-Attachment-6-Pricing-Form.pdf,pdfix-unable-to-open
courts/default/documents/ASU-EG-004-SS-Attachment-2.pdf,pdfix-unable-to-open
courts/default/documents/offsupp-rfp-attb.pdf,pdfix-unable-to-open
courts/default/documents/CRS-PD-258-Attachment-2-JCC-Hotel-Agreement-Template-asai19.pdf,pdfix-unable-to-open
courts/default/documents/ccms-rfp-qa3_0.pdf,pdfix-unable-to-open
courts/default/documents/CRS-SP-366-Attachment-6-Conflict-of-Interest-Certification-form.pdf,pdfix-unable-to-open
courts/default/documents/eniaconsult-rfp-attach2.pdf,pdfix-unable-to-open
courts/default/documents/phoenix-rfp-add2.pdf,pdfix-unable-to-open
courts/default/documents/RFPFS202301MB-Attach-14-Fire-Sprinkler-Study_0.pdf,pdfix-unable-to-open
courts/default/documents/BAP-2020-14-DM-Intent-To-Award.pdf,pdfix-unable-to-open
courts/default/documents/CFCC-2012-03-RB-Attachment-1-Admin-Rules.pdf,pdfix-unable-to-open
courts/default/documents/swsecurityscreen-rfp-attach7.pdf,pdfix-unable-to-open
courts/default/documents/REFM-2016-04-JP-Intent-to-Award.pdf,pdfix-unable-to-open
courts/default/documents/RFQ-FS-2019-01-DGF-Attach-E-Master-Contract-Final.pdf,pdfix-unable-to-open
courts/default/documents/CRS-PD-111-Attachment-1-Admin-Rules-Non-IT-Services2.pdf,pdfix-unable-to-open
courts/default/documents/FSO-JOC-Services-2017-08-JP-LA-Pre-bid-Presentation-Sign-In.pdf,pdfix-unable-to-open
courts/default/documents/famlawworkres-rfp-attach4.pdf,pdfix-unable-to-open
courts/default/documents/ASU-EG-003-SS-Attachment-7.pdf,pdfix-unable-to-open
courts/default/documents/RFPFS202214MB-Attach-6-Darfur-Certification.pdf,pdfix-unable-to-open
courts/default/documents/refmsdis-rfp.pdf,pdfix-unable-to-open
courts/default/documents/RFP-CFCC23-159RB-Attach-7A-Iran.pdf,pdfix-unable-to-open
courts/default/documents/CRS-AU-099-RFP-Hotel-FULL-SERVICE-AB1058-CSTC.pdf,pdfix-unable-to-open
courts/default/documents/CRS-AK-423-Attachment-2-JCC_Hotel_Agreement_Template-11-2023.pdf,pdfix-unable-to-open
courts/default/documents/CRS-EG-387-RFP-Hotel-Full-Service.pdf,pdfix-unable-to-open
courts/default/documents/RFP-FS-2021-20-JP-Attachment-4-General-Certifications.pdf,pdfix-unable-to-open
courts/default/documents/IFB-IT23-151RB-Notice-of-Intent-to-Award.pdf,pdfix-unable-to-open
courts/default/documents/CRS-SP-064-Attachment-1-Admin-Rules-Non-IT-Services.pdf,pdfix-unable-to-open
courts/default/documents/preconstsvc-rfp-attache-rev_0.pdf,pdfix-unable-to-open
courts/default/documents/CRS-SP-271-Attachment-3-Vendors-Acceptance-of-the-RFPs-Contract-Terms.pdf,pdfix-unable-to-open
courts/default/documents/seismicrehabrfq-attc_0.pdf,pdfix-unable-to-open
courts/default/documents/facility-opmod-rfp-new.pdf,pdfix-unable-to-open
courts/default/documents/mamlakes-rfp-attf.pdf,pdfix-unable-to-open
courts/default/documents/JBCP-2015-06-BR-QA.pdf,pdfix-unable-to-open
courts/default/documents/occm-2011-19-jmg-Payee-Data-Form-final.pdf,pdfix-unable-to-open
courts/default/documents/crs-sp-057-Attachment-2-AOC-Hotel-Agreement-Template.pdf,pdfix-unable-to-open
courts/default/documents/sejuvdepct-qdata-rfp-att3_0.pdf,pdfix-unable-to-open
courts/default/documents/FSO-GC-Services-IDIQ-2018-01-JP-Schedule-Events-Revised.pdf,pdfix-unable-to-open
courts/default/documents/ecm-rfp-att4.pdf,pdfix-unable-to-open
courts/default/documents/RFP-FS-SP-2019-03-JP-Appendix-A-Questions-and-Answers-Master-10-29-19.pdf,pdfix-unable-to-open
courts/default/documents/RFP-FS-SP-2019-03-JP-Appendix-A-Questions-and-Answers-Addendum-3.pdf,pdfix-unable-to-open
courts/default/documents/HCRC-CCS-17-22RB-Attachment-7-DVBE-Bidder-Declaration.pdf,pdfix-unable-to-open
courts/default/documents/newlbcourt-rfq2_0.pdf,pdfix-unable-to-open
courts/default/documents/devdraftpol-rfp-award_0.pdf,pdfix-unable-to-open
courts/default/documents/statecopy-rfp.pdf,pdfix-unable-to-open
courts/default/documents/ccms-program-rfp-attach4.pdf,pdfix-unable-to-open
courts/default/documents/RFP-FS-2022-01-MB-Attach-E-Darfur-Cert.pdf,pdfix-unable-to-open
courts/default/documents/RFP-Cancellation-Notice_pjceo20.pdf,pdfix-unable-to-open
courts/default/documents/offsupp-rfp-add2.pdf,pdfix-unable-to-open
courts/default/documents/REFM-2016-15-RP-Notice-Intent-to-Award.pdf,pdfix-unable-to-open
courts/default/documents/RFP-HR-2023-02-LV-Attachment-1-Administrative-Rules-Governing-RFPS.pdf,pdfix-unable-to-open
courts/default/documents/CRS-PD-124-Intent-to-Award-September-2015.pdf,pdfix-unable-to-open
courts/default/documents/ITSO-17-04-RBB-Attachment-2-Std-Agreement.pdf,pdfix-unable-to-open
courts/default/documents/CRS-AK-394-Attachment-3-Vendors-Acceptance-of-the-RFPs-Contract-Terms.pdf,pdfix-unable-to-open
courts/default/documents/RFP-FS-2022-13-XC-Attach-7-Architect-Engineer-Qualifications.pdf,pdfix-unable-to-open
courts/default/documents/IT23-153RB-Exh-E-Reporting.pdf,pdfix-unable-to-open
courts/default/documents/repjuvdep-sanjoaqrfp-appa.pdf,pdfix-unable-to-open
courts/default/documents/RFP-FS-2022-13-XC_Request-For-Proposals.pdf,pdfix-unable-to-open
courts/default/documents/CRS-PD-082-Attachment-2-AOC-Hotel-Agreement.pdf,pdfix-unable-to-open
courts/default/documents/REFM-2016-27-BD-Attach-2-Scope-of-Work-Revision-2.pdf,pdfix-unable-to-open
courts/default/documents/CRS-EG-384-Intent-to-Award.pdf,pdfix-unable-to-open
courts/default/documents/RFP-BAP23-155RB-Attach-2-Std-Agrmt.pdf,pdfix-unable-to-open
courts/default/documents/IT-2023-58-DM-Attachment-1-Administrative-Rules.pdf,pdfix-unable-to-open
courts/default/documents/IFB-ISD-9202017-AA-Attachment-10-Std204-Payee-Data-Record.pdf,pdfix-unable-to-open
courts/default/documents/publish-rfp-qna_0.pdf,pdfix-unable-to-open
courts/default/documents/ASU-TD-014-Attachment-2-AOC-Hotel-Agreement-Template-10-26-11.pdf,pdfix-unable-to-open
courts/default/documents/CRS-EG-178-Attachment-RFP-Hotel-ROOM-BLOCK.pdf,pdfix-unable-to-open
courts/default/documents/RFP-FS-2021-21-KO-Attachment-A-Administrative-Rules-Governing.pdf,pdfix-unable-to-open
courts/default/documents/CRS-SP-372-Attachment-2-JCC-Hotel-Agreement-Template.pdf,pdfix-unable-to-open
courts/default/documents/IT-2020-64-RB-Attach-12-Travel-Expense-Policy.pdf,pdfix-unable-to-open
courts/default/documents/CRS-EG-256-Attachment-2-JCC-Hotel-Agreement-Template.pdf,pdfix-unable-to-open
courts/default/documents/ASU-EG-002-SS-Attachment-3-Vendors-Acceptance-of-the-RFPs-Contract-Terms.pdf,pdfix-unable-to-open
courts/default/documents/1DCA-19-54-RB-Attach-11-References.pdf,pdfix-unable-to-open
courts/default/documents/3dcarfp201401_Attachment4_GeneralCertifications.pdf,pdfix-unable-to-open
courts/default/documents/CRSSP056-Attachment-7-Conflict-of-Interest-Certification-form.pdf,pdfix-unable-to-open
courts/default/documents/RFP-JBWCP-HR-021101-RB.pdf,pdfix-unable-to-open
courts/default/documents/CRS-TD-033Attachment_2_AOC_Hotel_Agreement_Template_10-26-11.pdf,pdfix-unable-to-open
courts/default/documents/LSS-2023-04-LV-Attachment-1-Administrative-Rules-Governing-RFPS.pdf,pdfix-unable-to-open
courts/default/documents/CFCC23-163RB-Attach-6A-std204.pdf,pdfix-unable-to-open
courts/default/documents/cscscodadd3_0.pdf,pdfix-unable-to-open
courts/default/documents/constman-rfq-vdf_0.pdf,pdfix-unable-to-open
courts/default/documents/3dcarfp201203_Attachment3AcceptanceofTermsandConditions.pdf,pdfix-unable-to-open
courts/default/documents/FSO-2018-17-JR-Attachment-6-Sample-OCIP-Manual.pdf,pdfix-unable-to-open
courts/default/documents/evaljustcorps-rfp-attlist_0.pdf,pdfix-unable-to-open
courts/default/documents/precon-porterville-rfq-attachh.pdf,pdfix-unable-to-open
courts/default/documents/CRS-TD-033Attachment_3_Vendors_Acceptance_of_the_RFPs_Contract_Terms_no_change_by_td.pdf,pdfix-unable-to-open
courts/default/documents/CRS-SP-071-Attachment-1-Admin-Rules-Non-IT-Services.pdf,pdfix-unable-to-open
courts/default/documents/RFP-FS-2021-05-MB-Attachment-N-General-Certs.pdf,pdfix-unable-to-open
courts/default/documents/CRS-SP-406-RFP-Hotel-FULL-SERVICE.pdf,pdfix-unable-to-open
courts/default/documents/aoclanwanprojman-rfp-intent.pdf,pdfix-unable-to-open
courts/default/documents/JCC-2019-01-CD-Intent-To-Award.pdf,pdfix-unable-to-open
courts/default/documents/titleescrow-rfp-questions_0.pdf,pdfix-unable-to-open
courts/default/documents/evaljustcorps-rfp-att3.pdf,pdfix-unable-to-open
courts/default/documents/RFP-FS-2022-02-MB-Answers-to-Submitted-Questions.pdf,pdfix-unable-to-open
courts/default/documents/tvsignal-services-rfp-attach4.pdf,pdfix-unable-to-open
courts/default/documents/CRS-PD-188-Attachment-4-Darfur-Contracting-ACT-NJO.pdf,pdfix-unable-to-open
courts/default/documents/statebasedcs-rfp-list_0.pdf,pdfix-unable-to-open
courts/default/documents/clik-system-dev-rfp-attach3.pdf,pdfix-unable-to-open
courts/default/documents/CFCC-2022-02-TQ-Attachment-6-Payee-Data-Record.pdf,pdfix-unable-to-open
courts/default/documents/CFCC-10-11-LM-Exhibit-D-Contractors-Key-Personnel.pdf,pdfix-unable-to-open
courts/default/documents/dcqual-rfp-slsched.pdf,pdfix-unable-to-open
courts/default/documents/42-RFP-13-14-04_Housekeeping-Janitorial_Main-RFP.pdf,pdfix-unable-to-open
courts/default/documents/evalcivinst-rfp_0.pdf,pdfix-unable-to-open
courts/default/documents/4-12-Kings-Exhibit-B-Bail-Calculation-and-Recalculation-Process.pdf,pdfix-unable-to-open
courts/default/documents/REFM-2016-15-RP-Attachment-11.pdf,pdfix-unable-to-open
courts/default/documents/RFPFS202307KO-1.0-RFP.pdf,pdfix-unable-to-open
courts/default/documents/caseflow_0.pdf,pdfix-unable-to-open
courts/default/documents/attachmentb.pdf,pdfix-unable-to-open
courts/default/documents/CFCC-2019-08-MS-Attachment-3-Proposer-Acceptance-of-the-General-Terms-and-Conditions.pdf,pdfix-unable-to-open
courts/default/documents/RFP-CFCC-2023-08-LP-Attachment-6B-STD205-Payee-Data-Record-Supplement.pdf,pdfix-unable-to-open
courts/default/documents/COA2D-1-2014-Attachment-1-Standard-Terms-and-Conditions.pdf,pdfix-unable-to-open
courts/default/documents/RFQFS202205MB-Attach-5a-Payee-Data-Record_0.pdf,pdfix-unable-to-open
courts/default/documents/CFCC-031814-LCDR-CF_Att-3_Acceptance.pdf,pdfix-unable-to-open
courts/default/documents/CFCC-2021-11-LV-RFP-Attorney-Translation-Consultant.pdf,pdfix-unable-to-open
courts/default/documents/CRS-PD-321-Intent-to-Award-dvi20.pdf,pdfix-unable-to-open
courts/default/documents/CRS-PD-188-Attachment-RFP-Hotel-MULTIPLE-AWARDS-NJO.pdf,pdfix-unable-to-open
courts/default/documents/jcftrans-rfp-qa_0.pdf,pdfix-unable-to-open
courts/default/documents/CRS-PD-273-Attachment-4-Darfur-Contracting-ACT-febpao19.pdf,pdfix-unable-to-open
courts/default/documents/CRS-SP-259-Attachment-1-Admin-Rules-Non-IT-Services.pdf,pdfix-unable-to-open
courts/default/documents/ccmsrfp_0.pdf,pdfix-unable-to-open
courts/default/documents/IFB-IT-3770-AA-Intent-to-Award-Posting.pdf,pdfix-unable-to-open
courts/default/documents/RFP-BAP23-160RB-Attach-8-DVBE-Declaration.pdf,pdfix-unable-to-open
courts/default/documents/CFCC-012414-ACDR-CF-attachment-8-Lot-Ck-Off.pdf,pdfix-unable-to-open
courts/default/documents/Power-BI-Training-RFP-IT-2021-17-DM.pdf,pdfix-unable-to-open
courts/default/documents/stratcommrfp.pdf,pdfix-unable-to-open
courts/default/documents/CRS-SP-078-Attachment-2-AOC-Hotel-Agreement-Template.pdf,pdfix-unable-to-open
courts/default/documents/HRDRM-17-05-RBB-Attachment-3-Acceptance-of-Terms-and-Conditions.pdf,pdfix-unable-to-open
courts/default/documents/ASU-TD-014-Attachment-3-Vendors-Acceptance-of-the-RFPs-Contract-Terms-no-change-by-td.pdf,pdfix-unable-to-open
courts/default/documents/pilotdesign-shriver-rfp-attach2.pdf,pdfix-unable-to-open
courts/default/documents/CRS-PD-307-Attachment-2-JCC-Hotel-Agreement-Template_pjceo20.pdf,pdfix-unable-to-open
courts/default/documents/datacollect-collabresearch-rfp-attach2.pdf,pdfix-unable-to-open
courts/default/documents/facility-opmod-rfp-legal2.pdf,pdfix-unable-to-open
courts/default/documents/photoserv-rfq-intent-njo_0.pdf,pdfix-unable-to-open
courts/default/documents/CRS-SP-323-RFP-Hotel-ROOM-BLOCK.pdf,pdfix-unable-to-open
courts/default/documents/CRS-SP-197-Attachment-1-Admin-Rules-Non-IT-Services.pdf,pdfix-unable-to-open
courts/default/documents/FS-2017-02-BD-Attachment-1-Standard-Terms-and-Conditions.pdf,pdfix-unable-to-open
courts/default/documents/CRS-EG-314-Attachment-1-Admin-Rules-Non-IT-Services.pdf,pdfix-unable-to-open
courts/default/documents/FSO-2018-04-JR-Questions-and-Answers.pdf,pdfix-unable-to-open
courts/default/documents/ecm-rfp-pre.pdf,pdfix-unable-to-open
courts/default/documents/ADR-032814-RB-Translation-of-Videos-Attachment-6-Vendor-Payee-Data.pdf,pdfix-unable-to-open
courts/default/documents/CRS-SP-199-Intent-to-Award.pdf,pdfix-unable-to-open
courts/default/documents/cfccwebdev2-rfp_0.pdf,pdfix-unable-to-open
courts/default/documents/efadrfp.pdf,pdfix-unable-to-open
courts/default/documents/CRS-EG-279-Attachment-2-JCC-Hotel-Agreement-Template.pdf,pdfix-unable-to-open
courts/default/documents/CFCC-22-127RB-RFP-Attach-9-DVBE-Bidder-Declaration.pdf,pdfix-unable-to-open
courts/default/documents/aesmcp-rfq-legal_0.pdf,pdfix-unable-to-open
courts/default/documents/lc-20210827-agenda.pdf,pdfix-unable-to-open
courts/default/documents/perfrel-rfp-intent_0.pdf,pdfix-unable-to-open
courts/default/documents/CRS-PD-321-Attachemnt-2-JCC-Hotel-Agreement-Template_dv20.pdf,pdfix-unable-to-open
courts/default/documents/FS-2018-18-RP-Attach-B-Standard-Agreement.pdf,pdfix-unable-to-open
courts/default/documents/tcworkmeth-rfp-attach5.pdf,pdfix-unable-to-open
courts/default/documents/FS-2018-19-RP-Attach-2-Standard-Agreement.pdf,pdfix-unable-to-open
courts/default/documents/CRS-SP-308-Attachment-3-Vendors-Acceptance-of-the-RFPs-Contract-Terms.pdf,pdfix-unable-to-open
courts/default/documents/RFP-HR-2022-10-LV-Attachment-3-Proposers-Acceptance-Terms-and-Conditions.pdf,pdfix-unable-to-open
courts/default/documents/JIP-2019-05-DM-California-Juror-Orientation-Video-RFP.pdf,pdfix-unable-to-open
courts/default/documents/CRS-PD-249-Attachment-6-Conflict-of-Interest-Certification-form-paooct18.pdf,pdfix-unable-to-open
courts/default/documents/snapshot-atta_0.pdf,pdfix-unable-to-open
courts/default/documents/RFP-ISD-05212018-AA-RFP-Computer-Equipment-Refresh.pdf,pdfix-unable-to-open
courts/default/documents/testadmin-rfp-intent_0.pdf,pdfix-unable-to-open
courts/default/documents/CRS-AK-393-Attachment-2-JCC-Hotel-Agreement-Template-9-2022.pdf,pdfix-unable-to-open
courts/default/documents/FSO-2017-21-HN-Notice-Intent-to-Award.pdf,pdfix-unable-to-open
courts/default/documents/IT-2019-61-RB-IranContractingAct.pdf,pdfix-unable-to-open
courts/default/documents/CRS-PD-096-Attachment-7-Conflict-of-Interest-Certification-form.pdf,pdfix-unable-to-open
courts/default/documents/Attachment-4-General-Certifications-Form-CFCC-2024-01-TQ-ASL.pdf,pdfix-unable-to-open
courts/default/documents/CRS-SP-281-Attachment-1-Admin-Rules-Non-IT-Services.pdf,pdfix-unable-to-open
courts/default/documents/publish-rfp-list_0.pdf,pdfix-unable-to-open
courts/default/documents/cscollsvcs-rfp-qna2_0.pdf,pdfix-unable-to-open
courts/default/documents/ADDENDUM-1-021422.pdf,pdfix-unable-to-open
courts/default/documents/CRS-PD-274-Cancellation-febpao20.pdf,pdfix-unable-to-open
courts/default/documents/CRS-SP-119-Attachment-2-JCC-Hotel-Agreement-Template.pdf,pdfix-unable-to-open
courts/default/documents/CRS-EG-207-Attachment-2-JCC-Hotel-Agreement-Template.pdf,pdfix-unable-to-open
courts/default/documents/HR-2023-54-DM-Attachment-1-Administrative-Rules.pdf,pdfix-unable-to-open
courts/default/documents/IFB-IT-2023-10-SB-QA.pdf,pdfix-unable-to-open
courts/default/documents/CRS-AU-134-Intent-to-Award-2015-Beyond-the-Bench.pdf,pdfix-unable-to-open
courts/default/documents/planreview-rfp.pdf,pdfix-unable-to-open
courts/default/documents/CRS-EG-359-RFP-Hotel-Room-Block.pdf,pdfix-unable-to-open
courts/default/documents/famlawworkres-rfp-add1.pdf,pdfix-unable-to-open
courts/default/documents/ccms-rfp-attend.pdf,pdfix-unable-to-open
courts/default/documents/childsupport-review-rfp-attach3.pdf,pdfix-unable-to-open
courts/default/documents/CRS-PD-105-Attachment-1-Admin-Rules.pdf,pdfix-unable-to-open
courts/default/documents/CRS-PD-167-Attachment-6-Conflict-of-Interest-Certification-form-AB-1058.pdf,pdfix-unable-to-open
courts/default/documents/LSO-ADR-06-LM-Attachment-6-Conflict-of-Interest-Certification-Form.pdf,pdfix-unable-to-open
courts/default/documents/youthpeer2009-rfp-nonaward.pdf,pdfix-unable-to-open
courts/default/documents/RFP-BAP23-160RB-Notice-of-Intent-to-Award.pdf,pdfix-unable-to-open
courts/default/documents/RFP-FS-2023-05-XC-Attach-9-Internal-Background-Check-Policy.pdf,pdfix-unable-to-open
courts/default/documents/IT-2021-17-DM-Non-Cost-Proposals-Scores.pdf,pdfix-unable-to-open
courts/default/documents/HRS-03-13-SS-Attachment-7-Conflict-of-Interest.pdf,pdfix-unable-to-open
courts/default/documents/ergoassess-rfp-attachd.pdf,pdfix-unable-to-open
courts/default/documents/CFCC-2021-91RB-Attachment-8-Bidder-Declaration.pdf,pdfix-unable-to-open
courts/default/documents/RFP-CFCC-2023-11-LP-Attachment-6A-STD204-Payee-Data-Record.pdf,pdfix-unable-to-open
courts/default/documents/IT-DMS-2016-01-MDS-attachment-2.pdf,pdfix-unable-to-open
courts/default/documents/CRS-SP-239-Attachment-3-Vendors-Acceptance-of-the-RFPs-Contract-Terms.pdf,pdfix-unable-to-open
courts/default/documents/efilingdeploy-rfp-intent.pdf,pdfix-unable-to-open
courts/default/documents/CRS-AK-382-Attachment-1-Admin-Rules-Non-IT-Services.pdf,pdfix-unable-to-open
courts/default/documents/envservrfq-add1_0.pdf,pdfix-unable-to-open
courts/default/documents/themissdp-rfp-attach1.pdf,pdfix-unable-to-open
courts/default/documents/ccjcrtc-rfp-attach2d.pdf,pdfix-unable-to-open
courts/default/documents/preconstsvc-rfp-attachg_0.pdf,pdfix-unable-to-open
courts/default/documents/preconstsvc-rfp-attachh.pdf,pdfix-unable-to-open
courts/default/documents/RFI-CFCC-2023-51-DM-Juvenile-Dependency-Legal-Representation.pdf,pdfix-unable-to-open
courts/default/documents/RFP-FS-2021-07-BD-Revision3.pdf,pdfix-unable-to-open
courts/default/documents/gcportola-rfq-add2_0.pdf,pdfix-unable-to-open
courts/default/documents/CRS-PD-172-Attachment-RFP-Hotel-ROOM-BLOCK-PAOEAC-June-2016.pdf,pdfix-unable-to-open
courts/default/documents/CFCC-2016-11-RBB-Attachment-1-Admin-Rules.pdf,pdfix-unable-to-open
courts/default/documents/RFP-LSS-2021-26-DM-Attachment-6-Payee-Data-Record.pdf,pdfix-unable-to-open
courts/default/documents/planrevsanbern-rfp-intent.pdf,pdfix-unable-to-open
courts/default/documents/jseinterface-rfi.pdf,pdfix-unable-to-open
courts/default/documents/IT-2019-60-RB-RFP-Appendix-D1-Cost-Proposal-Instructions.pdf,pdfix-unable-to-open
courts/default/documents/RFP-CFCC23-159RB-Attach-6A-Std204.pdf,pdfix-unable-to-open
courts/default/documents/RFP-2023-56-DM-Intent-To-Award.pdf,pdfix-unable-to-open
courts/default/documents/snapshotrfp_0.pdf,pdfix-unable-to-open
courts/default/documents/CFCC-23-141RB-Attach-7-DVBE-Declaration.pdf,pdfix-unable-to-open
courts/default/documents/ecm_add_1_appendix_j_technical_administrative_requirements_0.pdf,pdfix-unable-to-open
courts/default/documents/idtrfp.pdf,pdfix-unable-to-open
courts/default/documents/evalcivinst-rfp-attb_0.pdf,pdfix-unable-to-open
courts/default/documents/RFP-FS-SP-2019-03-JP-Notice-of-Intent-to-Award-NCRO-and-SRO.pdf,pdfix-unable-to-open
courts/default/documents/CRS-PD-123-Attachment-2-JCC-Hotel-Agreement.pdf,pdfix-unable-to-open
courts/default/documents/HR-2020-24-CD-Attachment-6-Payee-Data-Record-Form.pdf,pdfix-unable-to-open
courts/default/documents/CRS_AK_426_Intent_to_Award.pdf,pdfix-unable-to-open
courts/default/documents/HRS-03-13-SS-Notice-of-Award-Posting.pdf,pdfix-unable-to-open
courts/default/documents/CRS-PD-205-Intent-to-Award-CACCA-2017.pdf,pdfix-unable-to-open
courts/default/documents/rfp_tv_attachment_4_payee_data_record_form__std_204_2003__0.pdf,pdfix-unable-to-open
courts/default/documents/OCR23-152RB-Attach-3-Accept-of-TCs.pdf,pdfix-unable-to-open
courts/default/documents/CRS-PD-251-RFP-Hotel-FULL-SERVICE_ab105818.pdf,pdfix-unable-to-open
courts/default/documents/stream_vid_rfp_att4_0.pdf,pdfix-unable-to-open
courts/default/documents/CRSSP045Attachment7.pdf,pdfix-unable-to-open
courts/default/documents/CRS-SP-165-Attachment-3-Vendors-Acceptance-of-the-RFPs-Contract-Terms.pdf,pdfix-unable-to-open
courts/default/documents/materialtest-inspection-rfp-attachc.pdf,pdfix-unable-to-open
courts/default/documents/legsvcsp3-rfp_intent.pdf,pdfix-unable-to-open
courts/default/documents/AS-2022-37-DM-Non-Cost-Proposals-Scores.pdf,pdfix-unable-to-open
courts/default/documents/dm-rfp-att4.pdf,pdfix-unable-to-open
courts/default/documents/CRS-EG-422-Attachment-2-JCC-Hotel-Agreement.pdf,pdfix-unable-to-open
courts/default/documents/jbwcp-services-rfp-qna.pdf,pdfix-unable-to-open
courts/default/documents/netinfra-rfp.pdf,pdfix-unable-to-open
courts/default/documents/CFCC23-164B-Notice-of-Intent-to-Award.pdf,pdfix-unable-to-open
courts/default/documents/CFCC-2016-16-RBB-RFP.pdf,pdfix-unable-to-open
courts/default/documents/FS-2019-09-BD-RFP-Addendum-2.pdf,pdfix-unable-to-open
courts/default/documents/CRS-SP-265-Attachment-4-Darfur-Contracting-ACT.pdf,pdfix-unable-to-open
courts/default/documents/RFP-BAP23-155RB.pdf,pdfix-unable-to-open
courts/default/documents/RFPFS202125AL-Attach-5-General-Certs.pdf,pdfix-unable-to-open
courts/default/documents/facconpp_addendum2.pdf,pdfix-unable-to-open
courts/default/documents/cscollsvcs-rfp-add1_0.pdf,pdfix-unable-to-open
courts/default/documents/OREFM-2013-06-CC-Addendum-2-Updates-to-RFP.pdf,pdfix-unable-to-open
courts/default/documents/RFP-BAP23-160RB-Attach-1-Admin-Rules.pdf,pdfix-unable-to-open
courts/default/documents/ADDENDUM1REVISEDSCHEDULEOFEVENTS.pdf,pdfix-unable-to-open
courts/default/documents/adminctintexam-rfp.pdf,pdfix-unable-to-open
courts/default/documents/BAP24-166RB-RFP.pdf,pdfix-unable-to-open
courts/default/documents/RFP-FS-2021-04-MB-Attachment-J-STD204-Payee-Data-Record.pdf,pdfix-unable-to-open
courts/default/documents/TCAS-2021-01-MS-Attachment-7-Bidder-Declaration.pdf,pdfix-unable-to-open
courts/default/documents/CRS-PD-268-Attachment-1-Admin-Rules-Non-IT-Services-janpao20.pdf,pdfix-unable-to-open
courts/default/documents/dcqual-rfp-awd.pdf,pdfix-unable-to-open
courts/default/documents/itac-20240118-jisgs-notice-agenda-public.pdf,pdfix-unable-to-open
courts/default/documents/Intent-to-Award-Notice-JCSS-201301.pdf,pdfix-unable-to-open
courts/default/documents/RFP-FS-2021-02-BD-Attachment-L-Internal-Background-Check-Policy.pdf,pdfix-unable-to-open
courts/default/documents/COS-ODP-201604-PSK-2016-RFP-Language-Access-in-The-CA-Courts.pdf,pdfix-unable-to-open
courts/default/documents/RFP-CFCC-2022-33-DM-Juvenile-Mental-Health-Training.pdf,pdfix-unable-to-open
courts/default/documents/CFCC-22-132RB-Attach-9-DVBE-Bidder-Declaration.pdf,pdfix-unable-to-open
courts/default/documents/constrantct-rfp_atti.pdf,pdfix-unable-to-open
courts/default/documents/CRS-PD-085-Attachment-2-AOC-Hotel-Agreement.pdf,pdfix-unable-to-open
courts/default/documents/ccjcrtc-rfp.pdf,pdfix-unable-to-open
courts/default/documents/peercourtrfp-qa.pdf,pdfix-unable-to-open
courts/default/documents/precon-rfp-quest.pdf,pdfix-unable-to-open
courts/default/documents/RFP-FS-2021-21-KO-Attachment-E-Acceptance-of-Terms-and-Conditions.pdf,pdfix-unable-to-open
courts/default/documents/JBCP-CMS-S-2016-58-JP-RFP-Questions-and-Answers.pdf,pdfix-unable-to-open
courts/default/documents/CRS-PD-194-Attachment-2-JCC-Hotel-Agreement-Template-AJSI2017.pdf,pdfix-unable-to-open
courts/default/documents/cletsmms-rfp-atth_0.pdf,pdfix-unable-to-open
courts/default/documents/plainlanguagerfp.pdf,pdfix-unable-to-open
courts/default/documents/RFPFS202205MB-ADDENDUM-1.pdf,pdfix-unable-to-open
courts/default/documents/HR-2022-10-LV-Diversity-Recruitiment-Services-RFP-Revision-1.pdf,pdfix-unable-to-open
courts/default/documents/RFP-2023-56-DM-Technical-Scores.pdf,pdfix-unable-to-open
courts/default/documents/CRS-SP-051-Attachment-3-Vendors-Acceptance-of-the-RFPs-Contract-Terms.pdf,pdfix-unable-to-open
courts/default/documents/LSS-2019-15-CD-Attachment-6-Payee-Data-Record.pdf,pdfix-unable-to-open
courts/default/documents/testauditrfp.pdf,pdfix-unable-to-open
courts/default/documents/phoenix-rfp-resp-rev3.pdf,pdfix-unable-to-open
courts/default/documents/adminctintexam-rfp-atte.pdf,pdfix-unable-to-open
courts/default/documents/CRS-EG-173-Intent-to-Award.pdf,pdfix-unable-to-open
courts/default/documents/ecm-rfp-appa_0.pdf,pdfix-unable-to-open
courts/default/documents/HCRC-2018-48-RB-Attachment-6-Payee-Data.pdf,pdfix-unable-to-open
courts/default/documents/solanocourthouse-rfq-attachc.pdf,pdfix-unable-to-open
courts/default/documents/ASU-EG-004-SS-QA.pdf,pdfix-unable-to-open
courts/default/documents/REFM-2016-27-BD-Attach-1-FTP-Instructions.pdf,pdfix-unable-to-open
courts/default/documents/CJER-2018-02-DM-Intent-To-Award.pdf,pdfix-unable-to-open
courts/default/documents/Attach-5-General-Certifications-Form.pdf,pdfix-unable-to-open
courts/default/documents/JBCP-2014-06-BR-Attachment-6-Mitigation-Monitoring-Plan.pdf,pdfix-unable-to-open
courts/default/documents/enttestmgmt-rfp-att3_0.pdf,pdfix-unable-to-open
courts/default/documents/TCAS-2021-01-MS-Non-Cost-Scoring-Memo.pdf,pdfix-unable-to-open
courts/default/documents/CRS-SP-294-Attachment-1-Admin-Rules-Non-IT-Services.pdf,pdfix-unable-to-open
courts/default/documents/CRS-SP-073-RFP-Hotel-ROOM-BLOCK-ONLY.pdf,pdfix-unable-to-open
courts/default/documents/FS-2018-16-RP-Intent-to-Award.pdf,pdfix-unable-to-open
courts/default/documents/IFB-ISD-019277-AA-Netbackup-Appliance.pdf,pdfix-unable-to-open
courts/default/documents/CRS-SP-392-Attachment-4-Darfur-Contracting-ACT.pdf,pdfix-unable-to-open
courts/default/documents/HR-2013-01-RB_JBWC-TPA-Addendum-2.pdf,pdfix-unable-to-open
courts/default/documents/FSO-LA-Metro-Elevator-2017-11-JP-Attach-Q-Tool-Control-Policy.pdf,pdfix-unable-to-open
courts/default/documents/CRS-SP-354-Attachment-RFP-Hotel-FULL-SERVICE.pdf,pdfix-unable-to-open
courts/default/documents/statewide-translation11-rfp-attachc.pdf,pdfix-unable-to-open
courts/default/documents/CRS-EG89-Attachment-2-AOC-Hotel-Agreement-Template_Room-Block-Only_Master-Account.pdf,pdfix-unable-to-open
courts/default/documents/RFQ-FS-2019-01-DGF-Attach-I-Questions-and-AnswersR1.pdf,pdfix-unable-to-open
courts/default/documents/BS-2018-03-DM-Benchmarks-for-Statewide-Collection-Entities.pdf,pdfix-unable-to-open
courts/default/documents/sseattachmentc.pdf,pdfix-unable-to-open
courts/default/documents/RFP-FS-SP-2020-16-JP-Attachment-7-Price-Proposal-Eval.pdf,pdfix-unable-to-open
courts/default/documents/IT23-157RB-Attach-6-Std204.pdf,pdfix-unable-to-open
courts/default/documents/RFP-FS-2020-06-DF-Attach-G1-Payee-Data-Record.pdf,pdfix-unable-to-open
courts/default/documents/OGC-ADR-01A-LM-RFP.pdf,pdfix-unable-to-open
courts/default/documents/REFM-2016-27-BD-Request-for-Proposal-Revision-9.pdf,pdfix-unable-to-open
courts/default/documents/3dcarfp201203_Answers-to-Questions.pdf,pdfix-unable-to-open
courts/default/documents/youthpeer2009-rfp-attachb_0.pdf,pdfix-unable-to-open
courts/default/documents/CRS-AU-129-Attachment-3-Vendors-Acceptance-of-the-RFPs-Contract-Terms_AB-1058-2015.pdf,pdfix-unable-to-open
courts/default/documents/CRS-PD-096-Attachment-3-Vendors-Acceptance-of-the-RFPs-Contract-Terms.pdf,pdfix-unable-to-open
courts/default/documents/gcfmti-rfp-add1_0.pdf,pdfix-unable-to-open
courts/default/documents/cjdcls_n2a.pdf,pdfix-unable-to-open
courts/default/documents/IT-2019-60-RB-RFP-A3-TC-Acceptance.pdf,pdfix-unable-to-open
courts/default/documents/RFP-CFCC-2024-01-TQ-ASL-Final-Revised.pdf,pdfix-unable-to-open
courts/default/documents/preconstsvc-rfp-attache_0.pdf,pdfix-unable-to-open
courts/default/documents/ASU-TD-005-NN-Intent-to-Award.pdf,pdfix-unable-to-open
courts/default/documents/BAP-2022-07-SB-Attachment-6A_STD204.pdf,pdfix-unable-to-open
courts/default/documents/CFCC-201103-RB-Attachment-1-Admin-Rules.pdf,pdfix-unable-to-open
courts/default/documents/CFCC-2016-06-RBB-Attachment-2-Standard-Provisions.pdf,pdfix-unable-to-open
courts/default/documents/statewide-translation11-rfp-attacha.pdf,pdfix-unable-to-open
courts/default/documents/TCAS-2021-02-AJ-Attachment-12-Bidder-Declaration.pdf,pdfix-unable-to-open
courts/default/documents/CFCC-2016-15-RBB-Attachment-1-Admin-Rules.pdf,pdfix-unable-to-open
courts/default/documents/CRS-PD-272-Attachment-3-Vendors-Acceptance-of-the-RFPs-Contract-Terms-pjceo19.pdf,pdfix-unable-to-open
courts/default/documents/OAS-2018-06-CD-Attachment-6-Payee-Data-Record.pdf,pdfix-unable-to-open
courts/default/documents/CRS-SP-063-Attachment-2-AOC-Hotel-Agreement-Template.pdf,pdfix-unable-to-open
courts/default/documents/RFPFS202205MB-ADDENDUM-3.pdf,pdfix-unable-to-open
courts/default/documents/CRS-PD-332-Attachment-4-Darfur-Contracting-ACT_aji21.pdf,pdfix-unable-to-open
courts/default/documents/BAP-2017-02-MS-Notice-oF-Intent-to-Award.pdf,pdfix-unable-to-open
courts/default/documents/RFP-FS-2021-02-BD-Solar-Power-Purchase-Agreement.pdf,pdfix-unable-to-open
courts/default/documents/RFPFS202215KO-Attach-B-Agreement.pdf,pdfix-unable-to-open
courts/default/documents/IT23-157RB-Attach-4-Gen-Certs.pdf,pdfix-unable-to-open
courts/default/documents/IT-OPD-18-47-RB-Attachment-8-Bidder-Declaration.pdf,pdfix-unable-to-open
courts/default/documents/RFP-FS-2022-02-MB-Attach-G2-Payee-Data-Record-Supplement.pdf,pdfix-unable-to-open
courts/default/documents/aesmcp-rfq-vdf.pdf,pdfix-unable-to-open
courts/default/documents/CRS-SP-230-Attachment-1-Admin-Rules-Non-IT-Services.pdf,pdfix-unable-to-open
courts/default/documents/codequality-indassess-rfp-attach5.pdf,pdfix-unable-to-open
courts/default/documents/solanocourthouse-rfq-attacha.pdf,pdfix-unable-to-open
courts/default/documents/cjer-20220606-notice-agenda.pdf,pdfix-unable-to-open
courts/default/documents/MAPS-2015-04-PS-Attachment-2-Terms-and-Conditions.pdf,pdfix-unable-to-open
courts/default/documents/manprocfair-rfp-intent.pdf,pdfix-unable-to-open
courts/default/documents/evalcivinst-rfp-intent_0.pdf,pdfix-unable-to-open
courts/default/documents/Attachment-15-Work-Authorization0Sample.pdf,pdfix-unable-to-open
courts/default/documents/CRSSP052-Attachment-3-Vendors-Acceptance-of-the-RFPs-Contract-Terms.pdf,pdfix-unable-to-open
courts/default/documents/adminctintexam-rfp-attg.pdf,pdfix-unable-to-open
courts/default/documents/RFP-FS-2021-19-AL-QNA-Answers.pdf,pdfix-unable-to-open
courts/default/documents/RFP-CFCC-2012-01-RB-Questions-and-Answers.pdf,pdfix-unable-to-open
courts/default/documents/CFCC-2024-28-LV-Attachment-3-Proposers-Acceptance-of-Terms-and-Conditions.pdf,pdfix-unable-to-open
courts/default/documents/RFP-IT-2020-64-RB-Addendum-2.pdf,pdfix-unable-to-open
courts/default/documents/datacomm-projectmanagement-rfp.pdf,pdfix-unable-to-open
courts/default/documents/CRS-SP-187-Attachment-6-Conflict-of-Interest-Certification-form.pdf,pdfix-unable-to-open
courts/default/documents/CRS-EG-365-Attachment-7-Duty-of-Care-Questionnair.pdf,pdfix-unable-to-open
courts/default/documents/CFCC-10-11-LM-Table-of-Contents.pdf,pdfix-unable-to-open
courts/default/documents/RFP-FS-SP-2019-03-JP-Addendum-2.pdf,pdfix-unable-to-open
courts/default/documents/designservice-joaquin-rfq-attachb-sheet4.pdf,pdfix-unable-to-open
courts/default/documents/CRS-SP-112-RFP-Hotel-ROOM-BLOCK.pdf,pdfix-unable-to-open
courts/default/documents/brcpec-rfp.pdf,pdfix-unable-to-open
courts/default/documents/peercourtrfp.pdf,pdfix-unable-to-open
courts/default/documents/CRS-SP-126-Attachment-1-Admin-Rules-Non-IT-Services.pdf,pdfix-unable-to-open
courts/default/documents/cscscodrfp-attlist.pdf,pdfix-unable-to-open
courts/default/documents/CFCC-22-124RB-Attach-3-Accept-of-TCs.pdf,pdfix-unable-to-open
courts/default/documents/IFB-SAIC-JCC-001-Cisco-Firewall-Support-Renewal.pdf,pdfix-unable-to-open
courts/default/documents/CRS-SP-409-Attachment-1-Admin-Rules-Non-IT-Services.pdf,pdfix-unable-to-open
courts/default/documents/RFP-FS-2021-11-AL-QNA.pdf,pdfix-unable-to-open
courts/default/documents/CRS-SP-318-RFP-Hotel-FULL-SERVICE.pdf,pdfix-unable-to-open
courts/default/documents/RFQ-FSO-2019-06-JP_Attach_K_Security_Badging_Policy.pdf,pdfix-unable-to-open
courts/default/documents/ASU-EG024-Attachment-7-Conflict-of-Interest-Certification-form.pdf,pdfix-unable-to-open
courts/default/documents/prequalchulavista-rfq-announce.pdf,pdfix-unable-to-open
courts/default/documents/CJER92013-LV-Notice-of-Award.pdf,pdfix-unable-to-open
courts/default/documents/offsupp-rfp-vol_0.pdf,pdfix-unable-to-open
courts/default/documents/statecopy-rfp-add2_0.pdf,pdfix-unable-to-open
courts/default/documents/phoenix-rfp-add6_v4_0.pdf,pdfix-unable-to-open
courts/default/documents/offsiterfp_0.pdf,pdfix-unable-to-open
courts/default/documents/CFCC-2021-21-DM-Attachment-1-Administrative-Rules-Governing.pdf,pdfix-unable-to-open
courts/default/documents/statebasedcs-rfp-qna_0.pdf,pdfix-unable-to-open
courts/default/documents/rfp082205_vdr-std204_0.pdf,pdfix-unable-to-open
courts/default/documents/CJER-2018-02-DM-Online-Course-Provider-Request-for-Proposal.pdf,pdfix-unable-to-open
courts/default/documents/oracupg.pdf,pdfix-unable-to-open
courts/default/documents/dm-rfp-att6.pdf,pdfix-unable-to-open
courts/default/documents/CRS-PD-216-Attachment-6-Conflict-of-Interest-Certification-form-PAODVC.pdf,pdfix-unable-to-open
courts/default/documents/RFP-Appellate-042216-HS-NOTICE-OF-INTENT-TO-AWARD.pdf,pdfix-unable-to-open
courts/default/documents/materialtest-inspection-rfp-attacha.pdf,pdfix-unable-to-open
courts/default/documents/CRSEG055-RFP-Hotel-FULL-SERVICE.pdf,pdfix-unable-to-open
courts/default/documents/RFPFS202205MB-Recorded_Covenant.pdf,pdfix-unable-to-open
courts/default/documents/CRSSP045Attachment5.pdf,pdfix-unable-to-open
courts/default/documents/publish-rfp-intent.pdf,pdfix-unable-to-open
courts/default/documents/CFCC-22-131RB-Attach-7-Unruh.pdf,pdfix-unable-to-open
courts/default/documents/CPAS-201102-RB-Attachment-7-Reference-Form.pdf,pdfix-unable-to-open
courts/default/documents/CRS-SP-338-Attachment-2-JCC-Hotel-Agreement-Template.pdf,pdfix-unable-to-open
courts/default/documents/CJER-18-44-RB-Attachment-2.pdf,pdfix-unable-to-open
courts/default/documents/REFM-2014-04-JMG-RFP-for-Title-Escrow-and-Related-Services.pdf,pdfix-unable-to-open
courts/default/documents/CRS-EG91-Attachment-2-AOC-Hotel-Agreement-Template_Room-Block-Only_Master-Account.pdf,pdfix-unable-to-open
courts/default/documents/CRS-PD-130-Attachment-3-Vendors-Acceptance-of-the-RFPs-Contract-Terms.pdf,pdfix-unable-to-open
courts/default/documents/bpr-rfp-att_b_terms_and_cond.pdf,pdfix-unable-to-open
courts/default/documents/3DCA212202_attachment5_PayeeDataRecordSupplement.pdf,pdfix-unable-to-open
courts/default/documents/ASU-DC-013-Attachment-5-Technical-Proposal.pdf,pdfix-unable-to-open
courts/default/documents/enttestmgmt-rfp-att1_0.pdf,pdfix-unable-to-open
courts/default/documents/OREFM-2013-JMG-04-Legal-Agreement-Rev-1.pdf,pdfix-unable-to-open
courts/default/documents/ergoassess-rfp-attachf.pdf,pdfix-unable-to-open
courts/default/documents/stream_vid_rfp_att4.pdf,pdfix-unable-to-open
courts/default/documents/preconstruct-risk-woodland-rfp-attachh.pdf,pdfix-unable-to-open
courts/default/documents/HR-LV-112015-Attachment-2-CONTRACT-TERMS-AND-CONDITIONS.pdf,pdfix-unable-to-open
courts/default/documents/IT-2023-50-DM-Non-Cost-Proposals-Scores.pdf,pdfix-unable-to-open
courts/default/documents/aesmcp-rfq-awards.pdf,pdfix-unable-to-open
courts/default/documents/CRS-EG-153-Attachment-2-JCC-Hotel-Agreement.pdf,pdfix-unable-to-open
courts/default/documents/IFB-BAP-06062017-RB-Attachment-9-payee-data-record.pdf,pdfix-unable-to-open
courts/default/documents/CRS-PD-307-Attachment-4-Darfur-Contracting-ACT-pjceo20.pdf,pdfix-unable-to-open
courts/default/documents/BS-2020-11-DM-QA-051220.pdf,pdfix-unable-to-open
courts/default/documents/Attachment-16-Foreign-Country-Access-Process-and-Forms-SAMPLE-DRAFT.pdf,pdfix-unable-to-open
courts/default/documents/CRS-SP-225-Attachment-1-Admin-Rules-Non-IT-Services.pdf,pdfix-unable-to-open
courts/default/documents/ASU-TD-005-NN-Attachment-2-AOC-Hotel-Agreement.pdf,pdfix-unable-to-open
courts/default/documents/BAP-2023-19-SB-Attachment-8-Specifications-and-Samples.pdf,pdfix-unable-to-open
courts/default/documents/RFP-BAP23-155RB-Attach-5-Darfur.pdf,pdfix-unable-to-open
courts/default/documents/3dcarfp070617_attachment4GeneralCertificationForms.pdf,pdfix-unable-to-open
courts/default/documents/preconstsvc-rfp-attachj.pdf,pdfix-unable-to-open
courts/default/documents/CRS-EG-364-Attachment-RFP-Hotel-Room-Block.pdf,pdfix-unable-to-open
courts/default/documents/CRS-SP-225-Attachment-4-Darfur-Contracting-ACT.pdf,pdfix-unable-to-open
courts/default/documents/app_ip_qa.pdf,pdfix-unable-to-open
courts/default/documents/REFM-2016-06-RP-Non-Cost-Scores.pdf,pdfix-unable-to-open
courts/default/documents/RFP-FS-2022-07-JP-San-Francisco-QA.pdf,pdfix-unable-to-open
courts/default/documents/CRS-PD-130-RFP-Hotel-FULL-SERVICE.pdf,pdfix-unable-to-open
courts/default/documents/childsupport-review-rfp-attach1.pdf,pdfix-unable-to-open
courts/default/documents/RFPFS202301MB-Attach-9b-STD205-Payee-Supplement.pdf,pdfix-unable-to-open
courts/default/documents/idiq-occm-rfq-payee.pdf,pdfix-unable-to-open
courts/default/documents/rfp_tv_signal_transmission_services_cjer-sb10-06-ss_0.pdf,pdfix-unable-to-open
courts/default/documents/FSO-2018-04-JR-Attachment-14-Tool-Control-Policy.pdf,pdfix-unable-to-open
courts/default/documents/constman-rfq-add1_0.pdf,pdfix-unable-to-open
courts/default/documents/ecm-rfp-appc_0.pdf,pdfix-unable-to-open
courts/default/documents/FS-2021-12-AL-Attach-12-Unruh-Certification.pdf,pdfix-unable-to-open
courts/default/documents/HCRC-SS-071216-Attachment-08.pdf,pdfix-unable-to-open
courts/default/documents/CRS-SP-338-Intent-to-Award-jc21.pdf,pdfix-unable-to-open
courts/default/documents/CRS-PD-336-Intent-to-Award-mar21_intercontinental.pdf,pdfix-unable-to-open
courts/default/documents/CRS-SP-391-Attachment-6-Conflict-of-Interest-Certification-form.pdf,pdfix-unable-to-open
courts/default/documents/docmanage-capture-rfi.pdf,pdfix-unable-to-open
courts/default/documents/facconpp-rfp-vdf_0.pdf,pdfix-unable-to-open
courts/default/documents/5yearreview-rfp-attachd_0.pdf,pdfix-unable-to-open
courts/default/documents/assessjurorutil-rfp-intent.pdf,pdfix-unable-to-open
courts/default/documents/REFM-2016-14-RP-2-Notice-Intent-to-Award.pdf,pdfix-unable-to-open
courts/default/documents/cjcac-20210811-notice-agenda.pdf,pdfix-unable-to-open
courts/default/documents/CR-2019-04-LV-Attach-2-Standard-Agreement.pdf,pdfix-unable-to-open
courts/default/documents/JBCP-2015-11-JT-Addendum-1.pdf,pdfix-unable-to-open
courts/default/documents/feltrial-rfp-supmanual_0.pdf,pdfix-unable-to-open
courts/default/documents/cscac-20211102-pos-notice.pdf,pdfix-unable-to-open
courts/default/documents/CJER-030614-OSCSF-CF_Notice-of-Intent-to-Award.pdf,pdfix-unable-to-open
courts/default/documents/CFCC-2020-67-RB-Attach-8-DVBE-Bidder-Declaration.pdf,pdfix-unable-to-open
courts/default/documents/ciap_notice_and_agenda_20240207_final.pdf,pdfix-unable-to-open
courts/default/documents/BAP24-166RB-Attach-11-DVBE-Declaration.pdf,pdfix-unable-to-open
courts/default/documents/CRS-SP-324-Attachment-1-Admin-Rules-Non-IT-Services.pdf,pdfix-unable-to-open
courts/default/documents/FS-2019-07-DGF-Notice-Answer-to-Questions.pdf,pdfix-unable-to-open
courts/default/documents/CRS-EG-095-Attachment-2-AOC-Hotel-Agreement-Template_Room-Block-Only_Master-Account.pdf,pdfix-unable-to-open
courts/default/documents/ASU-DC-007-NN-Attachment-2-AOC-Standard-Terms-and-Conditions.pdf,pdfix-unable-to-open
courts/default/documents/RFP-FS-2022-09-XC-Attachment-A-Administrative-Rules.pdf,pdfix-unable-to-open
courts/default/documents/ecm_add_1_rfp_isd2006ecm-ss_enterprise_content_management.pdf,pdfix-unable-to-open
courts/default/documents/tempserv-rfp_att_f_payee_data_record_form_std_204_2003.pdf,pdfix-unable-to-open
courts/default/documents/CRS-AK-429-Attachment-2-JCC_Hotel_Agreement_Template-11-2023.pdf,pdfix-unable-to-open
courts/default/documents/precon-porterville-rfq-add3qna.pdf,pdfix-unable-to-open
courts/default/documents/CFCC-04-13-LM-Attachment-2-Contract-Terms-and-Conditions.pdf,pdfix-unable-to-open
courts/default/documents/BAP-22-125RB-Attach-7-Unruh.pdf,pdfix-unable-to-open
courts/default/documents/TCAS-2020-03-MS-Attachment-1-Admin-Rules.pdf,pdfix-unable-to-open
courts/default/documents/RFP-FS-2022-07-JP-Attachment-J1-DVBE-Declaration.pdf,pdfix-unable-to-open
courts/default/documents/phoenix-rfp-section8.pdf,pdfix-unable-to-open
courts/default/documents/CRS-AK-402-Intent-to-Award.pdf,pdfix-unable-to-open
courts/default/documents/RFP-FS-SP-2020-16-JP-Attachment-13-New-Asbestos-Mgm.pdf,pdfix-unable-to-open
courts/default/documents/RFP-FS-2022-05-MB-Answers-to-Submitted-Questions.pdf,pdfix-unable-to-open
courts/default/documents/RFP-FS-2021-21-KO-Attachment-L-Form-for-Submission-of-Questions.pdf,pdfix-unable-to-open
courts/default/documents/JBCP-2016-07-CP-Attachment-10.pdf,pdfix-unable-to-open
courts/default/documents/OCCM-2010-25-JMG-RFP-10-05-10.pdf,pdfix-unable-to-open
courts/default/documents/ASU-EG019-Attachment-7-Conflict-of-Interest-Certification-form.pdf,pdfix-unable-to-open
courts/default/documents/CRS-SP-159-Attachment-2-Hotel-Agreement-Template.pdf,pdfix-unable-to-open
courts/default/documents/CFCC-22-131RB-Attach-6-Payee-Data-Record.pdf,pdfix-unable-to-open
courts/default/documents/FS-2018-15-RP-RFP.pdf,pdfix-unable-to-open
courts/default/documents/costest-rfp.pdf,pdfix-unable-to-open
courts/default/documents/COM-LSD-201504-JR-Questions-and-Answers.pdf,pdfix-unable-to-open
courts/default/documents/clik-system-dev-rfp-attach1.pdf,pdfix-unable-to-open
courts/default/documents/RFP-REFM-SC-AV-Streaming-2016-61-JP-RFP.pdf,pdfix-unable-to-open
courts/default/documents/CRSEG186-Intent-to-Award.pdf,pdfix-unable-to-open
courts/default/documents/eniaconsult-rfp-attach4_0.pdf,pdfix-unable-to-open
courts/default/documents/psftug_0.pdf,pdfix-unable-to-open
courts/default/documents/phoenix-rfp-appendb-02_0.pdf,pdfix-unable-to-open
courts/default/documents/evaljustcorps-rfp-att1.pdf,pdfix-unable-to-open
courts/default/documents/RFQ-FS-2021-26-AL-Attachment-1-Prequalification-Questionnaire-ADDENDUM-1.pdf,pdfix-unable-to-open
courts/default/documents/CFCC-22-124RB-Attach-9-DVBE-Declaration.pdf,pdfix-unable-to-open
courts/default/documents/CRS-SP-431-RFP-Hotel-ROOM-BLOCK.pdf,pdfix-unable-to-open
courts/default/documents/REFM-2016-15-RP-Attachment-13.pdf,pdfix-unable-to-open
courts/default/documents/RFP-HR-2023-02-LV-Employee-Assistance-Program_2.pdf,pdfix-unable-to-open
courts/default/documents/archeng-rfq-slistfirms_0.pdf,pdfix-unable-to-open
courts/default/documents/10yearslater-rfp-add1_0.pdf,pdfix-unable-to-open
courts/default/documents/vps_rfp_addendum_0.pdf,pdfix-unable-to-open
courts/default/documents/CFCC-2016-12-RBB-Attachment-2-Standard-Provisions.pdf,pdfix-unable-to-open
courts/default/documents/CRS-SP-324-Attachment-4-Darfur-Contracting-ACT.pdf,pdfix-unable-to-open
courts/default/documents/CRS-EG-103-Attachment-2-AOC-Hotel-Agreement-Template_Room-Block-Only_Master-Account.pdf,pdfix-unable-to-open
courts/default/documents/thirdparty-rfp.pdf,pdfix-unable-to-open
courts/default/documents/IT-2021-94RB-RFP-Attach-6-Payee-Data.pdf,pdfix-unable-to-open
courts/default/documents/CRS-PD-138-Intent-to-Award-PAO.pdf,pdfix-unable-to-open
courts/default/documents/CRS-PD-167-Intent-to-Award-AB-1058.pdf,pdfix-unable-to-open
courts/default/documents/CRS-PD-224-Intent-to-Award-eacmar18.pdf,pdfix-unable-to-open
courts/default/documents/JBCP-2016-01-JMG-Attachment-A-Project-Description.pdf,pdfix-unable-to-open
courts/default/documents/CRS-PD-298-Attachment-2-JCC-Hotel-Agreement-Template-septpao19.pdf,pdfix-unable-to-open
courts/default/documents/FSO-2017-12-RP-Attachment-G-Scope-of-Work.pdf,pdfix-unable-to-open
courts/default/documents/GA-2017-40-RB-Attachment-4-General-Certifications.pdf,pdfix-unable-to-open
courts/default/documents/CFCC-2016-12-RBB-Attachment-4-General-Certification.pdf,pdfix-unable-to-open
courts/default/documents/IT-2018-09-LB-PUBLIC-OPENING-Notification.pdf,pdfix-unable-to-open
courts/default/documents/OGC-ADR-02-RB-Attachment-2-AOC-Terms-Conditions.pdf,pdfix-unable-to-open
courts/default/documents/Attachment-6-Payee-Data-Record-Form.pdf,pdfix-unable-to-open
courts/default/documents/dcqual-rfp-slfirms_0.pdf,pdfix-unable-to-open
courts/default/documents/swsecurityscreen-rfp-intent.pdf,pdfix-unable-to-open
courts/default/documents/RFPFS202205MB-Courthouse_Parking_Study.pdf,pdfix-unable-to-open
courts/default/documents/ASU-TD-010-SS-Attachment-5-Form-for-Submission-of-Technical-Proposal-ROOM-BLOCK-ONLY.pdf,pdfix-unable-to-open
courts/default/documents/OREFM-2013-06-CC-Attachment-A-1.pdf,pdfix-unable-to-open
courts/default/documents/CRS-PD-172-Attachment-4-Darfur-Contracting-ACT-PAOEAC-June-2016.pdf,pdfix-unable-to-open
courts/default/documents/RFPFS202211MB-ADDENDUM-1.pdf,pdfix-unable-to-open
courts/default/documents/licagree-rfp-atta.pdf,pdfix-unable-to-open
courts/default/documents/CFCC23-164RB-Attach-5-Darfur.pdf,pdfix-unable-to-open
courts/default/documents/CRS-SP049-Attachment-4-Darfur-Contracting-ACT.pdf,pdfix-unable-to-open
courts/default/documents/CJER-05-13-RB-AV-Systems-Modifications-RFP.pdf,pdfix-unable-to-open
courts/default/documents/precon-porterville-rfq-attachj.pdf,pdfix-unable-to-open
courts/default/documents/tas-rfp-rev1red_0.pdf,pdfix-unable-to-open
courts/default/documents/rfp-cfcc-nacjp.pdf,pdfix-unable-to-open
courts/default/documents/RFP-FS-SP-2020-16-JP-Attachment-11-DIRDetermination.pdf,pdfix-unable-to-open
courts/default/documents/RFP-FS-2020-06-DF-Attach-G2-Payee-Data-Record-Supplement.pdf,pdfix-unable-to-open
courts/default/documents/CRS-SP-269-Attachment-3-Vendors-Acceptance-of-the-RFPs-Contract-Terms.pdf,pdfix-unable-to-open
courts/default/documents/RFP-IT-2021-80RB-Attachment-8-Unruh-and-FEMA-Certification.pdf,pdfix-unable-to-open
courts/default/documents/preconstsvc-rfp-add3qna.pdf,pdfix-unable-to-open
courts/default/documents/CRS-EG-357-Attachment-1-Admin-Rules-Non-IT-Services.pdf,pdfix-unable-to-open
courts/default/documents/manprocfair-rfp-attf.pdf,pdfix-unable-to-open
courts/default/documents/RFP-FS-2021-01-MB-Notice-of-Intent-to-Award.pdf,pdfix-unable-to-open
courts/default/documents/JBCP-2013-05-BR-Plans-Sketches-Willows.pdf,pdfix-unable-to-open
courts/default/documents/CFCC-22-131RB-Attach-9-DVBE-Bidder-Declaration.pdf,pdfix-unable-to-open
courts/default/documents/JBCP-2014-02-BR-Intent-to-Award.pdf,pdfix-unable-to-open
courts/default/documents/costestimate-idiq-rfp.pdf,pdfix-unable-to-open
courts/default/documents/famjuv-20220711-noticeagenda.pdf,pdfix-unable-to-open
courts/default/documents/envconsultsvcs-rfp-legal_0.pdf,pdfix-unable-to-open
courts/default/documents/CFCC-08-12-LM-Attachment-6-Darfur-Contracting-Act-Certification-Form.pdf,pdfix-unable-to-open
courts/default/documents/adminctintexam-rfp-attf_0.pdf,pdfix-unable-to-open
courts/default/documents/RFP-CFCC-2023-08-LP-DataCollection-AnalysisProjectforFFDRP.pdf,pdfix-unable-to-open
courts/default/documents/RFP-HR-2022-10-LV-Attachment-2-Standard-Terms-and-Conditions.pdf,pdfix-unable-to-open
courts/default/documents/RFP-FS-2021-21-KO-Attachment-K1-DVBE-Declaration.pdf,pdfix-unable-to-open
courts/default/documents/RFP-FS-SP-2019-03-JP-Appendix-A-Questions-and-Answers-Addendum-1.pdf,pdfix-unable-to-open
courts/default/documents/CRS-AK-421-Attachment-1-Admin-Rules-Non-IT-Services.pdf,pdfix-unable-to-open
courts/default/documents/elearn-rfp-a.pdf,pdfix-unable-to-open
courts/default/documents/Request-for-Proposal-HCRC-2021-01-AH.pdf,pdfix-unable-to-open
courts/default/documents/ecm-rfp-att6.pdf,pdfix-unable-to-open
courts/default/documents/devdraftpol-rfp-att2.pdf,pdfix-unable-to-open
courts/default/documents/ccms-program-rfp-qna.pdf,pdfix-unable-to-open
courts/default/documents/CRS-EG-295-Attachment-2-JCCHotelAgreementTemplate.pdf,pdfix-unable-to-open
courts/default/documents/BAP-22-125RB-Attach-1-Admin-Rules.pdf,pdfix-unable-to-open
courts/default/documents/ccms-rfp-nda_0.pdf,pdfix-unable-to-open
courts/default/documents/TCAS-2021-02-AJ-Exhibit-4-Proposer-Response-Template.pdf,pdfix-unable-to-open
courts/default/documents/CRS-SP-131-Attachment-RFP-Hotel-FULL-SERVICE.pdf,pdfix-unable-to-open
courts/default/documents/ASU-EG-015-Attachment-6-Form-for-Submission-of-Cost-Proposal-ROOM-BLOCK-ONLY.pdf,pdfix-unable-to-open
courts/default/documents/CRS-PD-147-Attachment-1-Admin-Rules-Non-IT-Services-NJO.pdf,pdfix-unable-to-open
courts/default/documents/OCR23-152RB-Attach-4-Gen-Certs.pdf,pdfix-unable-to-open
courts/default/documents/transition-ccmsv3-rfp-attach2.pdf,pdfix-unable-to-open
courts/default/documents/RFP-CFCC-2023-03-LP-Attachment-6B-STD205-Payee-Data-Record-Supplement.pdf,pdfix-unable-to-open
courts/default/documents/TCAS-2022-04-AJ-Attachment-3-Acceptance-of-Terms-and-Conditions.pdf,pdfix-unable-to-open
courts/default/documents/TCAS-2017-04-BH-Intent-to-Award.pdf,pdfix-unable-to-open
courts/default/documents/RFP-IT-2021-80RB-Attachment-6-Payee-Data-Form.pdf,pdfix-unable-to-open
courts/default/documents/CRS-EG-054-Attachment-1-Admin-Rules-Non-IT-Services.pdf,pdfix-unable-to-open
courts/default/documents/swsecurityscreen-rfp-attach5.pdf,pdfix-unable-to-open
courts/default/documents/RFP-ISD-06192012-SLO_Attachment-12_Network-Desktop-Requirements.pdf,pdfix-unable-to-open
courts/default/documents/CRS-SP-337-Amendment-1-RFP-Hotel-FULL-SERVICE.pdf,pdfix-unable-to-open
courts/default/documents/facility-opmod-rfp-agree1.pdf,pdfix-unable-to-open
courts/default/documents/RFQFS202205MB_Request-for-Qualifications.pdf,pdfix-unable-to-open
courts/default/documents/RFP-FS-2019-20-AA-Notice-of-Cancelation-Posting.pdf,pdfix-unable-to-open
courts/default/documents/mamlakes-rfp-attd.pdf,pdfix-unable-to-open
courts/default/documents/CRS-PD-100-Attachment-6-Conflict-of-Interest-Certification-form.pdf,pdfix-unable-to-open
courts/default/documents/CRS-SP-350-Attachment-4-Darfur-Contracting-ACT.pdf,pdfix-unable-to-open
courts/default/documents/JBCP-CMS-S-2016-50-SM-RFP-Attach-11-Internal-Background-Check-Policy.pdf,pdfix-unable-to-open
courts/default/documents/IT-2021-94RB-RFP-Attach-3-Accept-TCs.pdf,pdfix-unable-to-open
courts/default/documents/RFP-FS-2022-04-MB-Answers-to-Submitted-Questions.pdf,pdfix-unable-to-open
courts/default/documents/JBCP-2013-04-BR-Addendum-1.pdf,pdfix-unable-to-open
courts/default/documents/CRS-EG-325-Intent-to-Award.pdf,pdfix-unable-to-open
courts/default/documents/CRS-SP-156-Attachment-RFP-Hotel-ROOM-BLOCK.pdf,pdfix-unable-to-open
courts/default/documents/RFPFS202204MB-Attach-13-Std-CMA-Staffing-Plan.pdf,pdfix-unable-to-open
courts/default/documents/ASU-EG-003-SS-Attachment-5.pdf,pdfix-unable-to-open
courts/default/documents/FSO-2018-09-JR-Notice-Answer-to-Questions.pdf,pdfix-unable-to-open
courts/default/documents/qual-arch-eng-rfq-am-participants.pdf,pdfix-unable-to-open
courts/default/documents/REFM-2016-06-RP-RFP.pdf,pdfix-unable-to-open
courts/default/documents/BAP-22-125RB-Attach-3-Accept-TCs.pdf,pdfix-unable-to-open
courts/default/documents/CRS-AU-134-Attachment-2-Hotel-Agreement.pdf,pdfix-unable-to-open
courts/default/documents/IT-072414-WXRP-CF_Attachment-6-Payee-Data-Record_Att.6.pdf,pdfix-unable-to-open
courts/default/documents/RFP-FS-2021-01-MB-Attachment-M-Unruh.pdf,pdfix-unable-to-open
courts/default/documents/CRS-SP-119-Attachment-1-Admin-Rules-Non-IT-Services.pdf,pdfix-unable-to-open
courts/default/documents/cscscodadd1_0.pdf,pdfix-unable-to-open
courts/default/documents/duidrugcourtrfp_0.pdf,pdfix-unable-to-open
courts/default/documents/IFB-FIN010111CK-Intent-to-Award.pdf,pdfix-unable-to-open
courts/default/documents/RFQ-JBCP-CBR-2016-60-SM-Question-and-Answer-Form.pdf,pdfix-unable-to-open
courts/default/documents/solanorenov-occmrfp-attachb.pdf,pdfix-unable-to-open
courts/default/documents/CRS-SP-299-RFP-Hotel-FULL-SERVICE.pdf,pdfix-unable-to-open
courts/default/documents/RFPFS202301MB-Attach-5-General-Certs_0.pdf,pdfix-unable-to-open
courts/default/documents/CFCC-2020-67-RB-Attach-2-Standard-Agreement.pdf,pdfix-unable-to-open
courts/default/documents/OCR23-154RB-Attach-1-Admin-Rules.pdf,pdfix-unable-to-open
courts/default/documents/CJER-2019-59-RB-RFP-Attachment-2.pdf,pdfix-unable-to-open
courts/default/documents/CRS-EG-374-Intent-to-Award.pdf,pdfix-unable-to-open
courts/default/documents/IFB-Supreme-041516-MDS-Attachment-1.pdf,pdfix-unable-to-open
courts/default/documents/OCCM-2012-01-CC-ATTACHMENT-6.pdf,pdfix-unable-to-open
courts/default/documents/CJS-2017-08-ML-Attachment-10-NIST-Standards.pdf,pdfix-unable-to-open
courts/default/documents/CRS-SP-350-Attachment-6-Conflict-of-Interest-Certification-form.pdf,pdfix-unable-to-open
courts/default/documents/eniaconsult-rfp_0.pdf,pdfix-unable-to-open
courts/default/documents/workcomptpa-rfp-attg_0.pdf,pdfix-unable-to-open
courts/default/documents/RFPFS202204MB-Attach-9a-STD204-Payee-Data-Record.pdf,pdfix-unable-to-open
courts/default/documents/CFCC-2018-02-CD-Q-A.pdf,pdfix-unable-to-open
courts/default/documents/cletsmms-rfp-atth.pdf,pdfix-unable-to-open
courts/default/documents/RFP-BAP23-160RB-Attach-3-Accept-TCs.pdf,pdfix-unable-to-open
courts/default/documents/IT-DMS-2016-01-MDS-Appendix-H-master-agreement.pdf,pdfix-unable-to-open
courts/default/documents/RFPFS202214MB-Attach-4-Acceptance-of-Terms-and-Conditions.pdf,pdfix-unable-to-open
courts/default/documents/FIN032811CK-addendum-1-Attachment-6-Certification-Regarding-Debarment-and-Suspension.pdf,pdfix-unable-to-open
courts/default/documents/IFB-BAP-22-126RB-Amendment-1.pdf,pdfix-unable-to-open
courts/default/documents/CFCC-2020-67-RB-RFP.pdf,pdfix-unable-to-open
courts/default/documents/FSO-2017-21-HN-Attach-1-RFP-Rules.pdf,pdfix-unable-to-open
courts/default/documents/IT-2023-46-DM-Attachment-8-UNRUH-CERTIFICATION.pdf,pdfix-unable-to-open
courts/default/documents/CJS-2020-01-LV-Attachment-8-Notice-of-Intent-to-Apply.pdf,pdfix-unable-to-open
courts/default/documents/IT-2019-11-LB-Attachment-6-Payee-Data-Record-std204.pdf,pdfix-unable-to-open
courts/default/documents/4-2-RFP-12-13-02CK-Attachment-1-Admin-Rules.pdf,pdfix-unable-to-open
courts/default/documents/BAP-22-125RB-Attach-4-Gen-Certs.pdf,pdfix-unable-to-open
courts/default/documents/efadadd.pdf,pdfix-unable-to-open
courts/default/documents/CRS-EG-342-Attachment-1-Admin-Rules-Non-IT-Services.pdf,pdfix-unable-to-open
courts/default/documents/hollister-rfq-add1.pdf,pdfix-unable-to-open
courts/default/documents/environ-management-rfq-attacha.pdf,pdfix-unable-to-open
courts/default/documents/CRS-PD-220-Intent-to-Award-PAOCEQA.pdf,pdfix-unable-to-open
courts/default/documents/sejuvdepct-qdata-rfp-att1_0.pdf,pdfix-unable-to-open
courts/default/documents/archeng-rfq-add1.pdf,pdfix-unable-to-open
courts/default/documents/CRS-EG-233-Attachment-2-JCC-Hotel-Agreement-Template.pdf,pdfix-unable-to-open
courts/default/documents/plumas-sierra-rfp.pdf,pdfix-unable-to-open
courts/default/documents/courtordered-debttask-rfp-attach6.pdf,pdfix-unable-to-open
courts/default/documents/RFP-CFCC23-163RB-Cancelation-of-RFP.pdf,pdfix-unable-to-open
courts/default/documents/ASU-AU-009-RB-Attachment-5-Technical-Proposal-ROOM-BLOCK-ONLY.pdf,pdfix-unable-to-open
courts/default/documents/CRS-SP-225-Attachment-6-Conflict-of-Interest-Certification-form.pdf,pdfix-unable-to-open
courts/default/documents/CRS-EG-417-Intent-to-Award.pdf,pdfix-unable-to-open
courts/default/documents/Attachment-1-Administrative-Rules.pdf,pdfix-unable-to-open
courts/default/documents/CRSEG144-Attachment-3-Vendors-Acceptance-of-the-RFPs-Contract-Terms.pdf,pdfix-unable-to-open
courts/default/documents/CRS-SP-324-Attachment-6-Conflict-of-Interest-Certification-form.pdf,pdfix-unable-to-open
courts/default/documents/RFPFS202125AL-Attach-13-Unruh-Cert.pdf,pdfix-unable-to-open
courts/default/documents/repmarinrfp.pdf,pdfix-unable-to-open
courts/default/documents/3DCA-17-18-10-Attachment-5-General-Certifications-Form.pdf,pdfix-unable-to-open
courts/default/documents/CRS-SP-324-Intent-to-Award.pdf,pdfix-unable-to-open
courts/default/documents/CFCC-031814-LCDR-CF_Attx-4_Scope-of-Services.pdf,pdfix-unable-to-open
courts/default/documents/enttestmgmt-rfp-appc_0.pdf,pdfix-unable-to-open
courts/default/documents/CJER-2018-01-DM-Attachment-6-Payee-Data-Record-Form.pdf,pdfix-unable-to-open
courts/default/documents/3DCA212202_attachment6_DarfurContractingActCertification.pdf,pdfix-unable-to-open
courts/default/documents/NTA_New-San-Andreas-CH.pdf,pdfix-unable-to-open
courts/default/documents/evaljustcorps-rfp-attlist.pdf,pdfix-unable-to-open
courts/default/documents/CRS-SP-084-Attachment-4-Darfur-Contracting-ACT-no-change.pdf,pdfix-unable-to-open
courts/default/documents/CRS-SP-114-Attachment-1-Admin-Rules-Non-IT-Services.pdf,pdfix-unable-to-open
courts/default/documents/FSO-2019-08-BD_Attach_B_Payee_Data_Record_Form.pdf,pdfix-unable-to-open
courts/default/documents/qual-arch-eng-rfq-legalrev.pdf,pdfix-unable-to-open
courts/default/documents/CRS-AK-393-Intent-to-Award.pdf,pdfix-unable-to-open
courts/default/documents/OGC-ADR-04-NN-Attachment-5-Darfur-Contracting-Act.pdf,pdfix-unable-to-open
courts/default/documents/FSO-2019-08-BD_RFQ_Electrical_Contractors.pdf,pdfix-unable-to-open
courts/default/documents/courtordered-debttask-rfp-attach7.pdf,pdfix-unable-to-open
courts/default/documents/parentreprfp-add2.pdf,pdfix-unable-to-open
courts/default/documents/RFP-FS-2021-13-AL-Attach-11-Iran-Contracting.pdf,pdfix-unable-to-open
courts/default/documents/CRS-SP-320-Attachment-3-Vendors-Acceptance-of-the-RFPs-Contract-Terms.pdf,pdfix-unable-to-open
courts/default/documents/CRS-PD-311-Attachment-1-Admin-Rules-Non-IT-Services_jc20.pdf,pdfix-unable-to-open
courts/default/documents/FSO-2018-22-JP_CMR-Notice-of-Intent-to-Award.pdf,pdfix-unable-to-open
courts/default/documents/CRS-EG-094-Attachment-2-AOC-Hotel-Agreement-Template_Room-Block-Only_Master-Account.pdf,pdfix-unable-to-open
courts/default/documents/preconstruct-risk-woodland-rfp-add1.pdf,pdfix-unable-to-open
courts/default/documents/ccjcrtc-rfp-attach3_0.pdf,pdfix-unable-to-open
courts/default/documents/RFQSHORTLISTClaraShortridgeFoltz.pdf,pdfix-unable-to-open
courts/default/documents/JCC-2019-01-CD-IFB-Sacramento-Moving-and-Installation-Services.pdf,pdfix-unable-to-open
courts/default/documents/CRS-SP-294-Attachment-2-Hotel-Agreement.pdf,pdfix-unable-to-open
courts/default/documents/CRS-PD-163-Attachment-2-JCC-Hotel-Agreement.pdf,pdfix-unable-to-open
courts/default/documents/RFP-FS-2022-09-XC-Attachment-N-Iran-Contracting.pdf,pdfix-unable-to-open
courts/default/documents/RFP-CFCC-2023-11-LP-CARE-Act-Benchguide.pdf,pdfix-unable-to-open
courts/default/documents/designstandrfq_0.pdf,pdfix-unable-to-open
courts/default/documents/ens-rfp-qna-20090601.pdf,pdfix-unable-to-open
courts/default/documents/CRS-PD-163-Attachment-1-Admin-Rules.pdf,pdfix-unable-to-open
courts/default/documents/phoenix-rfp-appenda.pdf,pdfix-unable-to-open
courts/default/documents/aesmcp-rfq-vdf_0.pdf,pdfix-unable-to-open
courts/default/documents/OCR23-152RB-Attach-8-DVBE-Decl.pdf,pdfix-unable-to-open
courts/default/documents/RFP-FS-2021-04-MB-Attachment-A-Administrative-Rules.pdf,pdfix-unable-to-open
courts/default/documents/CRS-SP-116-RFP-Hotel-ROOM-BLOCK.pdf,pdfix-unable-to-open
courts/default/documents/ecm-rfp-att1_0.pdf,pdfix-unable-to-open
courts/default/documents/FSO-GC-Services-IDIQ-2018-01-JP-Attach-F-IDIQ-GC-Bid-Form-Sample.pdf,pdfix-unable-to-open
courts/default/documents/RFP-HR-2021-27-DM-Workers-Compensation-TPA.pdf,pdfix-unable-to-open
courts/default/documents/CJER-2019-59-RB-RFP-Attachment-3.pdf,pdfix-unable-to-open
courts/default/documents/CRS-SP-177-Attachment-4-Darfur-Contracting-ACT.pdf,pdfix-unable-to-open
courts/default/documents/RFP-FS-2021-20-JP-Answers-to-Questions.pdf,pdfix-unable-to-open
courts/default/documents/CRS-EG030-RFP-Hotel-FULL-SERVICE.pdf,pdfix-unable-to-open
courts/default/documents/occm-2011-19-jmg-SOW_Attachment-4.pdf,pdfix-unable-to-open
courts/default/documents/ccrfp.pdf,pdfix-unable-to-open
courts/default/documents/ASU-EG-004-SS-Attachment-1.pdf,pdfix-unable-to-open
courts/default/documents/solanorenov-occmrfp-attachc.pdf,pdfix-unable-to-open
courts/default/documents/devdraftpol-rfp-qa_0.pdf,pdfix-unable-to-open
courts/default/documents/CRS-SP-214-Attachment-3-Vendors-Acceptance-of-the-RFPs-Contract-Terms.pdf,pdfix-unable-to-open
courts/default/documents/phoenix-rfp-resprev1.pdf,pdfix-unable-to-open
courts/default/documents/FSO-JOC-Services-2017-08-JP-Notice-of-Intent-to-Award.pdf,pdfix-unable-to-open
courts/default/documents/CRS-PD-179-Attachment-3-Vendors-Acceptance-of-the-RFPs-Contract-Terms-PAOEAC2017.pdf,pdfix-unable-to-open
courts/default/documents/CRS-PD-317-Attachment-6-Conflict-of-Interest-Certification-form_dv20.pdf,pdfix-unable-to-open
courts/default/documents/HRDRM-17-05-RBB-Request-For-Proposal.pdf,pdfix-unable-to-open
courts/default/documents/JBCP-2016-06-CP-Attachments-3-thru-12.pdf,pdfix-unable-to-open
courts/default/documents/IT23-153RB-Attach-4-Gen-Certs.pdf,pdfix-unable-to-open
courts/default/documents/RFP-CFCC-2023-53-DM-Intent-To-Award.pdf,pdfix-unable-to-open
courts/default/documents/CRS-TD-034-Attachment-2-AOC-Hotel-Agreement-Template-10-26-11.pdf,pdfix-unable-to-open
courts/default/documents/RFP-FS-2021-17-AL-Attach-04-General-Certs.pdf,pdfix-unable-to-open
courts/default/documents/IFB-IT-2021-86RB-A2-General-Certifications.pdf,pdfix-unable-to-open
courts/default/documents/CRS-SP-253-Intent-to-Award.pdf,pdfix-unable-to-open
courts/default/documents/native-curriculumdev-rfp-attach1.pdf,pdfix-unable-to-open
courts/default/documents/HR-2023-54-DM-Attachment-6B-Std205.pdf,pdfix-unable-to-open
courts/default/documents/confplansvcs-rfp-intent.pdf,pdfix-unable-to-open
courts/default/documents/ASU-TD-016-Attachment-6-Form-for-Submission-of-Cost-Proposal-ROOM-BLOCK-ONLY.pdf,pdfix-unable-to-open
courts/default/documents/BSU-2013-01-GW-Attachment-5-Conflict-of-Interest.pdf,pdfix-unable-to-open
courts/default/documents/forum-20210211-materials.pdf,pdfix-unable-to-open
courts/default/documents/planreview-rfp-add1.pdf,pdfix-unable-to-open
courts/default/documents/4-12-Kings-Attachment-3-Proposers-Acceptance-of-Terms-and-Conditions.pdf,pdfix-unable-to-open
courts/default/documents/RFI-OREFM-2014-02-BR-Disposition-of-San-Diego-CH-Site.pdf,pdfix-unable-to-open
courts/default/documents/CRS-SP-270-Attachment-6-Conflict-of-Interest-Certification-form.pdf,pdfix-unable-to-open
courts/default/documents/mamlakes-rfp-atte.pdf,pdfix-unable-to-open
courts/default/documents/CRS-SP-115-Cancellation-Notice.pdf,pdfix-unable-to-open
courts/default/documents/RFP-FS-2022-09-XC-Attachment-M-Darfur-Cert.pdf,pdfix-unable-to-open
courts/default/documents/juvdepctassess-rfp-intent_0.pdf,pdfix-unable-to-open
courts/default/documents/RFP-FS-2021-02-BD-Attachment-O-Historical-Site-Electricity-Billing-Information.pdf,pdfix-unable-to-open
courts/default/documents/cdupmcjcp-rfp-add1.pdf,pdfix-unable-to-open
courts/default/documents/CRS-SP-371-Attachment-6-Conflict-of-Interest-Certification-form.pdf,pdfix-unable-to-open
courts/default/documents/swsecurityscreen-rfp-attach4.pdf,pdfix-unable-to-open
courts/default/documents/CFCC-22-117RB-Attach-2-Agreement.pdf,pdfix-unable-to-open
courts/default/documents/RFQ-FS-2021-26-AL-Sample-Agreement-for-Design-Build-Services.pdf,pdfix-unable-to-open
courts/default/documents/CRS-PD-083-Attachment-4-Darfur-Contracting-ACT-no-change.pdf,pdfix-unable-to-open
courts/default/documents/CRSEG117-Attachment-1-Admin-Rules-Non-IT-Services.pdf,pdfix-unable-to-open
courts/default/documents/CJCSO-1301-RB-CalRAPP-Inter-Rater-Reliability-Attach-1-Admin-Rules-QandA.pdf,pdfix-unable-to-open
courts/default/documents/phoenix-rfp-add1.pdf,pdfix-unable-to-open
courts/default/documents/eniaconsult-rfp-attach1.pdf,pdfix-unable-to-open
courts/default/documents/CRS-EG90-Attachment-2-AOC-Hotel-Agreement-Template_Room-Block-Only_Master-Account.pdf,pdfix-unable-to-open
courts/default/documents/RFP-FS-2021-02-BD-Attachment-P1-64-E1-Solar-Site-Layout.pdf,pdfix-unable-to-open
courts/default/documents/offsuprfp-add1_0.pdf,pdfix-unable-to-open
courts/default/documents/OGC-ADR-02-RB-RFP-Excel-Template.pdf,pdfix-unable-to-open
courts/default/documents/offsupp-rfp-add1.pdf,pdfix-unable-to-open
courts/default/documents/CRS-SP-239-Attachment-2-JCC-Hotel-Agreement-Template.pdf,pdfix-unable-to-open
courts/default/documents/emprecruit-rfp-attg.pdf,pdfix-unable-to-open
courts/default/documents/RFP-FS-2021-05-MB-Attachment-O-Unruh.pdf,pdfix-unable-to-open
courts/default/documents/ergoassess-rfp-qna.pdf,pdfix-unable-to-open
courts/default/documents/IT-2020-64-RB-Exhibit-E-Potential-IT-Project-Examples.pdf,pdfix-unable-to-open
courts/default/documents/FSO-2018-08-JR-CMR-Notice-of-Intent-to-Award.pdf,pdfix-unable-to-open
courts/default/documents/GA-2017-40-RB-Attachment-6-Payee-Data.pdf,pdfix-unable-to-open
courts/default/documents/ecm_add_1_appendix_f_search_requirements_0.pdf,pdfix-unable-to-open
courts/default/documents/juvdeprfp_0.pdf,pdfix-unable-to-open
courts/default/documents/ecm-rfp-att7.pdf,pdfix-unable-to-open
courts/default/documents/ASU-EG-002-SS-Attachment-6-Form-for-Submission-of-Price-Proposal-FULL-SERVICE.pdf,pdfix-unable-to-open
courts/default/documents/NoticeOfIntentToAward.pdf,pdfix-unable-to-open
courts/default/documents/ADR-032814-RB-Translation-of-Videos-Attachment-2-Terms-and-Conditions.pdf,pdfix-unable-to-open
courts/default/documents/prequalcontract-sanandreas-rfp-attachd.pdf,pdfix-unable-to-open
courts/default/documents/famjuv-20221104-notice.pdf,pdfix-unable-to-open
courts/default/documents/CRS-PD-100-Attachment-3-Vendors-Acceptance-of-the-RFPs-Contract-Terms.pdf,pdfix-unable-to-open
courts/default/documents/REFM-2016-18-RP-Attachment-2-RFP-Rules.pdf,pdfix-unable-to-open
courts/default/documents/CRS-EG-261-Attachment-RFP-Hotel-FULL.pdf,pdfix-unable-to-open
courts/default/documents/ergoassess-rfp-attachb-rev.pdf,pdfix-unable-to-open
courts/default/documents/IT-2022-06-LB-Attachment-5B-STD205.pdf,pdfix-unable-to-open
courts/default/documents/juvdepsdrfp-pl.pdf,pdfix-unable-to-open
courts/default/documents/Attachment-3-Acceptance-Terms-Conditions-CFCC-2024-01-TQ-ASL.pdf,pdfix-unable-to-open
courts/default/documents/CRSEG144-Attachment-RFP-Hotel-FULL-SERVICE.pdf,pdfix-unable-to-open
courts/default/documents/CFCC-2021-04-LV-Attachment-6-Payee-Data-Record-Form.pdf,pdfix-unable-to-open
courts/default/documents/CRS-PD-208-Attachment-6-Conflict-of-Interest-Certification-form-Labor-Relations-Full-2017.pdf,pdfix-unable-to-open
courts/default/documents/RFPFS202310MB-Attach-B_Regional-Map.pdf,pdfix-unable-to-open
courts/default/documents/FSO-2017-21-HN-Attach-13-Descrip-of-Courthouse-Construction-Projs.pdf,pdfix-unable-to-open
courts/default/documents/constrantct-rfp_att1h_0.pdf,pdfix-unable-to-open
courts/default/documents/RFP-FS-2022-09-XC_Request-For-Proposals_Addendum01.pdf,pdfix-unable-to-open
courts/default/documents/JBCP-2014-04-BR-Recision-Notice-of-Intent-to-Award.pdf,pdfix-unable-to-open
courts/default/documents/CRS-SP-148-Attachment-3-Vendors-Acceptance-of-the-RFPs-Contract-Terms.pdf,pdfix-unable-to-open
courts/default/documents/REFM-2016-27-BD-Attach-2-Scope-of-Work-Revision-1.pdf,pdfix-unable-to-open
courts/default/documents/pubprivpart-rfp-dvbe_0.pdf,pdfix-unable-to-open
courts/default/documents/ergoassess-rfp-intent_0.pdf,pdfix-unable-to-open
courts/default/documents/REFM-2016-23-RP-Addendum-to-Drawings-Notice.pdf,pdfix-unable-to-open
courts/default/documents/IT-2021-17-DM-Intent-To-Award.pdf,pdfix-unable-to-open
courts/default/documents/REFM-2016-27-BD-Addendum-1-Ed-Edelman-EFIS-Project.pdf,pdfix-unable-to-open
courts/default/documents/CRS-SP-072-Attachment-7-Conflict-of-Interest-Certification-form.pdf,pdfix-unable-to-open
courts/default/documents/apppanatt-rfp-reject_0.pdf,pdfix-unable-to-open
courts/default/documents/RFP-FS-2021-15-AL-Addendum03-IWMS-RFP-Document.pdf,pdfix-unable-to-open
courts/default/documents/emprecruit-rfp-qna.pdf,pdfix-unable-to-open
courts/default/documents/RFP-CFCC-23-141RB-Notice-of-Intent-to-Award.pdf,pdfix-unable-to-open
courts/default/documents/3DCA-RFO-17-18-07-Attachment-6-Darfur-Certification.pdf,pdfix-unable-to-open
courts/default/documents/CFCC23-164RB-Attach-6A-std204.pdf,pdfix-unable-to-open
courts/default/documents/pgmdesc_0.pdf,pdfix-unable-to-open
courts/default/documents/reas-rfp-qa.pdf,pdfix-unable-to-open
courts/default/documents/RFQ-P-FSO-2018-11-JMG-Notice-of-Intent-to-Award.pdf,pdfix-unable-to-open
courts/default/documents/CFCC-2020-12-DM-Intent-To-Award.pdf,pdfix-unable-to-open
courts/default/documents/REFM-2016-18-RP-Response-to-Questions.pdf,pdfix-unable-to-open
courts/default/documents/JBCP-2015-09-BR-Short-List.pdf,pdfix-unable-to-open
courts/default/documents/CRS-EG-241-Attachment-2-JCC-Hotel-Agreement-Template.pdf,pdfix-unable-to-open
courts/default/documents/FIN-MM-0412-NN-Attachment-2-Standard-Agreement.pdf,pdfix-unable-to-open
courts/default/documents/conffacilserv-rfp-add1.pdf,pdfix-unable-to-open
courts/default/documents/CRS-SP-217-Attachment-1-Admin-Rules-Non-IT-Services.pdf,pdfix-unable-to-open
courts/default/documents/RFP-FS-2022-08-XC-Answers-to-Submitted-Questions.pdf,pdfix-unable-to-open
courts/default/documents/ASU-TD-014-Attachment-6-Form-for-Submission-of-Cost-Proposal-ROOM-BLOCK-ONLY.pdf,pdfix-unable-to-open
courts/default/documents/RFP-FS-2022-08-XC-Attachment-L-Unruh-Cert.pdf,pdfix-unable-to-open
courts/default/documents/CRS-PD-083-Attachment-1-Admin-Rules.pdf,pdfix-unable-to-open
courts/default/documents/scdeprep-rfp-atte.pdf,pdfix-unable-to-open
courts/default/documents/eval-famfinding-pilotcounties-rfp-add1.pdf,pdfix-unable-to-open
courts/default/documents/RFP-FS-2021-02-BD-Attachment-P3-Electrical-Drawings-50-Percent-CD.pdf,pdfix-unable-to-open
courts/default/documents/JBWCP-2019-08-DM-QA.pdf,pdfix-unable-to-open
courts/default/documents/REFM-2016-15-RP-Attachment-12.pdf,pdfix-unable-to-open
courts/default/documents/RFP-FS-2022-08-XC-Attachment-A-Admin-Rules.pdf,pdfix-unable-to-open
courts/default/documents/BAP-2022-07-SB-ADDENDUM-1.pdf,pdfix-unable-to-open
courts/default/documents/CRS-EG-353-Attachment-2-JCC-Standard-terms-and-conditions.pdf,pdfix-unable-to-open
courts/default/documents/workcomptpa-rfp-add1_0.pdf,pdfix-unable-to-open
courts/default/documents/attachmenta.pdf,pdfix-unable-to-open
courts/default/documents/stateadminrfp_add1.pdf,pdfix-unable-to-open
courts/default/documents/RFQOCCM-2009-09-JMGRFQ_TextPublished_01-29-10.pdf,pdfix-unable-to-open
courts/default/documents/feltrial-rfp-attach2_0.pdf,pdfix-unable-to-open
courts/default/documents/RFPFS202301MB-Attach-13-Std-CMA-Staffing-Plan.pdf,pdfix-unable-to-open
courts/default/documents/CRS-SP-136-Attachment-4-Darfur-Contracting-ACT.pdf,pdfix-unable-to-open
courts/default/documents/3DCA212202_attachment9_DVBE-Declaration-with-instructions.pdf,pdfix-unable-to-open
courts/default/documents/JBWCP-2019-07-DM-Attachment-1-Administrative-Rules-Governing.pdf,pdfix-unable-to-open
courts/default/documents/CRS-PD-220-Attachment-4-Darfur-Contracting-ACT-febpaoceqa18.pdf,pdfix-unable-to-open
courts/default/documents/RFQ-FS-2019-01-DGF-Attach-I-Questions-and-Answers.pdf,pdfix-unable-to-open
courts/default/documents/photoserv-rfq-intent-20101.pdf,pdfix-unable-to-open
courts/default/documents/Attachment-N2-Site-License-Agmt-for-use-with-Solar-Equip-Rev1.pdf,pdfix-unable-to-open
courts/default/documents/CJER-HB-0712-LM-Intent-to-Award.pdf,pdfix-unable-to-open
courts/default/documents/CRS-EG-283-Attachment-1-Admin-Rules-Non-IT-Services.pdf,pdfix-unable-to-open
courts/default/documents/ctintrecruit-rfp-attd.pdf,pdfix-unable-to-open
courts/default/documents/pilotdesign-shriver-rfp-attach1.pdf,pdfix-unable-to-open
courts/default/documents/5yearreview-rfp-cancel.pdf,pdfix-unable-to-open
courts/default/documents/CRS-EG-417-Attachment-RFP.pdf,pdfix-unable-to-open
courts/default/documents/CRSSP056-Attachment-RFP-Hotel-FULL-SERVICE-Revision-1.pdf,pdfix-unable-to-open
courts/default/documents/RFP-FSO-2017-10-JR-Notice-to-Firms.pdf,pdfix-unable-to-open
courts/default/documents/facility-opmod-rfp-legal1.pdf,pdfix-unable-to-open
courts/default/documents/datacollect-collabresearch-rfp-attach1.pdf,pdfix-unable-to-open
courts/default/documents/CRS-SP-368-Attachment-3-Vendors-Acceptance-of-the-RFPs-Contract-Terms.pdf,pdfix-unable-to-open
courts/default/documents/cscod_ita_0.pdf,pdfix-unable-to-open
courts/default/documents/phoenix-rfp-section9.pdf,pdfix-unable-to-open
courts/default/documents/IFB-ISD-050516-AA-Attachment-2-termsandconditions4.pdf,pdfix-unable-to-open
courts/default/documents/RFP-FS-2021-02-BD-Attachment-R-Judicial-Council-Tool-Control-Policy.pdf,pdfix-unable-to-open
courts/default/documents/A6-Unruh-FEHA-Certification.pdf,pdfix-unable-to-open
courts/default/documents/ASU-EG-002-SS-Attachment-4-Darfur-Contracting-ACT.pdf,pdfix-unable-to-open
courts/default/documents/CRS-EG-365-Attachment-1-Admin-Rules-Non-IT-Services.pdf,pdfix-unable-to-open
courts/default/documents/RFP-OCR-2023-25-LV-Attachment-3-Proposers-Acceptance-Terms-and-Conditions_.pdf,pdfix-unable-to-open
courts/default/documents/IFB-IT-2023-04-LV-Microsoft-Unified-Support-Invitation-To-Bid.pdf,pdfix-unable-to-open
courts/default/documents/FSO-LA-Metro-Elevator-2017-11-JP-RFP.pdf,pdfix-unable-to-open
courts/default/documents/FIN032811CK_QA.pdf,pdfix-unable-to-open
courts/default/documents/IFB-ISD-06012017-AA-Intent-to-Award-Posting.pdf,pdfix-unable-to-open
courts/default/documents/CRS-EG-386-Intent-to-Award.pdf,pdfix-unable-to-open
courts/default/documents/aac-20210204-rs-notice.pdf,pdfix-unable-to-open
courts/default/documents/sseadd1_0.pdf,pdfix-unable-to-open
courts/default/documents/basissap-rfp-intent_0.pdf,pdfix-unable-to-open
courts/default/documents/enttestmgmt-rfp_0.pdf,pdfix-unable-to-open
courts/default/documents/FS-2020-07-RL-RFP.pdf,pdfix-unable-to-open
courts/default/documents/ccporappdev-rfp-appd.pdf,pdfix-unable-to-open
courts/default/documents/precon-rfp-atta_0.pdf,pdfix-unable-to-open
courts/default/documents/CRS-PD-096-Attachment-1-Admin-Rules.pdf,pdfix-unable-to-open
courts/default/documents/RFP-HR-2022-10-LV-Attachment-1-Administrative-Rules-Governing-RFPS.pdf,pdfix-unable-to-open
courts/default/documents/CFCC-13-10-RB-Intent-To-Award.pdf,pdfix-unable-to-open
courts/default/documents/4-2-RFP-12-13-04CK-Attachment-1-Admin-Rules.pdf,pdfix-unable-to-open
courts/default/documents/CRS-EG-202-Intent-to-Award.pdf,pdfix-unable-to-open
courts/default/documents/Attachment-S-Answers-to-Questions-12-22-23.pdf,pdfix-unable-to-open
courts/default/documents/jcftrans-rfp.pdf,pdfix-unable-to-open
courts/default/documents/CFCC-2016-12LB-Attachment-8-UNRUH.pdf,pdfix-unable-to-open
courts/default/documents/CFCC-18-49-RB-RFP-Non-cost-score.pdf,pdfix-unable-to-open
courts/default/documents/HR-2012-01-RB-HR-2012-01-RB-Attachment-5-Darfur.pdf,pdfix-unable-to-open
courts/default/documents/famjuv-20231002-notice.agenda.pdf,pdfix-unable-to-open
courts/default/documents/IT-OPD-18-043-RB-Attachment-7-UNRU.pdf,pdfix-unable-to-open
courts/default/documents/juvcourtuserres-rfp-award.pdf,pdfix-unable-to-open
courts/default/documents/HCRC-SS-071216-Attachment-09.pdf,pdfix-unable-to-open
courts/default/documents/CRS-PD-081-Attachment-7-Conflict-of-Interest-Certification-form.pdf,pdfix-unable-to-open
courts/default/documents/CRS-PD-146-Attachment-RFP-Hotel-ROOM-BLOCK.pdf,pdfix-unable-to-open
courts/default/documents/RFP-FS-2023-14-MY-Notice-Of-Shortlist-For-Interviews.pdf,pdfix-unable-to-open
courts/default/documents/FIN032811CK-Notice-of-Award.pdf,pdfix-unable-to-open
courts/default/documents/CFCC-13-13-LM-Attachment-6-Iran-Certification-Form.pdf,pdfix-unable-to-open
courts/default/documents/RFP-IT-2021-80RB-Cost-Proposals_Part2of4.pdf,pdfix-unable-to-open
courts/default/documents/CRS-SP-259-Attachment-3-Vendors-Acceptance-of-the-RFPs-Contract-Terms.pdf,pdfix-unable-to-open
courts/default/documents/CFCC-2020-67-RB-Attach-7-DVBE-Declaration.pdf,pdfix-unable-to-open
courts/default/documents/dm-rfp-add1.pdf,pdfix-unable-to-open
courts/default/documents/CRS-PD-146-Attachment-1-Admin-Rules-Non-IT-Services.pdf,pdfix-unable-to-open
courts/default/documents/RFP-FS-2022-13-XC-Attach-4-Acceptance-of-Terms-and-Conditions.pdf,pdfix-unable-to-open
courts/default/documents/SAPC_2013-01-JMG-Price-Proposals-Submitted.pdf,pdfix-unable-to-open
courts/default/documents/OGC-ADR-02-RB-Appendix-B-Acceptance-of-the-Work.pdf,pdfix-unable-to-open
courts/default/documents/medtrainrfp_0.pdf,pdfix-unable-to-open
courts/default/documents/RFP-FS-SP-2020-16-JP-Appendix-A-Answers-to-Questions-Form.pdf,pdfix-unable-to-open
courts/default/documents/HR-2020-24-CD-Notice-of-Intent-to-Award.pdf,pdfix-unable-to-open
courts/default/documents/TCAS-2020-03-MS-Digitizing-Judicial-Branch-Records-RFP-Revised-6-8-20.pdf,pdfix-unable-to-open
courts/default/documents/CRS-PD-229-Attachment-4-Darfur-Contracting-ACT-ajai18.pdf,pdfix-unable-to-open
courts/default/documents/CRS-EG-416-RFP-Hotel-Room-Block.pdf,pdfix-unable-to-open
courts/default/documents/preconstsvc-rfp-attachk.pdf,pdfix-unable-to-open
courts/default/documents/CRS-EG-355-Bidders-Call-Question-and-Answers.pdf,pdfix-unable-to-open
courts/default/documents/CRSAU215-Attachment-6-Conflict-of-Interest-Certification-form.BTB17.pdf,pdfix-unable-to-open
courts/default/documents/CRS-PD-291-Attachment-2-JCC-Hotel-Agreement-Template_ab105819.pdf,pdfix-unable-to-open
courts/default/documents/CRS-PD-113-RFP-Hotel-FULL-SERVICE.pdf,pdfix-unable-to-open
courts/default/documents/CRS-SP-192-Attachment-3-Vendors-Acceptance-of-the-RFPs-Contract-Terms.pdf,pdfix-unable-to-open
courts/default/documents/RFP-FS-2023-22-MB-Structural-Engineering-Consulting-Services.pdf,pdfix-unable-to-open
courts/default/documents/themissdp-rfp-attach2.pdf,pdfix-unable-to-open
courts/default/documents/preconstruct-risk-woodland-rfp-attachi.pdf,pdfix-unable-to-open
courts/default/documents/RFP-FSO-2017-15-JR-Attachment-5-Sample-Agreement.pdf,pdfix-unable-to-open
courts/default/documents/HCRC-CCS-17-22RB-RFP.pdf,pdfix-unable-to-open
courts/default/documents/CRS-SP-197-Attachment-3-Vendors-Acceptance-of-the-RFPs-Contract-Terms.pdf,pdfix-unable-to-open
courts/default/documents/CRS-AU-134-Attachment-6-Conflict-of-Interest-Certification.pdf,pdfix-unable-to-open
courts/default/documents/CRS-SP-239-Attachment-6-Conflict-of-Interest-Certification-form.pdf,pdfix-unable-to-open
courts/default/documents/IT-DMS-2016-01-MDS-attachment-1.pdf,pdfix-unable-to-open
courts/default/documents/CRSSP045Attachment4.pdf,pdfix-unable-to-open
courts/default/documents/solanocourthouse-rfq-prequalied.pdf,pdfix-unable-to-open
courts/default/documents/CRS-SP-345-RFP-Hotel-ROOM-BLOCK.pdf,pdfix-unable-to-open
courts/default/documents/juvdepctassess-rfp_0.pdf,pdfix-unable-to-open
courts/default/documents/CRS-SP-115-Attachment-2-Hotel-Agreement-Template.pdf,pdfix-unable-to-open
courts/default/documents/dm-rfp-att7.pdf,pdfix-unable-to-open
courts/default/documents/CJER-18-44-RB-Attachment-3.pdf,pdfix-unable-to-open
courts/default/documents/CRS-SP-071-Cancellation-Notice.pdf,pdfix-unable-to-open
courts/default/documents/REFM-2016-04-JP-RFQ-CEQA-Services.pdf,pdfix-unable-to-open
courts/default/documents/CJER92013-LV-RFP-Revision-1.pdf,pdfix-unable-to-open
courts/default/documents/CFCC-032514-PCDR-CF-RFP-Addendum-1.pdf,pdfix-unable-to-open
courts/default/documents/knowledgecenterdesign-rfp-intent.pdf,pdfix-unable-to-open
courts/default/documents/CRSEG125-Intent-to-Award.pdf,pdfix-unable-to-open
courts/default/documents/vfm-rfp-add1.pdf,pdfix-unable-to-open
courts/default/documents/icwa-curriculum-rfp_0.pdf,pdfix-unable-to-open
courts/default/documents/consult-tcfacilities-rfp-intent.pdf,pdfix-unable-to-open
courts/default/documents/ASU-TD-029-Attachment-3-Vendors-Acceptance-of-the-RFPs-Contract-Terms-no-change-by-td.pdf,pdfix-unable-to-open
courts/default/documents/CRS-SP-392-Attachment-2-JCC-Hotel-Agreement.pdf,pdfix-unable-to-open
courts/default/documents/RFP-FS-2022-10-XC-Attach-5-General-Certifications-Form.pdf,pdfix-unable-to-open
courts/default/documents/IT-2019-11-LB-Public-Opening.pdf,pdfix-unable-to-open
courts/default/documents/RFP-FSO-2017-15-JR-Attachment-12-Internal-Background-Check-Policy.pdf,pdfix-unable-to-open
courts/default/documents/CFCC-2022-11-LV-Attachment-2-Standard-Terms-and-Conditions.pdf,pdfix-unable-to-open
courts/default/documents/CRS-PD-102-Intent-to-Award-PJ-CEO-November-2014.pdf,pdfix-unable-to-open
courts/default/documents/aersforscbrfp-sandiego.pdf,pdfix-unable-to-open
courts/default/documents/casa-rfp.pdf,pdfix-unable-to-open
courts/default/documents/CRS-SP-301-Cancellation-Notice.pdf,pdfix-unable-to-open
courts/default/documents/LSD-2017-36-RB-Attachment-6-UNRUH.pdf,pdfix-unable-to-open
courts/default/documents/CFCC-2021-27-CD-Attachment-5-Darfur-Certification.pdf,pdfix-unable-to-open
courts/default/documents/RFP-IDIQ-CIS-notice.pdf,pdfix-unable-to-open
courts/default/documents/CRS-SP-206-Attachment-2-Hotel-Agreement.pdf,pdfix-unable-to-open
courts/default/documents/cscac-20210909-sclcs-agenda.pdf,pdfix-unable-to-open
courts/default/documents/CRS-SP-372-RFP-Hotel-Room-Block.pdf,pdfix-unable-to-open
courts/default/documents/ASU-TD-012-LM-Q-A.pdf,pdfix-unable-to-open
courts/default/documents/aesmcp-rfq-subques.pdf,pdfix-unable-to-open
courts/default/documents/CJS-2018-05-CD-Attachment-6-Payee-Data-Record.pdf,pdfix-unable-to-open
courts/default/documents/CRS-EG-351-RFP-Hotel-Room-Block.pdf,pdfix-unable-to-open
courts/default/documents/CRS-AK-375-Attachment-2-JCC-Standard-terms-and-conditions.pdf,pdfix-unable-to-open
courts/default/documents/advtrainamp.pdf,pdfix-unable-to-open
courts/default/documents/JBCP-CMS-S-2016-50-SM-RFP-Question-and-Answer-Form.pdf,pdfix-unable-to-open
courts/default/documents/CJER-18-44-RB-Request-for-Proposal.pdf,pdfix-unable-to-open
courts/default/documents/ctintexam_intent.pdf,pdfix-unable-to-open
courts/default/documents/repjuvdep-larfp-add2_0.pdf,pdfix-unable-to-open
courts/default/documents/RFP-CFCC-2021-107RB-Answers-to-Questions.pdf,pdfix-unable-to-open
courts/default/documents/QA-RFP-IT-2023-50-DM.pdf,pdfix-unable-to-open
courts/default/documents/RFQ-FS-2021-06-BD-Attach-G-Darfur-Certification.pdf,pdfix-unable-to-open
courts/default/documents/CRS-SP-330-Attachment-Notice-of-cancellation-CCTI.pdf,pdfix-unable-to-open
courts/default/documents/4-2-RFP-12-13-01-CK-Attachment_5_Payee_Data_Form.pdf,pdfix-unable-to-open
courts/default/documents/rules-20230828-materials.pdf,pdfix-unable-to-open
courts/default/documents/4-12-Kings-Attachment-10-Training-Requirements.pdf,pdfix-unable-to-open
courts/default/documents/techctr-rfp-qa.pdf,pdfix-unable-to-open
courts/default/documents/FSO-JOC-Services-2017-08-JP-Attach-Q-Security-Badging-Policy.pdf,pdfix-unable-to-open
courts/default/documents/Attachment-1-Administrative-Rules-TCAS-2020-08-LB.pdf,pdfix-unable-to-open
courts/default/documents/CFCC_09-12-LMAttachment_2_-_Contract_TandCs_Exhibits_A-G.pdf,pdfix-unable-to-open
courts/default/documents/REFM-2016-23-RP-Intent-to-Award.pdf,pdfix-unable-to-open
courts/default/documents/FS-2019-09-BD-RFP-Addendum-1.pdf,pdfix-unable-to-open
courts/default/documents/CRS-AK-398-Attachment-4-Darfur-Contracting-ACT.pdf,pdfix-unable-to-open
courts/default/documents/CFCC-22-132RB-RFP-Amendment-1.pdf,pdfix-unable-to-open
courts/default/documents/fmsrfp.pdf,pdfix-unable-to-open
courts/default/documents/facconpp_addendum1.pdf,pdfix-unable-to-open
courts/default/documents/psftug.pdf,pdfix-unable-to-open
courts/default/documents/RFP-ISD-06192012-SLO_Attachment-6_Conflict-of-Interest-Certification.pdf,pdfix-unable-to-open
courts/default/documents/CFWG-Consulting-Services-Agreement-11-30-11.pdf,pdfix-unable-to-open
courts/default/documents/CRS-SP-043-Attachment-4-Darfur-Contracting-ACT.pdf,pdfix-unable-to-open
courts/default/documents/codequality-indassess-rfp-attach4.pdf,pdfix-unable-to-open
courts/default/documents/RFP-IT-2020-64-RB-Addendum-3.pdf,pdfix-unable-to-open
courts/default/documents/IT-OPD-18-46-RB-Attachment-8-DVBE-Declaration.pdf,pdfix-unable-to-open
courts/default/documents/RFP-ISD-06192012-SLO_Attachment-14_DMS-Requirements.pdf,pdfix-unable-to-open
courts/default/documents/RFP-ISD-06192012-SLO_Attachment-1_Administrative-Rules.pdf,pdfix-unable-to-open
courts/default/documents/INTENT-TO-AWARD-CFCC-02-16-LV.pdf,pdfix-unable-to-open
courts/default/documents/adminctintexam-rfp-attf.pdf,pdfix-unable-to-open
courts/default/documents/CRSSP045-QA.pdf,pdfix-unable-to-open
courts/default/documents/RFP-CFCC-2023-04-LP-Attachment-1-Administrative-Rules.pdf,pdfix-unable-to-open
courts/default/documents/FSO-2018-04-JR-Attachment-3-Hazardous-Materials-Survey.pdf,pdfix-unable-to-open
courts/default/documents/RFPFS202310MB_Answers-to-Submitted-Questions.pdf,pdfix-unable-to-open
courts/default/documents/RFPFS202205MB-ADDENDUM-2.pdf,pdfix-unable-to-open
courts/default/documents/insbrokesvcsrfp_0.pdf,pdfix-unable-to-open
courts/default/documents/ELearning-Resources-RFPCFCC-2021-23-DM.pdf,pdfix-unable-to-open
courts/default/documents/HCRC-2018-48-RB-Attachment-2-Agreement.pdf,pdfix-unable-to-open
courts/default/documents/prodjustsc-rfp-award.pdf,pdfix-unable-to-open
courts/default/documents/preconstsvc-rfp-attache_1.pdf,pdfix-unable-to-open
courts/default/documents/HR-2013-01-RB_JBWC-TPA-Addendum-1.pdf,pdfix-unable-to-open
courts/default/documents/CRS-SP-112-Attachment-2-Standard-Terms-and-Conditions.pdf,pdfix-unable-to-open
courts/default/documents/archrelsvccapproj-rfq-listing-projects-firms.pdf,pdfix-unable-to-open
courts/default/documents/construct-riskdesign-sanjosefamcenter-rfq.pdf,pdfix-unable-to-open
courts/default/documents/CRS-AU-037-Attachment-5-Form-for-Submission-of-Technical-Proposal-FULL-SERVICE.pdf,pdfix-unable-to-open
courts/default/documents/workcomptpa-rfp-appiv.pdf,pdfix-unable-to-open
courts/default/documents/CRSAU215-Attachment-2-JCC-Hotel-Agreement-Sample-BTB17.pdf,pdfix-unable-to-open
courts/default/documents/tempserv-rfp_att_c_proposers_acceptance_of_rfps_master_agreement_terms_0.pdf,pdfix-unable-to-open
courts/default/documents/MAPS-2015-04-PS-RFP-Daily-Pick-Up-and-Delivery-of-Mail.pdf,pdfix-unable-to-open
courts/default/documents/IFB-FIN010111CK-Questions-and-Answers-081012.pdf,pdfix-unable-to-open
courts/default/documents/FSO-2017-17-RP-Questions-and-Answers.pdf,pdfix-unable-to-open
courts/default/documents/elkins-rfp-att4_0.pdf,pdfix-unable-to-open
courts/default/documents/OCCM-2012-01-CC-Letter-of-Intent.pdf,pdfix-unable-to-open
courts/default/documents/CRS-SP-320-RFP-Hotel-FULL-SERVICE-Revision-2.pdf,pdfix-unable-to-open
courts/default/documents/CRS-SP-076-Attachment-4-Darfur-Contracting-ACT.pdf,pdfix-unable-to-open
courts/default/documents/CRS-SP-158-Attachment-2-JCC-Hotel-Agreement-Template.pdf,pdfix-unable-to-open
courts/default/documents/CFCC-2021-91RB-Request-For-Proposal.pdf,pdfix-unable-to-open
courts/default/documents/REFM-2016-27-BD-Request-for-Proposal-Revision-7.pdf,pdfix-unable-to-open
courts/default/documents/ceac-20231117-notice.pdf,pdfix-unable-to-open
courts/default/documents/CM-R-Lakeport-RFP-att-a-ver-0-03-A-20.pdf,pdfix-unable-to-open
courts/default/documents/CRS-EG-246-Attachment-2-JCC-Hotel-Agreement-Template.pdf,pdfix-unable-to-open
courts/default/documents/CRS-SP-263-Intent-to-Award.pdf,pdfix-unable-to-open
courts/default/documents/IT-2023-46-DM-Attachment-1-Administrative-Rules.pdf,pdfix-unable-to-open
courts/default/documents/IT-2023-04-LV-Attachment-1-Administrative-Rules-IT-Goods.pdf,pdfix-unable-to-open
courts/default/documents/eaf_grant_rules.pdf,pdfix-unable-to-open
courts/default/documents/foms-qa3_0.pdf,pdfix-unable-to-open
courts/default/documents/CRSAU215-Attachment-1-Admin-Rules-BTB17.pdf,pdfix-unable-to-open
courts/default/documents/ITSO-2022-03-SB-Attachment-6A-STD204.pdf,pdfix-unable-to-open
courts/default/documents/CRS-SO060-Attachment-1-TJAI-Admin-Rules-Non-IT-Services.pdf,pdfix-unable-to-open
courts/default/documents/3DCA-RFO-17-18-07-Attachment-5-Proposers-Acceptance-of-Terms-and-Conditions.pdf,pdfix-unable-to-open
courts/default/documents/maderacourthouse-preconstruct-rfp-attachb.pdf,pdfix-unable-to-open
courts/default/documents/CRS-EG-110-Intent-to-Award.pdf,pdfix-unable-to-open
courts/default/documents/JBCP-2015-01-JT-Project-cancellation.pdf,pdfix-unable-to-open
courts/default/documents/CRS-EG-275-Attachment-2-JCC-Hotel-Agreement-Template-07-14-15.pdf,pdfix-unable-to-open
courts/default/documents/preconstruct-risk-los-banos-rfp.pdf,pdfix-unable-to-open
courts/default/documents/cbsfcdcs-rfp-list.pdf,pdfix-unable-to-open
courts/default/documents/basissap-rfp-attach2_0.pdf,pdfix-unable-to-open
courts/default/documents/RFP-CFCC23-163RB-Answers-to-Questions.pdf,pdfix-unable-to-open
courts/default/documents/newlbcourthouse-rfp.pdf,pdfix-unable-to-open
courts/default/documents/TCAS-2022-02-MS-Attachment-2-General-Terms-and-Conditions.pdf,pdfix-unable-to-open
courts/default/documents/jbwcp_Sedgwick_Service_Guidelines_.pdf,pdfix-unable-to-open
courts/default/documents/JBCP-REFM-AV-2016-12-JP-Attach-1-Leveraged-Procurement-Agrmt.pdf,pdfix-unable-to-open
courts/default/documents/sharedamendment2.pdf,pdfix-unable-to-open
courts/default/documents/CRS-PD-166-Attachment-4-Darfur-Certification-Form.pdf,pdfix-unable-to-open
courts/default/documents/costestimating-rfp-shortlist.pdf,pdfix-unable-to-open
courts/default/documents/RFPFS202203MB-RFP-Attach-9-Support-Documents-A.9-ADDENDUM-7.pdf,pdfix-unable-to-open
courts/default/documents/CRS-EG-417-Attachment-2-JCC-Hotel-Agreement.pdf,pdfix-unable-to-open
courts/default/documents/ADR-032814-RB-Translation-of-Videos-Attachment-1-Admin_Rules.pdf,pdfix-unable-to-open
courts/default/documents/avmaintsvcs-rfp-noticeofintent_0.pdf,pdfix-unable-to-open
courts/default/documents/CRS-SP-324-RFP-Hotel-FULL-SERVICE.pdf,pdfix-unable-to-open
courts/default/documents/plumas-sierra-rfp-add1qa_0.pdf,pdfix-unable-to-open
courts/default/documents/CRS-SP-070-Attachment-1-Admin-Rules-Non-IT-Services.pdf,pdfix-unable-to-open
courts/default/documents/ASU-TD-027-Attachment-1-Admin-Rules-Non-IT-Services.pdf,pdfix-unable-to-open
courts/default/documents/CFCC-2020-25-CD-Producing-Training-Webinars-on-Domestic-Violence-and-Tribal-Courts.pdf,pdfix-unable-to-open
courts/default/documents/bpr-rfp-rfp_ccms_07-02-rb_bpr_train_0.pdf,pdfix-unable-to-open
courts/default/documents/constrantct-rfp_attg.pdf,pdfix-unable-to-open
courts/default/documents/ITSO-11-13-LM-Attachment-1-Administrative-Rules-Governing-RFPs.pdf,pdfix-unable-to-open
courts/default/documents/CRS-SP-120-Attachment-6-Conflict-of-Interest-Certification-form.pdf,pdfix-unable-to-open
courts/default/documents/JBCP-2012-05-BR-Attachment-E-OCIP-INSURANCE-SAFETY-MANUALS-BUTTE.pdf,pdfix-unable-to-open
courts/default/documents/CRS-AK-373-Attachment-6-Conflict-of-Interest-Certification-form.pdf,pdfix-unable-to-open
courts/default/documents/RFP-FS-2022-09-XC-Response-to-Submitted-Questions-Addendum01.pdf,pdfix-unable-to-open
courts/default/documents/HR-HREMS-2017-03-ML-Notice-of-Intent-to-Award.pdf,pdfix-unable-to-open
courts/default/documents/CJER-2015-03-LV-Attachment-2-Contract-T-Cs.pdf,pdfix-unable-to-open
courts/default/documents/ASU-DC-007-NN-Intent-To-Award-Revised-March-23-2012.pdf,pdfix-unable-to-open
courts/default/documents/RFPFS202205MB-Updated_Geotech_Report.pdf,pdfix-unable-to-open
courts/default/documents/CRS-SP-047-Attachment-2-AOC-Hotel-Agreement-Template.pdf,pdfix-unable-to-open
courts/default/documents/titleescrow-rfp-payeedata.pdf,pdfix-unable-to-open
courts/default/documents/RFP-FS-SP-2019-03-JP-Attachment-3-Region-Pricing-WorkBook.pdf,pdfix-unable-to-open
courts/default/documents/Construction-Inspec-RFP-Atta-A.pdf,pdfix-unable-to-open
courts/default/documents/HRDRM-17-05-RBB-Attachment-5-Small-Business-Declaration.pdf,pdfix-unable-to-open
courts/default/documents/CRS-AK-405-Attachment-2-JCC-Standard-terms-and-conditions.pdf,pdfix-unable-to-open
courts/default/documents/COS-VRILAP-MDS-080816-attachment-1.pdf,pdfix-unable-to-open
courts/default/documents/CRS-SP-041-Attachment-7-Conflict-of-Interest-Certification-form.pdf,pdfix-unable-to-open
courts/default/documents/aoc-onsitecatering-sf-rfp-attachc.pdf,pdfix-unable-to-open
courts/default/documents/CFCC-1403-RB_Addendum_2.pdf,pdfix-unable-to-open
courts/default/documents/CFCC-2016-09-RBB-RFP-LOS-ANGELES-CANCELLATION.pdf,pdfix-unable-to-open
courts/default/documents/CRS-EG-374-Attachment-7-Duty-of-Care-Questionnair.pdf,pdfix-unable-to-open
courts/default/documents/sasvssmp-rfp-add4.pdf,pdfix-unable-to-open
courts/default/documents/phoenix-rfp-add4_0.pdf,pdfix-unable-to-open
courts/default/documents/RFP-FS-2021-04-MB-Attachment-C-Acceptance-of-Terms-and-Conditions.pdf,pdfix-unable-to-open
courts/default/documents/CRS-SP-366-Attachment-1-Admin-Rules-Non-IT-Services.pdf,pdfix-unable-to-open
courts/default/documents/CFCC-2020-67-RB-Attach-4-General-Certs.pdf,pdfix-unable-to-open
courts/default/documents/vps-rfp-intent_0.pdf,pdfix-unable-to-open
courts/default/documents/testadmin-rfp-contract.pdf,pdfix-unable-to-open
courts/default/documents/CRS-SO-69-Notice-of-Award.pdf,pdfix-unable-to-open
courts/default/documents/cscac-20210804-agenda.pdf,pdfix-unable-to-open
courts/default/documents/RFP-FS-2022-03-MB-Notice-of-Intent-to-Award.pdf,pdfix-unable-to-open
courts/default/documents/avmaintsvcs-rfp-attach4.pdf,pdfix-unable-to-open
courts/default/documents/CFCC-18-49-RB-RFP.pdf,pdfix-unable-to-open
courts/default/documents/IT23-153RB-Attach-5-Small-Biz.pdf,pdfix-unable-to-open
courts/default/documents/constrantct-rfp_att1a.pdf,pdfix-unable-to-open
courts/default/documents/CRS-PD-304-Intent-to-Award-jc20-sfd.pdf,pdfix-unable-to-open
courts/default/documents/CFCC-02-16-LV-Addendum-1-Statewide-Translation-Services.pdf,pdfix-unable-to-open
courts/default/documents/CFCC-2018-02-CD-Q-A-March-28.pdf,pdfix-unable-to-open
courts/default/documents/IFB-IT23-151RB-Attach-4-Small-Biz.pdf,pdfix-unable-to-open
courts/default/documents/CRS-EG-238-Attachment-2-JCC-Hotel-Agreement-Template.pdf,pdfix-unable-to-open
courts/default/documents/COA2D-1-2014-Attachment-2-Vendors-Acceptance-of-the-s-Minimum-Contract-Terms.pdf,pdfix-unable-to-open
courts/default/documents/designservice-joaquin-rfq-attachd.pdf,pdfix-unable-to-open
courts/default/documents/CRS-SP-171-Attachment-1-Admin-Rules-Non-IT-Services.pdf,pdfix-unable-to-open
courts/default/documents/HR-LV-112015-Attachment-5-DARFUR-CONTRACTING-ACT-CERTIFICATION.pdf,pdfix-unable-to-open
courts/default/documents/IT23-153RB-Attach-10-DVBE-Decl.pdf,pdfix-unable-to-open
courts/default/documents/RFP-FS-2021-05-MB-RFP-SIMT-Services.pdf,pdfix-unable-to-open
courts/default/documents/CFCC-2022-34-DM-Attachment-6-Payee-Data-Record.pdf,pdfix-unable-to-open
courts/default/documents/RFP-FS-2022-09-XC_Request-For-Proposals.pdf,pdfix-unable-to-open
courts/default/documents/IT-OPD-18-46-RB-Notice-Intent-to-Award.pdf,pdfix-unable-to-open
courts/default/documents/3dcarfp201401_Attachment1_AdministrativeRules.pdf,pdfix-unable-to-open
courts/default/documents/4-12-Kings-Addendum_1.pdf,pdfix-unable-to-open
courts/default/documents/CRS-SP-345-Intent-to-Award.pdf,pdfix-unable-to-open
courts/default/documents/parentreprfp_0.pdf,pdfix-unable-to-open
courts/default/documents/Notice-Of-Shortlist-For-Interviews-RFPFS202211MB.pdf,pdfix-unable-to-open
courts/default/documents/CRS-PD-216-Attachment-1-Admin-Rules-Non-IT-Services-PAODVC.pdf,pdfix-unable-to-open
courts/default/documents/RFP-FS-2022-01-MB-Attach-H-Unruh-Cert.pdf,pdfix-unable-to-open
courts/default/documents/licagree-rfp-attb_0.pdf,pdfix-unable-to-open
courts/default/documents/cfcp_rfp_0.pdf,pdfix-unable-to-open
courts/default/documents/RFP-FS-2022-07-JP-Attachment-J2-DVBE-Bidder-Declaration.pdf,pdfix-unable-to-open
courts/default/documents/precon-rfq-rfp-attg.pdf,pdfix-unable-to-open
courts/default/documents/HR-2021-29-DM-ADDENDUM-2.pdf,pdfix-unable-to-open
courts/default/documents/RFP-FS-2022-07-JP-Attachment-D-Acceptance-of-Terms-and-Conditions.pdf,pdfix-unable-to-open
courts/default/documents/CFCC-2019-16-CD-Attachment-1-Administrative-Rules-Governing-RFPS.pdf,pdfix-unable-to-open
courts/default/documents/CRS-EG-169-Attachment-4-Darfur-Contracting-ACT-PAOEAC-June-2016.pdf,pdfix-unable-to-open
courts/default/documents/aocjobacc-rfp-award.pdf,pdfix-unable-to-open
courts/default/documents/preconstsvc-rfp-attachf.pdf,pdfix-unable-to-open
courts/default/documents/mamlakes-rfp_0.pdf,pdfix-unable-to-open
courts/default/documents/CRS-AU-032-Intent-to-Award-FLEP.pdf,pdfix-unable-to-open
courts/default/documents/RFP-FS-SP-2019-03-JP-Attachment-11-DIRDetermination.pdf,pdfix-unable-to-open
courts/default/documents/REFM-2014-04-JMG-Addendum-1-r2.pdf,pdfix-unable-to-open
courts/default/documents/HCRC-2018-48-RB-Attachment-7-Bidder-Declaration.pdf,pdfix-unable-to-open
courts/default/documents/preconstruct-risk-woodland-rfp-attachd.pdf,pdfix-unable-to-open
courts/default/documents/CRS-PD-172-Attachment-6-Conflict-of-Interest-Certification-form-PAOEAC-June-2016.pdf,pdfix-unable-to-open
courts/default/documents/2010study-rfp-attachb.pdf,pdfix-unable-to-open
courts/default/documents/CRS-PD-183-Attachment-2-JCC-Hotel-Agreement-PAOEAC2017.pdf,pdfix-unable-to-open
courts/default/documents/CRS-AK-420-Attachment-2-JCC_Hotel_Agreement_Template-11-2023.pdf,pdfix-unable-to-open
courts/default/documents/CRS-PD-166-Attachment-6-Conflict-of-Interest-Certification-form.pdf,pdfix-unable-to-open
courts/default/documents/IT23-153RB-RFP.pdf,pdfix-unable-to-open
courts/default/documents/LSS-2023-16-SB-Attachment-7-UNRUH.pdf,pdfix-unable-to-open
courts/default/documents/CRS-EG-407-Attachment-1-Admin-Rules-Non-IT-Services.pdf,pdfix-unable-to-open
courts/default/documents/3dcarfp201202_attachment3ContractorsAcceptance.pdf,pdfix-unable-to-open
courts/default/documents/CRS-SP-348-Attachment-4-Darfur-Contracting-ACT.pdf,pdfix-unable-to-open
courts/default/documents/CRS-SP-237-Attachment-6-Conflict-of-Interest-Certification-form.pdf,pdfix-unable-to-open
courts/default/documents/FSO-2017-21-HN-Attach-9-Cost-Proposal.pdf,pdfix-unable-to-open
courts/default/documents/CFCC-2016-08-RBB-Attachment-2-Standard-Provisions.pdf,pdfix-unable-to-open
courts/default/documents/RFPFS202310MB_Request-for-Proposals-ADDENDUM-1.pdf,pdfix-unable-to-open
courts/default/documents/CRS-EG-128-Attachment-1-Admin-Rules-Non-IT-Services.pdf,pdfix-unable-to-open
courts/default/documents/FSO-GC-Services-IDIQ-2018-01-JP-Notice-of-Intent-to-Award.pdf,pdfix-unable-to-open
courts/default/documents/42-RFP-13-14-06_Q-A.pdf,pdfix-unable-to-open
courts/default/documents/JBCP-2013-03-BR-Notice-of-Intent-to-Award.pdf,pdfix-unable-to-open
courts/default/documents/enttestmgmt-rfp-intent_0.pdf,pdfix-unable-to-open
courts/default/documents/HCRC-SS-071216-Attachment-04.pdf,pdfix-unable-to-open
courts/default/documents/arceng-ccrfq-sa_0.pdf,pdfix-unable-to-open
courts/default/documents/vps_rfp_qna_0.pdf,pdfix-unable-to-open
courts/default/documents/HCRC-SS-071216-Attachment-10.pdf,pdfix-unable-to-open
courts/default/documents/CRS-SP-158-Intent-to-Award.pdf,pdfix-unable-to-open
courts/default/documents/RFPInfractionAmnestyProgramECU-qna.pdf,pdfix-unable-to-open
courts/default/documents/planrevsanbern-rfp-attacha.pdf,pdfix-unable-to-open
courts/default/documents/CRS-SP-164-Attachment-1-Admin-Rules-Non-IT-Services.pdf,pdfix-unable-to-open
courts/default/documents/CRS-PD-192-Intent-to-Award-AJAI2017.pdf,pdfix-unable-to-open
courts/default/documents/BAP-2023-56-DM-QA.pdf,pdfix-unable-to-open
courts/default/documents/ASU-DC-008-LM-RFP.pdf,pdfix-unable-to-open
courts/default/documents/RFP-CFCC-2023-11-LP-Attachment-6B-STD205-Payee-Data-Record-Supplement.pdf,pdfix-unable-to-open
courts/default/documents/RFP-FSO-2017-15-JR-Attachment-2-Bid-Drawings.pdf,pdfix-unable-to-open
courts/default/documents/CRS-PD-124-Attachment-6-Conflict-of-Interest-Certification.pdf,pdfix-unable-to-open
courts/default/documents/wcm-rfp-att1.pdf,pdfix-unable-to-open
courts/default/documents/ASU-EG-021-Attachment-5-Form-for-Submission-of-Technical-Proposal-ROOM-BLOCK-ONLY.pdf,pdfix-unable-to-open
courts/default/documents/FSO-JOC-Services-2017-08-JP-RFP.pdf,pdfix-unable-to-open
courts/default/documents/rfp082205_servlvl_0.pdf,pdfix-unable-to-open
courts/default/documents/sseaocform001-01.pdf,pdfix-unable-to-open
courts/default/documents/IT-072414-WXRP-CF-Notice-of-Award.pdf,pdfix-unable-to-open
courts/default/documents/repjuvdep-larfp-appe_0.pdf,pdfix-unable-to-open
courts/default/documents/CRS-SP-148-Attachment-2-Hotel-Agreement.pdf,pdfix-unable-to-open
courts/default/documents/assessjurorutil-rfp-att4.pdf,pdfix-unable-to-open
courts/default/documents/RFP-FS-2021-02-BD-Attachment-M-2-DVBE-Bidder-Declaration.pdf,pdfix-unable-to-open
courts/default/documents/preconstsvc-rfp-attachi_1.pdf,pdfix-unable-to-open
courts/default/documents/CFCC-03-12-LM-Attachment-2-AOC-Terms-and-Conditions.pdf,pdfix-unable-to-open
courts/default/documents/OGC-ADR-01B-LM-RFP.pdf,pdfix-unable-to-open
courts/default/documents/RFPFS202125AL-Attach-12-Iran-Contracting.pdf,pdfix-unable-to-open
courts/default/documents/precon-rfp-projectsummary.pdf,pdfix-unable-to-open
courts/default/documents/ZOOM-Enterprise-Licensing_IFB_IT-2021-18-DM.pdf,pdfix-unable-to-open
courts/default/documents/RFP-BAP23-160RB-Attach-5-Darfur.pdf,pdfix-unable-to-open
courts/default/documents/CRS-SP-243-Attachment-6-Conflict-of-Interest-Certification-form.pdf,pdfix-unable-to-open
courts/default/documents/phoenix-rfp-section4.pdf,pdfix-unable-to-open
courts/default/documents/CRS-AU-286-Intent-to-Award.pdf,pdfix-unable-to-open
courts/default/documents/tempserv-rfp-qna.pdf,pdfix-unable-to-open
courts/default/documents/RFP-CFCC-2024-28-LV.pdf,pdfix-unable-to-open
courts/default/documents/Timeline-For-This-RFP-FS-2023-06-JP-Revised-101323.pdf,pdfix-unable-to-open
courts/default/documents/sejuvdepct-qdata-rfp-att2a_0.pdf,pdfix-unable-to-open
courts/default/documents/RFP-HR-2023-54-DM-Intent-To-Award.pdf,pdfix-unable-to-open
courts/default/documents/ASU-TD-028-Attachment-5-Revision-1-Form-for-Submission-of-Technical-Proposal.pdf,pdfix-unable-to-open
courts/default/documents/conffacilserv-rfp.pdf,pdfix-unable-to-open
courts/default/documents/devdraftpol-rfp-att1_0.pdf,pdfix-unable-to-open
courts/default/documents/CFCC-031814-LCDR-CF_Att-2_Ts-Cs.pdf,pdfix-unable-to-open
courts/default/documents/CJS-2017-08-ML-Notice-of-Intent-to-Award.pdf,pdfix-unable-to-open
courts/default/documents/CRS-EG-289-Intent-to-Award.pdf,pdfix-unable-to-open
courts/default/documents/dcqual-rfp.pdf,pdfix-unable-to-open
courts/default/documents/RFPFS202211MB-Attach-5-General-Certifications-Form.pdf,pdfix-unable-to-open
courts/default/documents/RFP-FS-2021-13-AL-Attach-6-Darfur-Certification.pdf,pdfix-unable-to-open
courts/default/documents/2010study-rfp-qna_0.pdf,pdfix-unable-to-open
courts/default/documents/CRS-PD-228-Attachment-1-Admin-Rules-Non-IT-Services-ajai18.pdf,pdfix-unable-to-open
courts/default/documents/CRS-PD-297-Intent-to-Award-janpao20.pdf,pdfix-unable-to-open
courts/default/documents/Bidders-Conference-Presentation-v072412_1.pdf,pdfix-unable-to-open
courts/default/documents/cscollsvcs-rfp-appd.pdf,pdfix-unable-to-open
courts/default/documents/CRS-SP-425-RFP-Hotel-ROOM-BLOCK.pdf,pdfix-unable-to-open
courts/default/documents/designconstruct-engineerservices11-rfp-qna.pdf,pdfix-unable-to-open
courts/default/documents/RFP-IT-2023-03-LP-Attachment-7-STD-205-Payee-Data-Record-Supplement.pdf,pdfix-unable-to-open
courts/default/documents/sejuvdepct-qdata-rfp-att2e.pdf,pdfix-unable-to-open
courts/default/documents/CRS-PD-123-Attachment-RFP-Hotel-FULL-SERVICE.pdf,pdfix-unable-to-open
courts/default/documents/FSO-JOC-Services-2017-08-JP-Attach-R-Tool-Control-Policy.pdf,pdfix-unable-to-open
courts/default/documents/Answers-to-Submitted-Questions-RFPFS202214MB.pdf,pdfix-unable-to-open
courts/default/documents/eapjb-rfp-attach6.pdf,pdfix-unable-to-open
courts/default/documents/precon-porterville-rfq-add1revf.pdf,pdfix-unable-to-open
courts/default/documents/3DCA212202_attachment2_StandardTermsandConditions.pdf,pdfix-unable-to-open
courts/default/documents/REFM-2016-14-RP-2-Attachment-1.pdf,pdfix-unable-to-open
courts/default/documents/CRS-EG-227-RFP-MultipleAwards.pdf,pdfix-unable-to-open
courts/default/documents/Answers-to-Submitted-Questions_0.pdf,pdfix-unable-to-open
courts/default/documents/pubprivpart-rfp-agree.pdf,pdfix-unable-to-open
courts/default/documents/RFI-CFCC23-158RB-Addendum-2.pdf,pdfix-unable-to-open
courts/default/documents/scjuvdeprep-rfp-notice.pdf,pdfix-unable-to-open
courts/default/documents/REFM-2016-15-RP-Notice-Response-to-Questions.pdf,pdfix-unable-to-open
courts/default/documents/CRS-PD-304-Attachment-2-JCC-Hotel-Agreement-Template_jc20.pdf,pdfix-unable-to-open
courts/default/documents/EDU-10-12-LM-Public-Opening-of-Cost-Portion-of-Proposals.pdf,pdfix-unable-to-open
courts/default/documents/workcomptpa-rfp-award.pdf,pdfix-unable-to-open
courts/default/documents/prequalchulavista-rfq-exhibitc_0.pdf,pdfix-unable-to-open
courts/default/documents/tcweb-implement-rfp-attach4.pdf,pdfix-unable-to-open
courts/default/documents/CRS-EG-339-Attachment-2-JCC-Hotel-Agreement-Template-071415.pdf,pdfix-unable-to-open
courts/default/documents/CRS-PD-264-Intent-to-Award-cow19.pdf,pdfix-unable-to-open
courts/default/documents/JBCP-2013-03-BR-Attachment-F-General-Cond.pdf,pdfix-unable-to-open
courts/default/documents/RFPFS202205MB-Off-Site_Improvement_Agreement.pdf,pdfix-unable-to-open
courts/default/documents/FSO-2017-17-RP-RFP-Afterhours-Answering-Services.pdf,pdfix-unable-to-open
courts/default/documents/CRS-EG-168-Attachment-3-Vendors-Acceptance-of-the-RFPs-Contract-Terms.pdf,pdfix-unable-to-open
courts/default/documents/precon-porterville-rfq-attachf.pdf,pdfix-unable-to-open
courts/default/documents/CFCC-22-131RB-Attach-8-DVBE-Declaration.pdf,pdfix-unable-to-open
courts/default/documents/IFB-IT-2021-89RB-Attachment-5.pdf,pdfix-unable-to-open
courts/default/documents/ergoassess-rfp-add1_0.pdf,pdfix-unable-to-open
courts/default/documents/RFP-FS-2023-14-MY-Attachment-2-Construction-Management-Services-Agreement-ADDENDUM-1.pdf,pdfix-unable-to-open
courts/default/documents/JIP-2019-05-DM-Attachment-7-UNRUH-AND-FEHA-CERTIFICATION.pdf,pdfix-unable-to-open
courts/default/documents/CRS-SP-388-RFP-Hotel-ROOM-BLOCK.pdf,pdfix-unable-to-open
courts/default/documents/RFP-2DCA-1-2012-Doc-Storage-attach7-payee-data-record.pdf,pdfix-unable-to-open
courts/default/documents/preconstsvc-rfp-add1_1.pdf,pdfix-unable-to-open
courts/default/documents/IT-2021-17--DM-Attachment-5-Payee-Data-Record-Form.pdf,pdfix-unable-to-open
courts/default/documents/IFB-BAP-06062017-RB-Attachment-7-DVBE-declararion.pdf,pdfix-unable-to-open
courts/default/documents/CFCC-12-13-LM-Attachment-2-Contract-Terms-and-Conditions.pdf,pdfix-unable-to-open
courts/default/documents/evalcivinst-rfp-qa.pdf,pdfix-unable-to-open
courts/default/documents/stateadminrfp-add3_0.pdf,pdfix-unable-to-open
courts/default/documents/preconstsvc-rfp-intent_1.pdf,pdfix-unable-to-open
courts/default/documents/shriver-pilotprojects-rfp-qna.pdf,pdfix-unable-to-open
courts/default/documents/LSS-2023-16-SB-Attachment-10-Conflict-of-Interest.pdf,pdfix-unable-to-open
courts/default/documents/Attach-8B-Payee-Data-Record-Supplement.pdf,pdfix-unable-to-open
courts/default/documents/FSO-2019-08-BD_Attach_E_to_Std_Agmt_Judicial_Council_Background_Check_Policy.pdf,pdfix-unable-to-open
courts/default/documents/tcassrfp_0.pdf,pdfix-unable-to-open
courts/default/documents/RFP-OCR23-152RB-Notice-of-Cancelation.pdf,pdfix-unable-to-open
courts/default/documents/RFP-FS-SP-2019-03-JP-Attachment-13-New-Asbestos-Mgm.pdf,pdfix-unable-to-open
courts/default/documents/cmar-indioconstruct-rfp-add1.pdf,pdfix-unable-to-open
courts/default/documents/TCAS-2022-01-MS-Attachment-11-DVBE-Declaration-Form-Revised.pdf,pdfix-unable-to-open
courts/default/documents/duiweb_add1_0.pdf,pdfix-unable-to-open
courts/default/documents/TCAS-2021-01-MS-Questions-and-Answers.pdf,pdfix-unable-to-open
courts/default/documents/RFP-FS-SP-2019-03-JP-Attachment-3-Regional-Pricing-Worksheet-Addendum-1.pdf,pdfix-unable-to-open
courts/default/documents/RFP-FS-2021-13-AL-Addendum-03.pdf,pdfix-unable-to-open
courts/default/documents/videoprodservrfp.pdf,pdfix-unable-to-open
courts/default/documents/cfcp_rfp-intent.pdf,pdfix-unable-to-open
courts/default/documents/HRDRM-17-05-RBB-Attachment-4-General-Certifications.pdf,pdfix-unable-to-open
courts/default/documents/scjuvdeprep-rfp-appd_0.pdf,pdfix-unable-to-open
courts/default/documents/aoc-onsitecatering-sf-rfp.pdf,pdfix-unable-to-open
courts/default/documents/RFP-FS-2023-05-XC_Request-For-Proposals.pdf,pdfix-unable-to-open
courts/default/documents/ctintrecruit-rfp-redlined.pdf,pdfix-unable-to-open
courts/default/documents/LSO-09-13-LM-_Table-of-Contents.pdf,pdfix-unable-to-open
courts/default/documents/REFM-2016-23-RP-RFP.pdf,pdfix-unable-to-open
courts/default/documents/Attachment-L-Internal-Background-Check-Policy.pdf,pdfix-unable-to-open
courts/default/documents/preconstruct-risk-lakeport-rfp-attacha.pdf,pdfix-unable-to-open
courts/default/documents/calcjcduicoststudy-rfp-att4_0.pdf,pdfix-unable-to-open
courts/default/documents/CRSPD162-Attachment-2-JCC-Hotel-Agreement.pdf,pdfix-unable-to-open
courts/default/documents/GA-2017-40-RB-Attachment-2-Standard-Agreement.pdf,pdfix-unable-to-open
courts/default/documents/BAP24-166RB-Attach-5-Small-Biz-Declaration.pdf,pdfix-unable-to-open
courts/default/documents/RFP-IT-2023-46-DM-QA.pdf,pdfix-unable-to-open
courts/default/documents/CJER-05-13-RB-Attachment-7-Rev-1-Pricing-Form.pdf,pdfix-unable-to-open
courts/default/documents/CRS-SP-280-Attachment-3-Vendors-Acceptance-of-the-RFPs-Contract-Terms.pdf,pdfix-unable-to-open
courts/default/documents/CRS-EG-355-Attachment-7-Covid-19-Duty-of-Care-Questionnaire.pdf,pdfix-unable-to-open
courts/default/documents/CRS-EG-232-Intent-to-Award.pdf,pdfix-unable-to-open
courts/default/documents/CRS-PD-083-RFP-Hotel-ROOM-BLOCK-ONLY.pdf,pdfix-unable-to-open
courts/default/documents/RFP-FS-2022-03-MB-ADDENDUM-3.pdf,pdfix-unable-to-open
courts/default/documents/RFPFS202212KO-Attach-F-STD-205.pdf,pdfix-unable-to-open
courts/default/documents/RFP-JCC-2023-11-SB-ADDENDUM-3.pdf,pdfix-unable-to-open
courts/default/documents/CRS-SP-285-Attachment-3-Vendors-Acceptance-of-the-RFPs-Contract-Terms.pdf,pdfix-unable-to-open
courts/default/documents/repjuvdep-mendrfp_0.pdf,pdfix-unable-to-open
courts/default/documents/realdui-rfp_0.pdf,pdfix-unable-to-open
courts/default/documents/CFCC-031814-LCDR-CF_Att-10__Checklist.pdf,pdfix-unable-to-open
courts/default/documents/LSS-2019-18-CD-Attachment-1-Administrative-Rules.pdf,pdfix-unable-to-open
courts/default/documents/RFP-FSO-PFMS-2018-21-JP-Schedule-of-Events-Revised.pdf,pdfix-unable-to-open
courts/default/documents/IT-2021-22-DM-ADDENDUM-1.pdf,pdfix-unable-to-open
courts/default/documents/RFP-BAP23-160RB-Attach-7-Bidder-Declaration.pdf,pdfix-unable-to-open
courts/default/documents/CRS-EG42-Attachment-1-Admin-Rules-Non-IT-Services.pdf,pdfix-unable-to-open
courts/default/documents/repjuvdep-sc-rfp-qa_0.pdf,pdfix-unable-to-open
courts/default/documents/JBCP-2013-01-BR-Addendum-1-QA_Yuba-City.pdf,pdfix-unable-to-open
courts/default/documents/JBWCP-2019-08-DM-Attachment-1-Administrative-Rules-Governing.pdf,pdfix-unable-to-open
courts/default/documents/efilingdeploy-rfp-list.pdf,pdfix-unable-to-open
courts/default/documents/ctintrecruit-rfp-redlined_0.pdf,pdfix-unable-to-open
courts/default/documents/CFCC_09-12-LMAttachment_5_-_Iran_Contracting_Act_Certification_Form.pdf,pdfix-unable-to-open
courts/default/documents/jcforms-rfp-with-attachments_0.pdf,pdfix-unable-to-open
courts/default/documents/RFQ-FS-2021-06-BD-Attach-E-Acceptance-of-Terms-and-Conditions.pdf,pdfix-unable-to-open
courts/default/documents/ASU-DC-013-Request-For-Proposal.pdf,pdfix-unable-to-open
courts/default/documents/CRS-PD-240-Attachment-1-Admin-Rules-Non-IT-Services-cow18.pdf,pdfix-unable-to-open
courts/default/documents/CFCC-22-132RB-Attach-1-Admin-Rules.pdf,pdfix-unable-to-open
courts/default/documents/FSO-2020-04-BD-RFQ-Window-Washing-Addendum-1.pdf,pdfix-unable-to-open
courts/default/documents/CRS-EG89-Attachment-RFP-Hotel-ROOM-BLOCK.pdf,pdfix-unable-to-open
courts/default/documents/mamlakes-rfp-atth.pdf,pdfix-unable-to-open
courts/default/documents/CFCC-2019-08-MS-Attachment-10-Unruh-and-FEHA-Certification.pdf,pdfix-unable-to-open
courts/default/documents/ccms-rfp-encd-exa-appa7-3_0.pdf,pdfix-unable-to-open
courts/default/documents/CJS-2018-01-CD-Notice-of-Cancellation.pdf,pdfix-unable-to-open
courts/default/documents/verttransit-consult-rfp.pdf,pdfix-unable-to-open
courts/default/documents/web-rfp_qa_log.pdf,pdfix-unable-to-open
courts/default/documents/formtrans_att_b_terms_and_conditions_0.pdf,pdfix-unable-to-open
courts/default/documents/CRS-EG-334-Attachment-2-JCC-Hotel-Agreement.pdf,pdfix-unable-to-open
courts/default/documents/swsecurityscreen-rfp-attach9.pdf,pdfix-unable-to-open
courts/default/documents/enttestmgmt-rfp-att3.pdf,pdfix-unable-to-open
courts/default/documents/RFPFS202301MB-Attach-7-Darfur-Cert_0.pdf,pdfix-unable-to-open
courts/default/documents/adagency-rfp-intent.pdf,pdfix-unable-to-open
courts/default/documents/arceng-ccrfq-sa.pdf,pdfix-unable-to-open
courts/default/documents/CRS-SP-074-Attachment-4-Darfur-Contracting-ACT-no-change.pdf,pdfix-unable-to-open
courts/default/documents/OGC-ADR-04-NN-Appendix-B-Acceptance-of-the-Work.pdf,pdfix-unable-to-open
courts/default/documents/CFCC-2023-45-DM-Attachment-6B-Std205.pdf,pdfix-unable-to-open
courts/default/documents/CRS-SP-120-Attachment-RFP-Hotel-FULL-SERVICE.pdf,pdfix-unable-to-open
courts/default/documents/scampi-ind-rfp-attach4.pdf,pdfix-unable-to-open
courts/default/documents/landsurvrfp.pdf,pdfix-unable-to-open
courts/default/documents/consult-tcfacilities-rfp-attachc.pdf,pdfix-unable-to-open
courts/default/documents/RFP-OCR-2023-25-LV-Questions-and-Answers.pdf,pdfix-unable-to-open
courts/default/documents/CLASP-LNS2015-Language-Study-Attachment-1-Admin-Rules.pdf,pdfix-unable-to-open
courts/default/documents/5yearreview-rfp-attachc.pdf,pdfix-unable-to-open
courts/default/documents/JBCP-2015-11-JT-intent-to-award.pdf,pdfix-unable-to-open
courts/default/documents/childsupport-review-rfp-add1.pdf,pdfix-unable-to-open
courts/default/documents/dependrep-santabarb-rfp-qna.pdf,pdfix-unable-to-open
courts/default/documents/RFP-LSS-2021-28-DM-Notice-of-Intent-To-Award.pdf,pdfix-unable-to-open
courts/default/documents/CRS-SP-217-Attachment-3-Vendors-Acceptance-of-the-RFPs-Contract-Terms.pdf,pdfix-unable-to-open
courts/default/documents/IT-2021-94RB-RFP-Attach-1-Admin-Rules.pdf,pdfix-unable-to-open
courts/default/documents/knowledgecenterdesign-rfp-add1.pdf,pdfix-unable-to-open
courts/default/documents/CRS-SP-280-Attachment-1-Admin-Rules-Non-IT-Services.pdf,pdfix-unable-to-open
courts/default/documents/RFP-FSO-2017-15-JR-Attachment-8-Admin-Rules-Governing-RFP.pdf,pdfix-unable-to-open
courts/default/documents/childsupport-review-rfp-intent.pdf,pdfix-unable-to-open
courts/default/documents/IFB-BAP-22-126RB-Attach-3-Accept-of-TCs.pdf,pdfix-unable-to-open
courts/default/documents/CRS-SP-206-Attachment-4-Darfur-Contracting-ACT.pdf,pdfix-unable-to-open
courts/default/documents/OGC-ADR-01B-LM-Attachment-2-AOC-Terms-Conditions.pdf,pdfix-unable-to-open
courts/default/documents/cfcp_rfp-qa.pdf,pdfix-unable-to-open
courts/default/documents/sejuvdepct-qdata-rfp-att4.pdf,pdfix-unable-to-open
courts/default/documents/idiq-archengservice-rfp-add1.pdf,pdfix-unable-to-open
courts/default/documents/RFP-FS-2022-13-XC_Answers-to-Submitted-Questions.pdf,pdfix-unable-to-open
courts/default/documents/CFCC-12-13-LM-Attachment-4-General-Certifications-Form.pdf,pdfix-unable-to-open
courts/default/documents/CPAS-201102-RB-Attachment-2-Terms-and-Conditions.pdf,pdfix-unable-to-open
courts/default/documents/CRS-PD-081-RFP-Hotel-FULL-SERVICE.pdf,pdfix-unable-to-open
courts/default/documents/JBCP-2015-01-JT_Hollywood_revised_coversheet.pdf,pdfix-unable-to-open
courts/default/documents/attachments_list.pdf,pdfix-unable-to-open
courts/default/documents/sharedamendment2_0.pdf,pdfix-unable-to-open
courts/default/documents/cctaprfp-add1_0.pdf,pdfix-unable-to-open
courts/default/documents/dependrep-santabarb-rfp-appc.pdf,pdfix-unable-to-open
courts/default/documents/cletsmms-rfp-attd.pdf,pdfix-unable-to-open
courts/default/documents/RFP-FS-2021-21-KO-Attachment-H-Payee-Data-Record-std204.pdf,pdfix-unable-to-open
courts/default/documents/RFQFS202126AL-RFQ-Attach-2.pdf,pdfix-unable-to-open
courts/default/documents/archrelsvccapproj-rfq-interviewdates-participants.pdf,pdfix-unable-to-open
courts/default/documents/feltrial-rfp-supfinalreport.pdf,pdfix-unable-to-open
courts/default/documents/sacramento-dependrep-rfp-proposers-intent.pdf,pdfix-unable-to-open
courts/default/documents/CRS-SP-196-Attachment-1-Admin-Rules-Non-IT-Services.pdf,pdfix-unable-to-open
courts/default/documents/CRS-EG-315-Attachment-1-Admin-Rules-Non-IT-Services.pdf,pdfix-unable-to-open
courts/default/documents/RFQ-FS-SP-2019-02-JP-Appendix-C-Answers-to-Questions.pdf,pdfix-unable-to-open
courts/default/documents/10yearslater-rfp_0.pdf,pdfix-unable-to-open
courts/default/documents/CRS-SP-323-Attachment-3-Vendors-Acceptance-of-the-RFPs-Contract-Terms.pdf,pdfix-unable-to-open
courts/default/documents/rfp_cfcc0211lm.pdf,pdfix-unable-to-open
courts/default/documents/verttransit-consult-rfp-attacha.pdf,pdfix-unable-to-open
courts/default/documents/CFCC-2021-107RB-RFP.pdf,pdfix-unable-to-open
courts/default/documents/IFB-SAIC-JCC-008_Intent-to-Award-Posting.pdf,pdfix-unable-to-open
courts/default/documents/FSO-2017-21-HN-RFP-OCIP.pdf,pdfix-unable-to-open
courts/default/documents/CRSEG144-Intent-to-Award.pdf,pdfix-unable-to-open
courts/default/documents/CRS-SP-109-Attachment-2-JCC-Hotel-Agreement-Template.pdf,pdfix-unable-to-open
courts/default/documents/payrollcvr_0.pdf,pdfix-unable-to-open
courts/default/documents/avmaintsvcs-rfp-qna_0.pdf,pdfix-unable-to-open
courts/default/documents/TCAS-2018-01-BH-Non-Cost-Scoring.pdf,pdfix-unable-to-open
courts/default/documents/CRS-PD-226-Attachment-4-Darfur-Contracting-ACT-njo1718.pdf,pdfix-unable-to-open
courts/default/documents/FS-2018-12-BD-Attach-D-Standard-Form-of-Agreement.pdf,pdfix-unable-to-open
courts/default/documents/CRS-EG-309-Notice-of-cancellation.pdf,pdfix-unable-to-open
courts/default/documents/Addendum-1.pdf,pdfix-unable-to-open
courts/default/documents/CFCC-2019-08-MS-Request-For-Proposals.pdf,pdfix-unable-to-open
courts/default/documents/ASU-DC-008-LM-Questions-and-Answers.pdf,pdfix-unable-to-open
courts/default/documents/CRS-SP-354-Attachment-1-Admin-Rules-Non-IT-Services.pdf,pdfix-unable-to-open
courts/default/documents/TCAS-2017-05-JU-QandA.pdf,pdfix-unable-to-open
courts/default/documents/RFPFS202125AL-Attach-9a-STD204-Payee-Data-Record.pdf,pdfix-unable-to-open
courts/default/documents/paint-supplies-rfp-attachc.pdf,pdfix-unable-to-open
courts/default/documents/childsupport-guide-rfp-intent.pdf,pdfix-unable-to-open
courts/default/documents/CFCC23-163RB-Attach-6B-std205.pdf,pdfix-unable-to-open
courts/default/documents/CPAS-201102-RB-Attachment-5-Darfur-Contracting-Act-Certification.pdf,pdfix-unable-to-open
courts/default/documents/OCR23-152RB-Attach-2-Std-Agmt.pdf,pdfix-unable-to-open
courts/default/documents/CRS-EG-374-Attachment-2-JCC-Standard-terms-and-conditions.pdf,pdfix-unable-to-open
courts/default/documents/RFP-5DCA-091417-Self-Help-WV-Award.pdf,pdfix-unable-to-open
courts/default/documents/IFB-IT23-151RB-Attach-2-General-Certs.pdf,pdfix-unable-to-open
courts/default/documents/PO-Terms-and-Conditions-for-Vendors.pdf,pdfix-unable-to-open
courts/default/documents/REFM-2016-03-MS-notice-of-cancellation.pdf,pdfix-unable-to-open
courts/default/documents/tv_rfp_0.pdf,pdfix-unable-to-open
courts/default/documents/FIN-201505-ML-Attachment-6-Vendor-Data-Record-Form.pdf,pdfix-unable-to-open
courts/default/documents/CFCC-10-13-LM-Webinar-Slides.pdf,pdfix-unable-to-open
courts/default/documents/dependrep-santabarb-rfp-appb.pdf,pdfix-unable-to-open
courts/default/documents/archeng_rfq_agree.pdf,pdfix-unable-to-open
courts/default/documents/CRS-EG-107-Attachment-1-Admin-Rules-Non-IT-Services2.pdf,pdfix-unable-to-open
courts/default/documents/IT23-157RB-Attach-5-Small-Biz.pdf,pdfix-unable-to-open
courts/default/documents/4-2-RFP-13-14-05-Attachment-6-Payee-Data-Record.pdf,pdfix-unable-to-open
courts/default/documents/CRSEG143_Attachment-1-Admin-Rules-Non-IT-Services.pdf,pdfix-unable-to-open
courts/default/documents/CRSEG142-Attachment-2-Hotel-Agreement-Template_Room-Block-Only_Master-Account.pdf,pdfix-unable-to-open
courts/default/documents/CFCC-22-132RB-Attach-7-Unruh.pdf,pdfix-unable-to-open
courts/default/documents/FS-2019-05-DGF-Attach-D-Sample-Agreement.pdf,pdfix-unable-to-open
courts/default/documents/CRS-PD-138-Attachment-4-Darfur-Contracting-ACT.pdf,pdfix-unable-to-open
courts/default/documents/icwa-curriculum-rfp-attach2_0.pdf,pdfix-unable-to-open
courts/default/documents/elearningrfp-add1.pdf,pdfix-unable-to-open
courts/default/documents/BAP-2020-14-DM-Attachment-6-Payee-Data-Record.pdf,pdfix-unable-to-open
courts/default/documents/RFQFS202126AL-RFQ-Attach-3.pdf,pdfix-unable-to-open
courts/default/documents/photoserv-rfq-intent-20101_0.pdf,pdfix-unable-to-open
courts/default/documents/IT-2020-72-RB-RFI-Attach-1-Proposer-Response.pdf,pdfix-unable-to-open
courts/default/documents/TCAS-2022-02-MS-Exhibit-2-JBEs-List.pdf,pdfix-unable-to-open
courts/default/documents/JBCP-2015-06-BR-Attachment-5-Payee-Data-Record-204a.pdf,pdfix-unable-to-open
courts/default/documents/feltrial-rfp-list.pdf,pdfix-unable-to-open
courts/default/documents/JBCP-2013-02-BR-Attachment-C-Standard-Agreement.pdf,pdfix-unable-to-open
courts/default/documents/snapshot-rfp-att2d_0.pdf,pdfix-unable-to-open
courts/default/documents/BAP24-166RB-RFP-Cost-Opening.pdf,pdfix-unable-to-open
courts/default/documents/precon-rfp-atta.pdf,pdfix-unable-to-open
courts/default/documents/stream_vid_rfp_0.pdf,pdfix-unable-to-open
courts/default/documents/CRS-SP-136-Attachment-3-Vendors-Acceptance-of-the-RFPs-Contract-Terms.pdf,pdfix-unable-to-open
courts/default/documents/famjuv-syft-20220518-noticeagenda.pdf,pdfix-unable-to-open
courts/default/documents/CRS-EG-079-Attachment-1-Admin-Rules-Non-IT-Services_Appellate.pdf,pdfix-unable-to-open
courts/default/documents/CRS-PD-312-Attachment-6-Conflict-of-Interest-Certification-form_dv20.pdf,pdfix-unable-to-open
courts/default/documents/CJER-030614-OSCSF-CF-Attachment-4-Payee-Data-Form.pdf,pdfix-unable-to-open
courts/default/documents/HR-HREMS-2017-03-ML-Public-Opening-Cost-Proposals.pdf,pdfix-unable-to-open
courts/default/documents/BS-2020-11-DM-ADDENDUM-1.pdf,pdfix-unable-to-open
courts/default/documents/RFP-FS-2022-09-XC-Attachment-C-Acceptance-of-Terms-and-Conditions.pdf,pdfix-unable-to-open
courts/default/documents/ASU-TD-025-Attachment-3-Vendors-Acceptance-of-the-RFPs-Contract-Terms-no-change-by-td.pdf,pdfix-unable-to-open
courts/default/documents/IT-2021-18-DM-Attachment-9-Darfur-Certification.pdf,pdfix-unable-to-open
courts/default/documents/susjustice-consult-rfp-attach2_0.pdf,pdfix-unable-to-open
courts/default/documents/IT-2019-60-RB-RFP-Ex-15-List-of-Reports.pdf,pdfix-unable-to-open
courts/default/documents/RFP-ECU-2011-01QnA2.pdf,pdfix-unable-to-open
courts/default/documents/RFP-CFCC-2023-04-LP-QnA.pdf,pdfix-unable-to-open
courts/default/documents/FS-2018-19-RP-Attach-6-Payee-Data-Record.pdf,pdfix-unable-to-open
courts/default/documents/RFP-AS-2022-37-DM-QA.pdf,pdfix-unable-to-open
courts/default/documents/OGC-ADR-02-RB-Questions-and-Answers.pdf,pdfix-unable-to-open
courts/default/documents/disasteratta.pdf,pdfix-unable-to-open
courts/default/documents/susanville-gencontractors-rfq-itb.pdf,pdfix-unable-to-open
courts/default/documents/ccmsrfp-add1_0.pdf,pdfix-unable-to-open
courts/default/documents/5yearreview-rfp-attachb.pdf,pdfix-unable-to-open
courts/default/documents/CFCC-22-132RB-Attach-3-Accept-TCs.pdf,pdfix-unable-to-open
courts/default/documents/consult-tcfacilities-rfp-attachb.pdf,pdfix-unable-to-open
courts/default/documents/snapshot-attb.pdf,pdfix-unable-to-open
courts/default/documents/CJER-05-13-RB-Attachment-8a-Rev-1-Boardroom-Audio-Detail-2.pdf,pdfix-unable-to-open
courts/default/documents/archrelsvccapproj-rfq-listing-projects-firms_0.pdf,pdfix-unable-to-open
courts/default/documents/CRS-PD-332-RFP-Cancellation-Notice-aji21.pdf,pdfix-unable-to-open
courts/default/documents/LSS-18-48-RB-Attach-8-Unruh.pdf,pdfix-unable-to-open
courts/default/documents/swsecscreen-rfp-attb.pdf,pdfix-unable-to-open
courts/default/documents/CRS-SP-159-Intent-to-Award.pdf,pdfix-unable-to-open
courts/default/documents/enttestmgmt-rfp-att2.pdf,pdfix-unable-to-open
courts/default/documents/swsecurityscreen-rfp-attach8.pdf,pdfix-unable-to-open
courts/default/documents/4-12-Kings-Attachment-2-Standard-Terms-and-Conditions.pdf,pdfix-unable-to-open
courts/default/documents/IFB-ISD-018355-AA-Dell-Optiplex-9020-Small-Form-Factor.pdf,pdfix-unable-to-open
courts/default/documents/juvdepsdrfp-pl_0.pdf,pdfix-unable-to-open
courts/default/documents/FIN032811CK-addendum-1-Attachment-1-Administrative-Rules-Governing-RFPs.pdf,pdfix-unable-to-open
courts/default/documents/ITB-Answers-to-Questions-Master-110422-Final-RevisedQ30-Q47-Q49-Q50-Q53.pdf,pdfix-unable-to-open
courts/default/documents/RFP-CIP-2022-39-DM-ADDENDUM-1.pdf,pdfix-unable-to-open
courts/default/documents/scampi-ind-rfp-attach5.pdf,pdfix-unable-to-open
courts/default/documents/talentag-rfp-qna.pdf,pdfix-unable-to-open
courts/default/documents/JBWCP-2019-06-DM-Attachment-6-Payee-Data-Record-Form.pdf,pdfix-unable-to-open
courts/default/documents/IT-2021-17--DM-Attachment-7-UNRUH-CERTIFICATION.pdf,pdfix-unable-to-open
courts/default/documents/dm-rfp_0.pdf,pdfix-unable-to-open
courts/default/documents/adminctintexam-rfp-attj_0.pdf,pdfix-unable-to-open
courts/default/documents/4-2-RFP-13-14-01GW-HVAC-HW-Valves-RFP.pdf,pdfix-unable-to-open
courts/default/documents/RFP-REFM-SC-AV-Streaming-2016-61-JP-Photo-4-LA-IT-Room-2nd-Floor.pdf,pdfix-unable-to-open
courts/default/documents/RFP-FS-SP-2019-03-JP-Attachment-2-Regional-Building-List-Addendum-1_0.pdf,pdfix-unable-to-open
courts/default/documents/mamlakes-rfp-atti.pdf,pdfix-unable-to-open
courts/default/documents/CRS-PD-333-Attachment-2-JCC-Hotel-Agreement-Template_janpao21.pdf,pdfix-unable-to-open
courts/default/documents/CFCC-2022-33-DM-Intent-To-Award.pdf,pdfix-unable-to-open
courts/default/documents/CJER-030614-OSCSF-CF-Attachment-1-Admin-Rules.pdf,pdfix-unable-to-open
courts/default/documents/commcorrections-ebp-rfp-qna.pdf,pdfix-unable-to-open
courts/default/documents/tvsignal-intenttoaward-rfp.pdf,pdfix-unable-to-open
courts/default/documents/phoenix-rfp-section1_0.pdf,pdfix-unable-to-open
courts/default/documents/phoenix-rfp-appenda_0.pdf,pdfix-unable-to-open
courts/default/documents/CFCC-2020-25-CD-Attachment-6-Payee-Data-Record-Form.pdf,pdfix-unable-to-open
courts/default/documents/ASU-EG-003-SS-Attachment-8.pdf,pdfix-unable-to-open
courts/default/documents/famjuv-20231106-notice-agenda.pdf,pdfix-unable-to-open
courts/default/documents/RFP-FS-2021-12-AL-QNA-form.pdf,pdfix-unable-to-open
courts/default/documents/Attach-8B-Payee-Data-Record-Supplement_0.pdf,pdfix-unable-to-open
courts/default/documents/FS-2019-04-LB-Attachment-1-Administrative-Rules.pdf,pdfix-unable-to-open
courts/default/documents/IFB-AS-043015-RB-Year-End-Paper.pdf,pdfix-unable-to-open
courts/default/documents/2010lang-rfp-atta.pdf,pdfix-unable-to-open
courts/default/documents/CRS-SP-156-Attachment-1-Admin-Rules-Non-IT-Services.pdf,pdfix-unable-to-open
courts/default/documents/IT23-157RB-Attach-1-Admin-Rules.pdf,pdfix-unable-to-open
courts/default/documents/IFB-Supreme-041516-MDS-IFB.pdf,pdfix-unable-to-open
courts/default/documents/CR-2019-04-LV-Attach-6-Payee-Data-Record-Form.pdf,pdfix-unable-to-open
courts/default/documents/OCR23-152RB-RFP.pdf,pdfix-unable-to-open
courts/default/documents/Attach-7-Architect-Engineer-Qualifications_0.pdf,pdfix-unable-to-open
courts/default/documents/scjuvdeprep-rfp-contract_da.pdf,pdfix-unable-to-open
courts/default/documents/ASU-TD-025-Attachment-5-Form-for-Submission-of-Technical-Proposal-ROOM-BLOCK-ONLY.pdf,pdfix-unable-to-open
courts/default/documents/CRS-TD-036-Attachment-6-Form-for-Submission-of-Cost-Proposal-FULL-SERVICE.pdf,pdfix-unable-to-open
courts/default/documents/IFB-AS-050416-RB-Attachment-8-payee-data-record-204a.pdf,pdfix-unable-to-open
courts/default/documents/RFP-CFCC-06-11-LM.pdf,pdfix-unable-to-open
courts/default/documents/RFP-FS-2023-14-MY-Attachment-8A-Payee-Data-Record-Form.pdf,pdfix-unable-to-open
courts/default/documents/CFCC-2016-08-RBB-Attachment-5-Darfur.pdf,pdfix-unable-to-open
courts/default/documents/RFP-JCC-2023-11-SB-ADDENDUM-2.pdf,pdfix-unable-to-open
courts/default/documents/CRS-SP-199-Attachment-4-Darfur-Contracting-ACT.pdf,pdfix-unable-to-open
courts/default/documents/RFP-FS-2021-02-BD-Attachment-I-A-Payee-Data-Record-std204.pdf,pdfix-unable-to-open
courts/default/documents/IFB-ISD-052214-AA-STD204-Payee-Data-Record.pdf,pdfix-unable-to-open
courts/default/documents/nativeamerican-justice2-rfp-attach1.pdf,pdfix-unable-to-open
courts/default/documents/CRS-SP-344-Intent-to-Award.pdf,pdfix-unable-to-open
courts/default/documents/plumas-sierra-rfp-atta.pdf,pdfix-unable-to-open
courts/default/documents/FS-2021-12-AL-Attach-8B-Payee-Data-Record-Supplement-STD205.pdf,pdfix-unable-to-open
courts/default/documents/OCCM-2012-01-CC-ATTACHMENT-7-Payee-Data-Record-Form.pdf,pdfix-unable-to-open
courts/default/documents/digphotadd2.pdf,pdfix-unable-to-open
courts/default/documents/CFCC-10-11-LM-Exhibit-C-Work-to-be-Performed.pdf,pdfix-unable-to-open
courts/default/documents/susjustice-consult-rfp-intent.pdf,pdfix-unable-to-open
courts/default/documents/precon-rfp-add1.pdf,pdfix-unable-to-open
courts/default/documents/RFPFS202214MB-Attach-7-Architect-Engineer-Qualifications.pdf,pdfix-unable-to-open
courts/default/documents/gcfmti-rfp-legagr_0.pdf,pdfix-unable-to-open
courts/default/documents/envconsultsvcs-rfp-award_0.pdf,pdfix-unable-to-open
courts/default/documents/RFP-FS-2021-13-AL-Addendum-02.pdf,pdfix-unable-to-open
courts/default/documents/constman-rfq-stdform.pdf,pdfix-unable-to-open
courts/default/documents/confaudio-rfp-attd_0.pdf,pdfix-unable-to-open
courts/default/documents/RFP-FS-2021-17-AL-NoticeOfIntentToAward.pdf,pdfix-unable-to-open
courts/default/documents/crs-sp-057-Attachment-1-Admin-Rules-Non-IT-Services.pdf,pdfix-unable-to-open
courts/default/documents/preconstsvc-rfp-add1_0.pdf,pdfix-unable-to-open
courts/default/documents/RFP-412020-MJ-Attachment-9-PayeeDataRecord204-Paper.pdf,pdfix-unable-to-open
courts/default/documents/artistsrfp.pdf,pdfix-unable-to-open
courts/default/documents/CRS-PD-192-Attachment-3-Vendors-Acceptance-of-the-RFPs-Contract-Terms-AJAI2017.pdf,pdfix-unable-to-open
courts/default/documents/ASU-EG-002-SS-intent-to-award.pdf,pdfix-unable-to-open
courts/default/documents/ASU-EG019-Attachment-1-Admin-Rules-Non-IT-Services.pdf,pdfix-unable-to-open
courts/default/documents/RFP-FS-2020-09-JP-Notice-to-Intent-to-Award.pdf,pdfix-unable-to-open
courts/default/documents/CRS-SP-320-Cancelation.pdf,pdfix-unable-to-open
courts/default/documents/precon-rfp-quest_0.pdf,pdfix-unable-to-open
courts/default/documents/CRS-SP-217-Attachment-2-Hotel-Agreement.pdf,pdfix-unable-to-open
courts/default/documents/preconstsvc-rfp-intent_0.pdf,pdfix-unable-to-open
courts/default/documents/RFP-FS-2021-26-AL-Notice-Of-Shortlist_0.pdf,pdfix-unable-to-open
courts/default/documents/stanislausrfp.pdf,pdfix-unable-to-open
courts/default/documents/CPAS-201101-RB-_RFP-Court-Interpreter-Exam-Admin.pdf,pdfix-unable-to-open
courts/default/documents/IT-2023-10-SB-Audio-Conference-Attachment-1-Administrative-Rules.pdf,pdfix-unable-to-open
courts/default/documents/lc-20210902-notice.pdf,pdfix-unable-to-open
courts/default/documents/CRS-SP-070-RFP-Hotel-ROOM-BLOCK-ONLY.pdf,pdfix-unable-to-open
courts/default/documents/tcweb-implement-rfp-attach5.pdf,pdfix-unable-to-open
courts/default/documents/sgefsaddendum2.pdf,pdfix-unable-to-open
courts/default/documents/IFB-IT-2020-86RB-Notice-of-Intent-to-Award.pdf,pdfix-unable-to-open
courts/default/documents/arceng-ccrfq-add1.pdf,pdfix-unable-to-open
courts/default/documents/RFP-FS-2023-05-XC-ADDENDUM-1.pdf,pdfix-unable-to-open
courts/default/documents/TCAS-2023-01-AJ-Emergency-Notification-Services-RFP-Addendum-1.pdf,pdfix-unable-to-open
courts/default/documents/ITSO-11-13-LM-Attachment-6-Payee-Data-Record-Form.pdf,pdfix-unable-to-open
courts/default/documents/IFB-IT-2021-89RB-Attachment-4.pdf,pdfix-unable-to-open
courts/default/documents/FIN-MM-0412-NN-Attachment-1-Admin-rules-RFP-non-IT-services.pdf,pdfix-unable-to-open
courts/default/documents/precon-porterville-rfq-attachg.pdf,pdfix-unable-to-open
courts/default/documents/42-RFP-13-14-04_Housekeeping-Janitorial-Questions-and-Answers.pdf,pdfix-unable-to-open
courts/default/documents/CRS-PD-316-Attachment-6-Conflict-of-Interest-Certification-form-pjceo.pdf,pdfix-unable-to-open
courts/default/documents/ergoeval-rfp-atte_0.pdf,pdfix-unable-to-open
courts/default/documents/lapbios.pdf,pdfix-unable-to-open
courts/default/documents/Intent-to-Award-CRS-381.pdf,pdfix-unable-to-open
courts/default/documents/cletsmms-rfp-qa_0.pdf,pdfix-unable-to-open
courts/default/documents/CFCC-2021-11-LV-Attachment-7-Bidder-Declaration.pdf,pdfix-unable-to-open
courts/default/documents/eapjb-rfp-attach7.pdf,pdfix-unable-to-open
courts/default/documents/CRS-SP-148-Attachment-6-Conflict-of-Interest-Certification-form.pdf,pdfix-unable-to-open
courts/default/documents/ASU-DC-008-LM-Attachment-7-Conflict-of-Interest-Certification-Form.pdf,pdfix-unable-to-open
courts/default/documents/CFCC-2023-45-DM-Attachment-1-Administrative-Rules.pdf,pdfix-unable-to-open
courts/default/documents/stateadminrfp.pdf,pdfix-unable-to-open
courts/default/documents/CRS-SP-399-Attachment-1-Admin-Rules-Non-IT-Services.pdf,pdfix-unable-to-open
courts/default/documents/CFCC-22-127RB-RFP-Attach-4-Gen-Certs.pdf,pdfix-unable-to-open
courts/default/documents/duiweb_intent_0.pdf,pdfix-unable-to-open
courts/default/documents/ergoassess-rfp-attachd_0.pdf,pdfix-unable-to-open
courts/default/documents/scampi-ind-rfp-attach2sched1.pdf,pdfix-unable-to-open
courts/default/documents/3dcarfp201202_AnswerstoQuestions.pdf,pdfix-unable-to-open
courts/default/documents/Attachment-6-STD-204-Payee-Data-Record.pdf,pdfix-unable-to-open
courts/default/documents/repjuvdeprfpqna_0.pdf,pdfix-unable-to-open
courts/default/documents/CRS-SP-064-Intent-to-Award-February-JC-Meeting.pdf,pdfix-unable-to-open
courts/default/documents/CRS-SP-197-Attachment-4-Darfur-Contracting-ACT.pdf,pdfix-unable-to-open
courts/default/documents/juryserv_0.pdf,pdfix-unable-to-open
courts/default/documents/RFP-FS-2021-01-MB-Notice-of-Shortlist-for-Interviews.pdf,pdfix-unable-to-open
courts/default/documents/RFP-APPELLATE-122118-WV.pdf,pdfix-unable-to-open
courts/default/documents/Bidders-Conference-Presentation-v072412_0.pdf,pdfix-unable-to-open
courts/default/documents/CRS-SP-064-Attachment-2-AOC-Hotel-Agreement-Template.pdf,pdfix-unable-to-open
courts/default/documents/arceng-ccrfq-sf330.pdf,pdfix-unable-to-open
courts/default/documents/bsadocman-rfp-attach4_0.pdf,pdfix-unable-to-open
courts/default/documents/aocjobacc-rfp_0.pdf,pdfix-unable-to-open
courts/default/documents/CRS-EG-347-Attachment-2-JCC-Hotel-Agreement-Template.pdf,pdfix-unable-to-open
courts/default/documents/sejuvdepct-qdata-rfp-att2d.pdf,pdfix-unable-to-open
courts/default/documents/preconstruct-riskmanage-kings-rfp-add1.pdf,pdfix-unable-to-open
courts/default/documents/envconsultsvcs-rfp-list_0.pdf,pdfix-unable-to-open
courts/default/documents/RFP-CFCC-2012-01-RB-Attachment-8-Lot-Check-Off-Form.pdf,pdfix-unable-to-open
courts/default/documents/BAP-2022-07-SB-Attachment-1_Administrative-Rules-Governing.pdf,pdfix-unable-to-open
courts/default/documents/ASU-TD-029-Attachment-6-Form-for-Submission-of-Cost-Proposal-ROOM-BLOCK-ONLY.pdf,pdfix-unable-to-open
courts/default/documents/BAP-2022-07-SB-Attachment-7_UNRUH.pdf,pdfix-unable-to-open
courts/default/documents/CRS-PD-251-Attachment-6-Conflict-of-Interest-Certification-form-ab105818.pdf,pdfix-unable-to-open
courts/default/documents/OERS-201101-RB-Attachment-1-Admin-Rules.pdf,pdfix-unable-to-open
courts/default/documents/FS-2019-05-DGF-Attach-F-Payee-Data-Record.pdf,pdfix-unable-to-open
courts/default/documents/CRSEG048-Attachment-RFP-Hotel-ROOM-BLOCK-ONLY.pdf,pdfix-unable-to-open
courts/default/documents/tcgasbs-rfp-intent.pdf,pdfix-unable-to-open
courts/default/documents/susjustice-consult-rfp-qna_0.pdf,pdfix-unable-to-open
courts/default/documents/RFP-ISD-06192012-SLO_Exhibit-A-Manual-of-Accounting.pdf,pdfix-unable-to-open
courts/default/documents/FSO-2017-12-RP-Attachment-C-Master-Contract.pdf,pdfix-unable-to-open
courts/default/documents/TCAS-2022-02-MS-Technical-Scores.pdf,pdfix-unable-to-open
courts/default/documents/CRS-PD-266-Attachment-3-Vendors-Acceptance-of-the-RFPs-Contract-Terms-njofd19.pdf,pdfix-unable-to-open
courts/default/documents/TCAS-2020-03-MS-Attachment-2-JCC-Standard-Terms-and-Conditions.pdf,pdfix-unable-to-open
courts/default/documents/Appendix-I-JBWCP-Enrollment.pdf,pdfix-unable-to-open
courts/default/documents/RFQ-FSO-2019-06-JP_RFQ_Plumbing_Contractors.pdf,pdfix-unable-to-open
courts/default/documents/CJER-HB-0712-LM-Attachment-4-Payee-Data-Record-Form.pdf,pdfix-unable-to-open
courts/default/documents/FS-2019-04-LB-Questions-and-Answers.pdf,pdfix-unable-to-open
courts/default/documents/planreview-rfp-intent.pdf,pdfix-unable-to-open
courts/default/documents/sanbernardino-inspect-rfp-schedule.pdf,pdfix-unable-to-open
courts/default/documents/phoenix-rfp-section5.pdf,pdfix-unable-to-open
courts/default/documents/RFP-FS-SP-2020-16-JP-Notice-for-Rankings-by-Region.pdf,pdfix-unable-to-open
courts/default/documents/LSS-2019-15-CD-QA-On-Site-Catering-San-Francisco-071819.pdf,pdfix-unable-to-open
courts/default/documents/Notice-Of-Intent-To-Award.pdf,pdfix-unable-to-open
courts/default/documents/ASU-EG-002-SS-Attachment-1-Admin-Rules-Non-IT-Services.pdf,pdfix-unable-to-open
courts/default/documents/RFQ-JBCP-CBR-2016-60-SM-RFQ-Schedule-Revised.pdf,pdfix-unable-to-open
courts/default/documents/42-RFP-13-14-04_Housekeeping-Janitorial-Attachment-3_Accept-Terms-and-Conditions.pdf,pdfix-unable-to-open
courts/default/documents/COSSO-2018-01-Language-Access-in-the-CA-Courts-PSK-Attachment-6.pdf,pdfix-unable-to-open
courts/default/documents/bpr-rfp-qa_0.pdf,pdfix-unable-to-open
courts/default/documents/preconstsvc-rfp-attachi_0.pdf,pdfix-unable-to-open
courts/default/documents/HR-2012-01-RB-HR-2012-01-RB-Attachment-3-TC-Accept.pdf,pdfix-unable-to-open
courts/default/documents/IT-2018-05-LB-Notice-of-Intent-to-Award.pdf,pdfix-unable-to-open
courts/default/documents/assessjurorutil-rfp-att5.pdf,pdfix-unable-to-open
courts/default/documents/prtrepsb.pdf,pdfix-unable-to-open
courts/default/documents/IFB-ISD-032014-III-AA-Attachment-2-termsandconditions2.pdf,pdfix-unable-to-open
courts/default/documents/statewide-translation11-rfp-qna.pdf,pdfix-unable-to-open
courts/default/documents/FS-2021-Attachment-09-Darfur-Certification.pdf,pdfix-unable-to-open
courts/default/documents/CFCC-2020-04-LV-JusticeCorps-Intent-To-Award.pdf,pdfix-unable-to-open
courts/default/documents/RFP-CAL-2023-01-RP-Notice-Questions.pdf,pdfix-unable-to-open
courts/default/documents/CRS-EG035-RFP-Hotel-FULL-SERVICE.pdf,pdfix-unable-to-open
courts/default/documents/JBCP-2013-02-BR-Attachment-F_Darfur-Contracting-Act-Certification.pdf,pdfix-unable-to-open
courts/default/documents/arceng-ccrfq_0.pdf,pdfix-unable-to-open
courts/default/documents/CFCC-2021-23-DM-Intent-To-Award.pdf,pdfix-unable-to-open
courts/default/documents/CRS-SP-363-Attachment-6-Conflict-of-Interest-Certification-form.pdf,pdfix-unable-to-open
courts/default/documents/elearn-rfp-b_0.pdf,pdfix-unable-to-open
courts/default/documents/RFP-FS-2021-02-BD-Attachment-G-General-Certifications.pdf,pdfix-unable-to-open
courts/default/documents/CFCC-2018-09-CD-RFP-E-Learning-Modules.pdf,pdfix-unable-to-open
courts/default/documents/LSS-2021-28-DM-QA.pdf,pdfix-unable-to-open
courts/default/documents/CFCC-2022-33-DM-Attachment-8-UNRUH-AND-FEHA-CERTIFICATION.pdf,pdfix-unable-to-open
courts/default/documents/estorectrep-rfi_0.pdf,pdfix-unable-to-open
courts/default/documents/CRS-PD-266-RFP-Hotel-ROOM-BLOCK-njofd19.pdf,pdfix-unable-to-open
courts/default/documents/CRS-AU-037-Attachment-7-Conflict-of-Interest-Certification-form.pdf,pdfix-unable-to-open
courts/default/documents/bpr-rfp-att_f_ccms_fact_sheet.pdf,pdfix-unable-to-open
courts/default/documents/feltrial-rfp-supsummary_0.pdf,pdfix-unable-to-open
courts/default/documents/RFP-FS-SP-2020-16-JP-Attachment-3-Regional-Pricing-Work.pdf,pdfix-unable-to-open
courts/default/documents/CRS-PD-226-Attachment-1-Admin-Rules-Non-IT-Services-njo1718.pdf,pdfix-unable-to-open
courts/default/documents/CRS-PD-326-Attachment-6-Conflict-of-Interest-Certification-form-paodvcoct20.pdf,pdfix-unable-to-open
courts/default/documents/CRSSP052-QA.pdf,pdfix-unable-to-open
courts/default/documents/FSO-2018-09-JR-RFQ.pdf,pdfix-unable-to-open
courts/default/documents/ASU-EG-018-Attachment-8-QA.pdf,pdfix-unable-to-open
courts/default/documents/IFB-BAP-23-138RB-Attach-10-DVBE-Declaration.pdf,pdfix-unable-to-open
courts/default/documents/devdraftpol-rfp-list.pdf,pdfix-unable-to-open
courts/default/documents/IT23-157RB-Attach-11-DVBE-Bidder-Decl.pdf,pdfix-unable-to-open
courts/default/documents/elearn-rfp-intent_0.pdf,pdfix-unable-to-open
courts/default/documents/GA-2017-40-RB-Request-for-Proposal.pdf,pdfix-unable-to-open
courts/default/documents/HCRC-2018-48-RB-Attachment-8-DVBE-Declaration.pdf,pdfix-unable-to-open
courts/default/documents/IT-2021-18-DM-Attachment-5-Payee-Data-Record-Form.pdf,pdfix-unable-to-open
courts/default/documents/FS-2017-20-BD-RFP-Attach-D-Standard-Agreement.pdf,pdfix-unable-to-open
courts/default/documents/CRS-PD-208-Attachment-1-Admin-Rules-Non-IT-Services-Labor-Relations-Full-2017.pdf,pdfix-unable-to-open
courts/default/documents/aocjobacc-rfp-attd.pdf,pdfix-unable-to-open
courts/default/documents/pubprivpart-rfp_0.pdf,pdfix-unable-to-open
courts/default/documents/HCRC-SS-071216-Attachment-05.pdf,pdfix-unable-to-open
courts/default/documents/RFP-FS-2018-02-JP-Posting-of-Short-List.pdf,pdfix-unable-to-open
courts/default/documents/testauditrfp_0.pdf,pdfix-unable-to-open
courts/default/documents/CFCC-2024-28-LV-Attachment-10-Bidder-Declaration.pdf,pdfix-unable-to-open
courts/default/documents/BS-2020-13-DM-QA.pdf,pdfix-unable-to-open
courts/default/documents/IT-OPD-18-46-RB-QA-POC-Website-Hosting.pdf,pdfix-unable-to-open
courts/default/documents/devdraftpol-rfp_0.pdf,pdfix-unable-to-open
courts/default/documents/gcportola_rfq-faq_0.pdf,pdfix-unable-to-open
courts/default/documents/tempserv-rfp_att_a_administrative_rules_governing_rfps_0.pdf,pdfix-unable-to-open
courts/default/documents/IFB-FIN010111CK-Attachment-4-Terms--Conditions-Final.pdf,pdfix-unable-to-open
courts/default/documents/CFCC-2020-69-RB-RFP.pdf,pdfix-unable-to-open
courts/default/documents/RFQ-FS-2021-06-BD-Submission-of-Questions_DirectEnergy.pdf,pdfix-unable-to-open
courts/default/documents/wcm-rfp.pdf,pdfix-unable-to-open
courts/default/documents/parking-cmjcente-rfp-add1.pdf,pdfix-unable-to-open
courts/default/documents/HRDRM-17-05-RBB-Attachment-7-Iran-Contracting-Act.pdf,pdfix-unable-to-open
courts/default/documents/preconstruct-risk-woodland-rfp-attache.pdf,pdfix-unable-to-open
courts/default/documents/statewide-translation11-rfp.pdf,pdfix-unable-to-open
courts/default/documents/CRS-EG-233-Attachment-1-Admin-Rules-Non-IT-Services.pdf,pdfix-unable-to-open
courts/default/documents/HR-2021-29-DM-ADDENDUM-3.pdf,pdfix-unable-to-open
courts/default/documents/MAPS-2020-09-LV-Request-For-Proposals.pdf,pdfix-unable-to-open
courts/default/documents/CJER0613LM-Notice-of-Cancellation.pdf,pdfix-unable-to-open
courts/default/documents/FSO-2017-14-RP-Attach-8-Scope-of-Work.pdf,pdfix-unable-to-open
courts/default/documents/ergoeval-rfp-qa_0.pdf,pdfix-unable-to-open
courts/default/documents/4-2-RFP-12-13-01-CK-Attachment_4_Darfur.pdf,pdfix-unable-to-open
courts/default/documents/Attachment-B-Terms-and-Conditions.pdf,pdfix-unable-to-open
courts/default/documents/preconstsvc-rfp-attachg.pdf,pdfix-unable-to-open
courts/default/documents/CRS-PD-209-Attachment-6-Conflict-of-Interest-Certification-form-Labor-Relations-SRO-2017.pdf,pdfix-unable-to-open
courts/default/documents/RFP-FS-2022-02-MB-Attach-K-Iran-Contracting-Act.pdf,pdfix-unable-to-open
courts/default/documents/rfp_is_102805_intent_to_award_0.pdf,pdfix-unable-to-open
courts/default/documents/CFCC-1403-RB-Del-Norte-Dependency-Representation-RFP.pdf,pdfix-unable-to-open
courts/default/documents/CRS-AU-222-Intent-to-Award-CCTI.pdf,pdfix-unable-to-open
courts/default/documents/IT-2020-64-RB-Technical-Score-Posting-Cost-Opening-Notice.pdf,pdfix-unable-to-open
courts/default/documents/parking-cmjcente-rfp-intent.pdf,pdfix-unable-to-open
courts/default/documents/ITSO-11-13-LM-QA.pdf,pdfix-unable-to-open
courts/default/documents/ergoeval-rfp-atte.pdf,pdfix-unable-to-open
courts/default/documents/datacollect-collabresearch-rfp.pdf,pdfix-unable-to-open
courts/default/documents/OGC-ADR-01B-LM-Appendix-B-Acceptance-of-the-Work.pdf,pdfix-unable-to-open
courts/default/documents/CJER-122013-OSCS-CF-Q-A.pdf,pdfix-unable-to-open
courts/default/documents/CRS-SP-131-Cancellation-Notice.pdf,pdfix-unable-to-open
courts/default/documents/archeng-rfq-add3_0.pdf,pdfix-unable-to-open
courts/default/documents/CRS-SP-115-Attachment-4-Darfur-Contracting-ACT.pdf,pdfix-unable-to-open
courts/default/documents/REFM-2015-02-DM-Intent-To-Award.pdf,pdfix-unable-to-open
courts/default/documents/CRS-PD-152-Attachment-3-Vendors-Acceptance-of-the-RFPs-Contract-Terms-NJO.pdf,pdfix-unable-to-open
courts/default/documents/CFCC-2020-67-RB-RFP-Notice-of-Intent-to-Award.pdf,pdfix-unable-to-open
courts/default/documents/thirdpartyclaims-rfp.pdf,pdfix-unable-to-open
courts/default/documents/3DCA-RFP-19-20-02-Notice-of-Intent-to-Award.pdf,pdfix-unable-to-open
courts/default/documents/ctintrecruit-rfp-award_0.pdf,pdfix-unable-to-open
courts/default/documents/CRS-SP-271-RFP-Hotel-FULL-SERVICE.pdf,pdfix-unable-to-open
courts/default/documents/OGC-ADR-02-RB-Attachment-7.pdf,pdfix-unable-to-open
courts/default/documents/RFP-FS-2019-04-LB-Notice-of-Intent-to-Award.pdf,pdfix-unable-to-open
courts/default/documents/preconstruct-riskmanage-kings-rfp-intent.pdf,pdfix-unable-to-open
courts/default/documents/FSO-2017-07-JR-Notice-to-Firms.pdf,pdfix-unable-to-open
courts/default/documents/IFB-Supreme-041516-MDS-QA.pdf,pdfix-unable-to-open
courts/default/documents/CRS-SP-140-Intent-to-Award.pdf,pdfix-unable-to-open
courts/default/documents/FSO-2017-07-JR-Notice-Questions.pdf,pdfix-unable-to-open
courts/default/documents/thirdpartyclaims-rfp-pdr.pdf,pdfix-unable-to-open
courts/default/documents/RFPFS202215KO-RFP.pdf,pdfix-unable-to-open
courts/default/documents/crs-sp-057-QA.pdf,pdfix-unable-to-open
courts/default/documents/OCR23-154RB-Attach-5-Darfur-Cert.pdf,pdfix-unable-to-open
courts/default/documents/CRS-SP-120-Attachment-4-Darfur-Contracting-ACT.pdf,pdfix-unable-to-open
courts/default/documents/RFP-CFCC23-159RB-Attach-6B-Std205.pdf,pdfix-unable-to-open
courts/default/documents/aoc-onsitecatering-sf-rfp-attachb.pdf,pdfix-unable-to-open
courts/default/documents/TCAS-2022-02-MS-Attachment-8-Unruh-Civil-Rights-Act.pdf,pdfix-unable-to-open
courts/default/documents/CRS-SP-366-RFP-Hotel-ROOM-BLOCK.pdf,pdfix-unable-to-open
courts/default/documents/insurebrokerage-occm-rfp-mod.pdf,pdfix-unable-to-open
courts/default/documents/cscollsvcs-rfp-appd_0.pdf,pdfix-unable-to-open
courts/default/documents/REFM-2014-03-BR-Notice-of-Intent.pdf,pdfix-unable-to-open
courts/default/documents/adagency-rfp-add2_0.pdf,pdfix-unable-to-open
courts/default/documents/CFCC-22-124RB-Attach-1-Admin-Rules.pdf,pdfix-unable-to-open
courts/default/documents/maderacourthouse-preconstruct-rfp-attachjadd2.pdf,pdfix-unable-to-open
courts/default/documents/CRS-EG-233-Intent-to-Award.pdf,pdfix-unable-to-open
courts/default/documents/plumas-sierra-rfp-attb_0.pdf,pdfix-unable-to-open
courts/default/documents/IT-2021-22-DM-Attachment-11-UNRUH-CIVIL-RIGHTS-ACT.pdf,pdfix-unable-to-open
courts/default/documents/eaprfp.pdf,pdfix-unable-to-open
courts/default/documents/attachmenta_0.pdf,pdfix-unable-to-open
courts/default/documents/RFP-HR-2021-29-DM-Intent-To-Award.pdf,pdfix-unable-to-open
courts/default/documents/FSO-2017-21-HN-Attach-2-Sample-Standard-Agreement.pdf,pdfix-unable-to-open
courts/default/documents/constrantct-rfp_attf.pdf,pdfix-unable-to-open
courts/default/documents/confaudio-rfp-intent.pdf,pdfix-unable-to-open
courts/default/documents/CRS-EG-315-Intent-to-Award.pdf,pdfix-unable-to-open
courts/default/documents/OGC-ADR-04-NN-Attachment-2-AOC-Terms-Conditions.pdf,pdfix-unable-to-open
courts/default/documents/feltrial-rfp-supfinalreport_0.pdf,pdfix-unable-to-open
courts/default/documents/RFP-FS-SP-2019-03-JP-Attachment-15-BANCRO.pdf,pdfix-unable-to-open
courts/default/documents/FSO-2017-12-RP-Attachment-H-Minimum-Roofing-Standards.pdf,pdfix-unable-to-open
courts/default/documents/brcpec-rfp-att2_0.pdf,pdfix-unable-to-open
courts/default/documents/sasvssmp_ita_0.pdf,pdfix-unable-to-open
courts/default/documents/CFCC-2023-53-DM-Attachment-6B-Std205.pdf,pdfix-unable-to-open
courts/default/documents/IFB-ISD-080112-II-CCPOR-Deployment-II-Scanners-and-Scanning-Software-Final-.pdf,pdfix-unable-to-open
courts/default/documents/Attachment-A-FS-2020-15-BD-Administrative-Rules-Governing-RFPs.pdf,pdfix-unable-to-open
courts/default/documents/FSO-2017-14-RP-RFP.pdf,pdfix-unable-to-open
courts/default/documents/cafmrfp-add1_0.pdf,pdfix-unable-to-open
courts/default/documents/EDU-10-12-LM-Q-A.pdf,pdfix-unable-to-open
courts/default/documents/qual-arch-eng-rfq-qa.pdf,pdfix-unable-to-open
courts/default/documents/CRS-SP-378-Attachment-2-JCC-Hotel-Agreement.pdf,pdfix-unable-to-open
courts/default/documents/adminctintexam-rfp-attj.pdf,pdfix-unable-to-open
courts/default/documents/mamlakes-rfp-attb_0.pdf,pdfix-unable-to-open
courts/default/documents/RFPFS202203MB-RFP-Attach-9-Support-Documents-A.9-ADDENDUM-6.pdf,pdfix-unable-to-open
courts/default/documents/hr053012ck_Addendum-1.pdf,pdfix-unable-to-open
courts/default/documents/FS-2019-09-BD-Attachment-K-Judicial-Council-Response-to-Questions.pdf,pdfix-unable-to-open
courts/default/documents/CRS-PD-258-Attachment-1-Admin-Rules-Non-IT-Services-asai19.pdf,pdfix-unable-to-open
courts/default/documents/maderacourthouse-preconstruct-rfp-attachc.pdf,pdfix-unable-to-open
courts/default/documents/IFB-FIN010111CK-Attachment-8--Darfur-Contracting-Act-Certification.pdf,pdfix-unable-to-open
courts/default/documents/aersforscbrfp-plumassierra.pdf,pdfix-unable-to-open
courts/default/documents/CRS-PD-097-RFP-Hotel-FULL-SERVICE.pdf,pdfix-unable-to-open
courts/default/documents/JCC-2019-01-CD-IFB-QA.pdf,pdfix-unable-to-open
courts/default/documents/RFPFS202212KO-Attach-D-Darfur.pdf,pdfix-unable-to-open
courts/default/documents/JBCP-2013-05-BR-Short-List-Announcement-Willows.pdf,pdfix-unable-to-open
courts/default/documents/EDU-10-12-LM-Attachment-5-Iran-Contracting-Act-Certification-Form.pdf,pdfix-unable-to-open
courts/default/documents/Exhibit-D-UNRUH-CERTIFICATION.pdf,pdfix-unable-to-open
courts/default/documents/BAP-22-125RB-Attach-5-Small-Biz.pdf,pdfix-unable-to-open
courts/default/documents/RFP-FS-2022-13-XC-Attach-12-Unruh-Certification.pdf,pdfix-unable-to-open
courts/default/documents/ASU-EG019-Attachment-5--Form-for-Submission-of-Technical-Proposal--ROOM-BLOCK-ONLY.pdf,pdfix-unable-to-open
courts/default/documents/REFM-2016-27-BD-Request-for-Proposal-Revision-6.pdf,pdfix-unable-to-open
courts/default/documents/RFP-FS-SP-2019-03-JP-Attachment-17-SRO.pdf,pdfix-unable-to-open
courts/default/documents/IT-2018-42-RB-Attachment-3-TCs-Acceptance.pdf,pdfix-unable-to-open
courts/default/documents/foms_add1.pdf,pdfix-unable-to-open
courts/default/documents/RFP-FS-2022-10-XC_Request-For-Proposal.pdf,pdfix-unable-to-open
courts/default/documents/CFCC-2016-07-RBB-RFP-AMADOR-CANCELLATION.pdf,pdfix-unable-to-open
courts/default/documents/CJER-05-13-RB-Attachment-8c-Courtroom-Audio.pdf,pdfix-unable-to-open
courts/default/documents/LSO-2019-12-CD-QA.pdf,pdfix-unable-to-open
courts/default/documents/CRS-EG-357-Attachment-7-Covid-19-Duty-of-Care-Questionnaire.pdf,pdfix-unable-to-open
courts/default/documents/CRS-PD-123-Attachment-6-Conflict-of-Interest-Certification.pdf,pdfix-unable-to-open
courts/default/documents/CRS-AK-398-Attachment-6-Conflict-of-Interest-Certification-form.pdf,pdfix-unable-to-open
courts/default/documents/wcm-rfp-att2_0.pdf,pdfix-unable-to-open
courts/default/documents/forum-20220811-notice-agenda.pdf,pdfix-unable-to-open
courts/default/documents/ergoeval-rfp-award.pdf,pdfix-unable-to-open
courts/default/documents/JBCP-2012-05-BR-Attachment-C-Form-for-Submission-of-Questions.pdf,pdfix-unable-to-open
courts/default/documents/RFP-FS-2020-06-DF-Response-to-Questions.pdf,pdfix-unable-to-open
courts/default/documents/maderacourthouse-preconstruct-rfp-attacha.pdf,pdfix-unable-to-open
courts/default/documents/CFCC-2020-69-RB-Notice-of-Intent-to-Award.pdf,pdfix-unable-to-open
courts/default/documents/archeng-rfq-slistann.pdf,pdfix-unable-to-open
courts/default/documents/sasvssmp_ita.pdf,pdfix-unable-to-open
courts/default/documents/CRS-PD-149-Attachment-3-Acceptance-of-Terms-NJO.pdf,pdfix-unable-to-open
courts/default/documents/RFP-ISD-06192012-SLO_Attachment-13_Application-Architecture--Security-Requirements.pdf,pdfix-unable-to-open
courts/default/documents/assessjurorutil-rfp-add1.pdf,pdfix-unable-to-open
courts/default/documents/BAP24-166RB-Attach-9-Darfur-Cert.pdf,pdfix-unable-to-open
courts/default/documents/3DCA-17-18-04-attachment-3-Proposers-Acceptance-of-Terms-and-Conditions.pdf,pdfix-unable-to-open
courts/default/documents/CRS-SP-121-Attachment-4-Darfur-Contracting-ACT.pdf,pdfix-unable-to-open
courts/default/documents/CRS-SP-237-RFP-Hotel-FULL-SERVICE.pdf,pdfix-unable-to-open
courts/default/documents/REFM-2016-27-BD-Request-for-Proposal-Revision-4.pdf,pdfix-unable-to-open
courts/default/documents/CRS-SP-114-Attachment-4-Darfur-Contracting-ACT.pdf,pdfix-unable-to-open
courts/default/documents/phoenix-rfp-appendb-02.pdf,pdfix-unable-to-open
courts/default/documents/CRS-SP-137-Attachment-6-Conflict-of-Interest-Certification-form.pdf,pdfix-unable-to-open
courts/default/documents/CFCC-22-124RB-Attach-8-Bidder-Declaration.pdf,pdfix-unable-to-open
courts/default/documents/REFM-2015-13-DM-QA.pdf,pdfix-unable-to-open
courts/default/documents/ADDENDUM-1-RFP-FS-2021-01-MB.pdf,pdfix-unable-to-open
courts/default/documents/CRS-PD-304-Attachment-3-Vendors-Acceptance-of-the-RFPs-Contract-Terms_jc20.pdf,pdfix-unable-to-open
courts/default/documents/vidproduction-rfp-qna.pdf,pdfix-unable-to-open
courts/default/documents/constrantct-rfp_attd.pdf,pdfix-unable-to-open
courts/default/documents/RFQ-FSO-2019-06-JP_Attach_B_Payee_Data_Record_Form.pdf,pdfix-unable-to-open
courts/default/documents/RFP-IT-2020-64-RB-IT-Questions-and-Answers-Rev-2.pdf,pdfix-unable-to-open
courts/default/documents/CRSSP056-Attachment-3-Vendors-Acceptance-of-theRFPs-Contract-Terms.pdf,pdfix-unable-to-open
courts/default/documents/phoenix-rfp-add5v2.pdf,pdfix-unable-to-open
courts/default/documents/CRS-PD-212-Attachment-4-Darfur-Contracting-ACT-COCR-217.pdf,pdfix-unable-to-open
courts/default/documents/CFCC-2016-12LB-Attachment-4-General-Cert.pdf,pdfix-unable-to-open
courts/default/documents/RFP-FS-2021-07-BD-Addedum-No-1-Revised-Section-4.0-Timeline.pdf,pdfix-unable-to-open
courts/default/documents/adminctintexam-rfp-atth.pdf,pdfix-unable-to-open
courts/default/documents/RFPFS202214MB-Attach-9-DVBE-Participation-Form.pdf,pdfix-unable-to-open
courts/default/documents/bsadocman-rfp_0.pdf,pdfix-unable-to-open
courts/default/documents/RFP-FS-2021-01-MB-Attachment-N-Darfur.pdf,pdfix-unable-to-open
courts/default/documents/crs-sp-057-Attachment-3-Vendors-Acceptance-of-the-RFPs-Contract-Terms.pdf,pdfix-unable-to-open
courts/default/documents/REFM-2016-23-RP-Notice-to-Firms.pdf,pdfix-unable-to-open
courts/default/documents/plainengrfp-b_0.pdf,pdfix-unable-to-open
courts/default/documents/swsecscreen-rfp-attb_0.pdf,pdfix-unable-to-open
courts/default/documents/vps-rfp-intent.pdf,pdfix-unable-to-open
courts/default/documents/workcomptpa-rfp-appii_a_0.pdf,pdfix-unable-to-open
courts/default/documents/RFP-FS-2022-02-MB-Attach-J-DVBE-Declaration.pdf,pdfix-unable-to-open
courts/default/documents/CRS-PD-182-Attachment-1-Admin-Rules-Non-IT-Services-SJI-2017.pdf,pdfix-unable-to-open
courts/default/documents/constrantct-rfp_att1b.pdf,pdfix-unable-to-open
courts/default/documents/REFM-2016-04-JP-CEQAServices-updated.pdf,pdfix-unable-to-open
courts/default/documents/avmaintsvcs-rfp-attach7.pdf,pdfix-unable-to-open
courts/default/documents/preconstsvc-rfp-attachk_0.pdf,pdfix-unable-to-open
courts/default/documents/HCRC-SS-071216-Intent-to-Award.pdf,pdfix-unable-to-open
courts/default/documents/JBCP-2013-01-BR-Attachment-C-Form-of-Questions.pdf,pdfix-unable-to-open
courts/default/documents/CRS-PD-176-Attachment-2-JCC-Hotel-Agreement-Sept-PAO-2016.pdf,pdfix-unable-to-open
courts/default/documents/tas-rfp-intent.pdf,pdfix-unable-to-open
courts/default/documents/FS-2019-11-BD-Attachment-B-Standard-Terms-and-Conditions.pdf,pdfix-unable-to-open
courts/default/documents/CFCC-10-13-LM-Attachment-2-Contract-Terms-and-Conditions.pdf,pdfix-unable-to-open
courts/default/documents/RFP-FS-2021-17-AL-Attach-08-DVBE-Bidder-Cert.pdf,pdfix-unable-to-open
courts/default/documents/FS-2018-14-RP-Short-List-Announcement.pdf,pdfix-unable-to-open
courts/default/documents/stateadminrfp_add1_0.pdf,pdfix-unable-to-open
courts/default/documents/CRS-PD-167-Attachment-1-Admin-Rules-Non-IT-Services-AB-1058.pdf,pdfix-unable-to-open
courts/default/documents/manprocfair-rfp-qa.pdf,pdfix-unable-to-open
courts/default/documents/FSO-2018-06-JMG_Attach_B_Payee_Data_Record_Form.pdf,pdfix-unable-to-open
courts/default/documents/RFI-BS-2020-11-DM-Data-Mining-Software.pdf,pdfix-unable-to-open
courts/default/documents/COS-VRILAP-MDS-080816-attachment-2.pdf,pdfix-unable-to-open
courts/default/documents/executiveandplanning-20210701-mm.pdf,pdfix-unable-to-open
courts/default/documents/elecpubbenchrfp.pdf,pdfix-unable-to-open
courts/default/documents/4-12-Kings-Addendum_2.pdf,pdfix-unable-to-open
courts/default/documents/CRS-EG035-Intent-to-Award.pdf,pdfix-unable-to-open
courts/default/documents/constrantct-rfp_attb_0.pdf,pdfix-unable-to-open
courts/default/documents/statewide-armoredcar-rfp.pdf,pdfix-unable-to-open
courts/default/documents/RFP-ISD-04172017-AA-JBCM-LPA-Master-Agreement-IT-Goods-1.pdf,pdfix-unable-to-open
courts/default/documents/CFCC-13-10-RB-CFCC-13-10-RB-Marin-Dependency-Representation-Attach-1-Admin-Rules.pdf,pdfix-unable-to-open
courts/default/documents/RFP-FS-2021-01-MB-Attachment-J-Bidder-Declaration.pdf,pdfix-unable-to-open
courts/default/documents/IT-2021-30-DM-Siteminder-Invitation-for-Bid.pdf,pdfix-unable-to-open
courts/default/documents/CFCC-2021-02-LV-Attachment-6-Payee-Data-Record-Form.pdf,pdfix-unable-to-open
courts/default/documents/dm-rfp-att2_0.pdf,pdfix-unable-to-open
courts/default/documents/RFQ-P-FSO-2018-11-JMG-Questions-Answered.pdf,pdfix-unable-to-open
courts/default/documents/dm-rfp-att9.pdf,pdfix-unable-to-open
courts/default/documents/lanwanrfp_0.pdf,pdfix-unable-to-open
courts/default/documents/CRS-SP-287-Attachment-2-JCC-Hotel-Agreement-Template.pdf,pdfix-unable-to-open
courts/default/documents/digphot.pdf,pdfix-unable-to-open
courts/default/documents/gcfmti-rfp-vendata_0.pdf,pdfix-unable-to-open
courts/default/documents/42-RFP-13-14-06_Mechanical-HVAC_Request-for-Proposals.pdf,pdfix-unable-to-open
courts/default/documents/2010study-rfp-attacha.pdf,pdfix-unable-to-open
courts/default/documents/apppanatt-rfp.pdf,pdfix-unable-to-open
courts/default/documents/JBCP-2015-11-JT-Attach-I-PayeeDataRecordForm.pdf,pdfix-unable-to-open
courts/default/documents/CRS-EG-092-Attachment-2-AOC-Hotel-Agreement-Template_Room-Block-Only_Master-Account.pdf,pdfix-unable-to-open
courts/default/documents/CRS-EG-292-Intent-to-Award.pdf,pdfix-unable-to-open
courts/default/documents/RFP-FS-2022-01-MB-Attach-A-Admin-Rules.pdf,pdfix-unable-to-open
courts/default/documents/CRS-SP-080-Attachment-2-AOC-Hotel-Agreement-Template.pdf,pdfix-unable-to-open
courts/default/documents/CFCC-2022-04-LV-Attachment-1-Administrative-Rules.pdf,pdfix-unable-to-open
courts/default/documents/CJER-05-13-RB-Public-Opening-of-Cost-Portion-of-Proposals.pdf,pdfix-unable-to-open
courts/default/documents/CRS-SP-203-Attachment-1-Admin-Rules-Non-IT-Services.pdf,pdfix-unable-to-open
courts/default/documents/FSO-2017-21-HN-Attach-15-References-resumes-organization.pdf,pdfix-unable-to-open
courts/default/documents/statebasedcs-rfp_0.pdf,pdfix-unable-to-open
courts/default/documents/carsadd1_0.pdf,pdfix-unable-to-open
courts/default/documents/rfp-cfcc-nacjp-list.pdf,pdfix-unable-to-open
courts/default/documents/preconstsvc-rfp-attache.pdf,pdfix-unable-to-open
courts/default/documents/RFP-FS-2021-17-AL-Attach-06-Unruh-Cert.pdf,pdfix-unable-to-open
courts/default/documents/CFCC-CCW17-23RB-Attachment_5-Darfur_Certification.pdf,pdfix-unable-to-open
courts/default/documents/capproj-rfq_0.pdf,pdfix-unable-to-open
courts/default/documents/aersforscbrfp2.pdf,pdfix-unable-to-open
courts/default/documents/HR-2021-29-DM-ADDENDUM-1.pdf,pdfix-unable-to-open
courts/default/documents/CRS-EG-355-Notice-of-cancellation.pdf,pdfix-unable-to-open
courts/default/documents/CRS-SP-318-Attachment-2-JCC-Hotel-Agreement.pdf,pdfix-unable-to-open
courts/default/documents/adda4_0.pdf,pdfix-unable-to-open
courts/default/documents/planrevsanbern-rfp-attachb.pdf,pdfix-unable-to-open
courts/default/documents/CFCC-03-12-LM-Q-A.pdf,pdfix-unable-to-open
courts/default/documents/foms_add1_0.pdf,pdfix-unable-to-open
courts/default/documents/RFP-FS-2020-09-JP-Shortlist-of-Interviewees-Proposers.pdf,pdfix-unable-to-open
courts/default/documents/CRS-EG-355-Attachment-2-JCC-Standard-Terms-and-Conditions.pdf,pdfix-unable-to-open
courts/default/documents/avmaintsvcs-rfp-attach7_0.pdf,pdfix-unable-to-open
courts/default/documents/RFP-FS-2023-15-XC-Mandatory-Pre-Proposal-Conference-Attendance-Report.pdf,pdfix-unable-to-open
courts/default/documents/RFP-FS-2020-08-AL-Attachment-5-Darfur-Certification.pdf,pdfix-unable-to-open
courts/default/documents/CRS-SP-141-Attachment-RFP-Hotel.pdf,pdfix-unable-to-open
courts/default/documents/CRS-PD-185-Attachment-6-Conflict-of-Interest-Certification-form-NJO.pdf,pdfix-unable-to-open
courts/default/documents/HCRC-SS-071216-Attachment-07.pdf,pdfix-unable-to-open
courts/default/documents/JCC-2019-04-DM-Attachment-6-Payee-Data-Record-Form.pdf,pdfix-unable-to-open
courts/default/documents/archrelsvccapproj-rfq-interviewdates-participants_0.pdf,pdfix-unable-to-open
courts/default/documents/CFCC-22-127RB-RFP-Medi-cal.pdf,pdfix-unable-to-open
courts/default/documents/BAP24-166RB-RFP-Answer-to-Question.pdf,pdfix-unable-to-open
courts/default/documents/RFPFS202212KO-NoticeOfIntentToAward.pdf,pdfix-unable-to-open
courts/default/documents/CRS-EG-058-Attachment-1-Admin-Rules-Non-IT-Services.pdf,pdfix-unable-to-open
courts/default/documents/CRS-PD-146-Attachment-2-JCC-Hotel-Agreement.pdf,pdfix-unable-to-open
courts/default/documents/BAP-2022-07-SB-Attachment-6B_STD205.pdf,pdfix-unable-to-open
courts/default/documents/qual-arch-eng-rfq-addendum.pdf,pdfix-unable-to-open
courts/default/documents/prodjustsc-rfp-attd.pdf,pdfix-unable-to-open
courts/default/documents/CRS-AU-032-Questions_Answers.pdf,pdfix-unable-to-open
courts/default/documents/titleescrow-rfp-legal_0.pdf,pdfix-unable-to-open
courts/default/documents/42-RFP-13-14-06_Mechanical-HVAC_Attachment-6_Payee-Data-Record.pdf,pdfix-unable-to-open
courts/default/documents/CRS-PD-105-Attachment-6-Conflict-of-Interest-Certification-form.pdf,pdfix-unable-to-open
courts/default/documents/IFB-ISD-032014-III-AA-PayeeDataRecord204a.pdf,pdfix-unable-to-open
courts/default/documents/FSO-2017-12-RP-Short-List-Announcement.pdf,pdfix-unable-to-open
courts/default/documents/REFM-2016-16-BD-RFP-Attach-4-JCC-Regional-Office-Locations-Map.pdf,pdfix-unable-to-open
courts/default/documents/occm-2011-19-jmg-CAFM-Upgrade-Contract-Final.pdf,pdfix-unable-to-open
courts/default/documents/wcm-rfp-att2.pdf,pdfix-unable-to-open
courts/default/documents/ent-itarchitecture-rfp.pdf,pdfix-unable-to-open
courts/default/documents/OREFM-2012-04-CC-Attachment-C-Price-Proposal.pdf,pdfix-unable-to-open
courts/default/documents/prodjustsc-rfp.pdf,pdfix-unable-to-open
courts/default/documents/FS-2019-09-BD-Attachment-A-Administrative-Rules-Governing-RFPs.pdf,pdfix-unable-to-open
courts/default/documents/cbsfcdcs-rfp-attach2d_0.pdf,pdfix-unable-to-open
courts/default/documents/HR-2021-09-LV-Attachment-6-Payee-Data-Record.pdf,pdfix-unable-to-open
courts/default/documents/callcenter-services-rfq-forms.pdf,pdfix-unable-to-open
courts/default/documents/BS-2020-13-DM-Attachment-C-FISCal-PDA-Formatted.pdf,pdfix-unable-to-open
courts/default/documents/facconpp_addendum2_0.pdf,pdfix-unable-to-open
courts/default/documents/FS-2018-16-RP-Attach-B-Standard-Agreement.pdf,pdfix-unable-to-open
courts/default/documents/juvedumeds-rfp-qna_0.pdf,pdfix-unable-to-open
courts/default/documents/feltrial-rfp-supdoc.pdf,pdfix-unable-to-open
courts/default/documents/CRS-PD-192-Attachment-6-Conflict-of-Interest-Certification-form-AJAI2017.pdf,pdfix-unable-to-open
courts/default/documents/scjuvdeprep-rfp-qa.pdf,pdfix-unable-to-open
courts/default/documents/TCAS-2022-01-MS-Attachment-10-Small-Business-Declaration-Form-Revised.pdf,pdfix-unable-to-open
courts/default/documents/CJER0613LM-Q-A.pdf,pdfix-unable-to-open
courts/default/documents/IT-2019-01-BD-Question-and-Answer-Form.pdf,pdfix-unable-to-open
courts/default/documents/CFCC-2019-19-CD-QandA.pdf,pdfix-unable-to-open
courts/default/documents/CRS-SP-115-Attachment-1-Admin-Rules-Non-IT-Services.pdf,pdfix-unable-to-open
courts/default/documents/CRS-EG-396-Attachment-1-Admin-Rules-Non-IT-Services.pdf,pdfix-unable-to-open
courts/default/documents/stanislausrfp-qa_0.pdf,pdfix-unable-to-open
courts/default/documents/IT23-153RB-Attach-2-Annex-1-Scope-of-Work.pdf,pdfix-unable-to-open
courts/default/documents/HRDRM-17-05-RBB-Attachment-11-Employee-Counts.pdf,pdfix-unable-to-open
courts/default/documents/archeng-rfq-add1_0.pdf,pdfix-unable-to-open
courts/default/documents/1DCA-19-54-RB-Attach-5-Labor-Cert.pdf,pdfix-unable-to-open
courts/default/documents/realdui-rfp-answers.pdf,pdfix-unable-to-open
courts/default/documents/HRDRM-17-05-RBB-RFP-Notice-of-Public-Opening.pdf,pdfix-unable-to-open
courts/default/documents/CFCC-032514-PCDR-CF_Notice-of-Cancellation.pdf,pdfix-unable-to-open
courts/default/documents/CRS-EG-195-Attachment-RFP-Hotel-FULL-SERVICE.pdf,pdfix-unable-to-open
courts/default/documents/cletsmms-rfp-attd_0.pdf,pdfix-unable-to-open
courts/default/documents/CFCC-08-12-LM-Attachment-2-AOC-Standard-T-Cs.pdf,pdfix-unable-to-open
courts/default/documents/FSO-2017-17-RP-Attach-1-RFP-Rules.pdf,pdfix-unable-to-open
courts/default/documents/REFM-2016-03-MS-Attachment-1-Standard-Master-Agreement.pdf,pdfix-unable-to-open
courts/default/documents/phoenix-rfp-section7.pdf,pdfix-unable-to-open
courts/default/documents/CRS-EG-261-Intent-to-Award.pdf,pdfix-unable-to-open
courts/default/documents/CRSEG125-Attachment-2-AOC-Hotel-Agreement.pdf,pdfix-unable-to-open
courts/default/documents/seismiccostbenrfq.pdf,pdfix-unable-to-open
courts/default/documents/HR-2021-09-LV-Attachment-1-Administrative-Rules-Governing-RFPS.pdf,pdfix-unable-to-open
courts/default/documents/RFI-CFCC23-158RB-Addendum-1.pdf,pdfix-unable-to-open
courts/default/documents/sejuvdepct-qdata-rfp-add1.pdf,pdfix-unable-to-open
courts/default/documents/commcorrections-ebp-rfp-intent.pdf,pdfix-unable-to-open
courts/default/documents/HR-TC-2016-04-ML-NOTICE-OF-INTENT-TO-AWARD.pdf,pdfix-unable-to-open
courts/default/documents/FSO-2018-3-JMG-Attach-7-Request_for_Payment_Form.pdf,pdfix-unable-to-open
courts/default/documents/CRS-PD-229-Attachment-1-Admin-Rules-Non-IT-Services-ajai18.pdf,pdfix-unable-to-open
courts/default/documents/FSO-2019-08-BD_Attach_D_to_Std_Agmt_Judicial_Council_Tool_Control_Policy.pdf,pdfix-unable-to-open
courts/default/documents/RFP-OCCM-2011-16-JMG-V2.pdf,pdfix-unable-to-open
courts/default/documents/eapjb-rfp-attach5.pdf,pdfix-unable-to-open
courts/default/documents/adminctintexam-rfp-atth_0.pdf,pdfix-unable-to-open
courts/default/documents/CRS-AK-405-Attachment-RFP-Hotel-FULL-SERVICE-amended-6.28.23.pdf,pdfix-unable-to-open
courts/default/documents/CFCC-2019-19-CD-Notice-of-Intent-to-Award.pdf,pdfix-unable-to-open
courts/default/documents/LSS-18-48-RB-Attach-1-Admin-Rules.pdf,pdfix-unable-to-open
courts/default/documents/JBCP-2013-03-BR-RFQ-San-Joaquin-Juvenile.pdf,pdfix-unable-to-open
courts/default/documents/phoenix-rfp-section3_0.pdf,pdfix-unable-to-open
courts/default/documents/RFP-FS-SP-2019-03-JP-Attachment-7-Price-Proposal-Eval.pdf,pdfix-unable-to-open
courts/default/documents/RFP-RealEstateReloConsultantScvs-attachd.pdf,pdfix-unable-to-open
courts/default/documents/CRS-AU-286-Attachment-4-Darfur-Contracting-ACT.pdf,pdfix-unable-to-open
courts/default/documents/RFP-FS-2021-11-AL-RFP.pdf,pdfix-unable-to-open
courts/default/documents/CRS-SP-285-RFP-Hotel-ROOM-BLOCK.pdf,pdfix-unable-to-open
courts/default/documents/arceng-ccrfq-vdr.pdf,pdfix-unable-to-open
courts/default/documents/cmar-indioconstruct-rfp-add2.pdf,pdfix-unable-to-open
courts/default/documents/susanvillecourthouse-testing-rfp-intent.pdf,pdfix-unable-to-open
courts/default/documents/CRS-PD-317-RFP-Hotel-ROOM-BLOCK_dv20.pdf,pdfix-unable-to-open
courts/default/documents/eapjb-rfp-attachc.pdf,pdfix-unable-to-open
courts/default/documents/RFP-IT-2021-80RB-Attachment-7-Iran-Contracting-Act.pdf,pdfix-unable-to-open
courts/default/documents/CRS-SP-404-RFP-Hotel-FULL-SERVICE-Revision_1.pdf,pdfix-unable-to-open
courts/default/documents/FSO-2018-04-JR-RFP.pdf,pdfix-unable-to-open
courts/default/documents/ccmsrfp-add3_0.pdf,pdfix-unable-to-open
courts/default/documents/precon-porterville-rfq-attache.pdf,pdfix-unable-to-open
courts/default/documents/pubprivpart-rfp-award_0.pdf,pdfix-unable-to-open
courts/default/documents/RFP-REFM-SC-AV-Streaming-2016-61-JP-RFP-Notice-of-Intent-to-Award.pdf,pdfix-unable-to-open
courts/default/documents/aersforscbrfp-qa2_0.pdf,pdfix-unable-to-open
courts/default/documents/3DCA-17-18-10-Answers-to-Questions.pdf,pdfix-unable-to-open
courts/default/documents/cfcc-sandiego-dependencyrep-rfp.pdf,pdfix-unable-to-open
courts/default/documents/preconstruct-risk-lakeport-rfp-attachb.pdf,pdfix-unable-to-open
courts/default/documents/IT-2019-60-RB-RFP-Ex-1-Phoenix-Program.pdf,pdfix-unable-to-open
courts/default/documents/dm-rfp-award.pdf,pdfix-unable-to-open
courts/default/documents/CJER-122013-OSCS-CF-Request-for-Proposals.pdf,pdfix-unable-to-open
courts/default/documents/CRS-SP-196-Attachment-4-Darfur-Contracting-ACT.pdf,pdfix-unable-to-open
courts/default/documents/CRS-SP-370-Attachment-RFP-Hotel-FULL-SERVICE.pdf,pdfix-unable-to-open
courts/default/documents/plumas-sierra-rfp-attc.pdf,pdfix-unable-to-open
courts/default/documents/CFCC_09-12-LMAttachment_4_-_Vendor_Data_Record_Form.pdf,pdfix-unable-to-open
courts/default/documents/RFP-FS-2022-13-XC-Attach-8B-Payee-Data-Record-Supplement.pdf,pdfix-unable-to-open
courts/default/documents/CFCC23-163RB-Attach-7-Iran-Cert.pdf,pdfix-unable-to-open
courts/default/documents/CRS-SO-69-Attachment-1-Admin-Rules-Non-IT-Services.pdf,pdfix-unable-to-open
courts/default/documents/nativeamerican-justice2-rfp-attach3.pdf,pdfix-unable-to-open
courts/default/documents/marin-depend-rfp-intent.pdf,pdfix-unable-to-open
courts/default/documents/CRS-PD-166-Attachment-3-Vendors-Acceptance-of-the-RFPs-Contract-Terms.pdf,pdfix-unable-to-open
courts/default/documents/CRS-PD-210-RFP-Hotel-FULL-SERVICE-AB1058-2017.pdf,pdfix-unable-to-open
courts/default/documents/RFPFS202203MB-RFP-Attach-9-Performance-Criteria-Docs-ADDENDUM-7.pdf,pdfix-unable-to-open
courts/default/documents/CRS-PD-163-Attachment-3-Vendors-Acceptance-of-the-RFPs-Contract-Terms.pdf,pdfix-unable-to-open
courts/default/documents/guidejuvdelperf-rfp-add1.pdf,pdfix-unable-to-open
courts/default/documents/CFCC-012414-ACDR-CF-Webinar-slides_0.pdf,pdfix-unable-to-open
courts/default/documents/RFQ-FS-SP-2019-02-JP.pdf,pdfix-unable-to-open
courts/default/documents/3dcarfp070617_attachment5DarfurCertification.pdf,pdfix-unable-to-open
courts/default/documents/CRSEG048-Attachment-2-AOC-Hotel-Agreement-Template.pdf,pdfix-unable-to-open
courts/default/documents/cjdcls_qa_0.pdf,pdfix-unable-to-open
courts/default/documents/statebasedcs-rfp-att5_0.pdf,pdfix-unable-to-open
courts/default/documents/IT-OPD-18-46-RB-Attachment-1-Administrative-Rules.pdf,pdfix-unable-to-open
courts/default/documents/ceac-10182023-materials.pdf,pdfix-unable-to-open
courts/default/documents/CFCC-22-117RB-Attach-5-Small-Biz.pdf,pdfix-unable-to-open
courts/default/documents/JBCP-2014-03-BR-A-E-Addendum-2.pdf,pdfix-unable-to-open
courts/default/documents/FSO-JOC-Services-2017-08-JP-Sacramento-Pre-bid-Presentation-Sign-In.pdf,pdfix-unable-to-open
courts/default/documents/preconstsvc-rfp-add4qna_1.pdf,pdfix-unable-to-open
courts/default/documents/planreview-rfp-shortlist.pdf,pdfix-unable-to-open
courts/default/documents/oocmarchitect-engineer-rfq-shortlist.pdf,pdfix-unable-to-open
courts/default/documents/IT-2021-22-DM-ADDENDUM-2.pdf,pdfix-unable-to-open
courts/default/documents/IT23-153RB-Attach-2-Annex-4-Reporting.pdf,pdfix-unable-to-open
courts/default/documents/CRS-PD-305-RFP-Hotel-ROOM-BLOCK-ptpi19.pdf,pdfix-unable-to-open
courts/default/documents/CRS-SO060-Attachment-7-Conflict-of-Interest-Certification-form.pdf,pdfix-unable-to-open
courts/default/documents/RFP-CFCC-2012-01-RB-Attachment-6-Darfur-Contracting-Act-Certification-Form.pdf,pdfix-unable-to-open
courts/default/documents/CJER-2023-07-LV-Attachment-6B-Payee-Data-Record-Supplement-205.pdf,pdfix-unable-to-open
courts/default/documents/fireprot-rfp-add1.pdf,pdfix-unable-to-open
courts/default/documents/CFCC-2018-20-LB-QA.pdf,pdfix-unable-to-open
courts/default/documents/maderacourthouse-preconstruct-rfp.pdf,pdfix-unable-to-open
courts/default/documents/ergoassess-rfp-attachf_0.pdf,pdfix-unable-to-open
courts/default/documents/precon-stockton-rfq-qna.pdf,pdfix-unable-to-open
courts/default/documents/REFM-2016-27-BD-Attach-11-Tool-Control-Policy.pdf,pdfix-unable-to-open
courts/default/documents/CRS-SO-69-Attachment-3-Vendors-Acceptance-of-the-RFPs-Contract-Terms.pdf,pdfix-unable-to-open
courts/default/documents/RFP-FS-2022-13-XC-Attach-8A-Payee-Data-Record-Form.pdf,pdfix-unable-to-open
courts/default/documents/ADDENDUM-1-RFPFS202301MB_0.pdf,pdfix-unable-to-open
courts/default/documents/CRS-SP-230-Intent-to-Award.pdf,pdfix-unable-to-open
courts/default/documents/RFP-FS-SP-2019-03-JP-Attachment-12-Job-Descriptions-Addendum-1.pdf,pdfix-unable-to-open
courts/default/documents/CRS-PD-138-Attachment-6-Conflict-of-Interest-Certification-form.pdf,pdfix-unable-to-open
courts/default/documents/RFP-REFM-2016-29-JP-Attachment-14-Project-Manual-Addendum-1.pdf,pdfix-unable-to-open
courts/default/documents/CRS-SP-328-Attachment-1-Admin-Rules-Non-IT-Services.pdf,pdfix-unable-to-open
courts/default/documents/clik-system-dev-rfp.pdf,pdfix-unable-to-open
courts/default/documents/CRS-SP-324-Attachment-2-JCC-Hotel-Agreement-Template.pdf,pdfix-unable-to-open
courts/default/documents/telephone-services-rfi.pdf,pdfix-unable-to-open
courts/default/documents/aesmcp-rfq-answers_0.pdf,pdfix-unable-to-open
courts/default/documents/OGC-ADR-05-RB-Attachment-1-Administrative-Rules-Governing-RFPs.pdf,pdfix-unable-to-open
courts/default/documents/preconstsvc-rfp-add3_0.pdf,pdfix-unable-to-open
courts/default/documents/3DCA-RFP-19-20-02-Mediator-Training.pdf,pdfix-unable-to-open
courts/default/documents/IT-OPD-18-46-RB-Attachment-5-Small-Business.pdf,pdfix-unable-to-open
courts/default/documents/repjuvdep-larfp-appe.pdf,pdfix-unable-to-open
courts/default/documents/precon-rfp-attc.pdf,pdfix-unable-to-open
courts/default/documents/CRS-SP-269-Attachment-6-Conflict-of-Interest-Certification-form.pdf,pdfix-unable-to-open
courts/default/documents/childsupport-review-rfp-add2.pdf,pdfix-unable-to-open
courts/default/documents/cscscodappd_0.pdf,pdfix-unable-to-open
courts/default/documents/hrassessment-rfp-qna.pdf,pdfix-unable-to-open
courts/default/documents/CRS-SP-368-Attachment-6-Conflict-of-Interest-Certification-form.pdf,pdfix-unable-to-open
courts/default/documents/marin-depend-rfp.pdf,pdfix-unable-to-open
courts/default/documents/CFCC-2016-08-RBB-Attachment-6-Payee-Data-Record.pdf,pdfix-unable-to-open
courts/default/documents/OS-20150901-RAPISCAN-JR-QA.pdf,pdfix-unable-to-open
courts/default/documents/COA2D-1-2014-Attachment-8-DVBE.pdf,pdfix-unable-to-open
courts/default/documents/CRS-PD-082-Attachment-1-Admin-Rules.pdf,pdfix-unable-to-open
courts/default/documents/ergoassess-rfp-qna_0.pdf,pdfix-unable-to-open
courts/default/documents/JBCP-2015-06-intent-to-award.pdf,pdfix-unable-to-open
courts/default/documents/scjuvdeprep-rfp-appe.pdf,pdfix-unable-to-open
courts/default/documents/CRS-SP-308-Attachment-2-JCC-Hotel-Agreement.pdf,pdfix-unable-to-open
courts/default/documents/repjuvdep-sanjoaqrfp-attendees.pdf,pdfix-unable-to-open
courts/default/documents/IFB-ISD-018267-AA-Attachment-2-termsandconditions4.pdf,pdfix-unable-to-open
courts/default/documents/CFCC-2019-09-LV-Interdisciplinary-Education-Intent-To-Award.pdf,pdfix-unable-to-open
courts/default/documents/CFCC-2018-20-LB-Attachment-6-std204-052018.pdf,pdfix-unable-to-open
courts/default/documents/RFP-CFCC22-119RB-Dogbook.pdf,pdfix-unable-to-open
courts/default/documents/CRS-EG-173-Attachment-1-Admin-Rules-Non-IT-Services.pdf,pdfix-unable-to-open
courts/default/documents/CRS-AK-412-Attachment-1-Admin-Rules-Non-IT-Services.pdf,pdfix-unable-to-open
courts/default/documents/resource_0.pdf,pdfix-unable-to-open
courts/default/documents/capitalconstruct-indconsult-rfp-payee.pdf,pdfix-unable-to-open
courts/default/documents/CFCC-2022-01-SB-QA.pdf,pdfix-unable-to-open
courts/default/documents/4-2-RFP-13-14-05-RFP.pdf,pdfix-unable-to-open
courts/default/documents/CRS-PD-228-Attachment-4-Darfur-Contracting-ACT-ajai18.pdf,pdfix-unable-to-open
courts/default/documents/JBCP-2012-05-BR-Butte-Mandatory-Prequal-Submittal-Conf.pdf,pdfix-unable-to-open
courts/default/documents/CRS-AK-373-Attachment-2-JCC-Standard-terms-and-conditions.pdf,pdfix-unable-to-open
courts/default/documents/courtordered-debttask-rfp-attach9.pdf,pdfix-unable-to-open
courts/default/documents/tempserv-rfp_att_b_master_agreement_terms.pdf,pdfix-unable-to-open
courts/default/documents/CRS-PD-303-Attachment-3-Vendors-Acceptance-of-the-RFPs-Contract-Terms_jc20.pdf,pdfix-unable-to-open
courts/default/documents/Exhibit-G-CLETS-FBI-CJIS-Security-Addendum.pdf,pdfix-unable-to-open
courts/default/documents/CRS-PD-332-Attachment-3-Vendors-Acceptance-of-the-RFPs-Contract-Terms_aji21.pdf,pdfix-unable-to-open
courts/default/documents/JBCP-2016-02-BR-Attachment-6-Mitigation-Monitoring-Plan.pdf,pdfix-unable-to-open
courts/default/documents/verttransit-consult-rfp-attachb.pdf,pdfix-unable-to-open
courts/default/documents/CRS-EG-364-Attachment-1-Admin-Rules-Non-IT-Services.pdf,pdfix-unable-to-open
courts/default/documents/Attachment-5-Bidder-DeclarationCFCC-2024-01-TQ-ASL.pdf,pdfix-unable-to-open
courts/default/documents/CFCC-10-11-LM-Attachment-3-Proposers-Acceptance.pdf,pdfix-unable-to-open
courts/default/documents/FS-2018-14-RP-Revised-Schedule-of-Events.pdf,pdfix-unable-to-open
courts/default/documents/dcqual-rfp-slannounce.pdf,pdfix-unable-to-open
courts/default/documents/RFP-IT-2023-58-DM-Data-Warehouse-and-Integration-Services.pdf,pdfix-unable-to-open
courts/default/documents/preconstruct-riskmanage-kings-rfp.pdf,pdfix-unable-to-open
courts/default/documents/RFP-FS-2022-02-MB-Attach-E-Darfur-Cert.pdf,pdfix-unable-to-open
courts/default/documents/CFCC-08-12-LM-Attachment-5-Payee-Data-Record-Form.pdf,pdfix-unable-to-open
courts/default/documents/CRS-PD-166-Attachment-RFP-Hotel-ROOM-BLOCK.pdf,pdfix-unable-to-open
courts/default/documents/CRS-PD-208-Attachment-4-Darfur-Contracting-ACT-Labor-Relations-Full-2017.pdf,pdfix-unable-to-open
courts/default/documents/CRS-PD-085-Attachment-4-Darfur-Contracting-ACT-no-change.pdf,pdfix-unable-to-open
courts/default/documents/RFP-CFCC-2021-107RB-Notice-of-Tech-Scores-and-Cost-Opening.pdf,pdfix-unable-to-open
courts/default/documents/ccms-transitionv3-rfp-attach4.pdf,pdfix-unable-to-open
courts/default/documents/youthpeer2009-rfp_0.pdf,pdfix-unable-to-open
courts/default/documents/ASU-EG-026-Attachment-5--Form-for-Submission-of-Technical-Proposal--ROOM-BLOCK-ONLY.pdf,pdfix-unable-to-open
courts/default/documents/verttransit-consult-rfp-attachc.pdf,pdfix-unable-to-open
courts/default/documents/JBCP-2014-02-BR-140714-Short-List-Announcement_El-Centro.pdf,pdfix-unable-to-open
courts/default/documents/Attachment-D-Duties-and-Performance-Plan-Review-Consultant-ADDENDUM-1.pdf,pdfix-unable-to-open
courts/default/documents/TCAS-2022-02-MS-Attachment-7-Iran-Contracting-Act-Certification.pdf,pdfix-unable-to-open
courts/default/documents/thirdpartyclaims-rfp-intent.pdf,pdfix-unable-to-open
courts/default/documents/juvdepwebgd-rfp-intent.pdf,pdfix-unable-to-open
courts/default/documents/CRS-AU-129-Attachment-1-AB-1058-2015.pdf,pdfix-unable-to-open
courts/default/documents/CFCC-22-124RB-RFP-Exh-2-Response-Template.pdf,pdfix-unable-to-open
courts/default/documents/RFQ-IT-2020-74-RB.pdf,pdfix-unable-to-open
courts/default/documents/ASU-TD-005-NN-RFP.pdf,pdfix-unable-to-open
courts/default/documents/courtordered-debttask-rfp-attach8.pdf,pdfix-unable-to-open
courts/default/documents/CFCC-04-13-LM-Attachment-6-Conflict-of-Interest-Certification-Form.pdf,pdfix-unable-to-open
courts/default/documents/offsupp-rfp-attacha_0.pdf,pdfix-unable-to-open
courts/default/documents/CRS-EG-364-Attachment-2-JCC-Standard-terms-and-conditions.pdf,pdfix-unable-to-open
courts/default/documents/CFCC23-164RB-Attach-6B-std205.pdf,pdfix-unable-to-open
courts/default/documents/REFM-2015-02-DM-RFP-Placerville-Re-Use.pdf,pdfix-unable-to-open
courts/default/documents/CFCC-1403-RB-Del-Norte-Dependency-Representation-Attachment-4-Scope-of-Services.pdf,pdfix-unable-to-open
courts/default/documents/casa-rfp-intent.pdf,pdfix-unable-to-open
courts/default/documents/solano-preconstruct-rfp-notice.pdf,pdfix-unable-to-open
courts/default/documents/ADDENDUM-2.pdf,pdfix-unable-to-open
courts/default/documents/statetonerrfp-add1_0.pdf,pdfix-unable-to-open
courts/default/documents/juvdepsdrfp.pdf,pdfix-unable-to-open
courts/default/documents/FS-2018-16-RP-RFP.pdf,pdfix-unable-to-open
courts/default/documents/duiweb_add3_0.pdf,pdfix-unable-to-open
courts/default/documents/CRS-EG-260-Intent-to-Award.pdf,pdfix-unable-to-open
courts/default/documents/Agency-Reconciliation-Report.pdf,pdfix-unable-to-open
courts/default/documents/RFP-CFCC23-159RB-Attach-1-Admin-Rules.pdf,pdfix-unable-to-open
courts/default/documents/Appendix-II-Transfer-of-TPA-Guidelines.pdf,pdfix-unable-to-open
courts/default/documents/fireprot-rfp-payeedata_0.pdf,pdfix-unable-to-open
courts/default/documents/CRS-PD-341-Intent-to-Award-july21_hyattsacto.pdf,pdfix-unable-to-open
courts/default/documents/RFP-IT-2020-64-RB-IT-QuestionsandAnswersVersion2.pdf,pdfix-unable-to-open
courts/default/documents/CRS-SP-164-Attachment-2-Hotel-Agreement.pdf,pdfix-unable-to-open
courts/default/documents/dependrep-santabarb-rfp-appa.pdf,pdfix-unable-to-open
courts/default/documents/TCAS-2020-03-MS-Digitizing-Judicial-Branch-Records-RFP.pdf,pdfix-unable-to-open
courts/default/documents/CRS-PD-176-Attachment-3-Vendors-Acceptance-of-the-RFPs-Contract-Terms-Sept-PAO-2016.pdf,pdfix-unable-to-open
courts/default/documents/ASU-TD-031-Attachment-2-AOC-Hotel-Agreement-Template-10-26-11.pdf,pdfix-unable-to-open
courts/default/documents/CRSEG139-Attachment-2-Hotel-Agreement-Template-Room-Block-Only-Master-Account.pdf,pdfix-unable-to-open
courts/default/documents/scjuvdeprep-rfp-appd.pdf,pdfix-unable-to-open
courts/default/documents/FS-2019-04-LB-Attachment-6-Payee-Data-Record.pdf,pdfix-unable-to-open
courts/default/documents/IT-2020-64-RB-Cost-Proposals_Part2of3.pdf,pdfix-unable-to-open
courts/default/documents/CLASP-LNS2015-Language-Study-RFP.pdf,pdfix-unable-to-open
courts/default/documents/CRS-TD-033Attachment_5_Form_for_Submission_of_Technical_Proposal_FULL_SERVICE.pdf,pdfix-unable-to-open
courts/default/documents/prequalchulavista-rfq-exhibita_0.pdf,pdfix-unable-to-open
courts/default/documents/sharedservrfp_0.pdf,pdfix-unable-to-open
courts/default/documents/RFP-REFM-SC-AV-Streaming-2016-61-JP-Photo-1-LA-AV-Room-3rd-Floor.pdf,pdfix-unable-to-open
courts/default/documents/JBCP-2015-05-JMG-Payee-Data-Record_Form.pdf,pdfix-unable-to-open
courts/default/documents/envconsultsvcs-rfp-vdf_0.pdf,pdfix-unable-to-open
courts/default/documents/RFPFS202205MB-Request-for-Proposals-ADDENDUM-5.pdf,pdfix-unable-to-open
courts/default/documents/CRS-EG-369-Attachment-1-Admin-Rules-Non-IT-Services.pdf,pdfix-unable-to-open
courts/default/documents/5yearreview-rfp-attacha.pdf,pdfix-unable-to-open
courts/default/documents/consult-tcfacilities-rfp-attacha.pdf,pdfix-unable-to-open
courts/default/documents/CRS-PD-226-Attachment-2-JCC-Hotel-Agreement-Template-njo1718.pdf,pdfix-unable-to-open
courts/default/documents/CJER-05-13-RB-Attachment-8a-Rev-1-Boardroom-Audio-Detail-1.pdf,pdfix-unable-to-open
courts/default/documents/phoenix-rfp-attend.pdf,pdfix-unable-to-open
courts/default/documents/snapshot-atta.pdf,pdfix-unable-to-open
courts/default/documents/CRS-EG-346-Intent-to-Award.pdf,pdfix-unable-to-open
courts/default/documents/preconstsvc-rfp-add3_1.pdf,pdfix-unable-to-open
courts/default/documents/stateadminrfp_0.pdf,pdfix-unable-to-open
courts/default/documents/ASU-TD-028-RFP--Hotel-ROOM-BLOCK-ONLY-Addendum-1.pdf,pdfix-unable-to-open
courts/default/documents/bsa-webdev-rfp-intent.pdf,pdfix-unable-to-open
courts/default/documents/IFB-FIN010111CK-Attachment-7---Payee-Data-Record.pdf,pdfix-unable-to-open
courts/default/documents/snaponline-attb_0.pdf,pdfix-unable-to-open
courts/default/documents/scdeprep-rfp-contract.pdf,pdfix-unable-to-open
courts/default/documents/CFCC-2022-33-DM-Attachment-6-Payee-Data-Record.pdf,pdfix-unable-to-open
courts/default/documents/CFCC-22-127RB-RFP-Attach-6-Payee-Data-Record.pdf,pdfix-unable-to-open
courts/default/documents/EDU-10-12-LM-Non-Cost-Evaluation-Results.pdf,pdfix-unable-to-open
courts/default/documents/Form-Questions-Const-Inspection_Att-B.pdf,pdfix-unable-to-open
courts/default/documents/offpubjuryinstintentaward.pdf,pdfix-unable-to-open
courts/default/documents/RFP-FS-2022-03-MB-Notice-of-Intent-to-Award-UPDATED-10.26.2022.pdf,pdfix-unable-to-open
courts/default/documents/prodjustsc-rfp-intent_0.pdf,pdfix-unable-to-open
courts/default/documents/dcqual-rfp-legal_0.pdf,pdfix-unable-to-open
courts/default/documents/scampi-ind-rfp-attach6.pdf,pdfix-unable-to-open
courts/default/documents/CRS-EG-093-Attachment-2-AOC-Hotel-Agreement-Template_Room-Block-Only_Master-Account.pdf,pdfix-unable-to-open
courts/default/documents/TCAS-2020-03-MS-Attachment-5-Small-Business-Declaration-Form.pdf,pdfix-unable-to-open
courts/default/documents/CFCC-2022-34-DM-Intent-To-Award.pdf,pdfix-unable-to-open
courts/default/documents/IT-2022-06-LB-Attachment-5A-STD204.pdf,pdfix-unable-to-open
courts/default/documents/CRS-SP-349-Attachment-6-Conflict-of-Interest-Certification-form.pdf,pdfix-unable-to-open
courts/default/documents/hr053012ck_Intent_to_Award.pdf,pdfix-unable-to-open
courts/default/documents/facilityopsrfiAdd1_0.pdf,pdfix-unable-to-open
courts/default/documents/CJS-2018-01-CD-RFP-Study-of-Veterans-Needs.pdf,pdfix-unable-to-open
courts/default/documents/FSO-JOC-Services-2017-08-JP-Attach-J-Questions-and-Answers.pdf,pdfix-unable-to-open
courts/default/documents/enttestmgmt-rfp-att1.pdf,pdfix-unable-to-open
courts/default/documents/RFP-CJER-2022-40-DM-Cancellation-Notice.pdf,pdfix-unable-to-open
courts/default/documents/CRS-SP-156-Attachment-3-Vendors-Acceptance-of-the-RFPs-Contract-Terms.pdf,pdfix-unable-to-open
courts/default/documents/IFB-IT23-151RB-Answers-to-Questions.pdf,pdfix-unable-to-open
courts/default/documents/3DCA-RFO-18-19-06-Attachment-1-Administrative-Rules-Governing-RFOs-IT-Goods-and-Services.pdf,pdfix-unable-to-open
courts/default/documents/CFCC-2012-02-RB-RFP.pdf,pdfix-unable-to-open
courts/default/documents/FS-2017-18-BD-Addendum-1.pdf,pdfix-unable-to-open
courts/default/documents/4-12-Kings-Attachment-6-Conflict-of-Interest-Certification-form.pdf,pdfix-unable-to-open
courts/default/documents/RFP-JCC-2023-11-SB-ADDENDUM-1.pdf,pdfix-unable-to-open
courts/default/documents/ASU-TD-029-Attachment-4-Darfur-Contracting-ACT-no-change-by-td.pdf,pdfix-unable-to-open
courts/default/documents/RFP-FS-2022-03-MB-ADDENDUM-1.pdf,pdfix-unable-to-open
courts/default/documents/CRS-TD-033Attachment_7_Conflict_of_Interest_Certification_form.pdf,pdfix-unable-to-open
courts/default/documents/RFP_FS-2023-JP-Attachment-S-Answers-to-Questions_09-14-23.pdf,pdfix-unable-to-open
courts/default/documents/CRS-PD-190-Attachment-6-Conflict-of-Interest-Certification-form-PJCEO-2016.pdf,pdfix-unable-to-open
courts/default/documents/CRS-SP-330-Attachment-1-Admin-Rules-Non-IT-Services.pdf,pdfix-unable-to-open
courts/default/documents/RFP-FS-2023-14-MY-ADDENDUM-1.pdf,pdfix-unable-to-open
courts/default/documents/sharedservagreement.pdf,pdfix-unable-to-open
courts/default/documents/5yearreview-rfp-qna_0.pdf,pdfix-unable-to-open
courts/default/documents/appraiserrfp_0.pdf,pdfix-unable-to-open
courts/default/documents/CRS-PD-175-Attachment-6-Conflict-of-Interest-Certification-form-January-PAO-2017.pdf,pdfix-unable-to-open
courts/default/documents/RFP-FS-2021-20-JP-Attachment-1-Adminstrative-Rules-Governing-RFPs.pdf,pdfix-unable-to-open
courts/default/documents/CRS-SP-073-Attachment-2-AOC-Hotel-Agreement-Template.pdf,pdfix-unable-to-open
courts/default/documents/RFP-FS-2023-06-JP_Mandatory_Meeting_09-08-23-Attendees_09-14-23.pdf,pdfix-unable-to-open
courts/default/documents/2010lang-rfp-attb.pdf,pdfix-unable-to-open
courts/default/documents/RFP-FS-2023-19-XC_Pre-Bid-Conference-Attendence-Report.pdf,pdfix-unable-to-open
courts/default/documents/CFCC-2016-12LB-Attachment-5-Darfur.pdf,pdfix-unable-to-open
courts/default/documents/preconstsvc-rfp-add4qna_0.pdf,pdfix-unable-to-open
courts/default/documents/ecm-rfp-att8.pdf,pdfix-unable-to-open
courts/default/documents/IT-2021-22-DM-Attachment-1-Administrative-Rules-IT-Goods.pdf,pdfix-unable-to-open
courts/default/documents/HR-2021-27-Pre-Proposal-Conference-Transcript.pdf,pdfix-unable-to-open
courts/default/documents/elearningrfp.pdf,pdfix-unable-to-open
courts/default/documents/4-2-RFP-12-13-03CK-Addendum_1.pdf,pdfix-unable-to-open
courts/default/documents/RFP-FS-2021-13-AL-Addendum-01.pdf,pdfix-unable-to-open
courts/default/documents/FIN-MM-0412-NN-Attachment-3-Vendors-Acceptance-of-the-RFPs-Contract-Terms.pdf,pdfix-unable-to-open
courts/default/documents/RFP-FS-SP-2019-03-JP-Attachment-3-Regional-Pricing-Worksheet-Addendum-3.pdf,pdfix-unable-to-open
courts/default/documents/RFP-FS-SP-2019-03-JP-Attachment-6-Sample-Contract-Addendum-4.pdf,pdfix-unable-to-open
courts/default/documents/courtnews.pdf,pdfix-unable-to-open
courts/default/documents/RFPFS202301MB-Attach-9a-STD204-Payee-Data-Record.pdf,pdfix-unable-to-open
courts/default/documents/fireprotlifesafe_0.pdf,pdfix-unable-to-open
courts/default/documents/envconsultsvcs-rfp-award.pdf,pdfix-unable-to-open
courts/default/documents/constman-rfq-stdform_0.pdf,pdfix-unable-to-open
courts/default/documents/CFCC-2017-08-ML-Notice-of-Cancellation.pdf,pdfix-unable-to-open
courts/default/documents/RFPFS202301MB-Attach-11-Iran-Contracting_0.pdf,pdfix-unable-to-open
courts/default/documents/RFP-FS-2021-22-JP-Request-For-PreQualifications.pdf,pdfix-unable-to-open
courts/default/documents/cctaprfp-add3_0.pdf,pdfix-unable-to-open
courts/default/documents/designservice-joaquin-rfq.pdf,pdfix-unable-to-open
courts/default/documents/preconstruct-risk-lakeport-rfp-attachc.pdf,pdfix-unable-to-open
courts/default/documents/CFCC23-163RB-Attach-5-Darfur.pdf,pdfix-unable-to-open
courts/default/documents/OREFM-2014-01-JMG-QA.pdf,pdfix-unable-to-open
courts/default/documents/nativeamerican-justice2-rfp-attach2.pdf,pdfix-unable-to-open
courts/default/documents/swsecscreen-rfp-add1.pdf,pdfix-unable-to-open
courts/default/documents/JBCP-REFM-AV-2016-12-JP-Notice-of-Intent-to-Award.pdf,pdfix-unable-to-open
courts/default/documents/perfrel-rfp-add2.pdf,pdfix-unable-to-open
courts/default/documents/modular-rfp-att1_0.pdf,pdfix-unable-to-open
courts/default/documents/plumas-sierra-rfp-attb.pdf,pdfix-unable-to-open
courts/default/documents/costest-rfp-vdf.pdf,pdfix-unable-to-open
courts/default/documents/CPAS-201102-RB-Attachment-3-Acceptance-of-Terms-and-Conditions.pdf,pdfix-unable-to-open
courts/default/documents/precon-porterville-rfq-attachd.pdf,pdfix-unable-to-open
courts/default/documents/datacomm-projectmanagement-rfp-intent.pdf,pdfix-unable-to-open
courts/default/documents/REFM-2014-08-RB-Intent-To-Award.pdf,pdfix-unable-to-open
courts/default/documents/RFP-JCC-4262022-CG-Attachment-9-Payee-Data-Record-STD104.pdf,pdfix-unable-to-open
courts/default/documents/tcweb-implement-rfp-attach6.pdf,pdfix-unable-to-open
courts/default/documents/CRS-SP-145-Attachment-RFP-Hotel.pdf,pdfix-unable-to-open
courts/default/documents/arceng-ccrfq-add2.pdf,pdfix-unable-to-open
courts/default/documents/CRS-SP-231-Attachment-1-Admin-Rules-Non-IT-Services.pdf,pdfix-unable-to-open
courts/default/documents/TCAS-2023-01-AJ-Emergency-Notification-Services-RFP-Addendum-2.pdf,pdfix-unable-to-open
courts/default/documents/CRS-AK-429-Intent-to-Award.pdf,pdfix-unable-to-open
courts/default/documents/CRS-SP-165-Attachment-RFP-Hotel-ROOM-BLOCK.pdf,pdfix-unable-to-open
courts/default/documents/RFP-CFCC-2022-03-LB-QA.pdf,pdfix-unable-to-open
courts/default/documents/JBCP-2016-03-JT-QnR.pdf,pdfix-unable-to-open
courts/default/documents/JBCP-2014-03-BR-RFQ.pdf,pdfix-unable-to-open
courts/default/documents/elearn-rfp-qa_0.pdf,pdfix-unable-to-open
courts/default/documents/CRS-AK-382-Attachment-2-JCC-Standard-Terms-and-Conditions.pdf,pdfix-unable-to-open
courts/default/documents/CFCC-2020-12-DM-ADDENDUM-1.pdf,pdfix-unable-to-open
courts/default/documents/RFPFS202204MB-Attach-1-Admin-Rules.pdf,pdfix-unable-to-open
courts/default/documents/eapjb-rfp-attachb.pdf,pdfix-unable-to-open
courts/default/documents/rfp-cfcc-nacjp-attach2_0.pdf,pdfix-unable-to-open
courts/default/documents/ASU-TD-014-Attachment-5-Form-for-Submission-of-Technical-Proposal-ROOM-BLOCK-ONLY.pdf,pdfix-unable-to-open
courts/default/documents/CRS-AK-385-Attachment-2-JCC-Hotel-Agreement-Template-9-2022.pdf,pdfix-unable-to-open
courts/default/documents/ergoeval-rfp-add1_0.pdf,pdfix-unable-to-open
courts/default/documents/RFP-CFCC-2022-04-LV-FFDRP-Questions-and-Answers.pdf,pdfix-unable-to-open
courts/default/documents/ccms-rfp-encd-exa-appa7-1_0.pdf,pdfix-unable-to-open
courts/default/documents/phoenix-rfp-resp-rev4_v4.pdf,pdfix-unable-to-open
courts/default/documents/FSO-2018-24-JP_CMR-Willows-RFQ-P.pdf,pdfix-unable-to-open
courts/default/documents/RFPFS202203MB-Attach-5-Preliminary-Schedule-ADDENDUM-5.pdf,pdfix-unable-to-open
courts/default/documents/CFCC-04-13-LM-Attachment-7-Elder-Abuse-Benchguide-Proposed-TOC.pdf,pdfix-unable-to-open
courts/default/documents/RFP-FS-2021-21-KO-EHandSafetyTraining.pdf,pdfix-unable-to-open
courts/default/documents/scampi-ind-rfp-attach2sched2.pdf,pdfix-unable-to-open
courts/default/documents/ergoeval-rfp-award_0.pdf,pdfix-unable-to-open
courts/default/documents/archrelsvccapproj-rfq.pdf,pdfix-unable-to-open
courts/default/documents/CRS-PD-333-Cancellation-Notice-janpao21.pdf,pdfix-unable-to-open
courts/default/documents/constrantct-rfp_att1f_0.pdf,pdfix-unable-to-open
courts/default/documents/IT-2019-61-RB-RFQ.pdf,pdfix-unable-to-open
courts/default/documents/stratcommrfp_0.pdf,pdfix-unable-to-open
courts/default/documents/RFP-FS-2023-08-KO-Attach-C-Master-Agreement.pdf,pdfix-unable-to-open
courts/default/documents/CRS-SP-388-Attachment-6-Conflict-of-Interest-Certification-form.pdf,pdfix-unable-to-open
courts/default/documents/juryserv.pdf,pdfix-unable-to-open
courts/default/documents/phoenix-rfp-section6.pdf,pdfix-unable-to-open
courts/default/documents/CFCC-16-10-RBB-Attachment-1-Admin-Rules.pdf,pdfix-unable-to-open
courts/default/documents/ASU-EG-018-Intent-to-Award.pdf,pdfix-unable-to-open
courts/default/documents/CFCC-2019-08-MS-Attachment-1-Administrative-Rules-Governing-RFPs.pdf,pdfix-unable-to-open
courts/default/documents/IFB-BAP-22-126RB-Attach-5-Payee-Data.pdf,pdfix-unable-to-open
courts/default/documents/CRS-SP-349-Attachment-4-Darfur-Contracting-ACT.pdf,pdfix-unable-to-open
courts/default/documents/CRS-SP-285-Attachment-4-Darfur-Contracting-ACT.pdf,pdfix-unable-to-open
courts/default/documents/IFB-Supreme-041516-MDS-Revision-2-Attachment-2.pdf,pdfix-unable-to-open
courts/default/documents/realestappserv-rfp-vendordataform.pdf,pdfix-unable-to-open
courts/default/documents/sacramento-dependrep-rfp-proposers-qa.pdf,pdfix-unable-to-open
courts/default/documents/CRS-EG-343-Attachment-1-Admin-Rules-Non-IT-Services.pdf,pdfix-unable-to-open
courts/default/documents/FS-2017-01-BD-Attach-E-Form-of-Standard-Agreement.pdf,pdfix-unable-to-open
courts/default/documents/JBCP-2015-11-JT-Notice-about-Scoring.pdf,pdfix-unable-to-open
courts/default/documents/TCAS-2022-01-MS-Attachment-3-Contractors-Acceptance-of-Terms-and-Conditions.pdf,pdfix-unable-to-open
courts/default/documents/CRS-SP-328-Attachment-2-JCC-Hotel-Agreement.pdf,pdfix-unable-to-open
courts/default/documents/TCAS-20151101-01-JR-COST-PUBLIC-OPENING.pdf,pdfix-unable-to-open
courts/default/documents/RFPFS202125AL-Attach-6-DIR-PWCR-Statement.pdf,pdfix-unable-to-open
courts/default/documents/titleinsurance-escrowservice-rfp.pdf,pdfix-unable-to-open
courts/default/documents/OCR23-154RB-Attach-6-Unruh-Cert.pdf,pdfix-unable-to-open
courts/default/documents/sacramento-dependrep-rfp-qa.pdf,pdfix-unable-to-open
courts/default/documents/IT-2019-10-LB-Attachment-6-Payee-Data-Record-std204.pdf,pdfix-unable-to-open
courts/default/documents/wcm-rfp-att3.pdf,pdfix-unable-to-open
courts/default/documents/CFCC23-164RB-Attach-2-Std-Agrmt.pdf,pdfix-unable-to-open
courts/default/documents/bpr-rfp-rfp_ccms_07-02-rb_bpr_train.pdf,pdfix-unable-to-open
courts/default/documents/RFP-CFCC-2021-05-LV.pdf,pdfix-unable-to-open
courts/default/documents/basissap-rfp-qna.pdf,pdfix-unable-to-open
courts/default/documents/CRS-SP-404-Attachment-1-Admin-Rules-Non-IT-Services-Copy.pdf,pdfix-unable-to-open
courts/default/documents/techanalysts-rfp-qna.pdf,pdfix-unable-to-open
courts/default/documents/rules-20231013-agenda.pdf,pdfix-unable-to-open
courts/default/documents/ASUEG050-Intent-to-Award_Marriott-Fishermans-Wharf.pdf,pdfix-unable-to-open
courts/default/documents/CRS-PD-162-Intent-to-Award-SJI.pdf,pdfix-unable-to-open
courts/default/documents/CFCC-22-124RB-Attach-5-Small-Biz.pdf,pdfix-unable-to-open
courts/default/documents/flrgp-rfp-award.pdf,pdfix-unable-to-open
courts/default/documents/CRS-EG-314-RFP-Hotel-ROOM-BLOCK.pdf,pdfix-unable-to-open
courts/default/documents/FSO-2018-24-JP_CMR-Willows-Attachment-2-Answers-to-Questions.pdf,pdfix-unable-to-open
courts/default/documents/1310-002-Attachment-A-Scope-of-Work.pdf,pdfix-unable-to-open
courts/default/documents/HCRC-SS-071216-Attachment-06.pdf,pdfix-unable-to-open
courts/default/documents/CRS-PD-150-Attachment-6-Conflict-of-Interest-Certification-form.pdf,pdfix-unable-to-open
courts/default/documents/CRS-SP-372-Attachment-4-Darfur-Contracting-ACT.pdf,pdfix-unable-to-open
courts/default/documents/CFCC-032514-PCDR-CF-RFP.pdf,pdfix-unable-to-open
courts/default/documents/FSO-2017-21-HN-Attach-4-General-Certification.pdf,pdfix-unable-to-open
courts/default/documents/CFCC-2018-07-CD-RFP-QA.pdf,pdfix-unable-to-open
courts/default/documents/analystsupport-ccmsv3t-rfp-attach4.pdf,pdfix-unable-to-open
courts/default/documents/CFCC-13-10-RB-CFCC-13-10-RB-Marin-Dependency-Representation-Attach-2-Terms.pdf,pdfix-unable-to-open
courts/default/documents/CRS-PD-096-RFP-Hotel-Room-Block.pdf,pdfix-unable-to-open
courts/default/documents/RFP-FS-2021-02-BD-Attachment-M-1-DVBE-Declaration.pdf,pdfix-unable-to-open
courts/default/documents/RFP-FSO-2017-10-JR-Attachment-5-Sample-Agreement.pdf,pdfix-unable-to-open
courts/default/documents/RFP-FS-2020-15-BD-Addendum-1.pdf,pdfix-unable-to-open
courts/default/documents/IFB-IT-23-138RB-Notice-of-Intent-to-Award.pdf,pdfix-unable-to-open
courts/default/documents/CRS-PD-176-Attachment-RFP-Hotel-ROOM-BLOCK-Sept-PAO-2016.pdf,pdfix-unable-to-open
courts/default/documents/planrevsanbern-rfp-attachc.pdf,pdfix-unable-to-open
courts/default/documents/tibco-dataint-rfp-add1.pdf,pdfix-unable-to-open
courts/default/documents/bpr-rfp-qa.pdf,pdfix-unable-to-open
courts/default/documents/ceac-20230418-jbsiss-minutes.pdf,pdfix-unable-to-open
courts/default/documents/CRS-SP-425-Intent-to-Award.pdf,pdfix-unable-to-open
courts/default/documents/workcomptpa-rfp-appi.pdf,pdfix-unable-to-open
courts/default/documents/CRS-SP-118-Attachment-1-Admin-Rules-Non-IT-Services.pdf,pdfix-unable-to-open
courts/default/documents/OAS-2018-06-CD-Attachment-8-UNRUH-and-FEHA-Certification.pdf,pdfix-unable-to-open
courts/default/documents/CFCC23-163RB-Attach-8-Unruh.pdf,pdfix-unable-to-open
courts/default/documents/CRS-SP-281-RFP-Hotel-ROOM-BLOCK.pdf,pdfix-unable-to-open
courts/default/documents/sasvssmp-rfp-attf.pdf,pdfix-unable-to-open
courts/default/documents/RFP-FS-2021-22-JP-Tool-Control-Policy.pdf,pdfix-unable-to-open
courts/default/documents/techanalysts-rfp-intent.pdf,pdfix-unable-to-open
courts/default/documents/IT-DMS-2016-01-MDS-Appendix-B4b-cost-estimate.pdf,pdfix-unable-to-open
courts/default/documents/ASU-TD-029-Attachment-5-Form-for-Submission-of-Technical-Proposal-ROOM-BLOCK-ONLY.pdf,pdfix-unable-to-open
courts/default/documents/preconstsvc-rfp-attachd.pdf,pdfix-unable-to-open
courts/default/documents/LSO-09-13-LM-Notice-of-Intent-to-Award.pdf,pdfix-unable-to-open
courts/default/documents/aersforscbrfp-fresno.pdf,pdfix-unable-to-open
courts/default/documents/precon-rfq-rfp_0.pdf,pdfix-unable-to-open
courts/default/documents/CRS-SP-231-Attachment-RFP-HOTEL-ROOM-BLOCK.pdf,pdfix-unable-to-open
courts/default/documents/CRS-PD-185-Attachment-4-Darfur-Contracting-ACT-NJO.pdf,pdfix-unable-to-open
courts/default/documents/juvedumeds-rfp-qna.pdf,pdfix-unable-to-open
courts/default/documents/CJER-030614-OSCSF-CF-Attachment-5-Darfur.pdf,pdfix-unable-to-open
courts/default/documents/juvdepwebgd-rfp-attd_0.pdf,pdfix-unable-to-open
courts/default/documents/preconstruct-risk-woodland-rfp-attachf.pdf,pdfix-unable-to-open
courts/default/documents/CRS-PD-147-Attachment-6-Conflict-of-Interest-Certification-form-NJO.pdf,pdfix-unable-to-open
courts/default/documents/cbsfcdcs-rfp.pdf,pdfix-unable-to-open
courts/default/documents/EOP-08-060201-Intent-to-Award-Notice-JCSS-201201.pdf,pdfix-unable-to-open
courts/default/documents/FSO-2020-01-JP-Attachment-B-Regional-Map.pdf,pdfix-unable-to-open
courts/default/documents/ecm_add_1_attachment_6_cost_submission_matrix.pdf,pdfix-unable-to-open
courts/default/documents/RFP-COS-2017-3LB_Notice_of_Intent_to_Award.pdf,pdfix-unable-to-open
courts/default/documents/JBCMManagementofParkingFacilities2.pdf,pdfix-unable-to-open
courts/default/documents/IFB-AS-050416-RB-Attachment-4-JCC-terms-and-conditions.pdf,pdfix-unable-to-open
courts/default/documents/JBCP-2015-03-JT-Notice-of-Intent.pdf,pdfix-unable-to-open
courts/default/documents/IFB-BAP-23-138RB-Answers-to-Questions.pdf,pdfix-unable-to-open
courts/default/documents/dm-rfp-att8.pdf,pdfix-unable-to-open
courts/default/documents/CRS-PD-223-Attachment-1-Admin-Rules-Non-IT-Services-pjceo18.pdf,pdfix-unable-to-open
courts/default/documents/EDU-10-12-LM-Attachment-1-Administrative-Rules-Governing-IT-RFPs.pdf,pdfix-unable-to-open
courts/default/documents/construct-riskdesign-sanjosefamcenter-rfq-add4.pdf,pdfix-unable-to-open
courts/default/documents/sejuvdepct-qdata-rfp-att2c_0.pdf,pdfix-unable-to-open
courts/default/documents/CRS-EG-390-RFP-Hotel-Room-Block.pdf,pdfix-unable-to-open
courts/default/documents/confplansvcs-rfp-qa_0.pdf,pdfix-unable-to-open
courts/default/documents/aersforscbrfp2_0.pdf,pdfix-unable-to-open
courts/default/documents/CRS-SP-077-Attachment-7-Conflict-of-Interest-Certification-form.pdf,pdfix-unable-to-open
courts/default/documents/CFCC-1403-RB-Del-Norte-Dependency-Representation-Attachment-2-Contract-Terms.pdf,pdfix-unable-to-open
courts/default/documents/CJER0613LM-Attachment-2-Contract-Terms-and-Conditions.pdf,pdfix-unable-to-open
courts/default/documents/CFCC-CCW17-23RB-Answers_to_Questions.pdf,pdfix-unable-to-open
courts/default/documents/LSS-2023-07-LV-Attachment-1-Administrative-Rules.pdf,pdfix-unable-to-open
courts/default/documents/CRS-AK-420-Attachment-1-Admin-Rules-Non-IT-Services.pdf,pdfix-unable-to-open
courts/default/documents/CRS-SP-242-Attachment-3-Vendors-Acceptance-of-the-RFPs-Contract-Terms.pdf,pdfix-unable-to-open
courts/default/documents/CFCC-2021-27-CD-QA.pdf,pdfix-unable-to-open
courts/default/documents/jcforms-rfp-with-attachments.pdf,pdfix-unable-to-open
courts/default/documents/cletsmms-rfp-add2_0.pdf,pdfix-unable-to-open
courts/default/documents/CRS-SP-308-Attachment-4-Darfur-Contracting-ACT.pdf,pdfix-unable-to-open
courts/default/documents/5DCA-19-57-RB-Attach-8-Ref-Check.pdf,pdfix-unable-to-open
courts/default/documents/aoc-onsitecatering-sf-rfp-attacha.pdf,pdfix-unable-to-open
courts/default/documents/3DCA-17-18-04-attachment-5-General-Certifications-Form.pdf,pdfix-unable-to-open
courts/default/documents/HCRC-SS-052015-PUBLIC-OPENING.pdf,pdfix-unable-to-open
courts/default/documents/COS-VRILAP-MDS-080816-attachment-3.pdf,pdfix-unable-to-open
courts/default/documents/HR-TC-2016-04-ML-Non-Cost-Scores.pdf,pdfix-unable-to-open
courts/default/documents/duiweb-rfp.pdf,pdfix-unable-to-open
courts/default/documents/preconstsvc-rfp-attachk_1.pdf,pdfix-unable-to-open
courts/default/documents/RFP-FS-2021-02-BD-Attachment-Q-Court-of-Appeal-Fourth-Appellate-District-Division-Three-Asbestos-Survey-Report-Roof.pdf,pdfix-unable-to-open
courts/default/documents/constrantct-rfp_att1c.pdf,pdfix-unable-to-open
courts/default/documents/workcomptpa-rfp-award_0.pdf,pdfix-unable-to-open
courts/default/documents/RFP-CFCC-2023-17-SB-Questions-and-Answers.pdf,pdfix-unable-to-open
courts/default/documents/designconstruct-engineerservices11-rfp-intent.pdf,pdfix-unable-to-open
courts/default/documents/CRS-SO060-Notice-of-Award.pdf,pdfix-unable-to-open
courts/default/documents/RFPFS202215KO-ADD01-Attach-M-Cost-Proposal.pdf,pdfix-unable-to-open
courts/default/documents/RFP-FS-2021-04-MB-Attachment-N-General-Certifications-Form.pdf,pdfix-unable-to-open
courts/default/documents/ASU-DC-008-LM-Attachment-3-Vendors-Acceptance-of-Terms-and-Conditions.pdf,pdfix-unable-to-open
courts/default/documents/prequalcontract-sanandreas-rfp-list.pdf,pdfix-unable-to-open
courts/default/documents/CFCC-22-132RB-RFP.pdf,pdfix-unable-to-open
courts/default/documents/JBCP-2013-07-BR-Notice-of-Intent-to-Award.pdf,pdfix-unable-to-open
courts/default/documents/CFCC-09-12-LM-Public-Opening-of-Cost-Portion-of-Proposals-for-RFP-CFCC-09-12-LM.pdf,pdfix-unable-to-open
courts/default/documents/Table-to-support-response-to-question-20-and-37.pdf,pdfix-unable-to-open
courts/default/documents/adminctintexam-rfp-atti.pdf,pdfix-unable-to-open
courts/default/documents/ITSO-2022-03-SB-Attachment-7-Unruh-and-FEMA-Certification.pdf,pdfix-unable-to-open
courts/default/documents/shcbidconf_0.pdf,pdfix-unable-to-open
courts/default/documents/RFP-FS-2022-02-MB-Attach-G1-Payee-Data-Record.pdf,pdfix-unable-to-open
courts/default/documents/CRS-PD-266-Intent-to-Award-njofd19.pdf,pdfix-unable-to-open
courts/default/documents/CRS-PD-146-Intent-to-Award-January-2016-PAO.pdf,pdfix-unable-to-open
courts/default/documents/clac-20210901-notice-agenda.pdf,pdfix-unable-to-open
courts/default/documents/prodjustsc-rfp-qa_0.pdf,pdfix-unable-to-open
courts/default/documents/FS-2020-07-RL-RFP-Addendum-1.pdf,pdfix-unable-to-open
courts/default/documents/OGC-ADR-01A-LM-Attachment-1-Administrative-Rules-Governing-RFPs.pdf,pdfix-unable-to-open
courts/default/documents/CRS-SP-214-RFP-Hotel-FULL-SERVICE.pdf,pdfix-unable-to-open
courts/default/documents/constrantct-rfp_atte.pdf,pdfix-unable-to-open
courts/default/documents/CJER-2023-07-LV-Attachment-7-UNRUH-CERTIFICATION.pdf,pdfix-unable-to-open
courts/default/documents/CRS-EG-195-Attachment-2-JCC-Hotel-Agreement-Template.pdf,pdfix-unable-to-open
courts/default/documents/RFP-FS-2023-05-XC-Submitted_Questions_Response.pdf,pdfix-unable-to-open
courts/default/documents/RFQ-FS-SP-2019-02-JP-Addendum-1.pdf,pdfix-unable-to-open
courts/default/documents/RFP-FS-2022-01-MB-Attach-F-Small-Business-Cert.pdf,pdfix-unable-to-open
courts/default/documents/foms_add2.pdf,pdfix-unable-to-open
courts/default/documents/CRS-EG-279-Intent-to-Award.pdf,pdfix-unable-to-open
courts/default/documents/intent-to-enter-into-a-master-service-agreement-for-armored-car-services.pdf,pdfix-unable-to-open
courts/default/documents/ASU-TD-025-RFP-Hotel-ROOM-BLOCK-ONLY.pdf,pdfix-unable-to-open
courts/default/documents/CRS-SP-116-Attachment-6-Conflict-of-Interest-Certification-form.pdf,pdfix-unable-to-open
courts/default/documents/IT-2019-60-RB-RFP-A8-Std204.pdf,pdfix-unable-to-open
courts/default/documents/REFM-2016-27-BD-Request-for-Proposal-Revision-5.pdf,pdfix-unable-to-open
courts/default/documents/CRS-PD-322-Attachment-4-Darfur-Contracting-ACT-ab105820.pdf,pdfix-unable-to-open
courts/default/documents/cscac-20210430-legsub-notice.pdf,pdfix-unable-to-open
courts/default/documents/CFCC-2021-107RB-Attach-2-Std-Agmt.pdf,pdfix-unable-to-open
courts/default/documents/RFP-APPELLATE-122118-WV-Answers-to-Questions.pdf,pdfix-unable-to-open
courts/default/documents/CFCC-2016-11-RBB-RFP.pdf,pdfix-unable-to-open
courts/default/documents/CRS-AU-222-Attachment-6-Conflict-of-Interest-Certification-form.pdf,pdfix-unable-to-open
courts/default/documents/TCAS-2022-02-MS-Attachment-9-Darfur-Contracting-Act-Certification.pdf,pdfix-unable-to-open
courts/default/documents/CFCC-2016-14-RBB-Attachment-4-General-Certification.pdf,pdfix-unable-to-open
courts/default/documents/Appendix-III-Runoff-Claim-Data-Validation-Collection-Template.pdf,pdfix-unable-to-open
courts/default/documents/shspanish_0.pdf,pdfix-unable-to-open
courts/default/documents/susjustice-consult-rfp-intent_0.pdf,pdfix-unable-to-open
courts/default/documents/constrantct-rfp_atta.pdf,pdfix-unable-to-open
courts/default/documents/RFQ-FS-2020-15-BD-notice-of-intent-to-award.pdf,pdfix-unable-to-open
courts/default/documents/OCR23-154RB-Attach-4-Gen-Certs.pdf,pdfix-unable-to-open
courts/default/documents/CRS-PD-336-Attachment-3-Vendors-Acceptance-of-the-RFPs-Contract-Terms_jc21.pdf,pdfix-unable-to-open
courts/default/documents/ASU-TD-027-QA.pdf,pdfix-unable-to-open
courts/default/documents/CRS-PD-326-Intent-to-Award-octpao20.pdf,pdfix-unable-to-open
courts/default/documents/CRS-PD-086-Attachment-2-AOC-Hotel-Agreement.pdf,pdfix-unable-to-open
courts/default/documents/oracvendlist_0.pdf,pdfix-unable-to-open
courts/default/documents/FSO-2017-17-RP-Attach-6-Payee-Data-Record-Form.pdf,pdfix-unable-to-open
courts/default/documents/CRS-SP-345-Attachment-4-Darfur-Contracting-ACT.pdf,pdfix-unable-to-open
courts/default/documents/creldabuseneeds-rfp-att4_0.pdf,pdfix-unable-to-open
courts/default/documents/prodjustsc-rfp-add1.pdf,pdfix-unable-to-open
courts/default/documents/IT-2020-65-RB-RFI-Answers-to-Questions-Addendum.pdf,pdfix-unable-to-open
courts/default/documents/LSO-2019-12-CD-RFP-Legal-Case-and-Project-Management-System.pdf,pdfix-unable-to-open
courts/default/documents/RFP-FS-2021-11-AL-NoticeOfShortlistForInterviews.pdf,pdfix-unable-to-open
courts/default/documents/IT-OPD-18-47-RB-Attachment-4-Certifications.pdf,pdfix-unable-to-open
courts/default/documents/HRDRM-17-05-RBB-Attachment-12-Configuration-Worksheets.pdf,pdfix-unable-to-open
courts/default/documents/wcm-rfp-add1.pdf,pdfix-unable-to-open
courts/default/documents/CRS-PD-267-Intent-to-Award-janpao19.pdf,pdfix-unable-to-open
courts/default/documents/CRS-EG-396-Attachment-RFP-Hotel-FULL-SERVICE.pdf,pdfix-unable-to-open
courts/default/documents/FSO-2019-08-BD_RFQ_Electrical_Contractors_Addendum_1.pdf,pdfix-unable-to-open
courts/default/documents/maderacourthouse-preconstruct-rfp-attachd.pdf,pdfix-unable-to-open
courts/default/documents/CRS-SP-308-Intent-to-Award.pdf,pdfix-unable-to-open
courts/default/documents/HR-2023-54-DM-Appendix-I-JBWCP-TPA-Service-Guidelines.pdf,pdfix-unable-to-open
courts/default/documents/tcpjac-20240202--notice_agenda.pdf,pdfix-unable-to-open
courts/default/documents/CRS-EG-410-Notice-of-cancellation.pdf,pdfix-unable-to-open
courts/default/documents/LSO-09-13-LM-QA.pdf,pdfix-unable-to-open
courts/default/documents/OCR23-154RB-RFP.pdf,pdfix-unable-to-open
courts/default/documents/ASU-TD-025-Intent-to-Award-CAC.pdf,pdfix-unable-to-open
courts/default/documents/rfp-cfcc-nacjp_0.pdf,pdfix-unable-to-open
courts/default/documents/Fund-Reconciliation-Report.pdf,pdfix-unable-to-open
courts/default/documents/CFCC-2023-57-DM-Attachment-5A-Payee-Data-Record.pdf,pdfix-unable-to-open
courts/default/documents/CRS-SP-370-Attachment-4-Darfur-Contracting-ACT.pdf,pdfix-unable-to-open
courts/default/documents/FSO-2017-21-HN-Attach-16-DVBE-Bidder.pdf,pdfix-unable-to-open
courts/default/documents/COS-2017-03-LB-Attachment-6-Payee_Data_Record.pdf,pdfix-unable-to-open
courts/default/documents/CFCC-2022-34-DM-Attachment-1-Administrative-Rules.pdf,pdfix-unable-to-open
courts/default/documents/archeng_rfq_vform_0.pdf,pdfix-unable-to-open
courts/default/documents/CRS-SP-193-Attachment-1-Admin-Rules-Non-IT-Services.pdf,pdfix-unable-to-open
courts/default/documents/CRS-PD-166-Attachment-2-Hotel-Agreement.pdf,pdfix-unable-to-open
courts/default/documents/CRS-EG-310-Attachment-1-Admin-Rules-Non-IT-Services.pdf,pdfix-unable-to-open
courts/default/documents/REFM-2016-27-BD-Request-for-Proposal-Revision-1.pdf,pdfix-unable-to-open
courts/default/documents/CRS-PD-224-Attachment-1-Admin-Rules-Non-IT-Services-eacmar18.pdf,pdfix-unable-to-open
courts/default/documents/laboratta_0.pdf,pdfix-unable-to-open
courts/default/documents/RFP-FS-2020-08-AL-Attachment-6-Payee-Data-Record-Form.pdf,pdfix-unable-to-open
courts/default/documents/constrantct-rfp_att1b_0.pdf,pdfix-unable-to-open
courts/default/documents/RFP-FS-2023-06-JP-Notice-Of-Shortlist-For-Interviews.pdf,pdfix-unable-to-open
courts/default/documents/envconsultsvcs-rfp-legal.pdf,pdfix-unable-to-open
courts/default/documents/gcportola-rfq-exhiba_0.pdf,pdfix-unable-to-open
courts/default/documents/cscac-20210430-legsub-agenda.pdf,pdfix-unable-to-open
courts/default/documents/CFCC-08-12-LM-Table-of-Contents.pdf,pdfix-unable-to-open
courts/default/documents/CFCC-13-10-RB-CFCC-13-10-RB-Marin-Dependency-Representation-Attach-5-Vendor-Payee-Data.pdf,pdfix-unable-to-open
courts/default/documents/casa-rfp-intent_0.pdf,pdfix-unable-to-open
courts/default/documents/CRSEG094-Intent-to-Award.pdf,pdfix-unable-to-open
courts/default/documents/CRS-SP-400-RFP-Hotel-ROOM-BLOCK.pdf,pdfix-unable-to-open
courts/default/documents/IFB-ISD-051914-AA-STD204-Payee-Data-Record.pdf,pdfix-unable-to-open
courts/default/documents/CRS-SP-285-Attachment-6-Conflict-of-Interest-Certification-form.pdf,pdfix-unable-to-open
courts/default/documents/ergoeval-rfp-attb.pdf,pdfix-unable-to-open
courts/default/documents/statetonerrfp-add2.pdf,pdfix-unable-to-open
courts/default/documents/CRS-SP-285-Attachment-1-Admin-Rules-Non-IT-Services.pdf,pdfix-unable-to-open
courts/default/documents/IFB-ISD-053012-AA-Pervasive-Software.pdf,pdfix-unable-to-open
courts/default/documents/BSU-2013-01-GW-Attachment-2-Agreement-Terms-and-Conditions.pdf,pdfix-unable-to-open
courts/default/documents/designservice-joaquin-rfq-attachb.pdf,pdfix-unable-to-open
courts/default/documents/TCAS-2017-03-JU-QandA.pdf,pdfix-unable-to-open
courts/default/documents/ASU-TD-031-Attachment-4-Darfur-Contracting-ACT-no-change-by-td.pdf,pdfix-unable-to-open
courts/default/documents/CJER-18-44-RB-Attachment-8.pdf,pdfix-unable-to-open
courts/default/documents/repjuvdep-men-rfp.pdf,pdfix-unable-to-open
courts/default/documents/RFP-IT-2021-80RB-Attachment-11-DVBE-Declaration.pdf,pdfix-unable-to-open
courts/default/documents/FSO-2017-21-HN-Attach-8-Technical-Proposal.pdf,pdfix-unable-to-open
courts/default/documents/CRS-SP-242-RFP-Hotel-ROOM-BLOCK.pdf,pdfix-unable-to-open
courts/default/documents/CFCC-CCW17-23RB-Attachment_3-Acceptance_of_Terms_and_Conditions.pdf,pdfix-unable-to-open
courts/default/documents/CRS-EG-098-RFP-Hotel-FULL-SERVICE.pdf,pdfix-unable-to-open
courts/default/documents/aersforscbrfp-imperial.pdf,pdfix-unable-to-open
courts/default/documents/FS-2019-07-DGF_RFP_Elec_Eng_Con_Svcs.pdf,pdfix-unable-to-open
courts/default/documents/snapshot-rfp-att2b_1.pdf,pdfix-unable-to-open
courts/default/documents/constrantct-rfp_att1g.pdf,pdfix-unable-to-open
courts/default/documents/CRSSP051-Intent-to-Award.pdf,pdfix-unable-to-open
courts/default/documents/CRS-EG-414-RFP-Hotel-Room-Block.pdf,pdfix-unable-to-open
courts/default/documents/FSO-2020-04-BD-Attach-D-to-Std-Agmt-Judicial-Council-Tool-Control-Policy.pdf,pdfix-unable-to-open
courts/default/documents/CRS-EG-232-Hotel-FS-MULTIPLE-AWARDS.pdf,pdfix-unable-to-open
courts/default/documents/CRS-AK-394-Attachment-RFP-Hotel-FULL-SERVICE.pdf,pdfix-unable-to-open
courts/default/documents/RFP-FS-2021-14-AL-RFP.pdf,pdfix-unable-to-open
courts/default/documents/COS-VRILAP-MDS-080816-attachment-7.pdf,pdfix-unable-to-open
courts/default/documents/CRS-SP-287-Attachment-4-Darfur-Contracting-ACT.pdf,pdfix-unable-to-open
courts/default/documents/RFP-IT-2021-94RB-Notice-of-Intent-to-Award.pdf,pdfix-unable-to-open
courts/default/documents/sasvssmp-rfp-add2.pdf,pdfix-unable-to-open
courts/default/documents/REFM-2015-13-DM-REFM-2015-13-DM-RFQ.pdf,pdfix-unable-to-open
courts/default/documents/snapshot-rfp.pdf,pdfix-unable-to-open
courts/default/documents/modular-rfp-att5_0.pdf,pdfix-unable-to-open
courts/default/documents/ent-itarchitecture-rfp-qna.pdf,pdfix-unable-to-open
courts/default/documents/CRS-AU-134-Attachment-RFP.pdf,pdfix-unable-to-open
courts/default/documents/CRS-SP-378-Attachment-6-Conflict-of-Interest-Certification-form.pdf,pdfix-unable-to-open
courts/default/documents/sasvssmp-rfp-attb.pdf,pdfix-unable-to-open
courts/default/documents/3DCA-RFP-19-20-02-Attachment-4-Darfur-Certification.pdf,pdfix-unable-to-open
courts/default/documents/HR-LV-112015-Attachment-6-RFP-Payee-Data-Record-Form.pdf,pdfix-unable-to-open
courts/default/documents/CRS-EG-295-Intent-to-Award.pdf,pdfix-unable-to-open
courts/default/documents/swsecscreen-rfp_0.pdf,pdfix-unable-to-open
courts/default/documents/RFP-FS-2018-02-JP-Answers-to-Questions.pdf,pdfix-unable-to-open
courts/default/documents/ASU-TD-010-SS-Attachment-4-Darfur-Contracting-Act.pdf,pdfix-unable-to-open
courts/default/documents/juvdeprfp.pdf,pdfix-unable-to-open
courts/default/documents/RFP-CFCC-2023-05-LV-Attachment-6B-Payee-Data-Record-Supplement-205.pdf,pdfix-unable-to-open
courts/default/documents/IT-2019-61-RB-RFQ-Addendum-1.pdf,pdfix-unable-to-open
courts/default/documents/testadmin-rfp.pdf,pdfix-unable-to-open
courts/default/documents/conffacilserv-rfp-award.pdf,pdfix-unable-to-open
courts/default/documents/FS-2017-18-BD-RFP-project-manual-and-attachments.pdf,pdfix-unable-to-open
courts/default/documents/HCRC-SS-071216-Attachment-02.pdf,pdfix-unable-to-open
courts/default/documents/CRS-PD-224-Attachment-6-Conflict-of-Interest-Certification-form-eacmar18.pdf,pdfix-unable-to-open
courts/default/documents/CFCC-2016-10-RBB-Attachment-2-Standard-Provisions.pdf,pdfix-unable-to-open
courts/default/documents/repjuvdep-sc-rfp-qasm.pdf,pdfix-unable-to-open
courts/default/documents/docmanage-capture-rfi-attach2.pdf,pdfix-unable-to-open
courts/default/documents/plumas-sierra-rfp_0.pdf,pdfix-unable-to-open
courts/default/documents/ADMIN-2018-08-LB-QA-Final.pdf,pdfix-unable-to-open
courts/default/documents/seismiccostbenrfq_faq.pdf,pdfix-unable-to-open
courts/default/documents/FSO-GC-Services-IDIQ-2018-01-JP-Attach-B-Judicial-Council-of-California-Regional-Map.pdf,pdfix-unable-to-open
courts/default/documents/CRSEG108-Intent-to-Award_King-George.pdf,pdfix-unable-to-open
courts/default/documents/ccmsrfp-atta_0.pdf,pdfix-unable-to-open
courts/default/documents/2010lang-rfp-atta_0.pdf,pdfix-unable-to-open
courts/default/documents/nativeamerican-justice2-rfp-notice.pdf,pdfix-unable-to-open
courts/default/documents/RFP-CJER-2023-07-LV-Updating-Civil-Proceeding-Benchbooks.pdf,pdfix-unable-to-open
courts/default/documents/preconstruct-risk-woodland-rfp-attachb.pdf,pdfix-unable-to-open
courts/default/documents/2010study-rfp-attachd.pdf,pdfix-unable-to-open
courts/default/documents/CRS-EG-353-RFP-Hotel-Room-Block.pdf,pdfix-unable-to-open
courts/default/documents/CFCC-2016-06-RBB-RFP-ALAMEDA-CANCELLATION.pdf,pdfix-unable-to-open
courts/default/documents/BS-2020-13-DM-Attachment-B-FISCal-PDA-Unformatted.pdf,pdfix-unable-to-open
courts/default/documents/CJER0613LM-Table-of-Contents.pdf,pdfix-unable-to-open
courts/default/documents/CRS-PD-248-RFP-Hotel-ROOM-BLOCK-IMT18.pdf,pdfix-unable-to-open
courts/default/documents/confplansvcs-rfp-atta.pdf,pdfix-unable-to-open
courts/default/documents/RFP-FS-SP-2019-03-JP-Attachment-1-Regions-Map.pdf,pdfix-unable-to-open
courts/default/documents/FS-2020-07-BD-Attachment-L-JCC-Form-of-Standard-Agreement.pdf,pdfix-unable-to-open
courts/default/documents/BS-2020-13-DM-Intent-To-Award.pdf,pdfix-unable-to-open
courts/default/documents/RFP-FS-2021-15-AL-IWMS-RFP-Document.pdf,pdfix-unable-to-open
courts/default/documents/swsecurityscreen-rfp.pdf,pdfix-unable-to-open
courts/default/documents/CRS-SP-391-Attachment-1-Admin-Rules-Non-IT-Services.pdf,pdfix-unable-to-open
courts/default/documents/ASU-EG-021-Attachment-RFP-Hotel-ROOM-BLOCK-ONLY.pdf,pdfix-unable-to-open
courts/default/documents/IFB-BAP-22-126RB-Attach-6-Iran_Act-1M.pdf,pdfix-unable-to-open
courts/default/documents/ccms-rfp-qa3.pdf,pdfix-unable-to-open
courts/default/documents/archeng-rfq-award_0.pdf,pdfix-unable-to-open
courts/default/documents/photoserv-rfq-intent-08060201_0.pdf,pdfix-unable-to-open
courts/default/documents/OCCM-2011-16-JMG-List-of-Proposals-Received-12-13-11.pdf,pdfix-unable-to-open
courts/default/documents/ctintrecruit-rfp-intent.pdf,pdfix-unable-to-open
courts/default/documents/facconpp-rfp.pdf,pdfix-unable-to-open
courts/default/documents/OGC-ADR-04-NN-Q-A.pdf,pdfix-unable-to-open
courts/default/documents/CFCC-2016-08-RBB-Attachment-1-Admin-Rules.pdf,pdfix-unable-to-open
courts/default/documents/ASU-AU-006-LM-Notice-of-Intent-to-Award.pdf,pdfix-unable-to-open
courts/default/documents/tempserv-rfp_att_d_dvbe_participation_form.pdf,pdfix-unable-to-open
courts/default/documents/CFCC-22-117RB-Attach-3-Accept-of-TCs.pdf,pdfix-unable-to-open
courts/default/documents/scdeprep-rfp-qna.pdf,pdfix-unable-to-open
courts/default/documents/CRS-SO-69-Attachment-4-Darfur-Contracting-ACT.pdf,pdfix-unable-to-open
courts/default/documents/CRS-AK-393-Attachment-1-Admin-Rules-Non-IT-Services.pdf,pdfix-unable-to-open
courts/default/documents/IFB-EDU-050412-RB-qa.pdf,pdfix-unable-to-open
courts/default/documents/QandA-RFP-CFCC-2023-61-DM.pdf,pdfix-unable-to-open
courts/default/documents/phoenix-rfp-section2.pdf,pdfix-unable-to-open
courts/default/documents/3DCA-17-18-10-Attachment-2-Standard-Agreement.pdf,pdfix-unable-to-open
courts/default/documents/HR-2020-12-LV-Attachment-6-Payee-Data-Record-Form.pdf,pdfix-unable-to-open
courts/default/documents/RFP-FS-2021-02-BD-Notice-Of-Intent-To-Award.pdf,pdfix-unable-to-open
courts/default/documents/CRSPD162-Attachment-4-Darfur-Contracting.pdf,pdfix-unable-to-open
courts/default/documents/CRS-SP-192-Attachment-6-Conflict-of-Interest-Certification-form.pdf,pdfix-unable-to-open
courts/default/documents/IT-OPD-18-043-RB-Attachment-3-Acceptance-of-Terms.pdf,pdfix-unable-to-open
courts/default/documents/foms_vdr_0.pdf,pdfix-unable-to-open
courts/default/documents/CRS-EG-204-Attachment-1-Admin-Rules-Non-IT-Services.pdf,pdfix-unable-to-open
courts/default/documents/Attachment-6-Payee-Data-Record-TCAS-2020-08-LB.pdf,pdfix-unable-to-open
courts/default/documents/IFB-FIN010111CK-Attachment-6--Cert-re-Debarment-Suspension.pdf,pdfix-unable-to-open
courts/default/documents/TCAS-2022-01-MS-Attachment-4-General-Certification.pdf,pdfix-unable-to-open
courts/default/documents/assessjurorutil-rfp-att2.pdf,pdfix-unable-to-open
courts/default/documents/JBCP-2015-12-BR-Q-A.pdf,pdfix-unable-to-open
courts/default/documents/mamlakes-rfp-shortlist.pdf,pdfix-unable-to-open
courts/default/documents/juvdepwebgd-rfp-award_0.pdf,pdfix-unable-to-open
courts/default/documents/CRS-SP-080-Attachment-4-Darfur-Contracting-ACT-TCPJAC.pdf,pdfix-unable-to-open
courts/default/documents/scjuvdeprep-rfp-appb_0.pdf,pdfix-unable-to-open
courts/default/documents/youthpeer2009-rfp-qa.pdf,pdfix-unable-to-open
courts/default/documents/avmaintsvcs-rfp_0.pdf,pdfix-unable-to-open
courts/default/documents/RFP-FS-2021-17-AL-Exhibit-01-PI-Duties.pdf,pdfix-unable-to-open
courts/default/documents/LSO-ADR-06-LM-Attachment-1-Administration-Rules-Governing-RFPs.pdf,pdfix-unable-to-open
courts/default/documents/facconpp-rfp_0.pdf,pdfix-unable-to-open
courts/default/documents/CRS-SP-349-Attachment-1-Admin-Rules-Non-IT-Services.pdf,pdfix-unable-to-open
courts/default/documents/OERS-201101-RB-Addendum-1.pdf,pdfix-unable-to-open
courts/default/documents/CRS-SP-151-Attachment-3-Vendors-Acceptance-of-the-RFPs-Contract-Terms.pdf,pdfix-unable-to-open
courts/default/documents/OREFM-2012-04-CC-Attachment-A-Submittal-Content.pdf,pdfix-unable-to-open
courts/default/documents/rules-20231013-notice.pdf,pdfix-unable-to-open
courts/default/documents/constrantct-rfp_add1.pdf,pdfix-unable-to-open
courts/default/documents/calcjcduicoststudy-rfp-att2_0.pdf,pdfix-unable-to-open
courts/default/documents/CFCC-201701-ML-RFI-Attachment3.pdf,pdfix-unable-to-open
courts/default/documents/confaudio-rfp-qa.pdf,pdfix-unable-to-open
courts/default/documents/wcm-rfp-att7.pdf,pdfix-unable-to-open
courts/default/documents/RFP-FS-2020-09-JP.pdf,pdfix-unable-to-open
courts/default/documents/sseaocform002-01_0.pdf,pdfix-unable-to-open
courts/default/documents/phoenix-rfp-feb2008trainannounce.pdf,pdfix-unable-to-open
courts/default/documents/elearn-rfp-add1.pdf,pdfix-unable-to-open
courts/default/documents/feltrial-rfp-supmanual.pdf,pdfix-unable-to-open
courts/default/documents/IFB-IT23-151RB-Attach-5-DVBE-Bidder-Decl.pdf,pdfix-unable-to-open
courts/default/documents/RFP-FS-2023-22-MB-Attachment-C-Consulting-Services-Master-Agreement-Sample-Document.pdf,pdfix-unable-to-open
courts/default/documents/IT-2022-44-DM-Attachment-7-Darfur-Certification.pdf,pdfix-unable-to-open
courts/default/documents/CRS-SP-109-Intent-to-Award-PAO.pdf,pdfix-unable-to-open
courts/default/documents/aesmcp-rfq_0.pdf,pdfix-unable-to-open
courts/default/documents/RFP-FS-2020-07-RL-Notice-of-Intent-to-Award.pdf,pdfix-unable-to-open
courts/default/documents/OGC-ADR-05-RB-RFP.pdf,pdfix-unable-to-open
courts/default/documents/3dcarfp201201.pdf,pdfix-unable-to-open
courts/default/documents/CRS-TD-033Attachment_4_Darfur_Contracting_ACT-no_change_by_td.pdf,pdfix-unable-to-open
courts/default/documents/tcweb-implement-rfp-attach2.pdf,pdfix-unable-to-open
courts/default/documents/IFB-CJER-070912-AA-IFB.pdf,pdfix-unable-to-open
courts/default/documents/cacpe-rfp-intent_0.pdf,pdfix-unable-to-open
courts/default/documents/RFP-CFCC-2019-08-MS-Notice-of-Intent-to-Award-Translation-Services.pdf,pdfix-unable-to-open
courts/default/documents/archrelsvccapproj-answers.pdf,pdfix-unable-to-open
courts/default/documents/preconstsvc-rfp-attachf-rev_0.pdf,pdfix-unable-to-open
courts/default/documents/OERS-201101-RB-Attachment-7-Darfur-Contracting-Act-Certification.pdf,pdfix-unable-to-open
courts/default/documents/CRSPD162-Attachment-3-Vendors-Acceptance-of-the-RFPs-Contract-Terms.pdf,pdfix-unable-to-open
courts/default/documents/cletsmms-rfp-add2.pdf,pdfix-unable-to-open
courts/default/documents/IFB-IT-2021-89RB-Attachment-3.pdf,pdfix-unable-to-open
courts/default/documents/CRS-SP-345-Attachment-6-Conflict-of-Interest-Certification-form.pdf,pdfix-unable-to-open
courts/default/documents/licagree-rfp-attd_0.pdf,pdfix-unable-to-open
courts/default/documents/CRS-PD-130-Attachment-2-JCC-Hotel-Agreement.pdf,pdfix-unable-to-open
courts/default/documents/CRS-SP-230-Attachment-4-Darfur-Contracting-ACT.pdf,pdfix-unable-to-open
courts/default/documents/3dcarfp201401_Attachment5_DarfurCertification.pdf,pdfix-unable-to-open
courts/default/documents/avmaintsvcs-rfp.pdf,pdfix-unable-to-open
courts/default/documents/CFCC-2024-28-LV-Attachment-8-Darfur-Certification.pdf,pdfix-unable-to-open
courts/default/documents/ITSO-17-04-RBB-Attachment-7-Cost-Matrix.pdf,pdfix-unable-to-open
courts/default/documents/accom.pdf,pdfix-unable-to-open
courts/default/documents/CRS-AU-044Attachment-3-Vendors-Acceptance-of-the-RFPs-Contract-Terms.pdf,pdfix-unable-to-open
courts/default/documents/precon-stockton-rfq-util.pdf,pdfix-unable-to-open
courts/default/documents/tempstaff-rfp-atta_0.pdf,pdfix-unable-to-open
courts/default/documents/CRS-PD-183-Attachment-6-Conflict-of-Interest-Certification-form-PAOEAC2017.pdf,pdfix-unable-to-open
courts/default/documents/tv_ber.pdf,pdfix-unable-to-open
courts/default/documents/Attachment-12-Phoenix-Program-Background-Information-TCAS-2020-08-LB.pdf,pdfix-unable-to-open
courts/default/documents/tcgasbs-rfp-addqna.pdf,pdfix-unable-to-open
courts/default/documents/CRS-SP-114-RFP-Hotel-ROOM-BLOCK.pdf,pdfix-unable-to-open
courts/default/documents/RFP-RealEstateReloConsultantScvs-attacha.pdf,pdfix-unable-to-open
courts/default/documents/TCAS-2017-06-MS-Self-Represented-Litigant-eFiling-Services-RFI.pdf,pdfix-unable-to-open
courts/default/documents/Attachment-1-Administrative-Rules-Governing-RFPs-Non-IT-Services.pdf,pdfix-unable-to-open
courts/default/documents/av_fj_memo_tofj_110122.pdf,pdfix-unable-to-open
courts/default/documents/RFP-IT-2023-46-DM-ADDENDUM-2.pdf,pdfix-unable-to-open
courts/default/documents/RFPFS202307KO-Attach-K-Std204.pdf,pdfix-unable-to-open
courts/default/documents/CRS-PD-200-Attachment-2-Hotel-Agreement-CLI2017.pdf,pdfix-unable-to-open
courts/default/documents/sejuvdepct-qdata-rfp-att2c.pdf,pdfix-unable-to-open
courts/default/documents/CRS-AK-402-Attachment-4-Darfur-Contracting-ACT.pdf,pdfix-unable-to-open
courts/default/documents/telcomfinalrept.pdf,pdfix-unable-to-open
courts/default/documents/OGC-ADR-01B-LM-Table-of-Contents.pdf,pdfix-unable-to-open
courts/default/documents/CRS-SP-363-Attachment-2-JCC-Hotel-Agreement-Template.pdf,pdfix-unable-to-open
courts/default/documents/TCAS-2021-01-MS-Attachment-1-Administrative-Rules.pdf,pdfix-unable-to-open
courts/default/documents/TCAS-2017-03-JU-Intent-to-Award.pdf,pdfix-unable-to-open
courts/default/documents/RFP-FS-2022-02-MB-Attach-I-DVBE-Bidder-Cert.pdf,pdfix-unable-to-open
courts/default/documents/2010lang-rfp-attf.pdf,pdfix-unable-to-open
courts/default/documents/CRS-SP-371-Attachment-3-Vendors-Acceptance-of-the-RFPs-Contract-Terms.pdf,pdfix-unable-to-open
courts/default/documents/RFP-ISD-06192012-SLO_Exhibit-B-Bail-Calculation-and-Recalculation-Process.pdf,pdfix-unable-to-open
courts/default/documents/OAS-2018-06-CD-QA.pdf,pdfix-unable-to-open
courts/default/documents/envservrfq_0.pdf,pdfix-unable-to-open
courts/default/documents/seismicrehabrfq.pdf,pdfix-unable-to-open
courts/default/documents/CLASP-LNS2015-RFP_CANCELLATION-NOTICE.pdf,pdfix-unable-to-open
courts/default/documents/10yearslater-rfp.pdf,pdfix-unable-to-open
courts/default/documents/IFB-BAP-06062017-RB-Attachment-8-DVBE-bidder-declaration.pdf,pdfix-unable-to-open
courts/default/documents/CRS-EG407-Questions-and-Answers.pdf,pdfix-unable-to-open
courts/default/documents/CRS-EG-181-Attachment-RFP-Hotel-ROOM-BLOCK.pdf,pdfix-unable-to-open
courts/default/documents/RFP-CAL-2023-01-RP-RFP.pdf,pdfix-unable-to-open
courts/default/documents/RFPFS202301MB-Attach-8-Std-Form-330_0.pdf,pdfix-unable-to-open
courts/default/documents/juvdepctassess-rfp-att4_0.pdf,pdfix-unable-to-open
courts/default/documents/RFP-ISD-06192012-SLO_Attachment-15_San-Luis-Obispo-Court-Information.pdf,pdfix-unable-to-open
courts/default/documents/refmsdis-rfp-qa.pdf,pdfix-unable-to-open
courts/default/documents/TCAS-2021-03-AJ-Payroll-Services-RFP.pdf,pdfix-unable-to-open
courts/default/documents/Attachment-B-RFP-FS-2020-15-BD-Judicial-Council_Standard-Terms-and-Conditions.pdf,pdfix-unable-to-open
courts/default/documents/susjustice-consult-rfp_0.pdf,pdfix-unable-to-open
courts/default/documents/statewide-translation11-rfp-intent.pdf,pdfix-unable-to-open
courts/default/documents/sharedservicesFinalAmendments.pdf,pdfix-unable-to-open
courts/default/documents/HRSO-04-13-SS-Attachment-6-Iran-Cert.pdf,pdfix-unable-to-open
courts/default/documents/CRS-PD-096-Attachment-2-AOC-Hotel-Agreement.pdf,pdfix-unable-to-open
courts/default/documents/plumas-sierra-rfp-attf.pdf,pdfix-unable-to-open
courts/default/documents/CRS-SP-392-RFP-Hotel-FULL-SERVICE.pdf,pdfix-unable-to-open
courts/default/documents/TCAS-2022-02-MS-Attachment-1-Administrative-Rules.pdf,pdfix-unable-to-open
courts/default/documents/ASU-TD-010-SS-Attachment-1-Admin-Rules-Non-IT-Services.pdf,pdfix-unable-to-open
courts/default/documents/TCAS-2022-04-AJ-Attachment-5-Small-Business-Declaration.pdf,pdfix-unable-to-open
courts/default/documents/oocmarchitect-engineer-rfq-qna.pdf,pdfix-unable-to-open
courts/default/documents/FS-2019-04-LB-Technical-Scores-Revised.pdf,pdfix-unable-to-open
courts/default/documents/OCCM-2012-02-BR-Red-Bluff-QnA_Addendum-1.pdf,pdfix-unable-to-open
courts/default/documents/CRS-PD-081-Attachment-2-AOC-Hotel-Agreement.pdf,pdfix-unable-to-open
courts/default/documents/preconstsvc-rfp-conference_0.pdf,pdfix-unable-to-open
courts/default/documents/CRS-SP-230-Attachment-6-Conflict-of-Interest-Certification-form.pdf,pdfix-unable-to-open
courts/default/documents/IFB-ISD-042015-AA-Intent-to-Award-Posting.pdf,pdfix-unable-to-open
courts/default/documents/CRS-TD-033Intent-to-Award-Judicial-College.pdf,pdfix-unable-to-open
courts/default/documents/statewide-armoredcar-rfp-add2.pdf,pdfix-unable-to-open
courts/default/documents/CRS-PD-149-Attachment-1-Admin-Rules-Non-IT-Services-NJO.pdf,pdfix-unable-to-open
courts/default/documents/IFB-FIN010111CK-Attachment-9-JBE-Locations.pdf,pdfix-unable-to-open
courts/default/documents/TCAS-2017-03-JU-Addendum-2.pdf,pdfix-unable-to-open
courts/default/documents/ma15-09.pdf,pdfix-unable-to-open
courts/default/documents/CRSPD111-Intent-to-Award.pdf,pdfix-unable-to-open
courts/default/documents/RFP-FS-2023-22-MB-Attachment-B-Judicial-Council-of-California-Regional-Map.pdf,pdfix-unable-to-open
courts/default/documents/CFCC-2024-28-SB_Attach-1-Admin-Rules.pdf,pdfix-unable-to-open
courts/default/documents/HR-2017-08-LV-EAP-Attachment-1-Administrative-Rules-Governing-RFPs.pdf,pdfix-unable-to-open
courts/default/documents/CRS-PD-268-Attachment-6-Conflict-of-Interest-Certification-form-janpao20.pdf,pdfix-unable-to-open
courts/default/documents/CRS-SP-174-Attachment-1-Admin-Rules-Non-IT-Services.pdf,pdfix-unable-to-open
courts/default/documents/CFCC-2016-09-RBB-Attachment-3-Acceptance-of-TCs.pdf,pdfix-unable-to-open
courts/default/documents/precon-rfp-attf.pdf,pdfix-unable-to-open
courts/default/documents/RFP-FS-2022-05-MB-Notice-Of-Shortlist_1.pdf,pdfix-unable-to-open
courts/default/documents/ASU-TD-016-RFP-Hotel-ROOM-BLOCK-ONLY.pdf,pdfix-unable-to-open
courts/default/documents/qual-arch-eng-rfq-forms.pdf,pdfix-unable-to-open
courts/default/documents/RFP-FS-2023-09-XC-Attach-D-Quals-Questionnaire-Addendum01.pdf,pdfix-unable-to-open
courts/default/documents/famlawworkres-rfp-list.pdf,pdfix-unable-to-open
courts/default/documents/CFCC-2016-10-RBB-RFP-SAN-DIEGO-CANCELLATION.pdf,pdfix-unable-to-open
courts/default/documents/IFB-ISD-030512-AA-Attachment-1-Specifications-for-Dell-E6420-and-Optiplex-990.pdf,pdfix-unable-to-open
courts/default/documents/5yearreview-rfp-attache.pdf,pdfix-unable-to-open
courts/default/documents/CJER-2019-59-RB-RFP-Attachment-8.pdf,pdfix-unable-to-open
courts/default/documents/solanorenov-occmrfp-attachh.pdf,pdfix-unable-to-open
courts/default/documents/CRS-AU-037-Attachment-3-Vendors-Acceptance-of-the-RFPs-Contract-Terms.pdf,pdfix-unable-to-open
courts/default/documents/CRS-SP-237-Intent-to-Award.pdf,pdfix-unable-to-open
courts/default/documents/CFCC-10-11-LM-Appendix-A-SB-78-for-Non-IT-Agreements_.pdf,pdfix-unable-to-open
courts/default/documents/CRS-SP-271-Attachment-4-Darfur-Contracting-ACT.pdf,pdfix-unable-to-open
courts/default/documents/RFP-FS-SP-2020-16-JP-Notice-to-Intent-to-Extend-Bid-Validity-Bid-Bonds.pdf,pdfix-unable-to-open
courts/default/documents/ASU-DC-007-NN-Request-For-Proposal.pdf,pdfix-unable-to-open
courts/default/documents/CRS-EG-039-Attachment-2-AOC-Hotel-Agreement-Template-10-26-11.pdf,pdfix-unable-to-open
courts/default/documents/idiq-archengservice-rfp-agreement.pdf,pdfix-unable-to-open
courts/default/documents/CRS-SP-363-Attachment-1-Admin-Rules-Non-IT-Services.pdf,pdfix-unable-to-open
courts/default/documents/famjuv-20231016-notice.agenda.pdf,pdfix-unable-to-open
courts/default/documents/enttestmgmt-rfp-att5.pdf,pdfix-unable-to-open
courts/default/documents/CRS-EG-039-Attachment-1-Admin-Rules-Non-IT-Services.pdf,pdfix-unable-to-open
courts/default/documents/CRS-SP-388-Attachment-4-Darfur-Contracting-ACT.pdf,pdfix-unable-to-open
courts/default/documents/IFB-BS-061813-RB-Attachment-4-Std204.pdf,pdfix-unable-to-open
courts/default/documents/scampi-ind-rfp-attach2.pdf,pdfix-unable-to-open
courts/default/documents/elkins-rfp_0.pdf,pdfix-unable-to-open
courts/default/documents/CRS-PD-240-Attachment-6-Conflict-of-Interest-Certification-form-cow18.pdf,pdfix-unable-to-open
courts/default/documents/COS-VRILAP-MDS-080816-Attachment12-PartII.pdf,pdfix-unable-to-open
courts/default/documents/FS-2021-12-AL-Attach-5-General-Certifications-Form.pdf,pdfix-unable-to-open
courts/default/documents/aersforscbrfp-orange_0.pdf,pdfix-unable-to-open
courts/default/documents/CRS-EG-168-Attachment-6-Conflict-of-Interest-Certification-form.pdf,pdfix-unable-to-open
courts/default/documents/IFB-AS-043015-RB-Attachment-1-Specs-and-Quantities.pdf,pdfix-unable-to-open
courts/default/documents/CFCC-22-124RB-RFP-Exh-1-Requirements.pdf,pdfix-unable-to-open
courts/default/documents/JBCP-2015-09-BR-Addendum-2-QA.pdf,pdfix-unable-to-open
courts/default/documents/RFP-FS-2021-22-JP-PreQualification-Questionaire-Scoring-Attachment-2_0.pdf,pdfix-unable-to-open
courts/default/documents/basissap-rfp-attach4_0.pdf,pdfix-unable-to-open
courts/default/documents/ctintrecruit-rfp-attd_0.pdf,pdfix-unable-to-open
courts/default/documents/techctr-rfp-qa_0.pdf,pdfix-unable-to-open
courts/default/documents/ASU-TD-022-Attachment-1-Admin-Rules-Non-IT-Services.pdf,pdfix-unable-to-open
courts/default/documents/HCRC-CCS-17-22RB-Attachment-8-DVBE-Declaration.pdf,pdfix-unable-to-open
courts/default/documents/juvdepwebgd-rfp-qa.pdf,pdfix-unable-to-open
courts/default/documents/OAS-2017-10-LV-Attachment-6-Vendor-Payee-Data-Record.pdf,pdfix-unable-to-open
courts/default/documents/IFB-IT-2023-10-SB-Intent-To-Award.pdf,pdfix-unable-to-open
courts/default/documents/paint-supplies-rfp-attachd.pdf,pdfix-unable-to-open
courts/default/documents/CFCC-031814-LCDR-CF_Att-5_Payee_Data.pdf,pdfix-unable-to-open
courts/default/documents/ADMIN-2018-08-LB-Attachment-6-PayeeDataRecord204.pdf,pdfix-unable-to-open
courts/default/documents/guidejuvdelperf-rfp-noticeofintent.pdf,pdfix-unable-to-open
courts/default/documents/CFCC-1403-RB-Del-Norte-Dependency-Representation-RFP-Addendum-1.pdf,pdfix-unable-to-open
courts/default/documents/cfcp_rfp-intent_0.pdf,pdfix-unable-to-open
courts/default/documents/CFCC-2022-08-SB-Attachment-1-Administrative-Rules-Governing.pdf,pdfix-unable-to-open
courts/default/documents/perfrel-rfp-add2_0.pdf,pdfix-unable-to-open
courts/default/documents/CFCC-2016-08-RBB-RFP.pdf,pdfix-unable-to-open
courts/default/documents/LSS-2023-07-LV-Attachment-4-General-Certifications-Form.pdf,pdfix-unable-to-open
courts/default/documents/tcworkmeth-rfp-add1.pdf,pdfix-unable-to-open
courts/default/documents/3DCA-17-18-04-attachment-8-DVBE-Bidder-Declaration-with-Instructions.pdf,pdfix-unable-to-open
courts/default/documents/RFP-FS-SP-2020-16-JP-Attachment-1-Regions-Map.pdf,pdfix-unable-to-open
courts/default/documents/RFP-FS-2022-08-XC-Attachment-M-Darfur-Cert.pdf,pdfix-unable-to-open
courts/default/documents/HR-2017-08-LV-EAP-RFP.pdf,pdfix-unable-to-open
courts/default/documents/CRS-EG-369-Attachment-7-Duty-of-Care-Questionnair.pdf,pdfix-unable-to-open
courts/default/documents/CRS-EG-310-Attachment-Notice-of-cancellation.pdf,pdfix-unable-to-open
courts/default/documents/pubprivpart-rfp-attd_0.pdf,pdfix-unable-to-open
courts/default/documents/stanislausrfp_0.pdf,pdfix-unable-to-open
courts/default/documents/CRS-EG-417-Attachment-1-Admin-Rules-Non-IT-Services.pdf,pdfix-unable-to-open
courts/default/documents/CPAS-201101-RB-Addendum-1.pdf,pdfix-unable-to-open
courts/default/documents/rfp-cfcc-nacjp-award.pdf,pdfix-unable-to-open
courts/default/documents/RFQFS202126AL-RFQ-Attach-4.pdf,pdfix-unable-to-open
courts/default/documents/tcgasbs-rfp-addqna_0.pdf,pdfix-unable-to-open
courts/default/documents/ASU-TD-028-Attachment-2-AOC-Hotel-Agreement-Template-10-26-11.pdf,pdfix-unable-to-open
courts/default/documents/phoenix-rfp-add2_0.pdf,pdfix-unable-to-open
courts/default/documents/RFP-BAP23-155RB-Attach-3-Accept-TCs.pdf,pdfix-unable-to-open
courts/default/documents/CJER-2015-03-LV-RFP.pdf,pdfix-unable-to-open
courts/default/documents/JBWCP-2019-06-DM-QA.pdf,pdfix-unable-to-open
courts/default/documents/CRS-375-Intent-to-Award.pdf,pdfix-unable-to-open
courts/default/documents/ASU-EG-026-Attachment-3-Vendors-Acceptance-of-the-RFPs-Contract-Terms-no-change-by-td.pdf,pdfix-unable-to-open
courts/default/documents/CRS-EG-062-Intent-to-Award.pdf,pdfix-unable-to-open
courts/default/documents/RFP-ITSO-2022-03-SB-QA.pdf,pdfix-unable-to-open
courts/default/documents/CRS-SP-399-RFP-Hotel-ROOMBLOCK.pdf,pdfix-unable-to-open
courts/default/documents/tcpjac-20230920-materials.pdf,pdfix-unable-to-open
courts/default/documents/IT-2021-30-DM-Intent-To-Award.pdf,pdfix-unable-to-open
courts/default/documents/Attachment-S-Master-Answers-to-Questions-Submitted-Week-Ending-10-28-22.pdf,pdfix-unable-to-open
courts/default/documents/IT-OPD-18-043-RB-Attachment-6-Payee-Data.pdf,pdfix-unable-to-open
courts/default/documents/RFP-FS-2022-02-MB-Attach-D-General-Certs.pdf,pdfix-unable-to-open
courts/default/documents/RFP-FS-2022-09-XC-Attachment-I-General-Certification-Form.pdf,pdfix-unable-to-open
courts/default/documents/aesmcp-rfq-subques_0.pdf,pdfix-unable-to-open
courts/default/documents/RFP-FS-2018-02-JP-Notice-of-Intent-to-Award.pdf,pdfix-unable-to-open
courts/default/documents/publish-rfp-att1_0.pdf,pdfix-unable-to-open
courts/default/documents/sejuvdepct-qdata-rfp-att3.pdf,pdfix-unable-to-open
courts/default/documents/FS-2020-04-BD-notice-of-short-listed-contractors.pdf,pdfix-unable-to-open
courts/default/documents/CFCC-10-13-LM-Attachment-5-Payee-Data-Record-Form.pdf,pdfix-unable-to-open
courts/default/documents/dependrep-santabarb-rfp-appd.pdf,pdfix-unable-to-open
courts/default/documents/IT-2021-01-LB-Attachment-11-UNRUH-CIVIL-RIGHTS-ACT.pdf,pdfix-unable-to-open
courts/default/documents/RFP-FS-2021-17-AL-QNA.pdf,pdfix-unable-to-open
courts/default/documents/scjuvdeprep-rfp-appa.pdf,pdfix-unable-to-open
courts/default/documents/testadmin-rfp-rescission_0.pdf,pdfix-unable-to-open
courts/default/documents/CRS-SP-155-Attachment-2-JCC-Hotel-Agreement-Template.pdf,pdfix-unable-to-open
courts/default/documents/plumas-sierra-rfp-attd_0.pdf,pdfix-unable-to-open
courts/default/documents/RFQFS202126AL-RFQ-Attach-5.pdf,pdfix-unable-to-open
courts/default/documents/RFP-FS-SP-2019-03-JP-Attachment-9-Bio-Hazardous-Bloodborne-Pathogen-Materials.pdf,pdfix-unable-to-open
courts/default/documents/CRS-PD-101-Attachment-1-Admin-Rules-Non-IT-Services.pdf,pdfix-unable-to-open
courts/default/documents/techctr-rfp-intent_0.pdf,pdfix-unable-to-open
courts/default/documents/CFCC-2018-07-CD-Attachment-6-Payee-Data-Record.pdf,pdfix-unable-to-open
courts/default/documents/ASU-EG-026-Attachment-2-AOC-Hotel-Agreement-Template.pdf,pdfix-unable-to-open
courts/default/documents/2010study-rfp_0.pdf,pdfix-unable-to-open
courts/default/documents/webredesign-rfp-add1_0.pdf,pdfix-unable-to-open
courts/default/documents/ccms-transitionv3-rfp-attach1.pdf,pdfix-unable-to-open
courts/default/documents/CRS-SP-106-Attachment-6-Conflict-of-Interest-Certification-form.pdf,pdfix-unable-to-open
courts/default/documents/swsecurityscreen-rfp-email.pdf,pdfix-unable-to-open
courts/default/documents/CRS-AU-222-Attachment-3-Vendors-Acceptance-of-the-RFPs-Contract-Terms.pdf,pdfix-unable-to-open
courts/default/documents/talentag-rfp-add1_0.pdf,pdfix-unable-to-open
courts/default/documents/IT23-157RB-Attach-3-Accept-TCs.pdf,pdfix-unable-to-open
courts/default/documents/CRS-EG-314-Attachment-Notice-of-cancellation-SirFrancisDrake.pdf,pdfix-unable-to-open
courts/default/documents/sanbernardino-inspect-rfp-add1.pdf,pdfix-unable-to-open
courts/default/documents/CFCC-2021-27-CD-Attachment-7-UNRUH-CERTIFICATION.pdf,pdfix-unable-to-open
courts/default/documents/proposals_0.pdf,pdfix-unable-to-open
courts/default/documents/CFCC-2016-14-RBB-RFP.pdf,pdfix-unable-to-open
courts/default/documents/paint-supplies-rfp-attache.pdf,pdfix-unable-to-open
courts/default/documents/cdupmcjcp-rfp_0.pdf,pdfix-unable-to-open
courts/default/documents/RFP-CFCC-2023-26-LV-Attachment-5-Darfur-Certification.pdf,pdfix-unable-to-open
courts/default/documents/RFP-FS-2021-12-AL-Addendum02.pdf,pdfix-unable-to-open
courts/default/documents/CFCC-2018-02-CD-Notice-of-Cancellation.pdf,pdfix-unable-to-open
courts/default/documents/offsupp-rfp-attacha.pdf,pdfix-unable-to-open
courts/default/documents/CFCC-09-12-LM-Non-Cost-Evaluation-Results-for-RFP-CFCC-09-12-LM.pdf,pdfix-unable-to-open
courts/default/documents/BS-2020-13-DM-Technical-Solution-and-Experience-Scores.pdf,pdfix-unable-to-open
courts/default/documents/IFB-AS-043015-RB-Questions-and-Answers.pdf,pdfix-unable-to-open
courts/default/documents/42-RFP-13-14-04_Housekeeping-Janitorial-Attachment-4_General-Certifications.pdf,pdfix-unable-to-open
courts/default/documents/RFP-FSO-IDIQ-SPRS-2017-03-JP-Attach-F-Standard-Agreement.pdf,pdfix-unable-to-open
courts/default/documents/enttestmgmt-rfp-att4.pdf,pdfix-unable-to-open
courts/default/documents/CRS-PD-304-Intent-to-Award-jc20-wsf.pdf,pdfix-unable-to-open
courts/default/documents/CRS-EG-135-Attachment-1-Admin-Rules-Non-IT-Services.pdf,pdfix-unable-to-open
courts/default/documents/JBWCP-2019-06-DM-Attachment-8-UNRUH.pdf,pdfix-unable-to-open
courts/default/documents/scampi-ind-rfp-attach3.pdf,pdfix-unable-to-open
courts/default/documents/RFP-FS-2021-18-AL-Attach-06-Unruh-Cert.pdf,pdfix-unable-to-open
courts/default/documents/HRDRM-17-05-RBB-Attachment-1-Administrative-Rules.pdf,pdfix-unable-to-open
courts/default/documents/CRS-TD-036-Attachment-5-Form-for-Submission-of-Technical-Proposal-FULL-SERVICE.pdf,pdfix-unable-to-open
courts/default/documents/CFCC-18-49-RB-RFP-Attach-4-Iran-Contracting-Act.pdf,pdfix-unable-to-open
courts/default/documents/5yearreview-rfp-attachd.pdf,pdfix-unable-to-open
courts/default/documents/ecm-rfp-add2_0.pdf,pdfix-unable-to-open
courts/default/documents/CFCC-2016-16-RBB-Attachment-4-General-Certification.pdf,pdfix-unable-to-open
courts/default/documents/assessjurorutil-rfp-qna.pdf,pdfix-unable-to-open
courts/default/documents/assessjurorutil-rfp-award.pdf,pdfix-unable-to-open
courts/default/documents/ITSO-11-13-LM-Table-of-Contents.pdf,pdfix-unable-to-open
courts/default/documents/brcpec-rfp-att4_0.pdf,pdfix-unable-to-open
courts/default/documents/FS-2021-Attachment-03-Acceptance.pdf,pdfix-unable-to-open
courts/default/documents/CRS-EG-277-Attachment-2-JCC-Hotel-Agreement.pdf,pdfix-unable-to-open
courts/default/documents/FSO-2017-14-RP-Notice-of-Cancellation.pdf,pdfix-unable-to-open
courts/default/documents/RFP-REFM-SC-AV-Streaming-2016-61-JP-Photo-7-SF-AV-Racks.pdf,pdfix-unable-to-open
courts/default/documents/OGC-ADR-01A-LM-Q-A.pdf,pdfix-unable-to-open
courts/default/documents/jbwcp-AIMS-Service-Guidelines.pdf,pdfix-unable-to-open
courts/default/documents/JBCP-2012-05-BR-Attachment-B-Building-Information.pdf,pdfix-unable-to-open
courts/default/documents/phoenix-rfp-feb2008trainannounce_0.pdf,pdfix-unable-to-open
courts/default/documents/RFP-FS-2021-17-AL-Attach-STD205-Payee-Data-Record-Supplement.pdf,pdfix-unable-to-open
courts/default/documents/HCRC-SS-071216-MDS-QA.pdf,pdfix-unable-to-open
courts/default/documents/CRS-SP-078-Attachment-1-Admin-Rules-Non-IT-Services.pdf,pdfix-unable-to-open
courts/default/documents/idiq-archengservice-rfp.pdf,pdfix-unable-to-open
courts/default/documents/CRS-EG-310-Intent-to-Award.pdf,pdfix-unable-to-open
courts/default/documents/LSS-2019-17-CD-Attachment-6-PayeeDataRecord204b.pdf,pdfix-unable-to-open
courts/default/documents/mamlakes-rfp-attd_0.pdf,pdfix-unable-to-open
courts/default/documents/Attachment-2-AOC-Hotel-Agreement-Template-TCPJAC.pdf,pdfix-unable-to-open
courts/default/documents/CRS-EG-235-Attachment-2-JCC-Hotel-Agreement-Template.pdf,pdfix-unable-to-open
courts/default/documents/CRS-SP-063-Attachment-4-Darfur-Contracting-ACT.pdf,pdfix-unable-to-open
courts/default/documents/tv_workdesc.pdf,pdfix-unable-to-open
courts/default/documents/RFP-FS-2022-05-MB-Notice-Of-Shortlist_0.pdf,pdfix-unable-to-open
courts/default/documents/CRS-AU-037-Questions-and-Answers.pdf,pdfix-unable-to-open
courts/default/documents/scpiv_attachment_f_2006_shc_brochure.pdf,pdfix-unable-to-open
courts/default/documents/RFPFS202307KO-Attach-G-Iran.pdf,pdfix-unable-to-open
courts/default/documents/RFP-FS-2021-20-JP-Notice-of-Technical-Scores-and-Cost-Proposal-Opening.pdf,pdfix-unable-to-open
courts/default/documents/RFP-FS-2022-02-MB-Attach-D-General-Certs_0.pdf,pdfix-unable-to-open
courts/default/documents/preconstsvc-rfp-conference_1.pdf,pdfix-unable-to-open
courts/default/documents/cjdcls_add1.pdf,pdfix-unable-to-open
courts/default/documents/TCAS-2017-03-JU-Addendum-3.pdf,pdfix-unable-to-open
courts/default/documents/sasvssmp-rfp_0.pdf,pdfix-unable-to-open
courts/default/documents/perfrel-rfp-attd_0.pdf,pdfix-unable-to-open
courts/default/documents/statewide-armoredcar-rfp-add3.pdf,pdfix-unable-to-open
courts/default/documents/RFPFS202204MB-Attach-7-Darfur-Cert.pdf,pdfix-unable-to-open
courts/default/documents/FSO-GC-Services-IDIQ-2018-01-JP-Attach-E-Master-Contract-Sample-Template.pdf,pdfix-unable-to-open
courts/default/documents/CFCC-03-12-LM-Notice-of-Cancellation.pdf,pdfix-unable-to-open
courts/default/documents/photoserv-rfq.pdf,pdfix-unable-to-open
courts/default/documents/evaljustcorps-rfp-att3_0.pdf,pdfix-unable-to-open
courts/default/documents/REFM-2014-08-RB-Attachment-1---Admin-Rules.pdf,pdfix-unable-to-open
courts/default/documents/IT-2018-09-LB-Notice-of-Intent-to-Award.pdf,pdfix-unable-to-open
courts/default/documents/CRS-PD-317-Attachment-3-Vendors-Acceptance-of-the-RFPs-Contract-Terms_dv20.pdf,pdfix-unable-to-open
courts/default/documents/jsiememo_0.pdf,pdfix-unable-to-open
courts/default/documents/plumas-sierra-rfp-attg.pdf,pdfix-unable-to-open
courts/default/documents/CRS-EG030-Attachment-2-AOC-Hotel-Agreement-Template-10-26-11.pdf,pdfix-unable-to-open
courts/default/documents/CRSEG095-Intent-to-Award.pdf,pdfix-unable-to-open
courts/default/documents/oracupg-2.pdf,pdfix-unable-to-open
courts/default/documents/elearn-rfp-d_0.pdf,pdfix-unable-to-open
courts/default/documents/preconstruct-risk-lakeport-rfp-attachf.pdf,pdfix-unable-to-open
courts/default/documents/RFQFS202205MB-Attach-6-Key-Personnel-Schedule.pdf,pdfix-unable-to-open
courts/default/documents/CRS-PD-100-Attachment-4-Darfur-Contracting-ACT.pdf,pdfix-unable-to-open
courts/default/documents/RFP-FS-2022-02-MB-ADDENDUM-2.pdf,pdfix-unable-to-open
courts/default/documents/OGC-ADR-05-RB-Appendix-A-SB-78-for-Non-IT-Agreements.pdf,pdfix-unable-to-open
courts/default/documents/RFPFS202301MB-Attach-9b-STD205-Payee-Supplement_0.pdf,pdfix-unable-to-open
courts/default/documents/REFM-2016-10-CP-RFI-Roof-Consulting-Services.pdf,pdfix-unable-to-open
courts/default/documents/RFP-JCC-2023-11-SB-ADDENDUM-4.pdf,pdfix-unable-to-open
courts/default/documents/LSO-2019-12-CD-QA-Additional.pdf,pdfix-unable-to-open
courts/default/documents/CRS-AU-067-Attachment-2-AOC-Hotel-Agreement.pdf,pdfix-unable-to-open
courts/default/documents/OREFM-2012-04-CC-ADDENDUM-1-1-UPDATED-TELECONFERENCE-INFORMATION.pdf,pdfix-unable-to-open
courts/default/documents/RFP-FS-2022-03-MB-ADDENDUM-4.pdf,pdfix-unable-to-open
courts/default/documents/photoserv-rfq-intent_0.pdf,pdfix-unable-to-open
courts/default/documents/legsvcsp3-rfp_qa_0.pdf,pdfix-unable-to-open
courts/default/documents/constrantct-rfp_attf_0.pdf,pdfix-unable-to-open
courts/default/documents/RFP-FS-2023-15-XC-Attach-L-Consulting-IDIQ-Bidder-Declaration.pdf,pdfix-unable-to-open
courts/default/documents/CJER-HB-0712-LM-Table-of-Contents.pdf,pdfix-unable-to-open
courts/default/documents/HRSO-04-13-SS-Notice-of-Award.pdf,pdfix-unable-to-open
courts/default/documents/CRS-PD-150-Attachment-1-Admin-Rules.pdf,pdfix-unable-to-open
courts/default/documents/aersforscbrfp-sandiego_0.pdf,pdfix-unable-to-open
courts/default/documents/dm-rfp-att6_0.pdf,pdfix-unable-to-open
courts/default/documents/FSO-2018-3-JMG-QA.pdf,pdfix-unable-to-open
courts/default/documents/CRS-EG-416-Attachment-2-JCC-Hotel-Agreement.pdf,pdfix-unable-to-open
courts/default/documents/CRS-EG-128-Attachment-2--AOC-Hotel-Agreement-Template_Room-Block-Only_Master-Account.pdf,pdfix-unable-to-open
courts/default/documents/CRS-PD-340-Attachment-1-Admin-Rules-Non-IT-Services_jc21.pdf,pdfix-unable-to-open
courts/default/documents/CRS-SP-051-Attachment-6-Form-for-Submission-of-Cost-Proposal-FULL-SERVICE-rev-1.pdf,pdfix-unable-to-open
courts/default/documents/ISD-201601-RB_Total_Expend_to_Date.pdf,pdfix-unable-to-open
courts/default/documents/pubprivpart-rfp-add2_0.pdf,pdfix-unable-to-open
courts/default/documents/RFP-IT-2023-46-DM-Technical-Scores.pdf,pdfix-unable-to-open
courts/default/documents/wcm-rfp-att6_0.pdf,pdfix-unable-to-open
courts/default/documents/RFP-COA-2019-01-RP-A2-Standard-Agreement.pdf,pdfix-unable-to-open
courts/default/documents/RFP-FS-2021-13-AL-NoticeOfShortlistForInterviews.pdf,pdfix-unable-to-open
courts/default/documents/sejuvdepct-qdata-rfp-att2b.pdf,pdfix-unable-to-open
courts/default/documents/RFP-IT-2023-46-DM-ADDENDUM-3.pdf,pdfix-unable-to-open
courts/default/documents/CFCC-2019-16-CD-Attachment-6-Payee-Data-Record-Form.pdf,pdfix-unable-to-open
courts/default/documents/JCC-2018-01-CD-Attachment-6-Payee-Data-Record.pdf,pdfix-unable-to-open
courts/default/documents/OGC-ADR-02-RB-Attachment-6-Conflict-of-Interest.pdf,pdfix-unable-to-open
courts/default/documents/CRS-SP-299-Attachment-6-Conflict-of-Interest-Certification-form.pdf,pdfix-unable-to-open
courts/default/documents/FSO-2018-05-JMG_Attach_E_to_Std_Agmt_Judicial_Council_Background_Check_Policy.pdf,pdfix-unable-to-open
courts/default/documents/REFM-2016-14-RP-2-Attachment-6.pdf,pdfix-unable-to-open
courts/default/documents/talentag-rfp-qna2_0.pdf,pdfix-unable-to-open
courts/default/documents/CRS-SP-164-Attachment-3-Vendors-Acceptance-of-the-RFPs-Contract-Terms.pdf,pdfix-unable-to-open
courts/default/documents/JBCP-2014-03-BR-RFQ-Questionnaire_Atta_B.pdf,pdfix-unable-to-open
courts/default/documents/preconstsvc-rfp-attachf-rev_1.pdf,pdfix-unable-to-open
courts/default/documents/CRS-PD-333-Attachment-4-Darfur-Contracting-ACT_janpao21.pdf,pdfix-unable-to-open
courts/default/documents/IFB-IT-2021-89RB-Attachment-2.pdf,pdfix-unable-to-open
courts/default/documents/cletsmms-rfp-qa.pdf,pdfix-unable-to-open
courts/default/documents/CFCC-04-13-LM-Attachment-4-Vendor-Data-Record-Form.pdf,pdfix-unable-to-open
courts/default/documents/CRS-PD-297-RFP-Hotel-ROOM-BLOCK-janpao20.pdf,pdfix-unable-to-open
courts/default/documents/cfcc-sandiego-dependencyrep-rfp-qna.pdf,pdfix-unable-to-open
courts/default/documents/precon-porterville-rfq-attacha.pdf,pdfix-unable-to-open
courts/default/documents/CRS-SP-043-Attachment-7-Conflict-of-Interest-Certification.pdf,pdfix-unable-to-open
courts/default/documents/RFP-FS-2023-15-XC-Response-to-Submitted-Questions-ADDENDUM01.pdf,pdfix-unable-to-open
courts/default/documents/ASU-DC-007-NN-Intent-To-Award.pdf,pdfix-unable-to-open
courts/default/documents/creldabuseneeds-rfp-att4.pdf,pdfix-unable-to-open
courts/default/documents/enttestmgmt-rfp-intent.pdf,pdfix-unable-to-open
courts/default/documents/gcfmti-rfp-prequalapp.pdf,pdfix-unable-to-open
courts/default/documents/FS-2018-13-BD-Attachment-12-Personal-Protective-Equipment.pdf,pdfix-unable-to-open
courts/default/documents/appraiserrfp.pdf,pdfix-unable-to-open
courts/default/documents/CRS-SP-265-Attachment-6-Conflict-of-Interest-Certification-form.pdf,pdfix-unable-to-open
courts/default/documents/CRS-PD-333-Attachment-3-Vendors-Acceptance-of-the-RFPs-Contract-Terms_janpao21.pdf,pdfix-unable-to-open
courts/default/documents/CFCC-2012-02-RB-Attachment-5-Payee-Data-Record-Form.pdf,pdfix-unable-to-open
courts/default/documents/CRS-AU-222-Questions-and-Answers-from-RFP.pdf,pdfix-unable-to-open
courts/default/documents/ITSO-2013-01-DCA-Attachment-1-Administrative-Rules.pdf,pdfix-unable-to-open
courts/default/documents/swsecscreen-rfp-attf_0.pdf,pdfix-unable-to-open
courts/default/documents/CRSEG144-Attachment-2-Hotel-Agreement-Template.pdf,pdfix-unable-to-open
courts/default/documents/dpmccpor-rfp.pdf,pdfix-unable-to-open
courts/default/documents/cfccwebdev2-rfp-intent_0.pdf,pdfix-unable-to-open
courts/default/documents/CRS-SP-270-Attachment-3-Vendors-Acceptance-of-the-RFPs-Contract-Terms.pdf,pdfix-unable-to-open
courts/default/documents/IFB-BAP-23-138RB-Amendment-1.pdf,pdfix-unable-to-open
courts/default/documents/solanocourthouse-rfq-firstfloor.pdf,pdfix-unable-to-open
courts/default/documents/4-2-RFP-12-13-03CK-Attachment-5-Payee-Data-Form.pdf,pdfix-unable-to-open
courts/default/documents/3DCA-RFP-19-20-02-Attachment-1-Admin-Rules.pdf,pdfix-unable-to-open
courts/default/documents/IT-072414-WXRP-CF_Eval-Results-of-Non-Cost-Portion-of-Proposals.pdf,pdfix-unable-to-open
courts/default/documents/wcm-rfp-att6.pdf,pdfix-unable-to-open
courts/default/documents/adminctintexam-rfp-awardc_0.pdf,pdfix-unable-to-open
courts/default/documents/ECU-2013-01-Programs-Vendors_List.pdf,pdfix-unable-to-open
courts/default/documents/RFP-IT-2020-64-RB-IT-Questions-and-Answers.pdf,pdfix-unable-to-open
courts/default/documents/CFCC-2018-07-CD-Notice-of-Intent-to-Award.pdf,pdfix-unable-to-open
courts/default/documents/IT-2019-12-LB-Notice-of-Cancellation.pdf,pdfix-unable-to-open
courts/default/documents/assessjurorutil-rfp-att3.pdf,pdfix-unable-to-open
courts/default/documents/CRS-PD-224-Attachment-3-Vendors-Acceptance-of-the-RFPs-Contract-Terms-eacmar18.pdf,pdfix-unable-to-open
courts/default/documents/CFCC-08-12-LM-Attachment-4-Scope-of-Services-for-San-Luis-Obispo-County.pdf,pdfix-unable-to-open
courts/default/documents/CRS-SP-294-Intent-to-Award.pdf,pdfix-unable-to-open
courts/default/documents/RFP-FS-2021-21-KO-Attachment-D-Agreement.pdf,pdfix-unable-to-open
courts/default/documents/3DCA-RFO-18-19-06-Attachment-9-Unruh-and-FEHA-Certification.pdf,pdfix-unable-to-open
courts/default/documents/LSS-2019-18-CD-Master-Calendar-Scheduling-System-RFP.pdf,pdfix-unable-to-open
courts/default/documents/flrgp_attd_0.pdf,pdfix-unable-to-open
courts/default/documents/CRS-EG061-Attachment-2-AOC-Hotel-Agreement-Template-.pdf,pdfix-unable-to-open
courts/default/documents/cfcc-sandiego-dependencyrep-rfp-add1.pdf,pdfix-unable-to-open
courts/default/documents/CRS-SP-118-Attachment-4-Darfur-Contracting-ACT.pdf,pdfix-unable-to-open
courts/default/documents/CFCC-2023-17-SB-Attachment-6A-STD204.pdf,pdfix-unable-to-open
courts/default/documents/phoenix-rfp-section3.pdf,pdfix-unable-to-open
courts/default/documents/ASU-TD-012-LM-Table-of-Contents.pdf,pdfix-unable-to-open
courts/default/documents/idiq-occm-rfq-schedupdate.pdf,pdfix-unable-to-open
courts/default/documents/RFP-FS-2021-21-KO-Attachment-G-Darfur-Certification.pdf,pdfix-unable-to-open
courts/default/documents/CRS-PD-200-Intent-to-Award-Civil-Law-Institute.pdf,pdfix-unable-to-open
courts/default/documents/FSO-2017-07-JR-Attachment-C-Master-Contract.pdf,pdfix-unable-to-open
courts/default/documents/cfccwebdev2-rfp-qr.pdf,pdfix-unable-to-open
courts/default/documents/CRS-EG87-Attachment-2-AOC-Hotel-Agreement-Template_Room-Block-Only_Master-Account.pdf,pdfix-unable-to-open
courts/default/documents/CFCC-032514-PCDR-CF-Attachment-2-Ts-Cs.pdf,pdfix-unable-to-open
courts/default/documents/ASU-EG-004-SS-Addendum-1.pdf,pdfix-unable-to-open
courts/default/documents/RFP-FS-2021-13-AL-Attach-1-Administrative-Rules.pdf,pdfix-unable-to-open
courts/default/documents/RFP-CFCC-2022-34-DM-ADDENDUM-1.pdf,pdfix-unable-to-open
courts/default/documents/arceng-ccrfq-rqs.pdf,pdfix-unable-to-open
courts/default/documents/lc-20221006-materials.pdf,pdfix-unable-to-open
courts/default/documents/RFP-FS-2022-04-MB-Notice-Of-Shortlist-For-Interviews.pdf,pdfix-unable-to-open
courts/default/documents/tempserv-rfp_rfp_hr_07-08-ss_temporary_staffing_services.pdf,pdfix-unable-to-open
courts/default/documents/CRS-PD-190-Attachment-2-JCC-Hotel-Agreement-PJCEO-2016.pdf,pdfix-unable-to-open
courts/default/documents/aocjobacc-rfp-award_0.pdf,pdfix-unable-to-open
courts/default/documents/ccms-rfp-qa2.pdf,pdfix-unable-to-open
courts/default/documents/CRS-PD-252-Intent-to-Award-njoapr18.pdf,pdfix-unable-to-open
courts/default/documents/CJER-05-13-RB-VendorProposalEval_Summary.pdf,pdfix-unable-to-open
courts/default/documents/RFP-2DCA-1-2012-Doc-Storage-attach6-conflict-of-interest.pdf,pdfix-unable-to-open
courts/default/documents/RFQ-IT-2019-61-RB-Notice-of-Cancellation.pdf,pdfix-unable-to-open
courts/default/documents/CRS-EG-168-Cancellation-Notice.pdf,pdfix-unable-to-open
courts/default/documents/3DCA-RFO-17-18-07-Attachment-7-Payee-Data-Record.pdf,pdfix-unable-to-open
courts/default/documents/HR-2012-01-RB-HR-2012-01-RB-Attachment-9-Covered-Employees.pdf,pdfix-unable-to-open
courts/default/documents/3dcarfp201202_attachment4DarfurCertification.pdf,pdfix-unable-to-open
courts/default/documents/CRS-SP-116-Attachment-4-Darfur-Contracting-ACT.pdf,pdfix-unable-to-open
courts/default/documents/IT-2020-64-RB-Cost-Proposals_Final.pdf,pdfix-unable-to-open
courts/default/documents/CRS-SP-344-Attachment-1-Admin-Rules-Non-IT-Services.pdf,pdfix-unable-to-open
courts/default/documents/ens-rfp-qna2attach-20090601.pdf,pdfix-unable-to-open
courts/default/documents/CRS-PD-264-Questions-and-Answers-cow19.pdf,pdfix-unable-to-open
courts/default/documents/ergoassess-rfp-attachb_0.pdf,pdfix-unable-to-open
courts/default/documents/CFCC-10-13-LM-Table-of-Contents.pdf,pdfix-unable-to-open
courts/default/documents/CRS-SP-236-Intent-to-Award.pdf,pdfix-unable-to-open
courts/default/documents/preconstsvc-rfp-attacha.pdf,pdfix-unable-to-open
courts/default/documents/realestaterfp.pdf,pdfix-unable-to-open
courts/default/documents/RFPFS202204MB-Attach-3-Billing-Rates.pdf,pdfix-unable-to-open
courts/default/documents/HR-2020-24-CD-Attachment-10-Work-Authorization-Form.pdf,pdfix-unable-to-open
courts/default/documents/docmanage-capture-rfi-attach3.pdf,pdfix-unable-to-open
courts/default/documents/CRS-AK-394-Attachment-6-Conflict-of-Interest-Certification-form.pdf,pdfix-unable-to-open
courts/default/documents/qamtccpor-rfp-attach1_0.pdf,pdfix-unable-to-open
courts/default/documents/CRS-SP-344-Attachment-3-Vendors-Acceptance-of-the-RFPs-Contract-Terms.pdf,pdfix-unable-to-open
courts/default/documents/bsadocman-rfp-attach2_0.pdf,pdfix-unable-to-open
courts/default/documents/jsierfpqa.pdf,pdfix-unable-to-open
courts/default/documents/datacollect-collabresearch-rfp-qna.pdf,pdfix-unable-to-open
courts/default/documents/preconstruct-risk-woodland-rfp-attachc.pdf,pdfix-unable-to-open
courts/default/documents/fireprot-rfp_0.pdf,pdfix-unable-to-open
courts/default/documents/ASU-TD-010-SS-Intent-Notice-to-Award-New-court-professionals.pdf,pdfix-unable-to-open
courts/default/documents/BAP24-166RB-Attach-6-Std-204.pdf,pdfix-unable-to-open
courts/default/documents/CRS-EG-396-Attachment-2-JCC-Hotel-Agreement-Template.pdf,pdfix-unable-to-open
courts/default/documents/JBCP-2014-04-BR-CM-Services-RFQ.pdf,pdfix-unable-to-open
courts/default/documents/RFPFS202212KO-Attach-L-SB-Certification.pdf,pdfix-unable-to-open
courts/default/documents/aocjobacc-rfp-attb.pdf,pdfix-unable-to-open
courts/default/documents/HCRC-SS-071216-Attachment-03.pdf,pdfix-unable-to-open
courts/default/documents/CRS-PD-273-Attachment-1-Admin-Rules-Non-IT-Services-febpao19.pdf,pdfix-unable-to-open
courts/default/documents/analystsupport-ccmsv3t-rfp-attach1.pdf,pdfix-unable-to-open
courts/default/documents/RFP-2DCA-1-2012-Doc-Storage-attach8-adm-rules.pdf,pdfix-unable-to-open
courts/default/documents/RFP-FS-2023-19-XC-Attach-C-Consulting-IDIQ-Statewide-Master-Agreement.pdf,pdfix-unable-to-open
courts/default/documents/RFP-FS-SP-2020-16-JP-Attachment-14-Hazard-Checklist.pdf,pdfix-unable-to-open
courts/default/documents/CRS-PD-336-Attachment-2-JCC-Hotel-Agreement-Template_jc21.pdf,pdfix-unable-to-open
courts/default/documents/facilityopsrfi.pdf,pdfix-unable-to-open
courts/default/documents/prequalchulavista-rfq-schedule_0.pdf,pdfix-unable-to-open
courts/default/documents/TCAS-2018-04-ML-Technical-Scores.pdf,pdfix-unable-to-open
courts/default/documents/RFP-FS-2023-20-KO-Attach-C_MasterAgrmt.pdf,pdfix-unable-to-open
courts/default/documents/CFCC23-164RB-RFP-Kinfirst-Training.pdf,pdfix-unable-to-open
courts/default/documents/CFCC-2019-9-LV-Questions-and-Answers.pdf,pdfix-unable-to-open
courts/default/documents/RFP-LSD-2021-100RB-Attach-2-Agmt.pdf,pdfix-unable-to-open
courts/default/documents/ctintrecruit-rfp.pdf,pdfix-unable-to-open
courts/default/documents/COS-VRILAP-MDS-080816-attachment-6.pdf,pdfix-unable-to-open
courts/default/documents/CFCC-1403-RB-Del-Norte-Dependency-Representation-Attachment-1-Administrative-Rules.pdf,pdfix-unable-to-open
courts/default/documents/aoc-onsitecatering-sf-rfp-attachd.pdf,pdfix-unable-to-open
courts/default/documents/CRS-SP-047-Attachment-1-Admin-Rules-Non-IT-Services.pdf,pdfix-unable-to-open
courts/default/documents/FS-2019-11-BD-Attachment-A-Administrative-Rules.pdf,pdfix-unable-to-open
courts/default/documents/manprocfair-rfp_0.pdf,pdfix-unable-to-open
courts/default/documents/RFP-FS-SP-2020-16-JP-Notice-to-Intent-to-Award-SRO.pdf,pdfix-unable-to-open
courts/default/documents/efilingdeploy-rfp-qna.pdf,pdfix-unable-to-open
courts/default/documents/CFCC-2018-04-CD-Q-A.pdf,pdfix-unable-to-open
courts/default/documents/icwa-curriculum-rfp-attach4_0.pdf,pdfix-unable-to-open
courts/default/documents/IT-2019-60-RB-RFP-A1-Rules-Governing-RFPs.pdf,pdfix-unable-to-open
courts/default/documents/sasvssmp-rfp-add3.pdf,pdfix-unable-to-open
courts/default/documents/3dcarfp201203_Attachment2AppendicesA-D.pdf,pdfix-unable-to-open
courts/default/documents/CJS-2017-08-ML-Attachment-6-Payee-Data-Record-Form.pdf,pdfix-unable-to-open
courts/default/documents/CRS-EG-358-Intent-to-Award.pdf,pdfix-unable-to-open
courts/default/documents/HR-HREMS-2017-03-ML-Questions-and-Answers.pdf,pdfix-unable-to-open
courts/default/documents/CRS-SP-159-Attachment-4-Darfur-Contracting-ACT.pdf,pdfix-unable-to-open
courts/default/documents/ASU-DC-008-LM-Attachment-2-JBE-AOC-Standard-Terms-and-Conditions.pdf,pdfix-unable-to-open
courts/default/documents/sejuvdepct-qdata-rfp-intent.pdf,pdfix-unable-to-open
courts/default/documents/42-RFP-13-14-06_Mechanical-HVAC_Attachment-3_Accept-Ts-Cs.pdf,pdfix-unable-to-open
courts/default/documents/ITWS-17-17-RBB-RFI-Online-Accessibility.pdf,pdfix-unable-to-open
courts/default/documents/JIP-2019-05-DM-Attachment-1-Administrative-Rules-Governing.pdf,pdfix-unable-to-open
courts/default/documents/CFCC-22-127RB-RFP-Attach-8-DVBE-Declaration.pdf,pdfix-unable-to-open
courts/default/documents/constrantct-rfp_att1f.pdf,pdfix-unable-to-open
courts/default/documents/waac-20201209-notice.pdf,pdfix-unable-to-open
courts/default/documents/CFCC-2019-09-LV-Attachment-4-General-Certification.pdf,pdfix-unable-to-open
courts/default/documents/snapshot-rfp-att2b_0.pdf,pdfix-unable-to-open
courts/default/documents/RFP-BAP23-160RB.pdf,pdfix-unable-to-open
courts/default/documents/RFP-FS-2021-12-AL-NoticeOfShortlistForInterviews.pdf,pdfix-unable-to-open
courts/default/documents/CRS-AU-129-Attachment-6-Conflict-of-Interest-Certification-form-AB1058-2015.pdf,pdfix-unable-to-open
courts/default/documents/statebasedcs-rfp-att1_0.pdf,pdfix-unable-to-open
courts/default/documents/IFB-ISD-042015-AA-Dell-Equipment_0.pdf,pdfix-unable-to-open
courts/default/documents/COA2D-1-2014-Attachment-4-Technical-Requirements.pdf,pdfix-unable-to-open
courts/default/documents/hrassessment-rfp-intent.pdf,pdfix-unable-to-open
courts/default/documents/construct-riskdesign-sanjosefamcenter-rfq-add1.pdf,pdfix-unable-to-open
courts/default/documents/FS-2019-05-DGF-RFP-ElevatorConsultingServices.pdf,pdfix-unable-to-open
courts/default/documents/scpiv_attachment_g_2006_shc_poster_0.pdf,pdfix-unable-to-open
courts/default/documents/bpr-rfp-intent.pdf,pdfix-unable-to-open
courts/default/documents/CFCC-2016-14-RBB-Attachment-5-Darfur.pdf,pdfix-unable-to-open
courts/default/documents/formtrans_att_a_administrative_rules_0.pdf,pdfix-unable-to-open
courts/default/documents/CJER-18-44-RB-Attachment-9.pdf,pdfix-unable-to-open
courts/default/documents/FIN-201505-ML-RFP-Actuarial-Services-for-GASB-43-45-Compliance.pdf,pdfix-unable-to-open
courts/default/documents/CRS-SP-389-Attachment-1-Admin-Rules-Non-IT-Services.pdf,pdfix-unable-to-open
courts/default/documents/designservice-joaquin-rfq-attachc.pdf,pdfix-unable-to-open
courts/default/documents/IT-2022-44-DM-Attachment-8-UNRUH-CIVIL-RIGHTS-ACT.pdf,pdfix-unable-to-open
courts/default/documents/constman-rfq_0.pdf,pdfix-unable-to-open
courts/default/documents/CRS-PD-176-Attachment-6-Conflict-of-Interest-Certification-form-Sept-PAO-2016.pdf,pdfix-unable-to-open
courts/default/documents/ASU-TD-012-LM-Attachment-6-Submission-Form-for-Cost-Proposal.pdf,pdfix-unable-to-open
courts/default/documents/CRS-EG-325-Attachment-Notice-of-cancellation.pdf,pdfix-unable-to-open
courts/default/documents/CFCC-012414-ACDR-CF-attachment-2-Ts-Cs.pdf,pdfix-unable-to-open
courts/default/documents/CRS-EG-346-Attachment-2-JCC-Hotel-Agreement-Template.pdf,pdfix-unable-to-open
courts/default/documents/CRS-AK-375-Attachment-4-Darfur-Contracting-ACT.pdf,pdfix-unable-to-open
courts/default/documents/FS-2017-02-BD-Attachment-14-Internal-Background-Check-Policy.pdf,pdfix-unable-to-open
courts/default/documents/bsa-webdev-rfp-add1.pdf,pdfix-unable-to-open
courts/default/documents/CRS-EG-079-RFP-Hotel-FULL-SERVICE.pdf,pdfix-unable-to-open
courts/default/documents/idiq-archengservice-rfp-qa.pdf,pdfix-unable-to-open
courts/default/documents/Attachment-IA-Payee-Data-Record_std204.pdf,pdfix-unable-to-open
courts/default/documents/realestappserv-rfp-vendor.pdf,pdfix-unable-to-open
courts/default/documents/HR-2017-08-LV-EAP-Intent-To-Award.pdf,pdfix-unable-to-open
courts/default/documents/dcqual-rfp_0.pdf,pdfix-unable-to-open
courts/default/documents/RFQ-FS-2021-06-BD-ADDENDUM-1.pdf,pdfix-unable-to-open
courts/default/documents/FS-2018-19-RP-Attach-8-Scope-of-Work.pdf,pdfix-unable-to-open
courts/default/documents/maderacourthouse-preconstruct-rfp-attache.pdf,pdfix-unable-to-open
courts/default/documents/phoenix-rfp-section7_0.pdf,pdfix-unable-to-open
courts/default/documents/phoenix-rfp-appendg_0.pdf,pdfix-unable-to-open
courts/default/documents/ctintexam-rfp-attd_0.pdf,pdfix-unable-to-open
courts/default/documents/RFP-FS-2018-02-JP-Attach-C-Standard-Agreement-Sample.pdf,pdfix-unable-to-open
courts/default/documents/IT-2023-10-SB-Audio-Conference-Attachment-7-Unruh.pdf,pdfix-unable-to-open
courts/default/documents/HCRC-CCS-17-22RB-Attachment-3-Acceptance-TCs.pdf,pdfix-unable-to-open
courts/default/documents/wcm-rfp_0.pdf,pdfix-unable-to-open
courts/default/documents/CRS-PD-101-Attachment-3-Vendors-Acceptance-of-the-RFPs-Contract-Terms-no-change.pdf,pdfix-unable-to-open
courts/default/documents/aersforscbrfp-add1_0.pdf,pdfix-unable-to-open
courts/default/documents/4-2-13-14-07-LM-QA.pdf,pdfix-unable-to-open
courts/default/documents/Notice-Of-Intent-To-Award-RFPFS202211MB.pdf,pdfix-unable-to-open
courts/default/documents/CRS-SP-288-Attachment-1-Admin-Rules-Non-IT-Services.pdf,pdfix-unable-to-open
courts/default/documents/FS-2019-04-LB-Exhibit-5-JCC-Project-Resources_REVISED.pdf,pdfix-unable-to-open
courts/default/documents/CRS-SP-399-Attachment-2-Hotel-Agreement.pdf,pdfix-unable-to-open
courts/default/documents/cfcc_brief_messagechairletter.pdf,pdfix-unable-to-open
courts/default/documents/susjustice-consult-rfp-attach4_0.pdf,pdfix-unable-to-open
courts/default/documents/CFCC-22-127RB-RFP-Notice-of-Intent-to-Award.pdf,pdfix-unable-to-open
courts/default/documents/ma10-10.pdf,pdfix-unable-to-open
courts/default/documents/perfrel-rfp-intent.pdf,pdfix-unable-to-open
courts/default/documents/RFQ-P-FSO-2018-11-JMG-Schedule-Events-Table-Revision.pdf,pdfix-unable-to-open
courts/default/documents/RFP-COA-2019-01-RP-AT4-Site-Coverage-Configurations-revised.pdf,pdfix-unable-to-open
courts/default/documents/rfp-cfcc-nacjp-awardnotice_0.pdf,pdfix-unable-to-open
courts/default/documents/IT-2021-17-DM-Attachment-6-Darfur-Certification-7-1-2015.pdf,pdfix-unable-to-open
courts/default/documents/HR-2017-08-LV-EAP-Award.pdf,pdfix-unable-to-open
courts/default/documents/CFCC-13-13-LM-Addendum-2.pdf,pdfix-unable-to-open
courts/default/documents/CRS-PD-086-Attachment-4-Darfur-Contracting-ACT-no-change.pdf,pdfix-unable-to-open
courts/default/documents/RFP-COA-2019-01-RP-A15-Court-Locations.pdf,pdfix-unable-to-open
courts/default/documents/preconstsvc-rfp-add5_0.pdf,pdfix-unable-to-open
courts/default/documents/2010study-rfp-attacha_0.pdf,pdfix-unable-to-open
courts/default/documents/RFP-FS-2023-15-XC-Notice-Of-Shortlist-For-Interviews.pdf,pdfix-unable-to-open
courts/default/documents/CFCC-10-11-LM-RFP.pdf,pdfix-unable-to-open
courts/default/documents/Attachment-5-Form-for-Submission-of-Technical-Proposal-TCPJAC.pdf,pdfix-unable-to-open
courts/default/documents/basissap-rfp-intent.pdf,pdfix-unable-to-open
courts/default/documents/IFB-EDU-050412-RB-Sac-AV-Systems.pdf,pdfix-unable-to-open
courts/default/documents/RFP-HR-2022-10-LV-Attachment-4-General-Certification.pdf,pdfix-unable-to-open
courts/default/documents/RFQ-Prequalification-of-Elevator-Contractors-County-of-Los-Angles.pdf,pdfix-unable-to-open
courts/default/documents/constrantct-rfp_attb.pdf,pdfix-unable-to-open
courts/default/documents/Answers-to-Submitted-Questions.pdf,pdfix-unable-to-open
courts/default/documents/materialtest-inspection-rfp-shortlist.pdf,pdfix-unable-to-open
courts/default/documents/CRS-PD-101-RFP-Hotel-ROOM-BLOCK.pdf,pdfix-unable-to-open
courts/default/documents/workcomptpa-rfp-appii.pdf,pdfix-unable-to-open
courts/default/documents/ergoeval-rfp-atta_0.pdf,pdfix-unable-to-open
courts/default/documents/RFP-FS-2021-23-JP-Request-For-PreQualifications.pdf,pdfix-unable-to-open
courts/default/documents/3DCA-RFO-18-19-06-Attachment-5-Small-Business-Declaration.pdf,pdfix-unable-to-open
courts/default/documents/CJER-2015-03-LV-Attachment-6-Vendor-Data-Record-Form.pdf,pdfix-unable-to-open
courts/default/documents/CRS-SP-158-Attachment-4-Darfur-Contracting-ACT.pdf,pdfix-unable-to-open
courts/default/documents/preconstruct-risk-los-banos-NTA.pdf,pdfix-unable-to-open
courts/default/documents/CJER-201601-1-JR-Attachment-6.pdf,pdfix-unable-to-open
courts/default/documents/formtrans_att_e_contract_exceptions_form_0.pdf,pdfix-unable-to-open
courts/default/documents/ADMIN-2018-01-LB-QA-Bindery-Maintenance.pdf,pdfix-unable-to-open
courts/default/documents/CRS-EG-295-Attachment-RFP-Hotel-FULL-SERVICE.pdf,pdfix-unable-to-open
courts/default/documents/ccporappdev-rfp-award.pdf,pdfix-unable-to-open
courts/default/documents/IFB-IT23-151RB-Attach-3-std204.pdf,pdfix-unable-to-open
courts/default/documents/statewide-translation11-rfp-attachh.pdf,pdfix-unable-to-open
courts/default/documents/REFM-2016-27-BD-Request-for-Proposal-Revision-2.pdf,pdfix-unable-to-open
courts/default/documents/CRS-PD-166-Intent-to-Award-EAC.pdf,pdfix-unable-to-open
courts/default/documents/phoenix-rfp-add3v3_0.pdf,pdfix-unable-to-open
courts/default/documents/RFPFS202301MB-Attach-11-Iran-Contracting.pdf,pdfix-unable-to-open
courts/default/documents/qamtccpor-rfp-attach3_0.pdf,pdfix-unable-to-open
courts/default/documents/eval-famfinding-pilotcounties-rfp-list.pdf,pdfix-unable-to-open
courts/default/documents/CFCC-2021-91RB-Attachment-1-Administrative-Rules.pdf,pdfix-unable-to-open
courts/default/documents/ASU-EG024-RFP-Hotel-FULL-SERVICE.pdf,pdfix-unable-to-open
courts/default/documents/CRS-SP-259-Attachment-2-Hotel-Agreement.pdf,pdfix-unable-to-open
courts/default/documents/wcm-rfp-add2.pdf,pdfix-unable-to-open
courts/default/documents/FS-2021-12-AL-Attach-7-Architect-Engineer-Qualifications.pdf,pdfix-unable-to-open
courts/default/documents/maderacourthouse-preconstruct-rfp-attachg.pdf,pdfix-unable-to-open
courts/default/documents/designservice-joaquin-rfq-attacha.pdf,pdfix-unable-to-open
courts/default/documents/feltrial-rfp-qna_0.pdf,pdfix-unable-to-open
courts/default/documents/ASU-EG046-Attachment-2-AOC-Hotel-Agreement-Template.pdf,pdfix-unable-to-open
courts/default/documents/callcenter-services-rfq-legal.pdf,pdfix-unable-to-open
courts/default/documents/occm-2011-19-jmg-RFP-2.pdf,pdfix-unable-to-open
courts/default/documents/CRS-PD-212-Attachment-2-JCC-Hotel-Agreement-Template-COCR-217.pdf,pdfix-unable-to-open
courts/default/documents/statetonerrfp-add1.pdf,pdfix-unable-to-open
courts/default/documents/construct-riskdesign-sanjosefamcenter-rfq-add3.pdf,pdfix-unable-to-open
courts/default/documents/ASU-TD-028-Attachment-3-Vendors-Acceptance-of-the-RFPs-Contract-Terms-no-change-by-td.pdf,pdfix-unable-to-open
courts/default/documents/RFPFS202205MB-HazMat_Technical_Review.pdf,pdfix-unable-to-open
courts/default/documents/arceng-ccrfq-add1_0.pdf,pdfix-unable-to-open
courts/default/documents/paint-supplies-rfp-attachfg.pdf,pdfix-unable-to-open
courts/default/documents/CRS-SP-391-Attachment-2-JCC-Hotel-Agreement.pdf,pdfix-unable-to-open
courts/default/documents/CFCC-2016-12LB-Attachment-7-Payee-Data-Record-204b.pdf,pdfix-unable-to-open
courts/default/documents/ergoeval-rfp-atta.pdf,pdfix-unable-to-open
courts/default/documents/constman-rfq-add1.pdf,pdfix-unable-to-open
courts/default/documents/RFPFS202301MB-Attach-8-Std-Form-330.pdf,pdfix-unable-to-open
courts/default/documents/CFCC-2016-07-RBB-Attachment-5-Darfur.pdf,pdfix-unable-to-open
courts/default/documents/sasvssmp-rfp-add1.pdf,pdfix-unable-to-open
courts/default/documents/adminctintexam-rfp-awarda_0.pdf,pdfix-unable-to-open
courts/default/documents/COS-VRILAP-MDS-080816-attachment-4.pdf,pdfix-unable-to-open
courts/default/documents/CRS-PD-258-Attachment-3-Vendors-Acceptance-of-the-RFPs-Contract-Terms-asai19.pdf,pdfix-unable-to-open
courts/default/documents/tas-rfp-attachd.pdf,pdfix-unable-to-open
courts/default/documents/JBWCP-RFP-JBWCP-2019-07-DM-Risk-Consulting-Services.pdf,pdfix-unable-to-open
courts/default/documents/CFCC-02-16-LV-Attachment-8-DVBE.pdf,pdfix-unable-to-open
courts/default/documents/Attachment4-RFP-FS-2021-22-JP-Tool-Control-Policy.pdf,pdfix-unable-to-open
courts/default/documents/insurebrokerage-occm-rfp.pdf,pdfix-unable-to-open
courts/default/documents/ASU-TD-029-Attachment-RFP-Hotel-ROOM-BLOCK-ONLY.pdf,pdfix-unable-to-open
courts/default/documents/efilingdeploy-rfp-award.pdf,pdfix-unable-to-open
courts/default/documents/RFP-CFCC-2022-43-DM-Attachment-1-Administrative-Rules.pdf,pdfix-unable-to-open
courts/default/documents/CJER-05-13-RB-Attachment-8d-Courtroom-Video.pdf,pdfix-unable-to-open
courts/default/documents/CRS-PD-266-Attachment-4-Darfur-Contracting-ACT-njofd19.pdf,pdfix-unable-to-open
courts/default/documents/RFP-IT-2022-38-DM-Off-Site-Data-Storage.pdf,pdfix-unable-to-open
courts/default/documents/analystsupport-ccmsv3t-rfp-attach3.pdf,pdfix-unable-to-open
courts/default/documents/HCRC-SS-071216-Attachment-01.pdf,pdfix-unable-to-open
courts/default/documents/RFPFS202301MB-Attach-7-Darfur-Cert.pdf,pdfix-unable-to-open
courts/default/documents/FSO-2018-05-JMG_Attach_B_Payee_Data_Record_Form.pdf,pdfix-unable-to-open
courts/default/documents/TCAS-SAPC-2016-01-ML-Non-Cost-Proposal-Scores.pdf,pdfix-unable-to-open
courts/default/documents/ccmsrfp-add5_0.pdf,pdfix-unable-to-open
courts/default/documents/CFCC-201103-RB-Attachment-3-Acceptance-of-Terms-and-Conditions.pdf,pdfix-unable-to-open
courts/default/documents/ASU-EG-020-Attachment-1-Admin-Rules-Non-IT-Services.pdf,pdfix-unable-to-open
courts/default/documents/CRS-PD-086-Intent-to-Award-EAC_March-2015.pdf,pdfix-unable-to-open
courts/default/documents/CJER-05-13-RB-Intent-To-Award.pdf,pdfix-unable-to-open
courts/default/documents/CRS-SP-119-Attachment-4-Darfur-Contracting-ACT.pdf,pdfix-unable-to-open
courts/default/documents/planrevsanbern-rfp-attachd.pdf,pdfix-unable-to-open
courts/default/documents/IT-OPD-18-043-RB-Attachment-4-General-Certifications.pdf,pdfix-unable-to-open
courts/default/documents/RFP-FS-2020-06-DF-Attach-E-Darfur-Cert.pdf,pdfix-unable-to-open
courts/default/documents/CRS-SP-239-Attachment-1-Admin-Rules-Non-IT-Services.pdf,pdfix-unable-to-open
courts/default/documents/IFB-ISD-1272018-AA-Intent-to-Award.pdf,pdfix-unable-to-open
courts/default/documents/RFP-REFM-SC-AV-Streaming-2016-61-JP-Photo-3-LA-Courtroom-3rd-Floor.pdf,pdfix-unable-to-open
courts/default/documents/RFP-FS-SP-2019-03-JP-Attachment-6-Contract-Sample.pdf,pdfix-unable-to-open
courts/default/documents/precon-porterville-rfq.pdf,pdfix-unable-to-open
courts/default/documents/CRS-AK-402-Attachment-1-Admin-Rules-Non-IT-Services.pdf,pdfix-unable-to-open
courts/default/documents/preconstsvc-rfp-attachc.pdf,pdfix-unable-to-open
courts/default/documents/RFP-FS-2021-18-AL-Attach-04-General-Certs.pdf,pdfix-unable-to-open
courts/default/documents/RFP-REFM-2016-26-SM-Attach-9-Internal-Background-Check-Policy.pdf,pdfix-unable-to-open
courts/default/documents/CFCC-13-10-RB-CFCC-13-10-RB-Marin-Dependency-Representation-RFP.pdf,pdfix-unable-to-open
courts/default/documents/CRS-PD-183-Intent-to-Award-PAOEAC-Feb-2017.pdf,pdfix-unable-to-open
courts/default/documents/TCAS-2022-01-MS-Telephone-Appearance-Services-Addendum-to-Questions-and-Answers.pdf,pdfix-unable-to-open
courts/default/documents/cscollsvcs-rfp-vend.pdf,pdfix-unable-to-open
courts/default/documents/IT-2022-44-DM-Attachment-3-Payee-Data-Record.pdf,pdfix-unable-to-open
courts/default/documents/confplansvcs-rfp-attb.pdf,pdfix-unable-to-open
courts/default/documents/sejuvdepct-qdata-rfp-list_0.pdf,pdfix-unable-to-open
courts/default/documents/ergoeval-rfp-add1.pdf,pdfix-unable-to-open
courts/default/documents/precon-rfq-rfp-attb.pdf,pdfix-unable-to-open
courts/default/documents/CFCC-2017-10-ML-Attachment-6-Payee-Data-Record-Form.pdf,pdfix-unable-to-open
courts/default/documents/preconstruct-risk-woodland-rfp-attacha.pdf,pdfix-unable-to-open
courts/default/documents/eaf_grant_rules_0.pdf,pdfix-unable-to-open
courts/default/documents/REFM-2016-02-JT-RFP-document.pdf,pdfix-unable-to-open
courts/default/documents/CRS-EG-374-Attachment-1-Admin-Rules-Non-IT-Services.pdf,pdfix-unable-to-open
courts/default/documents/phoenix-rfp-section5_0.pdf,pdfix-unable-to-open
courts/default/documents/CRS-PD-229-Attachment-3-Vendors-Acceptance-of-the-RFPs-Contract-Terms-ajai18.pdf,pdfix-unable-to-open
courts/default/documents/RFP-FS-2021-17-AL-Attach-07-Iran-Contracting-Act.pdf,pdfix-unable-to-open
courts/default/documents/CRS-PD-147-Attachment-4-Darfur-Certification-Form-NJO.pdf,pdfix-unable-to-open
courts/default/documents/docmanage-capture-rfi-attach1.pdf,pdfix-unable-to-open
courts/default/documents/CRS-PD-341-Attachment-1-Admin-Rules-Non-IT-Services_jc21.pdf,pdfix-unable-to-open
courts/default/documents/CRS-SP-140-Attachment-RFP-Hotel-FULL-SERVICE.pdf,pdfix-unable-to-open
courts/default/documents/RFP-IT-2022-38A-DM-Off-Site-Data-Storage.pdf,pdfix-unable-to-open
courts/default/documents/CFCC-18-49-RB-RFP-Attach-1-Admin-Rules.pdf,pdfix-unable-to-open
courts/default/documents/statebasedcs-rfp-att3_0.pdf,pdfix-unable-to-open
courts/default/documents/qamtccpor-rfp.pdf,pdfix-unable-to-open
courts/default/documents/RFP-FS-2023-20-KO-NoticeOfIntentToAward.pdf,pdfix-unable-to-open
courts/default/documents/IT-2018-06-LB-California-Courts-Digital-Public-Opening.pdf,pdfix-unable-to-open
courts/default/documents/RFPFS202205MB-Phase-II_Environmental_Site_Assessment.pdf,pdfix-unable-to-open
courts/default/documents/bpr-rfp-att_g_vdr-std204.pdf,pdfix-unable-to-open
courts/default/documents/CRS-SP-131-Attachment-3-Vendors-Acceptance-of-the-RFPs-Contract-Terms.pdf,pdfix-unable-to-open
courts/default/documents/phoenix-rfp-section1.pdf,pdfix-unable-to-open
courts/default/documents/CRS-PD-228-Attachment-6-Conflict-of-Interest-Certification-form.pdf,pdfix-unable-to-open
courts/default/documents/RFP-FS-2022-09-XC-Attachment-E-STD-Agreement-Addendum01.pdf,pdfix-unable-to-open
courts/default/documents/thirdpartyclaims-rfp_0.pdf,pdfix-unable-to-open
courts/default/documents/CRS-EG-062-Attachment-1-Admin-Rules-Non-IT-Services.pdf,pdfix-unable-to-open
courts/default/documents/RFP-FS-2021-14-AL-NoticeOfShortlistForInterviews.pdf,pdfix-unable-to-open
courts/default/documents/disasteratta_0.pdf,pdfix-unable-to-open
courts/default/documents/CRS-EG-201-Attachment-2-JCC-Hotel-Agreement-Template.pdf,pdfix-unable-to-open
courts/default/documents/aocjobacc-rfp.pdf,pdfix-unable-to-open
courts/default/documents/parking-rfp-vendata_0.pdf,pdfix-unable-to-open
courts/default/documents/CRS-SP-338-Attachment-1-Admin-Rules-Non-IT-Services.pdf,pdfix-unable-to-open
courts/default/documents/ASU-TD-005-NN-Attachment-6-Form-for-Submission-of-Price-Proposal.pdf,pdfix-unable-to-open
courts/default/documents/3DCA212202_attachment10-DVBE-Bidder-Declaration-with-instructions-1.pdf,pdfix-unable-to-open
courts/default/documents/constrantct-rfp_add2.pdf,pdfix-unable-to-open
courts/default/documents/CRS-PD-209-Attachment-4-Darfur-Contracting-ACT-Labor-Relations-SRO-2017.pdf,pdfix-unable-to-open
courts/default/documents/wcm-rfp-att4.pdf,pdfix-unable-to-open
courts/default/documents/building-commish-rfp-intent.pdf,pdfix-unable-to-open
courts/default/documents/4-2-13-14-07-LM-Attachment-2-Court-Standard-Terms---Conditions.pdf,pdfix-unable-to-open
courts/default/documents/workcomptpa-rfp-qa.pdf,pdfix-unable-to-open
courts/default/documents/IFB-JCC-040618-WV-Attachment-9-building-move-policy.pdf,pdfix-unable-to-open
courts/default/documents/CJER92013-LV-ATTACHMENT-4-Vendor-Payee-Data-Record.pdf,pdfix-unable-to-open
courts/default/documents/4DCA-12-13-01-CK-Building-Site-Walk.pdf,pdfix-unable-to-open
courts/default/documents/RFP-FS-2021-12-AL-RFP-FINAL-rev-20210916.pdf,pdfix-unable-to-open
courts/default/documents/juvdepwebgd-rfp-intent_0.pdf,pdfix-unable-to-open
courts/default/documents/CRS-EG-275-Attachment-1-Admin-Rules-Non-IT-Services.pdf,pdfix-unable-to-open
courts/default/documents/CRS-SP-071-Attachment-RFP-Hotel-FULL-SERVICE.pdf,pdfix-unable-to-open
courts/default/documents/IT-OPD-18-043-RB-Attachment-2-Standard-Agreement.pdf,pdfix-unable-to-open
courts/default/documents/CRS-SP-400-Attachment-1-Admin-Rules-Non-IT-Services.pdf,pdfix-unable-to-open
courts/default/documents/CRS-PD0322-Attachement-2-JCC-Hotel-Agreement-Template-ab105820.pdf,pdfix-unable-to-open
courts/default/documents/CFCC-2021-107RB-Attach-9-Darfur.pdf,pdfix-unable-to-open
courts/default/documents/CRS-SP-197-Attachment-RFP-Hotel-FS-MULTIPLE-AWARDS.pdf,pdfix-unable-to-open
courts/default/documents/assessjurorutil-rfp-att1.pdf,pdfix-unable-to-open
courts/default/documents/RFPFS202211MB-Attach-12-Unruh-Certification.pdf,pdfix-unable-to-open
courts/default/documents/CRSEG186-Attachment-2-JCC-Hotel-Agreement-Template.pdf,pdfix-unable-to-open
courts/default/documents/CRS-SP-360-RFP-Cancellation.pdf,pdfix-unable-to-open
courts/default/documents/preconstsvc-rfp-attachf-rev2_1.pdf,pdfix-unable-to-open
courts/default/documents/precon-porterville-rfq-attachc.pdf,pdfix-unable-to-open
courts/default/documents/lc-20210902-agenda.pdf,pdfix-unable-to-open
courts/default/documents/ecm_add_1_rfp_isd2006ecm-ss_enterprise_content_management_0.pdf,pdfix-unable-to-open
courts/default/documents/BAP-2023-19-SB-Attachment-6A-STD204.pdf,pdfix-unable-to-open
courts/default/documents/CRS-PD-208-Attachment-3-Vendors-Acceptance-of-the-RFPs-Contract-Terms-Labor-Relations-Full-2017.pdf,pdfix-unable-to-open
courts/default/documents/cletsmms-rfp-add1.pdf,pdfix-unable-to-open
courts/default/documents/adda2_0.pdf,pdfix-unable-to-open
courts/default/documents/SAPC_2013-01-JMG-Payee-Data-Record-Form.pdf,pdfix-unable-to-open
courts/default/documents/tcweb-implement-rfp-attach1.pdf,pdfix-unable-to-open
courts/default/documents/CRS-PD-170-Attachment-2-JCC-Hotel-Agreement-NJO.pdf,pdfix-unable-to-open
courts/default/documents/3dcarfp201203_NoticeofIntenttoAward.pdf,pdfix-unable-to-open
courts/default/documents/LSO-09-13-LM-_RFP.pdf,pdfix-unable-to-open
courts/default/documents/CRS-SP-051-Attachment-2-AOC-Hotel-Agreement-Template.pdf,pdfix-unable-to-open
courts/default/documents/nativeamerican-justice2-rfp-attach4_0.pdf,pdfix-unable-to-open
courts/default/documents/CRS-EG-313-Intent-to-Award.pdf,pdfix-unable-to-open
courts/default/documents/cbsfcdcs-rfp-attach4_0.pdf,pdfix-unable-to-open
courts/default/documents/evaljuryservideo-rfp-dvbe_0.pdf,pdfix-unable-to-open
courts/default/documents/mamlakes-rfp-attf_0.pdf,pdfix-unable-to-open
courts/default/documents/CRS-PD-102-Attachment-6-Conflict-of-Interest-Certification-form.pdf,pdfix-unable-to-open
courts/default/documents/tcassrfp.pdf,pdfix-unable-to-open
courts/default/documents/RFP-IT-2023-46-DM-ADDENDUM-1.pdf,pdfix-unable-to-open
courts/default/documents/prequalcontract-attach-c-foltz-elevator-rfq.pdf,pdfix-unable-to-open
courts/default/documents/CFCC-012414-ACDR-CF-attachment-6-Darfur-Certifiction.pdf,pdfix-unable-to-open
courts/default/documents/CRS-SP-253-Attachment-6-Conflict-of-Interest-Certification-form.pdf,pdfix-unable-to-open
courts/default/documents/RFPFS202211MB-Attach-11-Iran-Contracting.pdf,pdfix-unable-to-open
courts/default/documents/tempserv-rfp-intent.pdf,pdfix-unable-to-open
courts/default/documents/IT-2018-42-RB-Attachment-2-Standard-Agreement.pdf,pdfix-unable-to-open
courts/default/documents/CRS-EG-250-Attachment-2-JCC-Hotel-Agreement-Template.pdf,pdfix-unable-to-open
courts/default/documents/RFP-RealEstateReloConsultantScvs-attachb.pdf,pdfix-unable-to-open
courts/default/documents/IFB-BAP-06062017-RB-Attachment-3-terms-and-conditions.pdf,pdfix-unable-to-open
courts/default/documents/HR-LV-112015-RFP-ERGONOMIC-ASSESSMENT-SERVICES.pdf,pdfix-unable-to-open
courts/default/documents/CRS-SP-225-Attachment-3-Vendors-Acceptance-of-the-RFPs-Contract-Terms.pdf,pdfix-unable-to-open
courts/default/documents/CRS-SP-431-Attachment-2-JCC-Hotel-Agreement-Template.pdf,pdfix-unable-to-open
courts/default/documents/CRS-SP-084-Juvenile-Law-Q-and-A.pdf,pdfix-unable-to-open
courts/default/documents/REFM-2016-14-RP-2-Attachment-4.pdf,pdfix-unable-to-open
courts/default/documents/CRS-SP-352-Attachment-6-Conflict-of-Interest-Certification-form.pdf,pdfix-unable-to-open
courts/default/documents/IT-2021-94RB-RFP-Attach-2-Std-Agmt-Revised.pdf,pdfix-unable-to-open
courts/default/documents/CRS-EG-342-Intent-to-Award.pdf,pdfix-unable-to-open
courts/default/documents/RFP-IT-2021-80RB-Attachment-2-Agreement-Terms-and-Conditions.pdf,pdfix-unable-to-open
courts/default/documents/phoenix-rfp--resp-rev2_0.pdf,pdfix-unable-to-open
courts/default/documents/IT-DMS-2016-01-MDS-Appendix-B4-future-implementation.pdf,pdfix-unable-to-open
courts/default/documents/RFP-FS-2021-25-AL-NoticeOfIntentToAward.pdf,pdfix-unable-to-open
courts/default/documents/HRDRM-17-05-RBB-Attachment-9-DVBE-Bidder-Declaration.pdf,pdfix-unable-to-open
courts/default/documents/planrevsanbern-rfp-shortlist_addendum2.pdf,pdfix-unable-to-open
courts/default/documents/aersforscbrfp-mariposa.pdf,pdfix-unable-to-open
courts/default/documents/CRS-EG-292-Attachment-1-Admin-Rules-Non-IT-Services.pdf,pdfix-unable-to-open
courts/default/documents/RFP-FS-2023-05-XC-Attach-5-Darfur-Certification.pdf,pdfix-unable-to-open
courts/default/documents/TCAS-2020-08-LB-Technical-Score-Posting-Cost-Opening-Notice.pdf,pdfix-unable-to-open
courts/default/documents/CFCC-22-124RB-Attach-7-Darfur.pdf,pdfix-unable-to-open
courts/default/documents/CRS-EG-169-Attachment-3-Vendors-Acceptance-of-the-RFPs-Contract-Terms-PAOEAC-June-2016.pdf,pdfix-unable-to-open
courts/default/documents/RFP-FS-2022-10-XC-Attach-11-Iran-Contracting.pdf,pdfix-unable-to-open
courts/default/documents/ecm-rfp-appk_0.pdf,pdfix-unable-to-open
courts/default/documents/ens-rfp-payeedatarecord-20090601.pdf,pdfix-unable-to-open
courts/default/documents/IFB-ISD-080112-II-CCPOR-Deployment-II-Specifications-and-Quantities.pdf,pdfix-unable-to-open
courts/default/documents/cseaocform002-01.pdf,pdfix-unable-to-open
courts/default/documents/RFP-FS-2022-10-XC-Attach-8A-Payee-Data-Record-Form.pdf,pdfix-unable-to-open
courts/default/documents/JBCP-2016-06-CP-Questions-and-Answers.pdf,pdfix-unable-to-open
courts/default/documents/Questions-and-AnswersTCPJAC.pdf,pdfix-unable-to-open
courts/default/documents/phoenix-rfp-resp-rev4_v4_0.pdf,pdfix-unable-to-open
courts/default/documents/JBCP-2016-07-CP-NoticeOfIntentToAward.pdf,pdfix-unable-to-open
courts/default/documents/CRS-PD-111-RFP-Hotel-FULL-SERVICE.pdf,pdfix-unable-to-open
courts/default/documents/CFCC-18-49-RB-Answers-to-Questions.pdf,pdfix-unable-to-open
courts/default/documents/flrgp-qna.pdf,pdfix-unable-to-open
courts/default/documents/CRS-EG-235-Intent-to-Award.pdf,pdfix-unable-to-open
courts/default/documents/CRS-PD-316-Attachment-3-Vendors-Acceptance-of-the-RFPs-Contract-Terms-pjceo20.pdf,pdfix-unable-to-open
courts/default/documents/CRS-SP-206-Attachment-1-Admin-Rules-Non-IT-Services.pdf,pdfix-unable-to-open
courts/default/documents/FS-2019-09-BD-Attachment-3-to-JCC-Standard-Terms-and-Conditions-Audio-Visual-Inventory-List.pdf,pdfix-unable-to-open
courts/default/documents/publish-rfp-att3_0.pdf,pdfix-unable-to-open
courts/default/documents/statewide-armoredcar-rfp-add1.pdf,pdfix-unable-to-open
courts/default/documents/ASU-TD-022-Attachment-6-Form-for-Submission-of-Cost-Proposal-ROOM-BLOCK-ONLY.pdf,pdfix-unable-to-open
courts/default/documents/TCAS-2017-03-JU-Addendum-1.pdf,pdfix-unable-to-open
courts/default/documents/CJER-030614-OSCSF-CF-Attachment-3-Acceptance.pdf,pdfix-unable-to-open
courts/default/documents/jsierfp_0.pdf,pdfix-unable-to-open
courts/default/documents/ASU-AU-006-LM-Attachment-5-Submission-Form-for-Technical-Proposal.pdf,pdfix-unable-to-open
courts/default/documents/RFP-FS-2023-14-MY-Attachment-8B-Payee-Data-Record-Supplement.pdf,pdfix-unable-to-open
courts/default/documents/RFPFS202301MB-Attach-6-DIR-PWCR-Statement_0.pdf,pdfix-unable-to-open
courts/default/documents/CRSAU215-Q-and-A.pdf,pdfix-unable-to-open
courts/default/documents/CRS-TD-034-Attachment-6-Form-for-Submission-of-Cost-Proposal-ROOM-BLOCK-ONLY.pdf,pdfix-unable-to-open
courts/default/documents/IFB-HR-020712-LV-Multiple-Online-Employment-Posting-Services.pdf,pdfix-unable-to-open
courts/default/documents/CRS-EG061-Attachment-1-Admin-Rules-Non-IT-Services.pdf,pdfix-unable-to-open
courts/default/documents/phoenix-rfp-courses_0.pdf,pdfix-unable-to-open
courts/default/documents/preconstruct-risk-lakeport-rfp-attachd.pdf,pdfix-unable-to-open
courts/default/documents/OCCM-2012-02-BR-Red-Bluff-QnA_Addendum-2.pdf,pdfix-unable-to-open
courts/default/documents/CRS-PD-097-Attachment-3-Vendors-Acceptance-of-the-RFPs-Contract-Terms.pdf,pdfix-unable-to-open
courts/default/documents/CFCC-2023-57-DM-Attachment-5B-Std205.pdf,pdfix-unable-to-open
courts/default/documents/RFP-FS-2023-13-MY-RFP-Attachments-A-Admin-Rules-Attachment-B-Map-ADDENDUM-1.pdf,pdfix-unable-to-open
courts/default/documents/42-RFP-13-14-06_Mechanical-HVAC_Attachment-5_Darfur-Certification.pdf,pdfix-unable-to-open
courts/default/documents/preconstsvc-rfp-attachf-rev.pdf,pdfix-unable-to-open
courts/default/documents/cbsfcdcs-rfp-attach2b_0.pdf,pdfix-unable-to-open
courts/default/documents/preconstsvc-rfp-add4qna.pdf,pdfix-unable-to-open
courts/default/documents/fireprot-rfp-intent.pdf,pdfix-unable-to-open
courts/default/documents/plumas-sierra-rfp-atte.pdf,pdfix-unable-to-open
courts/default/documents/gcfmti-rfp_0.pdf,pdfix-unable-to-open
courts/default/documents/plumas-sierra-rfp-attf_0.pdf,pdfix-unable-to-open
courts/default/documents/perfrel-rfp-qa_0.pdf,pdfix-unable-to-open
courts/default/documents/RFP-FS-2023-12-MB-Attachment-C-IDIQ-Consulting-Services-Master-Agreement-Sample-Document.pdf,pdfix-unable-to-open
courts/default/documents/CRS-PD-190-Attachment-RFP-Hotel-ROOM-BLOCK-CRS-PD-190.pdf,pdfix-unable-to-open
courts/default/documents/familyfunding-toolkit-rfp-intent.pdf,pdfix-unable-to-open
courts/default/documents/swsecscreen-rfp-attf.pdf,pdfix-unable-to-open
courts/default/documents/CRS-SP-051-Attachment-7-Conflict-of-Interest-Certification-form.pdf,pdfix-unable-to-open
courts/default/documents/insreq_0.pdf,pdfix-unable-to-open
courts/default/documents/RFP-FS-2023-10-MB-Notice-Of-Shortlist-For-Interviews.pdf,pdfix-unable-to-open
courts/default/documents/CRS-EG-079-Intent-to-Award.pdf,pdfix-unable-to-open
courts/default/documents/CFCC-2021-26-CD-Attachment-7-UNRUH-CERTIFICATION.pdf,pdfix-unable-to-open
courts/default/documents/costestimating-rfp-attachb.pdf,pdfix-unable-to-open
courts/default/documents/CFCC-12-13-LM-Attachment-1-Administrative-Rules-Governing-RFPs.pdf,pdfix-unable-to-open
courts/default/documents/CRS-SP-047-Attachment-5-Form-for-Submission-of-Technical-Proposal.pdf,pdfix-unable-to-open
courts/default/documents/JBCP-2015-06-BR-Attachment-7.pdf,pdfix-unable-to-open
courts/default/documents/RFQFS202205MB-Attach-7-Conflict-of-Interest-Policy_0.pdf,pdfix-unable-to-open
courts/default/documents/TCAS-2022-04-AJ-Office-Supply-RFP.pdf,pdfix-unable-to-open
courts/default/documents/CRS-SP-059-Attachment-4-Darfur-Contracting-ACT.pdf,pdfix-unable-to-open
courts/default/documents/IFB-AS-043015-RB-Attachment-8-Payee-Data-Record-204a.pdf,pdfix-unable-to-open
courts/default/documents/plainengrfp-d_0.pdf,pdfix-unable-to-open
courts/default/documents/pmhac-20231102-noticeagenda.pdf,pdfix-unable-to-open
courts/default/documents/precon-rfp-atte.pdf,pdfix-unable-to-open
courts/default/documents/LSS-2019-18-CD-Attachment-6-PayeeDataRecord204b.pdf,pdfix-unable-to-open
courts/default/documents/wcm-rfp-att4_0.pdf,pdfix-unable-to-open
courts/default/documents/sgefsaddendum2_0.pdf,pdfix-unable-to-open
courts/default/documents/RFQ-P-FSO-2018-11-JMG-Attach-6-Mitigation-Monitoring-Plan.pdf,pdfix-unable-to-open
courts/default/documents/CRS-EG-386-Attachment-1-Admin-Rules-Non-IT-Services.pdf,pdfix-unable-to-open
courts/default/documents/sasvssmp-rfp.pdf,pdfix-unable-to-open
courts/default/documents/RFP-FS-2023-20-KO-IDIQ-QNA.pdf,pdfix-unable-to-open
courts/default/documents/RFPFS202125AL-Attach-9b-STD205-Payee-Supplement.pdf,pdfix-unable-to-open
courts/default/documents/HRDRM-17-05-RBB-Attachment-2-Standard-Provisions.pdf,pdfix-unable-to-open
courts/default/documents/CRS-AU-075-Attachment-2-AOC-Hotel-Agreement-AB-1058.pdf,pdfix-unable-to-open
courts/default/documents/riverside-rfq-topo-sign.pdf,pdfix-unable-to-open
courts/default/documents/OREFM-2012-04-CC-Attachment-E-Submission-of-Questions.pdf,pdfix-unable-to-open
courts/default/documents/scampi-ind-rfp-attach1.pdf,pdfix-unable-to-open
courts/default/documents/HRS-03-13-SS-Attachment-3-Accept-Master-Agreement-Terms.pdf,pdfix-unable-to-open
courts/default/documents/IT-OPD-18-47-RB-Request-For-Proposal.pdf,pdfix-unable-to-open
courts/default/documents/IT-DMS-2016-01-MDS-Section-VII-proposal-format.pdf,pdfix-unable-to-open
courts/default/documents/ASU-AU-009-RB-Attachment-6-Price-Proposal-ROOM-BLOCK-ONLY.pdf,pdfix-unable-to-open
courts/default/documents/OREFM-2012-04-CC-Addendum-2-Respons-to-Questions.pdf,pdfix-unable-to-open
courts/default/documents/CRS-SP-109-Attachment-3-Vendors-Acceptance-of-the-RFPs-Contract-Terms-no-change.pdf,pdfix-unable-to-open
courts/default/documents/CRS-SP-419-Attachment-2-Hotel-Agreement-Template.pdf,pdfix-unable-to-open
courts/default/documents/enttestmgmt-rfp-att6.pdf,pdfix-unable-to-open
courts/default/documents/3DCA-RFO-17-18-07-Attachment-4-State-of-California-Participating-Addendum-7-15-70-27.pdf,pdfix-unable-to-open
courts/default/documents/confaudio-rfp-intent_0.pdf,pdfix-unable-to-open
courts/default/documents/TCAS-2022-02-MS-Attachment-6-Payee-Data-Record.pdf,pdfix-unable-to-open
courts/default/documents/ccms-transitionv3-rfp-attach3.pdf,pdfix-unable-to-open
courts/default/documents/3DCA212202_attachment3_ProposersAcceptanceofTermsandConditions.pdf,pdfix-unable-to-open
courts/default/documents/CRS-EG-198-Attachment-2-JCC-Hotel-Agreement-Template.pdf,pdfix-unable-to-open
courts/default/documents/RFP-FS-2021-18-AL-Attach-08-DVBE-Bidder-Cert.pdf,pdfix-unable-to-open
courts/default/documents/constrantct-rfp_attd_0.pdf,pdfix-unable-to-open
courts/default/documents/RFP-ISD-06192012-SLO_Attachment-3_Proposers-Acceptance-of-Terms-and-Conditions.pdf,pdfix-unable-to-open
courts/default/documents/talentag-rfp-qna_0.pdf,pdfix-unable-to-open
courts/default/documents/costest-rfp-add2_0.pdf,pdfix-unable-to-open
courts/default/documents/IT-2019-61-RB-Unruh.pdf,pdfix-unable-to-open
courts/default/documents/RFP-FS-SP-2020-16-JP-Attachment-9-Hazardous-Materials-Management.pdf,pdfix-unable-to-open
courts/default/documents/dm-rfp-att4_0.pdf,pdfix-unable-to-open
courts/default/documents/hollister-rfq-add8.pdf,pdfix-unable-to-open
courts/default/documents/Attachment-I.A-RFP-FS-2021-07-BD-Payee-Data-Record_std204.pd.pdf,pdfix-unable-to-open
courts/default/documents/BAP-22-125RB-Attach-2-Master-Agreement.pdf,pdfix-unable-to-open
courts/default/documents/3dcarfp201401_AdvancedMediationTraining.pdf,pdfix-unable-to-open
courts/default/documents/CRS-AK-382-Attachment-4-Darfur-Contracting-ACT.pdf,pdfix-unable-to-open
courts/default/documents/RFP-FS-SP-2019-03-JP-Attachment-4-FPMs.pdf,pdfix-unable-to-open
courts/default/documents/3DCA212202_RequestforProposals.pdf,pdfix-unable-to-open
courts/default/documents/aesmcp-rfq-sl.pdf,pdfix-unable-to-open
courts/default/documents/Answers-to-Submitted-Questions-RFP-FS-2021-25-AL.pdf,pdfix-unable-to-open
courts/default/documents/IT-OPD-18-043-RB-Attachment-5-Small-Business.pdf,pdfix-unable-to-open
courts/default/documents/CSSEG122-Intent-to-Award.pdf,pdfix-unable-to-open
courts/default/documents/sejuvdepct-qdata-rfp-att1.pdf,pdfix-unable-to-open
courts/default/documents/Answers-to-Submitted-Questions-RFP-FS-2021-04-MB.pdf,pdfix-unable-to-open
courts/default/documents/CRS-EG-108-RFP-Hotel-ROOM-BLOCK.pdf,pdfix-unable-to-open
courts/default/documents/RFQFS202126AL-RFQ-Attach-7.pdf,pdfix-unable-to-open
courts/default/documents/CRS-PD-291-Intent-to-Award-ab105819.pdf,pdfix-unable-to-open
courts/default/documents/evaljustcorps-rfp-att1_0.pdf,pdfix-unable-to-open
courts/default/documents/crs-sp-057-Attachment-4-Darfur-Contracting-ACT.pdf,pdfix-unable-to-open
courts/default/documents/OREFM-2012-04-CC-RFQ-RFP-Environmental-Consultants.pdf,pdfix-unable-to-open
courts/default/documents/RFP-IT-2021-80RB-Attachment-10-Bidder-Declaration.pdf,pdfix-unable-to-open
courts/default/documents/CPAS-201101-RB-Attachment-7-Reference-Form.pdf,pdfix-unable-to-open
courts/default/documents/FSO-2018-4-JR-Participant-Attendence.pdf,pdfix-unable-to-open
courts/default/documents/scjuvdeprep-rfp-appc.pdf,pdfix-unable-to-open
courts/default/documents/RFPFS202125AL-Attach-15-Cultural-Preservation-Agreement.pdf,pdfix-unable-to-open
courts/default/documents/riverside-reconstruct-rfq-intent.pdf,pdfix-unable-to-open
courts/default/documents/CPAS-201101-RB-Addendum-2.pdf,pdfix-unable-to-open
courts/default/documents/CRS-SP-196-Attachment-3-Vendors-Acceptance-of-the-RFPs-Contract-Terms.pdf,pdfix-unable-to-open
courts/default/documents/RFP-SC-91323-MS-Attachment-6A-STD-204-Payee-Data-Record.pdf,pdfix-unable-to-open
courts/default/documents/photoserv-rfq-intent-jcmeet.pdf,pdfix-unable-to-open
courts/default/documents/RFQFS202126AL-RFQ-Attach-6.pdf,pdfix-unable-to-open
courts/default/documents/CRS-PD-326-Attachment-4-Darfur-Contracting-ACT-paodvcoct20.pdf,pdfix-unable-to-open
courts/default/documents/CRS-PD-123-Attachment-1-Admin-Rules.pdf,pdfix-unable-to-open
courts/default/documents/juvdepsdrfp-qa_0.pdf,pdfix-unable-to-open
courts/default/documents/CPAS-201101-RB-Addendum-3.pdf,pdfix-unable-to-open
courts/default/documents/CRS-SP-193-Attachment-3-Vendors-Acceptance-of-the-RFPs-Contract-Terms.pdf,pdfix-unable-to-open
courts/default/documents/RFP-FS-2021-04-MB-Notice-to-Intent-to-Award.pdf,pdfix-unable-to-open
courts/default/documents/CFCC-2016-08-LV-QUESTIONS-AND-ANSWERS.pdf,pdfix-unable-to-open
courts/default/documents/CFCC-2018-09-CD-Q-A.pdf,pdfix-unable-to-open
courts/default/documents/scjuvdeprep-rfp-appb.pdf,pdfix-unable-to-open
courts/default/documents/nativeamerican-justice2-rfp-QA.pdf,pdfix-unable-to-open
courts/default/documents/ISD2016-01-RB-COST-PUBLIC-OPENING.pdf,pdfix-unable-to-open
courts/default/documents/CFCC-2016-11-RBB-Attachment-5-Darfur.pdf,pdfix-unable-to-open
courts/default/documents/CRS-SP-184-Attachment-2-JCC-Hotel-Agreement.pdf,pdfix-unable-to-open
courts/default/documents/AS-2022-37-DM-Attachment-1-Administrative-Rules.pdf,pdfix-unable-to-open
courts/default/documents/FS-2017-02-BD-Attachment-3-RMAR-Form.pdf,pdfix-unable-to-open
courts/default/documents/CRS-SP-193-Attachment-2-JCC-Hotel-Agreement.pdf,pdfix-unable-to-open
courts/default/documents/CRS-SP-389-Attachment-4-Darfur-Contracting-ACT.pdf,pdfix-unable-to-open
courts/default/documents/JBCP-2016-02-BR-Short-List-Announcement_Mid-County-Civil.pdf,pdfix-unable-to-open
courts/default/documents/CFCC-2019-10-LB-Questions-Answers.pdf,pdfix-unable-to-open
courts/default/documents/envconsultsvcs-rfp-listpart_0.pdf,pdfix-unable-to-open
courts/default/documents/CRS-SP049-Attachment-1-Admin-Rules-Non-IT-Services.pdf,pdfix-unable-to-open
courts/default/documents/ASU-TD-012-LM-RFP.pdf,pdfix-unable-to-open
courts/default/documents/CRS-SP-270-Attachment-4-Darfur-Contracting-ACT.pdf,pdfix-unable-to-open
courts/default/documents/project-schedule-rev0616.pdf,pdfix-unable-to-open
courts/default/documents/CFCC-2016-13-RBB-RFP-SISKIYOU-CANCELLATION.pdf,pdfix-unable-to-open
courts/default/documents/CRS-EG-300-Attachment-2-JCC-Hotel-Agreement-Template.pdf,pdfix-unable-to-open
courts/default/documents/cfccwebdev-rfp-add1_0.pdf,pdfix-unable-to-open
courts/default/documents/BAP-2023-19-SB-Attachment-1-Administrative-Rules-Governing.pdf,pdfix-unable-to-open
courts/default/documents/RFP-CFCC-2023-26-LV-Attachment-6A-STD205-Payee-Data-Record-Supplement.pdf,pdfix-unable-to-open
courts/default/documents/eaf_grant_recip_0.pdf,pdfix-unable-to-open
courts/default/documents/CRS-SO060-Intent-to-Award.pdf,pdfix-unable-to-open
courts/default/documents/sejuvdepct-qdata-rfp-att2e_0.pdf,pdfix-unable-to-open
courts/default/documents/JBCP-2016-03-JT-Exhibit-L.pdf,pdfix-unable-to-open
courts/default/documents/FS-2019-04-LB-PUBLIC-COST-OPENING-NOTICE.pdf,pdfix-unable-to-open
courts/default/documents/ccms-transitionv3-rfp-attach2.pdf,pdfix-unable-to-open
courts/default/documents/COSSO-02-14-LM-questions-answers.pdf,pdfix-unable-to-open
courts/default/documents/creldabuseneeds-rfp-add1.pdf,pdfix-unable-to-open
courts/default/documents/REFM-2016-14-RP-2-Attachment-1-Revision1.pdf,pdfix-unable-to-open
courts/default/documents/CJER-201601-1-JR-NOTICE-OF-INTENT-TO-AWARD.pdf,pdfix-unable-to-open
courts/default/documents/CRS-SP-293-RFP-Hotel-ROOM-BLOCK.pdf,pdfix-unable-to-open
courts/default/documents/IT-2018-05-LB-QA-IT-Website-User-Testing.pdf,pdfix-unable-to-open
courts/default/documents/CRS-SP-121-Attachment-RFP-Hotel-ROOM-BLOCK.pdf,pdfix-unable-to-open
courts/default/documents/JBCP-REFM-AV-2016-12-JP-Questions-and-Answers.pdf,pdfix-unable-to-open
courts/default/documents/CRS-PD-138-JCC-Hotel-Agreement.pdf,pdfix-unable-to-open
courts/default/documents/enttestmgmt-rfp-att7.pdf,pdfix-unable-to-open
courts/default/documents/phoenix-rfp-resp-rev3_0.pdf,pdfix-unable-to-open
courts/default/documents/tempstaff-rfp-attc_0.pdf,pdfix-unable-to-open
courts/default/documents/CRS-PD-312-Attachment-3-Vendors-Acceptance-of-the-RFPs-Contract-Terms_dv20.pdf,pdfix-unable-to-open
courts/default/documents/rfp-bluerib-cancel_0.pdf,pdfix-unable-to-open
courts/default/documents/CRS-SP-070-Attachment-7-Conflict-of-Interest-Certification-form.pdf,pdfix-unable-to-open
courts/default/documents/IT-2023-58-DM-Attachment-8-UNRUH-AND-FEHA-CERTIFICATION.pdf,pdfix-unable-to-open
courts/default/documents/CFCC-2016-09-RBB-Attachment-4-General-Certification.pdf,pdfix-unable-to-open
courts/default/documents/RFP-FS-2021-02-BD-Attachment-K-Iran-Certification.pdf,pdfix-unable-to-open
courts/default/documents/FS-2018-14-RP-Answers-to-Questions.pdf,pdfix-unable-to-open
courts/default/documents/Intent-To-Award-Notice-EOP-201101-RB.pdf,pdfix-unable-to-open
courts/default/documents/CRS-SP-288-Notice-of-Cancelation.pdf,pdfix-unable-to-open
courts/default/documents/RFP-FS-2021-12-AL-Addendum01.pdf,pdfix-unable-to-open
courts/default/documents/CRS-SP-199-Attachment-6-Conflict-of-Interest-Certification-form.pdf,pdfix-unable-to-open
courts/default/documents/IT-2021-18-DM-QA.pdf,pdfix-unable-to-open
courts/default/documents/CRS-EG-353-Attachment-1-Admin-Rules-Non-IT-Services.pdf,pdfix-unable-to-open
courts/default/documents/CRS-PD-150-Attachment-2-JCC-Hotel-Agreement.pdf,pdfix-unable-to-open
courts/default/documents/RFP-ISD-06192012-SLO_San-Luis-Obispo-Case-Management-System-Replacement.pdf,pdfix-unable-to-open
courts/default/documents/disasterattach1_0.pdf,pdfix-unable-to-open
courts/default/documents/CRSSP056-Questions-and-Answers.pdf,pdfix-unable-to-open
courts/default/documents/IFB-ISD-032014-III-AA-IFB-CCPOR-Deployment-III-Scanners-and-Scanning-Software.pdf,pdfix-unable-to-open
courts/default/documents/IT-OPD-18-47-RB-Attachment-9-DVBE.pdf,pdfix-unable-to-open
courts/default/documents/RFP-FS-2022-09-XC-Addendum01.pdf,pdfix-unable-to-open
courts/default/documents/RFP-LSS-2023-07-On-Site-Catering-San-Francisco-Intent-To-Award.pdf,pdfix-unable-to-open
courts/default/documents/JBCP-2015-06-BR-Attachment-6.pdf,pdfix-unable-to-open
courts/default/documents/RFP-CFCC23-159RB-Attach-7B-Unruh.pdf,pdfix-unable-to-open
courts/default/documents/precon-rfp-attd.pdf,pdfix-unable-to-open
courts/default/documents/CFCC-012414-ACDR-CF-RFP.pdf,pdfix-unable-to-open
courts/default/documents/CRS-AU-037-Attachment-2-AOC-Hotel-Agreement.pdf,pdfix-unable-to-open
courts/default/documents/RFQ-FS-2021-26-AL-Answers-to-Submitted-Questions.pdf,pdfix-unable-to-open
courts/default/documents/jsiememo.pdf,pdfix-unable-to-open
courts/default/documents/CFCC-2017-13-LB-Attachment-6-PayeeDataRecord204b.pdf,pdfix-unable-to-open
courts/default/documents/RFP-HR-2021-29-DM-QA.pdf,pdfix-unable-to-open
courts/default/documents/Master-Schedule-DD20210531_0.pdf,pdfix-unable-to-open
courts/default/documents/CFCC-2023-17-SB-Notice-of-Intent-To-Award.pdf,pdfix-unable-to-open
courts/default/documents/RFP-REFM-2016-29-JP-Attachment-13-Bid-Set-Drawings-Addendum-1.pdf,pdfix-unable-to-open
courts/default/documents/CFCC-2021-11-LV-Attachment-2-Standard-Terms-and-Conditions.pdf,pdfix-unable-to-open
courts/default/documents/perfrel-rfp-attd.pdf,pdfix-unable-to-open
courts/default/documents/CRS-SP-165-Attachment-6-Conflict-of-Interest-Certification-form.pdf,pdfix-unable-to-open
courts/default/documents/phoenix-rfp-add3v3.pdf,pdfix-unable-to-open
courts/default/documents/ASU-EG-021-Attachment-6-Form-for-Submission-of-Cost-Proposal-ROOM-BLOCK-ONLY.pdf,pdfix-unable-to-open
courts/default/documents/RFP-FS-2021-07-BD-Mandatory-Virtual-Attendee-List.pdf,pdfix-unable-to-open
courts/default/documents/oracupg-1.pdf,pdfix-unable-to-open
courts/default/documents/FSO-2017-21-HN-Attach-10-Service-Area-Form.pdf,pdfix-unable-to-open
courts/default/documents/Attachment-IB-std205.pdf,pdfix-unable-to-open
courts/default/documents/TCAS-2022-04-AJ-Attachment-2-Standard-Terms-and-Conditions.pdf,pdfix-unable-to-open
courts/default/documents/juvdepsdrfp-qa.pdf,pdfix-unable-to-open
courts/default/documents/CRS-SP-184-Cancellation-Notice.pdf,pdfix-unable-to-open
courts/default/documents/preconstruct-risk-lakeport-rfp-attache.pdf,pdfix-unable-to-open
courts/default/documents/nativeamerican-justice2-rfp-attach4.pdf,pdfix-unable-to-open
courts/default/documents/shspanish.pdf,pdfix-unable-to-open
courts/default/documents/RFI-Juvenile-Dependency-Legal-Representation-CFCC-2020-04-TQ.pdf,pdfix-unable-to-open
courts/default/documents/plumas-sierra-rfp-attd.pdf,pdfix-unable-to-open
courts/default/documents/BAP24-166RB-Attach-2-Std-Agmt.pdf,pdfix-unable-to-open
courts/default/documents/EDU-10-12-LM-Attachment-2-Contract-Terms-and-Conditions.pdf,pdfix-unable-to-open
courts/default/documents/hrassess.pdf,pdfix-unable-to-open
courts/default/documents/CRS-SP-231-Attachment-4-Darfur-Contracting-ACT.pdf,pdfix-unable-to-open
courts/default/documents/precon-rfp-add4.pdf,pdfix-unable-to-open
courts/default/documents/vfm-rfp-intent.pdf,pdfix-unable-to-open
courts/default/documents/RFP-FS-2021-13-AL-Attach-7-Architect-Engineer-Qualifications.pdf,pdfix-unable-to-open
courts/default/documents/RFP-FS-2021-04-MB-Attachment-K-STD205-Payee-Data-Record-Supplement.pdf,pdfix-unable-to-open
courts/default/documents/constrantct-rfp_add2_0.pdf,pdfix-unable-to-open
courts/default/documents/enttestmgmt-rfp-add1.pdf,pdfix-unable-to-open
courts/default/documents/CRS-EG-061-Intent-to-Award.pdf,pdfix-unable-to-open
courts/default/documents/RFP-FS-2020-08-AL-Attachment-1-Rules-Gov.pdf,pdfix-unable-to-open
courts/default/documents/RFP-FS-SP-2019-03-JP-Attachment-12-Job-Descriptions.pdf,pdfix-unable-to-open
courts/default/documents/ACTFL-Guidlines-2012-Exhibit-2.pdf,pdfix-unable-to-open
courts/default/documents/ASU-TD-031-Attachment-7-Conflict-of-Interest-Certification-form.pdf,pdfix-unable-to-open
courts/default/documents/CRS-SP-296-Intent-to-Award.pdf,pdfix-unable-to-open
courts/default/documents/JBCP-CMS-S-2016-58-JP-Bidders-Lists.pdf,pdfix-unable-to-open
courts/default/documents/CRS-SP-192-Attachment-2-JCC-Hotel-Agreement-Template.pdf,pdfix-unable-to-open
courts/default/documents/CRS-PD-179-Attachment-4-Darfur-Contracting-ACT-PAOEAC2017.pdf,pdfix-unable-to-open
courts/default/documents/CJCSO-1301-RB-CalRAPP-Inter-Rater-Reliability-Addendum-1.pdf,pdfix-unable-to-open
courts/default/documents/2010lang-rfp-attd.pdf,pdfix-unable-to-open
courts/default/documents/CRS-SP-206-Attachment-6-Conflict-of-Interest-Certification-form.pdf,pdfix-unable-to-open
courts/default/documents/RFP-FS-2021-02-BD-Attachment-P4-64-E1-Re-roofing-spec-and-100CD-drawings.pdf,pdfix-unable-to-open
courts/default/documents/CFCC-22-124RB-RFP-Exh-3-Pricing-Sheet.pdf,pdfix-unable-to-open
courts/default/documents/foms_vdr.pdf,pdfix-unable-to-open
courts/default/documents/statebasedcs-rfp.pdf,pdfix-unable-to-open
courts/default/documents/2010lang-rfp-noaward.pdf,pdfix-unable-to-open
courts/default/documents/RFPFS202203MB-Attach-4-Proposal-Scoring-ADDENDUM-5.pdf,pdfix-unable-to-open
courts/default/documents/RFP-FS-2023-15-XC-Attach-C-Master-Agreement-Sample.pdf,pdfix-unable-to-open
courts/default/documents/CRS-PD-297-Attachment-3-Vendors-Acceptance-of-the-RFPs-Contract-Terms-janpao20.pdf,pdfix-unable-to-open
courts/default/documents/REFM-2016-14-RP-2-Attachment-5.pdf,pdfix-unable-to-open
courts/default/documents/peercourtrfp_0.pdf,pdfix-unable-to-open
courts/default/documents/CRS-PD-163-Attachment-6-Conflict-of-Interest-Certification.pdf,pdfix-unable-to-open
courts/default/documents/JBCP-2014-03-BR-Addendum-1-RFQ-Changes-Responses-to-Questions.pdf,pdfix-unable-to-open
courts/default/documents/thirdpartyclaims-tcservice-rfp-qna.pdf,pdfix-unable-to-open
courts/default/documents/BS-2018-03-DM-Intent-To-Award.pdf,pdfix-unable-to-open
courts/default/documents/sejuvdepct-qdata-rfp-att2a.pdf,pdfix-unable-to-open
courts/default/documents/RFP-REFM-2016-26-SM-Notice-of-Intent-to-Award.pdf,pdfix-unable-to-open
courts/default/documents/CRS-TD-036-Intent-to-Award.pdf,pdfix-unable-to-open
courts/default/documents/CRS-EG-380-Attachment-2-JCC-HotelAgreement-Template.pdf,pdfix-unable-to-open
courts/default/documents/facility-opmod-rfprev.pdf,pdfix-unable-to-open
courts/default/documents/RFP-RealEstateReloConsultantScvs-attachc.pdf,pdfix-unable-to-open
courts/default/documents/CRS-SP-177-Attachment-2-Hotel-Agreement.pdf,pdfix-unable-to-open
courts/default/documents/LSS-2023-07-LV-Attachment-6A-Payee-Data-Record-204.pdf,pdfix-unable-to-open
courts/default/documents/CFCC-2018-02-CD-Attachment-6-Payee-Data-Record.pdf,pdfix-unable-to-open
courts/default/documents/CFCC-2018-11-CD-RFP-Trial-Skills-Training.pdf,pdfix-unable-to-open
courts/default/documents/CRS-PD-268-Attachment-2-JCC-Hotel-Agreement-Template-janpao20.pdf,pdfix-unable-to-open
courts/default/documents/CRS-SP-078-RFP-Hotel-ROOM-BLOCK-ONLY.pdf,pdfix-unable-to-open
courts/default/documents/HCRC-CCS-17-22RB-Attachment-1-Admin-Rules.pdf,pdfix-unable-to-open
courts/default/documents/eapjb-rfp-attachd.pdf,pdfix-unable-to-open
courts/default/documents/RFP-FS-2023-08-KO-RFP_AD01.pdf,pdfix-unable-to-open
courts/default/documents/IFB-IT-2021-89RB-Attachment-1.pdf,pdfix-unable-to-open
courts/default/documents/FSO-2020-04-BD-Attach-C-Master-Agreement-for-Construction-Services.pdf,pdfix-unable-to-open
courts/default/documents/IFB-ISD-017938-AA-Intent-to-Award-Posting.pdf,pdfix-unable-to-open
courts/default/documents/CRS-EG-346-Attachment-1-Admin-Rules-Non-IT-Services.pdf,pdfix-unable-to-open
courts/default/documents/precon-porterville-rfq-attachb.pdf,pdfix-unable-to-open
courts/default/documents/preconstsvc-rfp-attachf-rev2_0.pdf,pdfix-unable-to-open
courts/default/documents/JCC-CAFM-Incident-Process.pdf,pdfix-unable-to-open
courts/default/documents/offsupp-rfp-bsup.pdf,pdfix-unable-to-open
courts/default/documents/CRS-PD-179-Attachment-RFP-Hotel-ROOM-BLOCK-PAOEAC2017.pdf,pdfix-unable-to-open
courts/default/documents/CFCC-2016-13-RBB-Attachment-1-Admin-Rules.pdf,pdfix-unable-to-open
courts/default/documents/CFCC-2023-17-SB-Attachment-7-UNRUH.pdf,pdfix-unable-to-open
courts/default/documents/confaudio-rfp_0.pdf,pdfix-unable-to-open
courts/default/documents/CR-2019-04-LV-Attach-5-Darfur.pdf,pdfix-unable-to-open
courts/default/documents/A1-Admin-Rules.pdf,pdfix-unable-to-open
courts/default/documents/RFP-CFCC23-159RB-Attach-2-Std-Agrmt.pdf,pdfix-unable-to-open
courts/default/documents/CFCC-22-132RB-Attach-2-Standard-Agreement.pdf,pdfix-unable-to-open
courts/default/documents/CRS-EG-381-Attachment-2-JCC-Hotel-Agreement-Template.pdf,pdfix-unable-to-open
courts/default/documents/CRS-PD-316-RFP-Intent-to-Award_pjceo20.pdf,pdfix-unable-to-open
courts/default/documents/RFP-JCC-252020-RB-Attachment-9-PayeeDataRecord204.pdf,pdfix-unable-to-open
courts/default/documents/FIN-201505-ML-Attachment-4-General-Certifications-Form.pdf,pdfix-unable-to-open
courts/default/documents/RFP-FS-SP-2019-03-JP-Schedule-of-Events-Extended.pdf,pdfix-unable-to-open
courts/default/documents/CRS-SP-047-QA.pdf,pdfix-unable-to-open
courts/default/documents/enttestmgmt-rfp.pdf,pdfix-unable-to-open
courts/default/documents/CRS-PD-176-Attachment-4-Darfur-Contracting-ACT-Sept-PAO-2016.pdf,pdfix-unable-to-open
courts/default/documents/wcm-rfp-att5.pdf,pdfix-unable-to-open
courts/default/documents/CFCC-201701-ML-RFI-Attachment1.pdf,pdfix-unable-to-open
courts/default/documents/RFP-412020-MJ-Paper.pdf,pdfix-unable-to-open
courts/default/documents/CFCC-2012-03-RB-Intent-To-Award.pdf,pdfix-unable-to-open
courts/default/documents/repjuvdep_attlist.pdf,pdfix-unable-to-open
courts/default/documents/REFM-2016-14-RP-2-UAST-HAZMAT-HW.pdf,pdfix-unable-to-open
courts/default/documents/advtrainamp_0.pdf,pdfix-unable-to-open
courts/default/documents/Attachment-2-JBE-Standard-Agreement-CFCC-2024-01-TQ-ASL.pdf,pdfix-unable-to-open
courts/default/documents/CRS-SP-158-Attachment-6-Conflict-of-Interest-Certification-form.pdf,pdfix-unable-to-open
courts/default/documents/hollister-rfq-shortlist.pdf,pdfix-unable-to-open
courts/default/documents/ISD-06192012-SLO_Notice-Of-Intent-to-Award.pdf,pdfix-unable-to-open
courts/default/documents/CRS-PD-170-Attachment-1-Admin-Rules-NJO.pdf,pdfix-unable-to-open
courts/default/documents/Preliminary-Schedule-ID20210602_0.pdf,pdfix-unable-to-open
courts/default/documents/4-2-RFP-13-14-01GW-Attachment-2-Terms_and_Conditions.pdf,pdfix-unable-to-open
courts/default/documents/CRS-SP-330-Attachment-4-Darfur-Contracting-ACT.pdf,pdfix-unable-to-open
courts/default/documents/precon-porterville-rfq-shortlist.pdf,pdfix-unable-to-open
courts/default/documents/CRSPD162-Attachment-RFP-Hotel-ROOM-BLOCK.pdf,pdfix-unable-to-open
courts/default/documents/RFP-TCAS-2020-08-LB-Notice-of-Intent-to-Award.pdf,pdfix-unable-to-open
courts/default/documents/TCAS-2021-02-AJ-CANCELLATION.pdf,pdfix-unable-to-open
courts/default/documents/RFP-FS-SP-2019-03-JP-Attachment-7-Price-Proposal-Evaluation-Addendum-1_0.pdf,pdfix-unable-to-open
courts/default/documents/ADMIN-2018-04-LB-Technical-Score-Posting.pdf,pdfix-unable-to-open
courts/default/documents/CRS-PD-340-Attachment-3-Vendors-Acceptance-of-the-RFPs-Contract-Terms_jc21.pdf,pdfix-unable-to-open
courts/default/documents/JBCP-2013-02-BR-Attachment-D-RFP-Form-Questions.pdf,pdfix-unable-to-open
courts/default/documents/JBCP-2013-05-BR-Intent_to_Award.pdf,pdfix-unable-to-open
courts/default/documents/cmar-indioconstruct-rfp.pdf,pdfix-unable-to-open
courts/default/documents/ctintexam-rfp.pdf,pdfix-unable-to-open
courts/default/documents/CFCC-10-11-LM-Attachment-7-Overview-of-AB-590-Evaluation-Themes.pdf,pdfix-unable-to-open
courts/default/documents/RFP-FS-2020-15-BD-Form-for-Submission-of-Questions-Addendum-1.pdf,pdfix-unable-to-open
courts/default/documents/CRS-TD-036-Attachment-1-Admin-Rules-Non-IT-Services.pdf,pdfix-unable-to-open
courts/default/documents/IT-DMS-2016-01-MDS-attachment-8.pdf,pdfix-unable-to-open
courts/default/documents/2010study-rfp-attachf.pdf,pdfix-unable-to-open
courts/default/documents/eapjb-rfp-qna.pdf,pdfix-unable-to-open
courts/default/documents/ASU-EG046-RFP-Hotel-ROOM-BLOCK-ONLY.pdf,pdfix-unable-to-open
courts/default/documents/IFB-IT23-151RB-Attach-8-Unruh.pdf,pdfix-unable-to-open
courts/default/documents/RFQFS202126AL-RFQ.pdf,pdfix-unable-to-open
courts/default/documents/RFP-REFM-2016-26-SM-RFP.pdf,pdfix-unable-to-open
courts/default/documents/prequalchulavista-rfq-jobwalk_0.pdf,pdfix-unable-to-open
courts/default/documents/CFCC-2024-28-SB_Attach-7-Iran-Act.pdf,pdfix-unable-to-open
courts/default/documents/JBCP-2015-11-JT-Short-Listed-Firms.pdf,pdfix-unable-to-open
courts/default/documents/CFCC-031814-LCDR-CF_Att-1_Admin_Rules.pdf,pdfix-unable-to-open
courts/default/documents/Job-Walk-Sign-In-Sheet_RFPFS202205MB.pdf,pdfix-unable-to-open
courts/default/documents/gcportola_rfq-faq.pdf,pdfix-unable-to-open
courts/default/documents/occm-2011-19-jmg-RFP-Final.pdf,pdfix-unable-to-open
courts/default/documents/RFPFS202124AL-Attach-1-Acceptance.pdf,pdfix-unable-to-open
courts/default/documents/RFQFS202205MB-Attach-3-Questions-Submittal-Form.pdf,pdfix-unable-to-open
courts/default/documents/preconstsvc-rfp-attachb.pdf,pdfix-unable-to-open
courts/default/documents/gcportola-rfq-exhibc_0.pdf,pdfix-unable-to-open
courts/default/documents/CFCC-22-124RB-Non-Award-Notice.pdf,pdfix-unable-to-open
courts/default/documents/OREFM-2013-06-CC-Addendum-3.pdf,pdfix-unable-to-open
courts/default/documents/phoenix-rfp-courses.pdf,pdfix-unable-to-open
courts/default/documents/TCAS-2018-04-ML-Notice-of-Intent-to-Award.pdf,pdfix-unable-to-open
courts/default/documents/RFP-FS-2021-14-AL-NoticeOfIntentToAward.pdf,pdfix-unable-to-open
courts/default/documents/IFB-BAP-23-138RB.pdf,pdfix-unable-to-open
courts/default/documents/CRS-EG-376-Attachment-7-Duty-of-Care-Questionnaire.pdf,pdfix-unable-to-open
courts/default/documents/RFP-FS-2021-17-AL-NoticeOfShortlistForInterviews.pdf,pdfix-unable-to-open
courts/default/documents/RFP-HR-2021-29-DM-Attachment-6-Payee-Data-Record-Form.pdf,pdfix-unable-to-open
courts/default/documents/RFPFS202215KO_NOITA.pdf,pdfix-unable-to-open
courts/default/documents/CRS-SP-324-Attachment-3-Vendors-Acceptance-of-the-RFPs-Contract-Terms.pdf,pdfix-unable-to-open
courts/default/documents/CJS-2018-05-CD-Notice-of-Intent-to-Award.pdf,pdfix-unable-to-open
courts/default/documents/analystsupport-ccmsv3t-rfp-attach2.pdf,pdfix-unable-to-open
courts/default/documents/ASU-EG-018-Attachment-7-Conflict-of-Interest-Certification-form.pdf,pdfix-unable-to-open
courts/default/documents/RFQ-JBCP-CBR-AV-2016-60-SM-Posting-of-Short-List.pdf,pdfix-unable-to-open
courts/default/documents/1310-002-RFP-Online-Bidding-System.pdf,pdfix-unable-to-open
courts/default/documents/formspubrfp_0.pdf,pdfix-unable-to-open
courts/default/documents/CRS-EG-313-Attachment-RFP-Hotel-Room-Block.pdf,pdfix-unable-to-open
courts/default/documents/HR-2019-03-LB-Attachment-5-Payee-Data-std204.pdf,pdfix-unable-to-open
courts/default/documents/JBCP-2016-07-CP-RFP.pdf,pdfix-unable-to-open
courts/default/documents/aocjobacc-rfp-atta.pdf,pdfix-unable-to-open
courts/default/documents/3DCA-RFP-19-20-02-Attachment-2-Appendices-A-D.pdf,pdfix-unable-to-open
courts/default/documents/rfp-cfcc-nacjp-attach4_0.pdf,pdfix-unable-to-open
courts/default/documents/3DCA-17-18-10-Attachment-8-DVBE-Bidder-Declaration-with-Instructions.pdf,pdfix-unable-to-open
courts/default/documents/constrantct-rfp_att1e.pdf,pdfix-unable-to-open
courts/default/documents/FS-2018-15-RP-Attach-4-General-Certifications-Form.pdf,pdfix-unable-to-open
courts/default/documents/RFPFS202211MB-Attach-9-DVBE-Participation-Form.pdf,pdfix-unable-to-open
courts/default/documents/RFQP-Woodland-Addendum-No-3.pdf,pdfix-unable-to-open
courts/default/documents/aocjobacc-rfp-add1.pdf,pdfix-unable-to-open
courts/default/documents/CFCC-2018-03-CD-Attachment-6-Payee-Data-Record.pdf,pdfix-unable-to-open
courts/default/documents/Request-for-Proposals-Form-Questions.pdf,pdfix-unable-to-open
courts/default/documents/RFP-FS-2021-22-JP-Internal-Background-Check-Policy.pdf,pdfix-unable-to-open
courts/default/documents/prequalchulavista-rfq.pdf,pdfix-unable-to-open
courts/default/documents/CRS-SP-078-Attachment-3-Vendors-Acceptance-of-the-RFPs-Contract-Terms.pdf,pdfix-unable-to-open
courts/default/documents/aersforscbrfp-qa.pdf,pdfix-unable-to-open
courts/default/documents/RFP-FS-2023-05-XC-Attach-4-General-Certifications-Form.pdf,pdfix-unable-to-open
courts/default/documents/waac-20201209-materials.pdf,pdfix-unable-to-open
courts/default/documents/CFCC-12-13-LM-QA.pdf,pdfix-unable-to-open
courts/default/documents/COS-VRILAP-MDS-080816-attachment-5.pdf,pdfix-unable-to-open
courts/default/documents/ergoeval-rfp_0.pdf,pdfix-unable-to-open
courts/default/documents/RFPFS202215KO-ADD01-Attach-B-Agreement_Addendum1.pdf,pdfix-unable-to-open
courts/default/documents/juvdepctassess-rfp-att4.pdf,pdfix-unable-to-open
courts/default/documents/CRS-SP-371-Attachment-4-Darfur-Contracting-ACT.pdf,pdfix-unable-to-open
courts/default/documents/RFP-FS-2021-05-MB-Attachment-E-Regional-Map.pdf,pdfix-unable-to-open
courts/default/documents/CRS-SP-288-Attachment-4-Darfur-Contracting-ACT.pdf,pdfix-unable-to-open
courts/default/documents/CRS-SP049-Attachment-3-Vendors-Acceptance.pdf,pdfix-unable-to-open
courts/default/documents/CFCC-2016-14-RBB-Attachment-2-Standard-Provisions.pdf,pdfix-unable-to-open
courts/default/documents/CRS-SP-344-Attachment-4-Darfur-Contracting-ACT.pdf,pdfix-unable-to-open
courts/default/documents/CRS-PD-316-RFP-Hotel-FULL-SERVICE-9-30_pjceo20.pdf,pdfix-unable-to-open
courts/default/documents/cctaprfp-pre_0.pdf,pdfix-unable-to-open
courts/default/documents/CFCC-2020-67-RB-Attach-3-Acceptance-TCs.pdf,pdfix-unable-to-open
courts/default/documents/CRS-TD-038-RFP-Hotel-ROOM-BLOCK-ONLY.pdf,pdfix-unable-to-open
courts/default/documents/RFPFS202211MB-Attach-4-Acceptance-of-Terms-and-Conditions.pdf,pdfix-unable-to-open
courts/default/documents/CRS-PD-152-Attachment-4-Darfur-Certification-Form-NJO.pdf,pdfix-unable-to-open
courts/default/documents/preconstruct-riskmanage-monterey-rfp-shortlist.pdf,pdfix-unable-to-open
courts/default/documents/shcbidconf.pdf,pdfix-unable-to-open
courts/default/documents/IT-2019-11-LB-Attachment-12-PrototypeDesignPatterns.pdf,pdfix-unable-to-open
courts/default/documents/CFCC-201501-JR-Interdisciplinary-Training.pdf,pdfix-unable-to-open
courts/default/documents/CRS-AU-067-Attachment-3-Vendors-Acceptance-of-the-RFPs-Contract-Terms.pdf,pdfix-unable-to-open
courts/default/documents/RFP-REFM-2016-29-JP-Pasadena-Elevator-Replacement-RFP.pdf,pdfix-unable-to-open
courts/default/documents/idiq-occm-rfq-intent.pdf,pdfix-unable-to-open
courts/default/documents/CRS-PD-138-Attachment-1-Admin-Rules.pdf,pdfix-unable-to-open
courts/default/documents/CRS-PD-147-Attachment-2-JC-Contract-NJO.pdf,pdfix-unable-to-open
courts/default/documents/RFPFS202205MB-Space_Program_%28Updated_10.7.2022%29.pdf,pdfix-unable-to-open
courts/default/documents/construct-riskdesign-sanjosefamcenter-rfq-add2.pdf,pdfix-unable-to-open
courts/default/documents/FSO-2018-22-JP_CMR-EL-CENTRO-Answers-to-Questions.pdf,pdfix-unable-to-open
courts/default/documents/CRS-PD-240-Attachment-4-Darfur-Contracting-ACT-cow18.pdf,pdfix-unable-to-open
courts/default/documents/occm-2011-19-jmg-RFP-3.pdf,pdfix-unable-to-open
courts/default/documents/BAP-2022-01-SB_RFI.pdf,pdfix-unable-to-open
courts/default/documents/repjuvdep-sanjoaqrfp-qa.pdf,pdfix-unable-to-open
courts/default/documents/maderacourthouse-preconstruct-rfp-attachf.pdf,pdfix-unable-to-open
courts/default/documents/BS-2020-13-DM-Attachment-A-Judicial-Branch-Monthly-Financial-Forecast.pdf,pdfix-unable-to-open
courts/default/documents/aocjobacc-rfp-qna.pdf,pdfix-unable-to-open
courts/default/documents/CRS-SP-320-Attachment-1-Admin-Rules-Non-IT-Services.pdf,pdfix-unable-to-open
courts/default/documents/HRS-03-13-SS-Attachment-2--Master-Agreement-Terms-and-Conditions.pdf,pdfix-unable-to-open
courts/default/documents/CRS-EG-351-Attachment-2-JCC-Hotel-Agreement-Template.pdf,pdfix-unable-to-open
courts/default/documents/REFM-2016-27-BD-Request-for-Proposal-Revision-3.pdf,pdfix-unable-to-open
courts/default/documents/phoenix-rfp-sap_0.pdf,pdfix-unable-to-open
courts/default/documents/IT-2022-38A-DM-Attachment-6B-STD205.pdf,pdfix-unable-to-open
courts/default/documents/CRS-AK-412-Intent-to-Award_updated.pdf,pdfix-unable-to-open
courts/default/documents/LSO-09-13-LM-_Attachment-5-Darfur-Contracting-Certification.pdf,pdfix-unable-to-open
courts/default/documents/CRS-PD-083-Attachment-7-Conflict-of-Interest-Certification-form.pdf,pdfix-unable-to-open
courts/default/documents/FSO-2020-04-BD-Attach-E-to-Std-Agmt-Judicial-Council-Background-Check-Policy.pdf,pdfix-unable-to-open
courts/default/documents/CRS-SP-072-Attachment-2-AOC-Hotel-Agreement-Template.pdf,pdfix-unable-to-open
courts/default/documents/CRS-EG-343-Intent-to-Award.pdf,pdfix-unable-to-open
courts/default/documents/4-2-RFP-12-13-02CK-Attachment-3-Accept-Terms.pdf,pdfix-unable-to-open
courts/default/documents/CFCC-13-13-LM-Addendum-1.pdf,pdfix-unable-to-open
courts/default/documents/CRS-SP-137-Attachment-1-Admin-Rules-Non-IT-Services.pdf,pdfix-unable-to-open
courts/default/documents/IFB-IT-2021-86RB-A4-Unruh-and-FEHA-Certifications.pdf,pdfix-unable-to-open
courts/default/documents/FSO-2020-01-JP-Attachment-C-Sample-Agreement.pdf,pdfix-unable-to-open
courts/default/documents/CRS-SP-287-Attachment-3-Vendors-Acceptance-of-the-RFPs-Contract-Terms.pdf,pdfix-unable-to-open
courts/default/documents/constrantct-rfp_attc.pdf,pdfix-unable-to-open
courts/default/documents/preconstsvc-rfp-add5_1.pdf,pdfix-unable-to-open
courts/default/documents/archrelsvccapproj-rfq-contract_0.pdf,pdfix-unable-to-open
courts/default/documents/CRS-EG-279-Attachment-RFP-Hotel-FULL-SERVICE.pdf,pdfix-unable-to-open
courts/default/documents/prequalchulavista-rfq-vendordata_0.pdf,pdfix-unable-to-open
courts/default/documents/JBCP-2013-01-BR-Attachment-F-OCIP-SAFETY-MANUAL.pdf,pdfix-unable-to-open
courts/default/documents/envconsultsvcs-rfp-vdf.pdf,pdfix-unable-to-open
courts/default/documents/CRS-PD-097-Attachment-6-Conflict-of-Interest-Certification-form.pdf,pdfix-unable-to-open
courts/default/documents/Attachment-S-Master-Answers-to-Questions-12-20-2022.pdf,pdfix-unable-to-open
courts/default/documents/elkins-rfp-list.pdf,pdfix-unable-to-open
courts/default/documents/IT-2019-11-LB-Attachment-13-DraftDesignElement.pdf,pdfix-unable-to-open
courts/default/documents/RFQ-FSO-2019-06-JP_Attach_L_Judicial_Council_Background_Check_Policy.pdf,pdfix-unable-to-open
courts/default/documents/scpiv_rfp_eop-06-6071-ct_court_info_vehicle_final_0.pdf,pdfix-unable-to-open
courts/default/documents/CRSAU215-Intent-to-Award.pdf,pdfix-unable-to-open
courts/default/documents/courtbasedfdr-atta.pdf,pdfix-unable-to-open
courts/default/documents/ITSO-17-04-RBB-Attachment-8-UNRUH.pdf,pdfix-unable-to-open
courts/default/documents/CRS-PD-223-Attachment-6-Conflict-of-Interest-Certification-form-pjceo18.pdf,pdfix-unable-to-open
courts/default/documents/snapshot-rfp-add1_0.pdf,pdfix-unable-to-open
courts/default/documents/JBCP-2012-05-BR-RFQ-New-N-Butte-County.pdf,pdfix-unable-to-open
courts/default/documents/42-RFP-13-14-04_Housekeeping-Janitorial-Attachment-2_Court-Standard-Terms-and-Conditions.pdf,pdfix-unable-to-open
courts/default/documents/FS-2018-16-RP-Attach-D-General-Certifications.pdf,pdfix-unable-to-open
courts/default/documents/RFP-FS-2023-15-XC-Attach-A-Admin-Rules-B-Regional-Map-ADDENDUM01.pdf,pdfix-unable-to-open
courts/default/documents/RFP-FS-SP-2019-03-JP-Notice-of-Intent-to-Award-BANCRO.pdf,pdfix-unable-to-open
courts/default/documents/qamtccpor-rfp-attach4_0.pdf,pdfix-unable-to-open
courts/default/documents/Cancellation-Notice-RFP-LSS-2021-26-DM.pdf,pdfix-unable-to-open
courts/default/documents/parking-cmjcente-rfp-attachd.pdf,pdfix-unable-to-open
courts/default/documents/legsvcsp3-rfp_qa.pdf,pdfix-unable-to-open
courts/default/documents/joborder-contract1010-rfp-ctcchanges.pdf,pdfix-unable-to-open
courts/default/documents/courtbasedfdrrfp.pdf,pdfix-unable-to-open
courts/default/documents/JIP-2019-05-DM-Attachment-6-Payee-Data-Record-Form.pdf,pdfix-unable-to-open
courts/default/documents/gcportola-rfq-exhibb.pdf,pdfix-unable-to-open
courts/default/documents/CFCC-16-10-RBB-RFP.pdf,pdfix-unable-to-open
courts/default/documents/CRS-SP-361-Attachment-1-Admin-Rules-Non-IT-Services.pdf,pdfix-unable-to-open
courts/default/documents/RFP-FS-2020-08-AL-Attachment-9-DVBE-Declaration.pdf,pdfix-unable-to-open
courts/default/documents/calcjcduicoststudy-rfp-intent_0.pdf,pdfix-unable-to-open
courts/default/documents/RFP-FS-2021-20-JP-Attachment-8-Payee-Data-Record-STD204.pdf,pdfix-unable-to-open
courts/default/documents/2010study-rfp-attachf_0.pdf,pdfix-unable-to-open
courts/default/documents/CRS-PD-124-Attachment-2-JCC-Hotel-Agreement-Template.pdf,pdfix-unable-to-open
courts/default/documents/preconstsvc-rfp-add2_0.pdf,pdfix-unable-to-open
courts/default/documents/RFQ-FS-2021-06-BD-Attach-H-Payee-Data-Record.pdf,pdfix-unable-to-open
courts/default/documents/RFP-FS-2022-01-MB-Attach-I-DVBE-Bidder-Cert.pdf,pdfix-unable-to-open
courts/default/documents/riverside-reconstruct-rfq-attachd.pdf,pdfix-unable-to-open
courts/default/documents/IT-2020-64-RB-Attach-1-Admin-Rules.pdf,pdfix-unable-to-open
courts/default/documents/bsa-webdev-rfp-attach1.pdf,pdfix-unable-to-open
courts/default/documents/hollister-rfq-intent.pdf,pdfix-unable-to-open
courts/default/documents/COS-ODP-201504-JR-Attachment-4.pdf,pdfix-unable-to-open
courts/default/documents/TCAS-2022-01-MS-Attachment-1-Administrative-Rules.pdf,pdfix-unable-to-open
courts/default/documents/IT-2018-06-LB-QA-Digital-Service-Conceptual-Design.pdf,pdfix-unable-to-open
courts/default/documents/mantecacourthouse-_rfqpayee-attache.pdf,pdfix-unable-to-open
courts/default/documents/JBCP-2013-01-BR-RFQ-New-Yuba-City.pdf,pdfix-unable-to-open
courts/default/documents/landsurvey-occm-rfp-qna.pdf,pdfix-unable-to-open
courts/default/documents/RFP-FS-2021-15-QNAform-20210924.pdf,pdfix-unable-to-open
courts/default/documents/CRS-SP-077-Attachment-1-Admin-Rules-Non-IT-Services.pdf,pdfix-unable-to-open
courts/default/documents/RFP-HR-2022-08-LV-Attachment-7-Payee-Data-Record-205.pdf,pdfix-unable-to-open
courts/default/documents/workcomptpa-rfp_0.pdf,pdfix-unable-to-open
courts/default/documents/CJER-HB-0712-LM-Attachment-2-AOC-Terms-Conditions.pdf,pdfix-unable-to-open
courts/default/documents/REFM-2016-14-RP-Attachment-8.pdf,pdfix-unable-to-open
courts/default/documents/OREFM-2013-06-CC-Attachment-A.pdf,pdfix-unable-to-open
courts/default/documents/CRS-PD-312-Attachemnt-2-JCC-Hotel-Agreement-Template_dv20.pdf,pdfix-unable-to-open
courts/default/documents/FSO-2018-24-JP_CMR-Willows-Attachment-5-Payee-Data-Record.pdf,pdfix-unable-to-open
courts/default/documents/cjdcls_rfp_0.pdf,pdfix-unable-to-open
courts/default/documents/HCRC-2018-48-RB-Notice-of-Intent-to-Award.pdf,pdfix-unable-to-open
courts/default/documents/grantpolprorfp_0.pdf,pdfix-unable-to-open
courts/default/documents/FS-2019-11-BD-RFP.pdf,pdfix-unable-to-open
courts/default/documents/CRS-PD-192-Attachment-2-JCC-Hotel-Agreement-AJAI2017.pdf,pdfix-unable-to-open
courts/default/documents/photoserv-rfq-intent.pdf,pdfix-unable-to-open
courts/default/documents/CRS-PD-304-RFP-Hotel-FS-MULTIPLE-AWARDS_jc20.pdf,pdfix-unable-to-open
courts/default/documents/CFCC-2012-02-RB-Intent-To-Award.pdf,pdfix-unable-to-open
courts/default/documents/CRS-EG-369-Attachment-2-JCC-Standard-terms-and-conditions.pdf,pdfix-unable-to-open
courts/default/documents/tcweb-implement-rfp.pdf,pdfix-unable-to-open
courts/default/documents/PaperRFP-FIN0301.pdf,pdfix-unable-to-open
courts/default/documents/Cancellation-Notice-CJER-2023-07-LV.pdf,pdfix-unable-to-open
courts/default/documents/workcomptpa-rfp-atth_0.pdf,pdfix-unable-to-open
courts/default/documents/CJER-05-13-RB-Attachment-2-Contract-T-and-Cs.pdf,pdfix-unable-to-open
courts/default/documents/precon-stockton-rfq-add2.pdf,pdfix-unable-to-open
courts/default/documents/5yearreview-rfp-cancel_0.pdf,pdfix-unable-to-open
courts/default/documents/paperaddendum1.pdf,pdfix-unable-to-open
courts/default/documents/RFQFS202205MB-Attach-6-Key-Personnel-Schedule_0.pdf,pdfix-unable-to-open
courts/default/documents/appcourtclass-rfp_0.pdf,pdfix-unable-to-open
courts/default/documents/CRS-EG-415-Attachment-1-Admin-Rules-Non-IT-Services.pdf,pdfix-unable-to-open
courts/default/documents/CRS-SP-112-Intent-to-Award-RiskAndNeeds.pdf,pdfix-unable-to-open
courts/default/documents/snapshot-rfp-att4.pdf,pdfix-unable-to-open
courts/default/documents/RFQ-JBCP-CBR-2016-60-SM-Attach-7-Internal-Background-Check-Policy.pdf,pdfix-unable-to-open
courts/default/documents/RFQ-FS-2021-26-AL-ADDENDUM-3.pdf,pdfix-unable-to-open
courts/default/documents/3DCA-17-18-10-Notice-of-Intent-to-Award.pdf,pdfix-unable-to-open
courts/default/documents/ecm_add_1_appendix_j_technical_administrative_requirements.pdf,pdfix-unable-to-open
courts/default/documents/CRS-SP-271-Intent-to-Award.pdf,pdfix-unable-to-open
courts/default/documents/qamtccpor-rfp_0.pdf,pdfix-unable-to-open
courts/default/documents/ASU-EG-026-Attachment-4-Darfur-Contracting-ACT-no-change-by-td.pdf,pdfix-unable-to-open
courts/default/documents/prequalchulavista-rfq-exhibita.pdf,pdfix-unable-to-open
courts/default/documents/CFCC-08-12-LM-RFP.pdf,pdfix-unable-to-open
courts/default/documents/CRS-PD-304-Attachment-6-Conflict-of-Interest-Certification-form_jc20.pdf,pdfix-unable-to-open
courts/default/documents/CRS-SP-066-Attachment-2-AOC-Hotel-Agreement-Template.pdf,pdfix-unable-to-open
courts/default/documents/ecm-rfp-appc.pdf,pdfix-unable-to-open
courts/default/documents/stplan2k.pdf,pdfix-unable-to-open
courts/default/documents/repjuvdep-sanjoaqrfp_0.pdf,pdfix-unable-to-open
courts/default/documents/cfccwebdev-rfp_0.pdf,pdfix-unable-to-open
courts/default/documents/ccporappdev-rfp-qna.pdf,pdfix-unable-to-open
courts/default/documents/JBCP-2015-01-JT_Attachment-A_Hollywood-DB.pdf,pdfix-unable-to-open
courts/default/documents/adminctintexam-rfp-atti_0.pdf,pdfix-unable-to-open
courts/default/documents/IFB-Supreme-041516-MDS-Addendum-1.pdf,pdfix-unable-to-open
courts/default/documents/oocmarchitect-engineer-rfq-shortlist_0.pdf,pdfix-unable-to-open
courts/default/documents/joborder-contract1010-rfp-modrfp.pdf,pdfix-unable-to-open
courts/default/documents/constman_awd.pdf,pdfix-unable-to-open
courts/default/documents/CFCC-2020-69-RB-Attachment-6.pdf,pdfix-unable-to-open
courts/default/documents/RFP-ISD-06192012-SLO_Attachment-11_Integration-Requirements.pdf,pdfix-unable-to-open
courts/default/documents/REFM-2016-06-RP-Attachment-2-Standard-Agreement.pdf,pdfix-unable-to-open
courts/default/documents/CRS-SP-043-Attachment-3-Vendors-Acceptance-of-the-RFPs-Contract-Terms.pdf,pdfix-unable-to-open
courts/default/documents/RFP-CJER-2022-40-DM-QA.pdf,pdfix-unable-to-open
courts/default/documents/scdeprep-rfp.pdf,pdfix-unable-to-open
courts/default/documents/RFP-LSD-2021-100RB-Attach-4-Gen-Certs.pdf,pdfix-unable-to-open
courts/default/documents/phoenix-rfp-section2_0.pdf,pdfix-unable-to-open
courts/default/documents/preconstruct-riskmanage-fresnorev-rfp-attachh.pdf,pdfix-unable-to-open
courts/default/documents/CRS-SP-193-Attachment-6-Conflict-of-Interest-Certification-form.pdf,pdfix-unable-to-open
courts/default/documents/ASU-DC-008-LM-Attachment-1-Administrative-Rules-Governing-RFPs.pdf,pdfix-unable-to-open
courts/default/documents/feltrial-rfp-attach3.pdf,pdfix-unable-to-open
courts/default/documents/CRS-PD-105-Intent-to-Award.pdf,pdfix-unable-to-open
courts/default/documents/susjustice-consult-rfp-attach1_0.pdf,pdfix-unable-to-open
courts/default/documents/Notice-Of-Intent-To-Award-RFPFS202214MB.pdf,pdfix-unable-to-open
courts/default/documents/IT-2023-58-DM-Attachment-10-Proposer-Submission-Questions-Form.pdf,pdfix-unable-to-open
courts/default/documents/publish-rfp-intent_0.pdf,pdfix-unable-to-open
courts/default/documents/RFQFS202205MB-Attach-4-Certifications.pdf,pdfix-unable-to-open
courts/default/documents/FIN032811CK-addendum-1-Attachment-8-JBE-Locations.pdf,pdfix-unable-to-open
courts/default/documents/3DCA-RFP-19-20-02-Attachment-6-Data-Payee-Record.pdf,pdfix-unable-to-open
courts/default/documents/CFCC-2016-08-LV-Attachment-8.pdf,pdfix-unable-to-open
courts/default/documents/CRS-SO-69-Attachment-2-AOC-Hotel-Agreement-Template.pdf,pdfix-unable-to-open
courts/default/documents/LSO-ADR-06-LM-Notice-of-Intent-to-Award.pdf,pdfix-unable-to-open
courts/default/documents/devdraftpol-rfp-qa.pdf,pdfix-unable-to-open
courts/default/documents/4-2-13-14-07-LM-Attachment-4-General-Certifications-Form.pdf,pdfix-unable-to-open
courts/default/documents/ASU-EG-018-Attachment-4-Darfur-Contracting-ACT.pdf,pdfix-unable-to-open
courts/default/documents/GA-2017-40-RB-Attachment-3-Acceptance-TCs.pdf,pdfix-unable-to-open
courts/default/documents/cbsfcdcs-rfp-attach3.pdf,pdfix-unable-to-open
courts/default/documents/elearning.pdf,pdfix-unable-to-open
courts/default/documents/TCAS-20151101-01-JR-NOTICE-OF-INTENT.pdf,pdfix-unable-to-open
courts/default/documents/RFP-CFCC-2023-53-DM-ADDENDUM-3.pdf,pdfix-unable-to-open
courts/default/documents/ccmsrfp-add2_0.pdf,pdfix-unable-to-open
courts/default/documents/CRS-SP-388-Attachment-3-Vendors-Acceptance-of-the-RFPs-Contract-Terms.pdf,pdfix-unable-to-open
courts/default/documents/ASU-TD-022-Attachment-5-Form-for-Submission-of-Technical-Proposal-ROOM-BLOCK-ONLY.pdf,pdfix-unable-to-open
courts/default/documents/thirdpartyclaims-tcservice-rfp-attach1.pdf,pdfix-unable-to-open
courts/default/documents/RFP-FS-2020-06-DF-Notice-of-ITA.pdf,pdfix-unable-to-open
courts/default/documents/CRS-SP-177-Attachment-3-Vendors-Acceptance-of-the-RFPs-Contract-Terms.pdf,pdfix-unable-to-open
courts/default/documents/CRS-PD-303-Attachment-1-Admin-Rules-Non-IT-Services_jc20.pdf,pdfix-unable-to-open
courts/default/documents/JBCP-2016-03-JT-Short-List-Notice.pdf,pdfix-unable-to-open
courts/default/documents/CRS-SO-69-RFP-Hotel-ROOM-BLOCK-ONLY.pdf,pdfix-unable-to-open
courts/default/documents/CFCC-2023-17-SB-Attachment-1-Administrative-Rules-Governing-RFP.pdf,pdfix-unable-to-open
courts/default/documents/icwa-curriculum-rfp-attach1_0.pdf,pdfix-unable-to-open
courts/default/documents/Attachment-E-Site-License-Agreement-for-Photovoltaic-System-Rev1.pdf,pdfix-unable-to-open
courts/default/documents/IT-2019-12-LB-Public-Opening.pdf,pdfix-unable-to-open
courts/default/documents/RFP-CFCC-2024-28-SB-QA-responses.pdf,pdfix-unable-to-open
courts/default/documents/CRS-EG-135-Attachment-2-AOC-Hotel-Agreement-Template_Room-Block-Only_Master-Account.pdf,pdfix-unable-to-open
courts/default/documents/COM-LSD-201504-JR-Attachment-5.pdf,pdfix-unable-to-open
courts/default/documents/FS-2018-12-BD-RFP.pdf,pdfix-unable-to-open
courts/default/documents/CRS-PD-251-Attachment-2-JCC-Hotel-Agreement-Template-ab105818.pdf,pdfix-unable-to-open
courts/default/documents/RFP-FS-SP-2020-16-JP.pdf,pdfix-unable-to-open
courts/default/documents/bsadocman-rfp-add2.pdf,pdfix-unable-to-open
courts/default/documents/techstaff-augment-rfp-attache2.pdf,pdfix-unable-to-open
courts/default/documents/RFQ-FS-2019-01-DGF-Notice-of-Intent-to-Award.pdf,pdfix-unable-to-open
courts/default/documents/4DCA-12-13-01-CK-Attachment-5-Darfur-Contracting-Act-Certification.pdf,pdfix-unable-to-open
courts/default/documents/cjdcls_rfp.pdf,pdfix-unable-to-open
courts/default/documents/CFCC-22-131RB-RFP-Amendment-1.pdf,pdfix-unable-to-open
courts/default/documents/RFPFS202215KO-Attach-J-PreWageCert.pdf,pdfix-unable-to-open
courts/default/documents/childsupport-review-rfp-qna.pdf,pdfix-unable-to-open
courts/default/documents/statewide-armoredcar-rfp-attach8.pdf,pdfix-unable-to-open
courts/default/documents/capitalconstruct-indconsult-rfp-attach1.pdf,pdfix-unable-to-open
courts/default/documents/RFPFS202307KO-Attach-F-Darfur.pdf,pdfix-unable-to-open
courts/default/documents/CFCC-2016-14-RBB-Attachment-1-Admin-Rules.pdf,pdfix-unable-to-open
courts/default/documents/CRS-SP-187-Attachment-RFP-Hotel-FULL-SERVICE.pdf,pdfix-unable-to-open
courts/default/documents/CRS-EG-107-Attachment-2-AOC-Hotel-Agreement-Template-2-11-13.pdf,pdfix-unable-to-open
courts/default/documents/statebasedcs-rfp-att4_0.pdf,pdfix-unable-to-open
courts/default/documents/JBCP-2014-04-BR-Addendum-2.pdf,pdfix-unable-to-open
courts/default/documents/CRS-EG-314-Attachment-Notice-of-cancellation-CourtyardMarriott.pdf,pdfix-unable-to-open
courts/default/documents/RFP-CFCC-2023-61-DM-JCORPS.pdf,pdfix-unable-to-open
courts/default/documents/juvcourtuserres-rfp-list.pdf,pdfix-unable-to-open
courts/default/documents/CFCC-2016-07-RBB-Attachment-2-Standard-Provisions.pdf,pdfix-unable-to-open
courts/default/documents/icwa-curriculum-rfp.pdf,pdfix-unable-to-open
courts/default/documents/legsvcsp3-rfp_intent_0.pdf,pdfix-unable-to-open
courts/default/documents/RFP-FS-2021-17-AL-Attach-03-Acceptance-of-Terms.pdf,pdfix-unable-to-open
courts/default/documents/RFPFS202301MB-Attach-1-Administrative-Rules_0.pdf,pdfix-unable-to-open
courts/default/documents/ccmsv4int-rfp-award.pdf,pdfix-unable-to-open
courts/default/documents/workcomptpa-rfp-appiii.pdf,pdfix-unable-to-open
courts/default/documents/CRS-EG42-Attachment-2-AOC-Hotel-Agreement-Template-Room-Block-Only-Master-Account.pdf,pdfix-unable-to-open
courts/default/documents/adagency-rfp-add2.pdf,pdfix-unable-to-open
courts/default/documents/CJER0613LM-Attachment-1-Administration-Rules-Governing-RFPs.pdf,pdfix-unable-to-open
courts/default/documents/tv_rfp.pdf,pdfix-unable-to-open
courts/default/documents/Request-for-Proposal-RFP-FS-2021-01-MB-ADDENDUM-1.pdf,pdfix-unable-to-open
courts/default/documents/CFCC-22-131RB-Intent-To-Award.pdf,pdfix-unable-to-open
courts/default/documents/TCAS-2022-01-MS-Attachment-8-Prevailing-Wages-Certification.pdf,pdfix-unable-to-open
courts/default/documents/adminctintexam-rfp_0.pdf,pdfix-unable-to-open
courts/default/documents/juvedumeds-rfp_0.pdf,pdfix-unable-to-open
courts/default/documents/Job-Walk-Sign-In-Sheet.pdf,pdfix-unable-to-open
courts/default/documents/tv_ber_0.pdf,pdfix-unable-to-open
courts/default/documents/RFP-COA-2019-RP.pdf,pdfix-unable-to-open
courts/default/documents/CRS-AK-421-RFP-Cancellation.pdf,pdfix-unable-to-open
courts/default/documents/CRS-SP-184-Attachment-1-Admin-Rules-Non-IT-Services.pdf,pdfix-unable-to-open
courts/default/documents/CRS-SP-409-RFP-Hotel-FULL-SERVICE.pdf,pdfix-unable-to-open
courts/default/documents/IT23-157RB-Attach-7-Std205.pdf,pdfix-unable-to-open
courts/default/documents/adagency-rfp-intent_0.pdf,pdfix-unable-to-open
courts/default/documents/FIN-201505-ML-QA.pdf,pdfix-unable-to-open
courts/default/documents/consult-tcfacilities-rfp-add2.pdf,pdfix-unable-to-open
courts/default/documents/HCRC-SS-052015-NON-COST-SCORES.pdf,pdfix-unable-to-open
courts/default/documents/juvdepwebgd-rfp-award.pdf,pdfix-unable-to-open
courts/default/documents/app_ip_intent_0.pdf,pdfix-unable-to-open
courts/default/documents/CRS-SP-330-Attachment-6-Conflict-of-Interest-Certification-form.pdf,pdfix-unable-to-open
courts/default/documents/RFP-FS-SP-2020-16-JP-Attachment-2-Regional-Building-List.pdf,pdfix-unable-to-open
courts/default/documents/susanville-gencontractors-rfq-attachc.pdf,pdfix-unable-to-open
courts/default/documents/brcpec-rfp_0.pdf,pdfix-unable-to-open
courts/default/documents/CRS-SP-263-Attachment-3-Vendors-Acceptance-of-the-RFPs-Contract-Terms.pdf,pdfix-unable-to-open
courts/default/documents/CRS-PD-272-RFP-Hotel-FULL-SERVICE-pjceo19.pdf,pdfix-unable-to-open
courts/default/documents/LSS-2019-17-CD-Attachment-1-Administrative-Rules.pdf,pdfix-unable-to-open
courts/default/documents/attachmentb_0.pdf,pdfix-unable-to-open
courts/default/documents/LSS-2019-17-CD-Master-Calendar-Scheduling-System-RFP.pdf,pdfix-unable-to-open
courts/default/documents/adda5_0.pdf,pdfix-unable-to-open
courts/default/documents/HCRC-SS-071216-RFP.pdf,pdfix-unable-to-open
courts/default/documents/cafmrfp-add2_0.pdf,pdfix-unable-to-open
courts/default/documents/CRS-EG-110-Attachment-1-Admin-Rules-Non-IT-Services.pdf,pdfix-unable-to-open
courts/default/documents/TCAS-2022-04-AJ-Attachment-11-DVBE-Bidder-Declaration.pdf,pdfix-unable-to-open
courts/default/documents/CRS-SP-231-Attachment-6-Conflict-of-Interest-Certification-form.pdf,pdfix-unable-to-open
courts/default/documents/ASU-TD-005-NN-Attachment-4-Darfur-Contracting-Act.pdf,pdfix-unable-to-open
courts/default/documents/mamlakes-rfp-atta_0.pdf,pdfix-unable-to-open
courts/default/documents/ECU-2013-01-Appendix-C-Discharge-from-Accountability-Sample-Report.pdf,pdfix-unable-to-open
courts/default/documents/RFP-SC-91323-MS-_Request-for-Proposals.pdf,pdfix-unable-to-open
courts/default/documents/brcpec-rfp-att1_0.pdf,pdfix-unable-to-open
courts/default/documents/cbsfcdcs-rfp-attach3_0.pdf,pdfix-unable-to-open
courts/default/documents/qanda_0.pdf,pdfix-unable-to-open
courts/default/documents/HR-2016-03-ML-Attachment-11-QA.pdf,pdfix-unable-to-open
courts/default/documents/CRS-PD-124-Attachment-1-Admin-Rules-Non-IT-Services.pdf,pdfix-unable-to-open
courts/default/documents/cbsfcdcs-rfp-attach2b.pdf,pdfix-unable-to-open
courts/default/documents/CRS-EG-357-Intent-to-Award.pdf,pdfix-unable-to-open
courts/default/documents/IT-2019-60-RB-Notice-of-Pre-Proposal-Conf.pdf,pdfix-unable-to-open
courts/default/documents/ASU-TD-014-Attachment-4-Darfur-Contracting-ACT-no-change-by-td.pdf,pdfix-unable-to-open
courts/default/documents/RFP-FS-2023-06-JP.pdf,pdfix-unable-to-open
courts/default/documents/project-schedule-rev.pdf,pdfix-unable-to-open
courts/default/documents/CRS-SP049-Attachment-5-Form-for-Submission-of-Technical-Proposal--ROOM-BLOCK-ONLY.pdf,pdfix-unable-to-open
courts/default/documents/familyfunding-toolkit-rfp-attach2.pdf,pdfix-unable-to-open
courts/default/documents/RFP-COA-2019-01-RP-Notice-Revised-RFP.pdf,pdfix-unable-to-open
courts/default/documents/cbsfcdcs-rfp-attach2e_0.pdf,pdfix-unable-to-open
courts/default/documents/CRS-EG-369-Attachment-RFP-Hotel-Room-Block.pdf,pdfix-unable-to-open
courts/default/documents/adagency-rfp-add1_0.pdf,pdfix-unable-to-open
courts/default/documents/titleinsurance-escrowservice-rfp-attachh.pdf,pdfix-unable-to-open
courts/default/documents/plumas-sierra-rfp-atta_0.pdf,pdfix-unable-to-open
courts/default/documents/IT-2020-65-RB-RFI-Amendment-1.pdf,pdfix-unable-to-open
courts/default/documents/CRS-SP-219-Questions-Answers.pdf,pdfix-unable-to-open
courts/default/documents/CJER-2023-07-LV-Attachment-6A-Payee-Data-Record-204.pdf,pdfix-unable-to-open
courts/default/documents/RFP-FS-2021-05-MB-Attachment-C-Acceptance-of-Terms-and-Conditions.pdf,pdfix-unable-to-open
courts/default/documents/CFCC-10-13-LM-Attachment-1-Administrative-Rules-Governing-RFPs.pdf,pdfix-unable-to-open
courts/default/documents/5DCA-19-57-RB-Attach-2-Master-Agrmt.pdf,pdfix-unable-to-open
courts/default/documents/JCC-2019-04-DM-Intent-To-Award.pdf,pdfix-unable-to-open
courts/default/documents/RFP-FS-2022-01-MB_Request-for-Proposals.pdf,pdfix-unable-to-open
courts/default/documents/TCAS-SAPC-2016-01-ML-QA.pdf,pdfix-unable-to-open
courts/default/documents/CRS-PD-101-Attachment-4-Darfur-Contracting-ACT-no-change.pdf,pdfix-unable-to-open
courts/default/documents/CRS-SP-344-Attachment-6-Conflict-of-Interest-Certification-form.pdf,pdfix-unable-to-open
courts/default/documents/RFP-FS-2022-02-MB-Attach-C-Acceptance-of-Terms.pdf,pdfix-unable-to-open
courts/default/documents/REFM-2016-07-SS-RFI-Integrated_Workplace_Management_System-Response_to_Questions.pdf,pdfix-unable-to-open
courts/default/documents/preconstsvc-rfp-attacha-rev_1.pdf,pdfix-unable-to-open
courts/default/documents/BAP-22-125RB-Answers-to-Questions.pdf,pdfix-unable-to-open
courts/default/documents/OS-20150901-RAPISCAN-JR-NOTICE-OF-INTENT-TO-AWARD.pdf,pdfix-unable-to-open
courts/default/documents/RFP-HR-2021-29-DM-Temporary-Staffing.pdf,pdfix-unable-to-open
courts/default/documents/CFCC-2016-12-RBB-RFP-SANTA-CLARA-CANCELLATION.pdf,pdfix-unable-to-open
courts/default/documents/refmsdis-rfp-add4.pdf,pdfix-unable-to-open
courts/default/documents/42-RFP-13-14-06_Mechanical-HVAC_Attachment-1_Admin-Rules.pdf,pdfix-unable-to-open
courts/default/documents/CRS-SP-193-Questions-Answers.pdf,pdfix-unable-to-open
courts/default/documents/CRS-SP-352-Attachment-3-Vendors-Acceptance-of-the-RFPs-Contract-Terms.pdf,pdfix-unable-to-open
courts/default/documents/CRS-PD-240-Intent-to-Award-cow18.pdf,pdfix-unable-to-open
courts/default/documents/cfcp_rfp-add1_0.pdf,pdfix-unable-to-open
courts/default/documents/manprocfair-rfp-intent_0.pdf,pdfix-unable-to-open
courts/default/documents/CFCC-2020-68-RB-RFP-Attach-3-Accept-TCs.pdf,pdfix-unable-to-open
courts/default/documents/CJER-2018-02-DM-Technical-Scores.pdf,pdfix-unable-to-open
courts/default/documents/FS-2017-01-BD-Attach-L-Internal-Background-Check-Policy.pdf,pdfix-unable-to-open
courts/default/documents/cscscodadd4.pdf,pdfix-unable-to-open
courts/default/documents/Attachment5-RFP-FS-2021-JP-OCIP-Safety-Rgmts-Manual.pdf,pdfix-unable-to-open
courts/default/documents/CRS-SP-271-Attachment-2-JCC-Hotel-Agreement.pdf,pdfix-unable-to-open
courts/default/documents/duiweb_intent.pdf,pdfix-unable-to-open
courts/default/documents/BAP-22-125RB-Attach-8-Darfur.pdf,pdfix-unable-to-open
courts/default/documents/CRS-EG-279-Cancellation-notice.pdf,pdfix-unable-to-open
courts/default/documents/wcm-rfp-att3_0.pdf,pdfix-unable-to-open
courts/default/documents/fundevrfp.pdf,pdfix-unable-to-open
courts/default/documents/snapshot-rfp-att2d.pdf,pdfix-unable-to-open
courts/default/documents/modular-rfp-att2.pdf,pdfix-unable-to-open
courts/default/documents/workcomptpa-rfp-attd.pdf,pdfix-unable-to-open
courts/default/documents/CRS-SP-323-Attachment-2-JCC-Hotel-Agreement.pdf,pdfix-unable-to-open
courts/default/documents/RFP-FS-2021-19-AL-Attach-4-Acceptance-of-Terms-and-Conditions.pdf,pdfix-unable-to-open
courts/default/documents/TCAS-2017-05-JU-Addendum-1.pdf,pdfix-unable-to-open
courts/default/documents/app_ip.pdf,pdfix-unable-to-open
courts/default/documents/CRS-PD-322-Attachment-3-Vendors-Acceptance-of-the-RFPs-Contract-Terms-ab105820.pdf,pdfix-unable-to-open
courts/default/documents/CRS-SP-239-Intent-to-Award.pdf,pdfix-unable-to-open
courts/default/documents/FS-2018-19-RP-RFP.pdf,pdfix-unable-to-open
courts/default/documents/RFP-Hotel-ROOM-BLOCK-CRS-AK-385.pdf,pdfix-unable-to-open
courts/default/documents/cscac-20210702-legsub-agenda.pdf,pdfix-unable-to-open
courts/default/documents/TCAS-2022-04-AJ-Attachment-10-Darfur-Contracting-Act-Certification.pdf,pdfix-unable-to-open
courts/default/documents/jcforms-rfp-atta_0.pdf,pdfix-unable-to-open
courts/default/documents/rfp-cfcc-nacjp-awardnotice.pdf,pdfix-unable-to-open
courts/default/documents/RFP-FS-2023-12-MB-ADDENDUM-03.pdf,pdfix-unable-to-open
courts/default/documents/CPAS-201101-RB-Addendum-3-RFP-Rev1.pdf,pdfix-unable-to-open
courts/default/documents/aoclanwanprojman-rfp-attach1.pdf,pdfix-unable-to-open
courts/default/documents/CRS-AU-067-RFP-Cow-County.pdf,pdfix-unable-to-open
courts/default/documents/CRS-SP-126-Attachment-6-Conflict-of-Interest-Certification-form.pdf,pdfix-unable-to-open
courts/default/documents/CJER-122013-OSCS-CF-Attachment-3-Terms-Acceptance.pdf,pdfix-unable-to-open
courts/default/documents/CRS-AK-375-Attachment-6-Conflict-of-Interest-Certification-form.pdf,pdfix-unable-to-open
courts/default/documents/CFCC-2019-09-LV-RFP-Interdisiplinary-Education-on-Permanency-Courts.pdf,pdfix-unable-to-open
courts/default/documents/RFP-BAP-2023-56-DM-Attachment-5A-STD-204.pdf,pdfix-unable-to-open
courts/default/documents/gcfmti-rfp-vendata.pdf,pdfix-unable-to-open
courts/default/documents/A7-Darfur-Certification.pdf,pdfix-unable-to-open
courts/default/documents/HRDRM-17-05-RBB-Attachment-8-UNRUH-Certification.pdf,pdfix-unable-to-open
courts/default/documents/evaljustcorps-rfp_0.pdf,pdfix-unable-to-open
courts/default/documents/FSO-GC-Services-IDIQ-2018-01-JP-Attach-I-Answers-to-Questions.pdf,pdfix-unable-to-open
courts/default/documents/CRS-SP-270-RFP-Hotel-ROOM-BLOCK.pdf,pdfix-unable-to-open
courts/default/documents/tempserv-rfp_att_c_proposers_acceptance_of_rfps_master_agreement_terms.pdf,pdfix-unable-to-open
courts/default/documents/statecopy-rfp-add3.pdf,pdfix-unable-to-open
courts/default/documents/CRS-PD-224-RFP-Hotel-ROOM-BLOCK-eacmar18.pdf,pdfix-unable-to-open
courts/default/documents/pilotdesign-shriver-rfp-cancel.pdf,pdfix-unable-to-open
courts/default/documents/plainengrfp-c_0.pdf,pdfix-unable-to-open
courts/default/documents/ccms-rfp-add2.pdf,pdfix-unable-to-open
courts/default/documents/RFP-FS-2023-19-XC-Response-to-Submitted-Questions.pdf,pdfix-unable-to-open
courts/default/documents/RFP-FS-2021-22-JP-Short-Listed.pdf,pdfix-unable-to-open
courts/default/documents/archrelsvccapproj-rfq-qq.pdf,pdfix-unable-to-open
courts/default/documents/CRS-SP-301-Attachment-4-Darfur-Contracting-ACT.pdf,pdfix-unable-to-open
courts/default/documents/RFP-CFCC-2023-26-LV-Attachment-2-Terms-and-Conditions.pdf,pdfix-unable-to-open
courts/default/documents/evaljustcorps-rfp.pdf,pdfix-unable-to-open
courts/default/documents/CFCC-22-131RB-Attach-2-Standard-Agreement.pdf,pdfix-unable-to-open
courts/default/documents/preconstsvc-rfp-attachj_0.pdf,pdfix-unable-to-open
courts/default/documents/Q-A.pdf,pdfix-unable-to-open
courts/default/documents/elearn-rfp-a_0.pdf,pdfix-unable-to-open
courts/default/documents/CFCC-2021-21-DM-Intent-To-Award.pdf,pdfix-unable-to-open
courts/default/documents/RFP-Hotel-ROOM-BLOCK-CRS-AK-420.pdf,pdfix-unable-to-open
courts/default/documents/CRS-SP-047-Attachment-7-Conflict-of-Interest-Certification-form.pdf,pdfix-unable-to-open
courts/default/documents/susanville-gencontractors-rfq-award.pdf,pdfix-unable-to-open
courts/default/documents/Attachment-R-RFP-2021-07-BD-Judicial-Council-Tool-Control-Policy.pdf,pdfix-unable-to-open
courts/default/documents/swsecscreen-rfp-qa2_0.pdf,pdfix-unable-to-open
courts/default/documents/CRS-SP-287-Attachment-1-Admin-Rules-Non-IT-Services.pdf,pdfix-unable-to-open
courts/default/documents/HCRC-SS-052015-QA.pdf,pdfix-unable-to-open
courts/default/documents/dellhardware-ifb-attach1.pdf,pdfix-unable-to-open
courts/default/documents/2010study-rfp.pdf,pdfix-unable-to-open
courts/default/documents/HRS-03-13-SS-Attachment-4-Vendor-Payee-Data.pdf,pdfix-unable-to-open
courts/default/documents/CRS-LK-383-Attachment-2-Standard-Agreement-Sample.pdf,pdfix-unable-to-open
courts/default/documents/cmar-indioconstruct-rfp-attachh.pdf,pdfix-unable-to-open
courts/default/documents/preconstruct-riskmanage-monterey-rfp-attache.pdf,pdfix-unable-to-open
courts/default/documents/ergoassess-rfp-intent.pdf,pdfix-unable-to-open
courts/default/documents/constrantct-rfp_attc_0.pdf,pdfix-unable-to-open
courts/default/documents/JBCP-2012-05-BR-Notice-of-Intent-to-Award.pdf,pdfix-unable-to-open
courts/default/documents/sdcourthouse-risk-rfp-attachf.pdf,pdfix-unable-to-open
courts/default/documents/RFPFS202205MB-Off-Site_Improvement_Drawings.pdf,pdfix-unable-to-open
courts/default/documents/CRS-PD-170-Attachment-RFP-Hotel-ROOM-BLOCK-NJO.pdf,pdfix-unable-to-open
courts/default/documents/CRS-SP-114-Cancellation-Notice.pdf,pdfix-unable-to-open
courts/default/documents/dm-rfp-att3_0.pdf,pdfix-unable-to-open
courts/default/documents/CRS-EG-169-Attachment-1-Admin-Rules-PAOEAC-June-2016.pdf,pdfix-unable-to-open
courts/default/documents/RFP-FS-2021-11-AL-Addendum03.pdf,pdfix-unable-to-open
courts/default/documents/EDU-10-12-LM-Notice-of-Award.pdf,pdfix-unable-to-open
courts/default/documents/COS-ODP-201604-PSK-Attachment-2.pdf,pdfix-unable-to-open
courts/default/documents/CRS-EG88-Attachment-1-Admin-Rules-Non-IT-Services.pdf,pdfix-unable-to-open
courts/default/documents/brcpec-rfp-att5.pdf,pdfix-unable-to-open
courts/default/documents/CRS-PD-188-Cancellation-Notice-NJO.pdf,pdfix-unable-to-open
courts/default/documents/publish-rfp-att3.pdf,pdfix-unable-to-open
courts/default/documents/HR-2012-01-RB-HR-2012-01-RB-Attachment-2-T-and-C.pdf,pdfix-unable-to-open
courts/default/documents/perfindmonrfp.pdf,pdfix-unable-to-open
courts/default/documents/evalcivinst-rfp-attf.pdf,pdfix-unable-to-open
courts/default/documents/CFCC-2016-13-RBB-Attachment-2-Standard-Provisions.pdf,pdfix-unable-to-open
courts/default/documents/COS-ODP-201604-PSK-Attachment-3.pdf,pdfix-unable-to-open
courts/default/documents/CRS-EG-238-Intent-to-Award.pdf,pdfix-unable-to-open
courts/default/documents/RFP-FS-2021-11-AL-Addendum02.pdf,pdfix-unable-to-open
courts/default/documents/OGC-ADR-02-RB-Attachment-4-Payee-Data-Record-Form.pdf,pdfix-unable-to-open
courts/default/documents/CRS-SP-199-Attachment-2-JCC-Hotel-Agreement.pdf,pdfix-unable-to-open
courts/default/documents/RFPInfractionAmnestyProgramECU-201101-GW.pdf,pdfix-unable-to-open
courts/default/documents/IT-DMS-2016-01-MDS-Appendix-B4a-work-order.pdf,pdfix-unable-to-open
courts/default/documents/RFP-FS-2023-05-XC-Attach-11-Unruh-Certification.pdf,pdfix-unable-to-open
courts/default/documents/5DCA-19-57-RB-Request-For-Proposal.pdf,pdfix-unable-to-open
courts/default/documents/caseflow.pdf,pdfix-unable-to-open
courts/default/documents/cwcpolicystatementoninfosharing.pdf,pdfix-unable-to-open
courts/default/documents/CRS-SP-115-Intent-to-Award-AUGUST.pdf,pdfix-unable-to-open
courts/default/documents/RFP-SC-91323-MS-Attachment-6B-STD-205-Payee-Data-Record.pdf,pdfix-unable-to-open
courts/default/documents/preconstsvc-rfp-intent.pdf,pdfix-unable-to-open
courts/default/documents/publish-rfp-att2.pdf,pdfix-unable-to-open
courts/default/documents/brcpec-rfp-att4.pdf,pdfix-unable-to-open
courts/default/documents/CFCC-14-01-RB-Attachment-7-Payee-Data-Record.pdf,pdfix-unable-to-open
courts/default/documents/CRS-EG-292-Attachment-2-JCC-Hotel-Agreement.pdf,pdfix-unable-to-open
courts/default/documents/FS-2018-12-BD-Attach-G-Submission-of-Answers-to-Questions.pdf,pdfix-unable-to-open
courts/default/documents/preconstruct-riskmanage-monterey-rfp-attachd.pdf,pdfix-unable-to-open
courts/default/documents/CFCC-2022-34-DM-Attachment-7-Std205.pdf,pdfix-unable-to-open
courts/default/documents/cmar-indioconstruct-rfp-attachi.pdf,pdfix-unable-to-open
courts/default/documents/CFCC-2020-12-DM-Technical-Scores.pdf,pdfix-unable-to-open
courts/default/documents/CRS-SP-126-Attachment-4-Darfur-Contracting-ACT.pdf,pdfix-unable-to-open
courts/default/documents/sejuvdepct-qdata-rfp-att2b_0.pdf,pdfix-unable-to-open
courts/default/documents/CRS-SP-066-Attachment-7-Conflict-of-Interest-Certification-form.pdf,pdfix-unable-to-open
courts/default/documents/cfcp_rfp-add1.pdf,pdfix-unable-to-open
courts/default/documents/REFM-2014-08-RB-RFP.pdf,pdfix-unable-to-open
courts/default/documents/CRS-EG-384-Attachment-RFP-Hotel-Room-Block.pdf,pdfix-unable-to-open
courts/default/documents/CRS-EG-168-Attachment-2-Agreement-Template.pdf,pdfix-unable-to-open
courts/default/documents/devdraftpol-rfp-att2_0.pdf,pdfix-unable-to-open
courts/default/documents/repjuvdep-mendrfp-add2.pdf,pdfix-unable-to-open
courts/default/documents/sdcourthouse-risk-rfp-attachg.pdf,pdfix-unable-to-open
courts/default/documents/CRS-EG035-Attachment-1-Admin-Rules-Non-IT-Services.pdf,pdfix-unable-to-open
courts/default/documents/BS-2020-13-DM-Attachment-7-UNRUH-CERTIFICATION.pdf,pdfix-unable-to-open
courts/default/documents/CRS-PD-272-Intent-to-Award-pjceo19.pdf,pdfix-unable-to-open
courts/default/documents/RFP-REFM-2016-29-JP-Attachment-9-Internal-Background-Check-Policy.pdf,pdfix-unable-to-open
courts/default/documents/COSSO-02-14-LM-Table-of-Contents.pdf,pdfix-unable-to-open
courts/default/documents/IT-2021-80RB-Notice-of-Intent-to-Award.pdf,pdfix-unable-to-open
courts/default/documents/ccporappdev-rfp-att1.pdf,pdfix-unable-to-open
courts/default/documents/BAP-2017-01-PC-Exhibit-10.pdf,pdfix-unable-to-open
courts/default/documents/preconstsvc-rfp-attachj_1.pdf,pdfix-unable-to-open
courts/default/documents/CFCC-04-13-LM-RFP.pdf,pdfix-unable-to-open
courts/default/documents/RFP-CFCC-2023-11-LP-Attachment-1-Administrative-Rules.pdf,pdfix-unable-to-open
courts/default/documents/JBCP-2016-06-CP-ShortListAnnouncement.pdf,pdfix-unable-to-open
courts/default/documents/4-2-RFP-12-13-04CK-Attachment-3-Accept-Terms.pdf,pdfix-unable-to-open
courts/default/documents/paint-supplies-rfp.pdf,pdfix-unable-to-open
courts/default/documents/Answers-to-Submitted-Questions-RFPFS202301MB_0.pdf,pdfix-unable-to-open
courts/default/documents/statecopy-rfp-add2.pdf,pdfix-unable-to-open
courts/default/documents/RFP-FS-2023-13-MY-ADDENDUM-1.pdf,pdfix-unable-to-open
courts/default/documents/RFP-CFCC22-119RB-A4-Gen-Certs.pdf,pdfix-unable-to-open
courts/default/documents/RFP-FS-2020-09-JP-Attachment-D-Payee-Data-Record.pdf,pdfix-unable-to-open
courts/default/documents/CRS-PD-170-Attachment-3-Vendors-Acceptance-of-the-RFPs-Contract-Terms-NJO.pdf,pdfix-unable-to-open
courts/default/documents/1DCA-19-54-RB-Attach-4-Gen-Cert.pdf,pdfix-unable-to-open
courts/default/documents/CJER-05-13-RB-Attachment-4-Vendor-Payee-Data.pdf,pdfix-unable-to-open
courts/default/documents/CRS-PD-278-Attachment-2-JCC-Hotel-Agreement-Template-aji20.pdf,pdfix-unable-to-open
courts/default/documents/RFP-COA-2019-01-RP-Short-List-Announcement.pdf,pdfix-unable-to-open
courts/default/documents/hr053012ck_rfp_jbwcp_insurance_brokerage_and_consulting_services.pdf,pdfix-unable-to-open
courts/default/documents/devdraftpol-rfp-award.pdf,pdfix-unable-to-open
courts/default/documents/RFP-ISD-06192012-SLO_Attachment-8_Testing-Requirements.pdf,pdfix-unable-to-open
courts/default/documents/designconstruct-engineerservices11-rfp-attacha.pdf,pdfix-unable-to-open
courts/default/documents/BS-2020-13-DM-Public-Cost-Opening-Notice.pdf,pdfix-unable-to-open
courts/default/documents/RFP-FS-SP-2019-03-JP-Attachment-1-Regions-Map_0.pdf,pdfix-unable-to-open
courts/default/documents/FSO-2018-05-JMG_Attach_K_to_Std_Agmt_Security_Badging_Policy.pdf,pdfix-unable-to-open
courts/default/documents/RFP-FS-SP-2019-03-JP-Attachment-3-Regional-Pricing-Work.pdf,pdfix-unable-to-open
courts/default/documents/RFP-FS-2023-12-MB-ADDENDUM-02.pdf,pdfix-unable-to-open
courts/default/documents/licagree-rfp-atta_0.pdf,pdfix-unable-to-open
courts/default/documents/ASU-TD-031-Intent-to-Award-Cow-County-2013.pdf,pdfix-unable-to-open
courts/default/documents/RFP-FS-SP-2020-16-JP-Addendum-1.pdf,pdfix-unable-to-open
courts/default/documents/marin-depend-rfp-attacha.pdf,pdfix-unable-to-open
courts/default/documents/CRS-PD-267-Attachment-1-Admin-Rules-Non-IT-Services-janpao19.pdf,pdfix-unable-to-open
courts/default/documents/RFP-COA-2019-01-RP-Intent-to-Award.pdf,pdfix-unable-to-open
courts/default/documents/IT-2023-10-SB-Audio-Conference-Attachment-5-STD204.pdf,pdfix-unable-to-open
courts/default/documents/CRS-SO060-Attachment-3--Vendors-Acceptance-of-the-RFPs-Contract-Terms.pdf,pdfix-unable-to-open
courts/default/documents/cscscodadd5.pdf,pdfix-unable-to-open
courts/default/documents/snapshot-rfp-att2e.pdf,pdfix-unable-to-open
courts/default/documents/flrgp-qna_0.pdf,pdfix-unable-to-open
courts/default/documents/CRS-SP-076-Attachment-3-Vendors-Acceptance-of-the-RFPs-Contract-Terms.pdf,pdfix-unable-to-open
courts/default/documents/RFP-IT-2021-80RB-Attachment-4-General-Certifications.pdf,pdfix-unable-to-open
courts/default/documents/refmsdis-rfp-add5.pdf,pdfix-unable-to-open
courts/default/documents/ASU-DC-008-LM-Table-of-Contents.pdf,pdfix-unable-to-open
courts/default/documents/refmsdis-rfp-qa_0.pdf,pdfix-unable-to-open
courts/default/documents/FS-2017-02-BD-Attachment-2-Asbestos-Work-Permit-Management-Process.pdf,pdfix-unable-to-open
courts/default/documents/CRS-SP-073-Attachment-3-Vendors-Acceptance-of-the-RFPs-Contract-Terms.pdf,pdfix-unable-to-open
courts/default/documents/CRS-SP-360-Attachment-2-JCC-Hotel-Agreement-Template.pdf,pdfix-unable-to-open
courts/default/documents/RFPFS202301MB-Request-for-Proposals-ADDENDUM-1_0.pdf,pdfix-unable-to-open
courts/default/documents/costest-rfp_0.pdf,pdfix-unable-to-open
courts/default/documents/IFB-ISD-018730-AA-Attachment-2-termsandconditions4.pdf,pdfix-unable-to-open
courts/default/documents/LSS-18-48-RB-RFP.pdf,pdfix-unable-to-open
courts/default/documents/CFCC-201103-RB-RFP-CA-Parolee-Reentry-Evaluation.pdf,pdfix-unable-to-open
courts/default/documents/hradd1.pdf,pdfix-unable-to-open
courts/default/documents/CRS-AK-402-Attachment-3-Vendors-Acceptance-of-the-RFPs-Contract-Terms.pdf,pdfix-unable-to-open
courts/default/documents/REFM-2016-02-JT-NOTICE-OF-INTENT-TO-AWARD.pdf,pdfix-unable-to-open
courts/default/documents/workcomptpa-rfp-qa_0.pdf,pdfix-unable-to-open
courts/default/documents/NCRO-2018-Reissue-PSK-Attach-6-Payee-Data-Record-Form.pdf,pdfix-unable-to-open
courts/default/documents/preconstsvc-rfp-attacha-rev_0.pdf,pdfix-unable-to-open
courts/default/documents/RFP-CFCC-2022-11-LV-Update-Every-Child-Every-Hearing.pdf,pdfix-unable-to-open
courts/default/documents/JBWCP-2019-07-DM-Attachment-6-Payee-Data-Record-Form.pdf,pdfix-unable-to-open
courts/default/documents/CRS-SP-389-RFP-Hotel-FULL-SERVICE.pdf,pdfix-unable-to-open
courts/default/documents/ASU-DC-007-NN-Attachment-5-Submission-Form-for-Technical-Proposal.pdf,pdfix-unable-to-open
courts/default/documents/familyfunding-toolkit-rfp-attach3.pdf,pdfix-unable-to-open
courts/default/documents/oocmarchitect-engineer-rfq.pdf,pdfix-unable-to-open
courts/default/documents/RFP-FS-2021-04-MB-Attachment-M-DVBE-Declaration.pdf,pdfix-unable-to-open
courts/default/documents/CRS-SP-270-Intent-to-Award.pdf,pdfix-unable-to-open
courts/default/documents/evaljuryservideo-rfp-add1.pdf,pdfix-unable-to-open
courts/default/documents/CRS-PD-336-Intent-to-Award-jan21_higg.pdf,pdfix-unable-to-open
courts/default/documents/CFCC-2021-05-LV-ICWA-Best-Practices-Tribal-Engagement-Cancellation-Notice.pdf,pdfix-unable-to-open
courts/default/documents/LSO-ADR-06-LM-Q-A.pdf,pdfix-unable-to-open
courts/default/documents/cbsfcdcs-rfp-attach2c.pdf,pdfix-unable-to-open
courts/default/documents/CRS-SP-131-Attachment-2-JCC-Hotel-Agreement.pdf,pdfix-unable-to-open
courts/default/documents/RFP-ISD-06192012-SLO_Attachment-7_Business-and-Funtional-Requirements.pdf,pdfix-unable-to-open
courts/default/documents/CRS-SP-242-Attachment-2-JCC-Hotel-Agreement-Template.pdf,pdfix-unable-to-open
courts/default/documents/FS-2021-Attachment-08-UNRUH.pdf,pdfix-unable-to-open
courts/default/documents/CRS-SP-308-Attachment-RFP-Hotel-FULL-SERVICE.pdf,pdfix-unable-to-open
courts/default/documents/RFP-FS-2021-05-MB-Attachment-A-Administrative-Rules.pdf,pdfix-unable-to-open
courts/default/documents/TCAS-2021-01-MS-Attachment-10-Iran-Contracting-Act-Certification.pdf,pdfix-unable-to-open
courts/default/documents/ccporappdev-rfp.pdf,pdfix-unable-to-open
courts/default/documents/cse.pdf,pdfix-unable-to-open
courts/default/documents/IFB-BAP-06062017-RB.pdf,pdfix-unable-to-open
courts/default/documents/susanville-gencontractors-rfq-attachb.pdf,pdfix-unable-to-open
courts/default/documents/cjac-02142024-mh-notice-agenda.pdf,pdfix-unable-to-open
courts/default/documents/RFP-FSO-IDIQ-SPRS-2017-03-JP-Notice-of-Intent-to-Award.pdf,pdfix-unable-to-open
courts/default/documents/CJER0613LM-Attachment-3-Proposers-Acceptance-of-TCs.pdf,pdfix-unable-to-open
courts/default/documents/CRS-AK-420-Intent-to-Award.pdf,pdfix-unable-to-open
courts/default/documents/CRS-AU-134-Attachment-1-Admin-Rules.pdf,pdfix-unable-to-open
courts/default/documents/TCAS-2022-04-AJ-Attachment-7-Electronic-Funds-Transfer-Authorization.pdf,pdfix-unable-to-open
courts/default/documents/webredesign-rfp-add2.pdf,pdfix-unable-to-open
courts/default/documents/CRS-SP-356-Intent-to-Award.pdf,pdfix-unable-to-open
courts/default/documents/FSO-CMS-2018-10-JP-Attach-A-Form-of-Agreement-Sample-Template.pdf,pdfix-unable-to-open
courts/default/documents/CFCC-13-13-LM-RFP.pdf,pdfix-unable-to-open
courts/default/documents/CFCC-2012-02-RB-Appendix-A-JCATS-Screen-Shots.pdf,pdfix-unable-to-open
courts/default/documents/CRS-PD-152-Attachment-1-Admin-Rules-Non-IT-Services-NJO.pdf,pdfix-unable-to-open
courts/default/documents/CRS-EG-358-Attachment-2-JCC-Standard-Terms-and-Conditions.pdf,pdfix-unable-to-open
courts/default/documents/3trackrfp.pdf,pdfix-unable-to-open
courts/default/documents/3DCA-17-18-10-Request-for-Proposals.pdf,pdfix-unable-to-open
courts/default/documents/RFPFS202307KO-Attach-E-Gen-Certs.pdf,pdfix-unable-to-open
courts/default/documents/CRS-SP-151-Attachment-1-Admin-Rules-Non-IT-Services.pdf,pdfix-unable-to-open
courts/default/documents/CRS-EG90-Attachment-1-Admin-Rules-Non-IT-Services.pdf,pdfix-unable-to-open
courts/default/documents/OGC-ADR-03-NN-Cancellation-Notice.pdf,pdfix-unable-to-open
courts/default/documents/CRS-PD-304-Amendment-Notice_jc20.pdf,pdfix-unable-to-open
courts/default/documents/CFCC-2016-16-RBB-Attachment-3-Acceptance-of-TCs.pdf,pdfix-unable-to-open
courts/default/documents/CRS-SP-047-RFP-Hotel.pdf,pdfix-unable-to-open
courts/default/documents/Attachment-2-PO-TnCs.pdf,pdfix-unable-to-open
courts/default/documents/CRS-PD-273-RFP-Hotel-ROOM-BLOCK-febpao19.pdf,pdfix-unable-to-open
courts/default/documents/cdupmcjcp-rfp-cancel_0.pdf,pdfix-unable-to-open
courts/default/documents/RFQ-FS-2019-01-DGF-Attach-K-Internal-Background-Check-Policy.pdf,pdfix-unable-to-open
courts/default/documents/FS-2017-20-BD-notice-of-intent-to-award.pdf,pdfix-unable-to-open
courts/default/documents/ASU-TD-027-Attachment-7-Conflict-of-Interest-Certification-form.pdf,pdfix-unable-to-open
courts/default/documents/basissap-rfp-attach1_0.pdf,pdfix-unable-to-open
courts/default/documents/FIN032811CK-Notice-of-Intent-to-Award.pdf,pdfix-unable-to-open
courts/default/documents/juvdepwebgd-rfp-atte_0.pdf,pdfix-unable-to-open
courts/default/documents/sharedservrfp.pdf,pdfix-unable-to-open
courts/default/documents/IT-2019-60-RB-RFP-A10-DVBE-Bidder-Decl.pdf,pdfix-unable-to-open
courts/default/documents/CFCC-032514-PCDR-CF-Attachment-7-Certifications.pdf,pdfix-unable-to-open
courts/default/documents/CRS-EG-407-Notice-of-cancellation.pdf,pdfix-unable-to-open
courts/default/documents/RFP-CFCC-2022-02-TQ-Q-A-Final-11-14-22.pdf,pdfix-unable-to-open
courts/default/documents/NCRO-2018-Reissue-PSK-intent-to-award.pdf,pdfix-unable-to-open
courts/default/documents/RFP-FSO-2017-10-JR-Notice-of-Cancellation.pdf,pdfix-unable-to-open
courts/default/documents/CRS-EG-357-Attachment-RFP-Hotel-FULL-SERVICE.pdf,pdfix-unable-to-open
courts/default/documents/forum-20220609-notice-agenda.pdf,pdfix-unable-to-open
courts/default/documents/evaljustcorps-rfp-notice.pdf,pdfix-unable-to-open
courts/default/documents/confaudio-rfp-add1_0.pdf,pdfix-unable-to-open
courts/default/documents/CRS-PD-152-Cancellation-Notice-January-2016.pdf,pdfix-unable-to-open
courts/default/documents/CRS-PD-226-Intent-to-Award.pdf,pdfix-unable-to-open
courts/default/documents/HR-HREMS-2017-03-ML-Attachment-6-Payee-Data-Record-Form.pdf,pdfix-unable-to-open
courts/default/documents/appraiserrfp-1.pdf,pdfix-unable-to-open
courts/default/documents/ecm-rfp-pre_0.pdf,pdfix-unable-to-open
courts/default/documents/REFM-2016-15-RP-Attachment-2-1.pdf,pdfix-unable-to-open
courts/default/documents/OREFM-2012-04-CC-Attachment-D-Example-Work-Authorization.pdf,pdfix-unable-to-open
courts/default/documents/LSD-2017-36-RB-Request-for-Proposal.pdf,pdfix-unable-to-open
courts/default/documents/CRS-SP-066-Attachment-4-Darfur-Contracting-ACT.pdf,pdfix-unable-to-open
courts/default/documents/CRS-EG-335-Attachment-2-JCC-Hotel-Agreement-Template-07-14-15.pdf,pdfix-unable-to-open
courts/default/documents/RFPFS202124AL-Attach-5-Unruh-Cert.pdf,pdfix-unable-to-open
courts/default/documents/RFP-FS-2022-08-XC-Attachment-K-DVBE-Declaration.pdf,pdfix-unable-to-open
courts/default/documents/CFCC23-163RB-Attach-9-Bidder-Declaration.pdf,pdfix-unable-to-open
courts/default/documents/QA-FIN-2020-21-CD.pdf,pdfix-unable-to-open
courts/default/documents/CRS-PD-264-RFP-Hotel-FULL-SERVICE-cow19.pdf,pdfix-unable-to-open
courts/default/documents/COM-LSD-201504-JR-Attachment-4.pdf,pdfix-unable-to-open
courts/default/documents/RFPFS202205MB-Answers-to-Submitted-Questions-%28Round-3%29.pdf,pdfix-unable-to-open
courts/default/documents/CRS-EG-173-Attachment-2-JCC-Hotel-Agreement-Template.pdf,pdfix-unable-to-open
courts/default/documents/CFCC-22-127RB-RFP-Attach-5-Darfur-Cert.pdf,pdfix-unable-to-open
courts/default/documents/CRS-SP-371-RFP-Hotel-ROOM-BLOCK.pdf,pdfix-unable-to-open
courts/default/documents/carsadd1.pdf,pdfix-unable-to-open
courts/default/documents/LSS-2023-07-LV-Attachment-10-Bidder-Declaration.pdf,pdfix-unable-to-open
courts/default/documents/CR-2019-04-LV-Cancellation-Notice.pdf,pdfix-unable-to-open
courts/default/documents/CFCC-2022-34-DM-Intent-To-Award-Cancellation-Notice.pdf,pdfix-unable-to-open
courts/default/documents/techstaff-augment-rfp-attache3.pdf,pdfix-unable-to-open
courts/default/documents/CFCC-22-124RB-Attach-2-Agmt.pdf,pdfix-unable-to-open
courts/default/documents/CRS-PD-209-Attachment-2-JCC-Hotel-Agreement-Template-Labor-Relations-SRO-2017.pdf,pdfix-unable-to-open
courts/default/documents/phoenix-rfp-attend_0.pdf,pdfix-unable-to-open
courts/default/documents/CJCSO-1301-RB-CalRAPP-Inter-Rater-Reliability-Attach-1-Admin-Rules.pdf,pdfix-unable-to-open
courts/default/documents/CRS-SP-253-Attachment-3-Vendors-Acceptance-of-the-RFPs-Contract-Terms.pdf,pdfix-unable-to-open
courts/default/documents/RFQ-P-FSO-2018-11-JMG-RFQ-P.pdf,pdfix-unable-to-open
courts/default/documents/project-schedule-rev0616_0.pdf,pdfix-unable-to-open
courts/default/documents/sejuvdepct-qdata-rfp_0.pdf,pdfix-unable-to-open
courts/default/documents/CRS-PD-147-RFP-NJO.pdf,pdfix-unable-to-open
courts/default/documents/cctaprfp-add2_0.pdf,pdfix-unable-to-open
courts/default/documents/RFP-CFCC-2021-107RB-Notice-of-Intent-to-Award.pdf,pdfix-unable-to-open
courts/default/documents/rules-20231013-materials.pdf,pdfix-unable-to-open
courts/default/documents/JBCP-2013-03-BR-ITB-Announcement-San-Joaquin-Juvenile.pdf,pdfix-unable-to-open
courts/default/documents/ASU-TD-029-Attachment-2-AOC-Hotel-Agreement-Template-_10-26-11.pdf,pdfix-unable-to-open
courts/default/documents/CFCC-2021-26-CD-Attachment-5-Darfur-Certification.pdf,pdfix-unable-to-open
courts/default/documents/RFP-FS-2021-20-JP-Attachment-2-Agreement-Sample.pdf,pdfix-unable-to-open
courts/default/documents/RFPFS202301MB-Request-for-Proposals-ADDENDUM-1.pdf,pdfix-unable-to-open
courts/default/documents/CRS-AU-286-Attachment-6-Conflict-of-Interest-Certification-form.pdf,pdfix-unable-to-open
courts/default/documents/RFP-CFCC-2023-53-DM-ADDENDUM-2.pdf,pdfix-unable-to-open
courts/default/documents/CRS-PD-223-Intent-to-Award-pjceo18.pdf,pdfix-unable-to-open
courts/default/documents/CRS-SP-328-RFP-Hotel-ROOM-BLOCK.pdf,pdfix-unable-to-open
courts/default/documents/CRS-EG-335-Attachment-1-Admin-Rules-Non-IT-Services.pdf,pdfix-unable-to-open
courts/default/documents/RFP-CFCC-2023-03-LP-Attachment-6A-STD204-Payee-Data-Record.pdf,pdfix-unable-to-open
courts/default/documents/RFQ-FS-2021-06-BD-Attach-F-RFP-General-Certifications.pdf,pdfix-unable-to-open
courts/default/documents/CRS-PD-297-Attachment-2-JCC-Hotel-Agreement-Template-janpao20.pdf,pdfix-unable-to-open
courts/default/documents/rfp-cfcc-nacjp-attach3_0.pdf,pdfix-unable-to-open
courts/default/documents/CFCC-2020-25-CD-Attachment-1-Administrative-Rules-Governing.pdf,pdfix-unable-to-open
courts/default/documents/ASU-EG024-Intent-to-Award.pdf,pdfix-unable-to-open
courts/default/documents/RFP-FS-2022-08-XC-Attachment-C-Acceptance-of-Terms-and-Conditions.pdf,pdfix-unable-to-open
courts/default/documents/tcweb-implement-rfp-attach6rev1.pdf,pdfix-unable-to-open
courts/default/documents/RFP-ISD-06192012-SLO_Addendum_2-SLO-San-Luis-Obispo-Case-Management-System-Replacement.pdf,pdfix-unable-to-open
courts/default/documents/IT-072414-WXRP-CF_Q-A.pdf,pdfix-unable-to-open
courts/default/documents/OREFM-2013-06-CC-Short_List_Notice_Appraisal_Services.pdf,pdfix-unable-to-open
courts/default/documents/OCR23-152RB-Attach-10-Iran-Cert.pdf,pdfix-unable-to-open
courts/default/documents/FS-2019-09-BD-Attachment-K-Judicial-Council-Response-to-Questions_V2.pdf,pdfix-unable-to-open
courts/default/documents/CRS-AU-032-Attachment-3--Vendors-Acceptance-of-the-RFPs-Contract-Terms-no-change.pdf,pdfix-unable-to-open
courts/default/documents/CRS-SP-362-Attachment-3-Vendors-Acceptance-of-the-RFPs-Contract-Terms.pdf,pdfix-unable-to-open
courts/default/documents/feltrial-rfp-attach2.pdf,pdfix-unable-to-open
courts/default/documents/CRS-PD-182-Attachment-3-Vendors-Acceptance-of-the-RFPs-Contract-Terms-SJI-2017.pdf,pdfix-unable-to-open
courts/default/documents/preconstruct-riskmanage-fresnorev-rfp-attachi.pdf,pdfix-unable-to-open
courts/default/documents/CRS-EG-RFP-314-Intent-to-award-courtyard.pdf,pdfix-unable-to-open
courts/default/documents/RFP-CFCC-2023-11-LP-QA.pdf,pdfix-unable-to-open
courts/default/documents/BAP-2017-02-MS-Addendum-1.pdf,pdfix-unable-to-open
courts/default/documents/JBCP-2015-12-BR-drawings.pdf,pdfix-unable-to-open
courts/default/documents/IT-2019-60-RB-Notice-of-Intent-to-Award.pdf,pdfix-unable-to-open
courts/default/documents/CRS-SP-269-Intent-to-Award.pdf,pdfix-unable-to-open
courts/default/documents/constrantct-rfp_att1g_0.pdf,pdfix-unable-to-open
courts/default/documents/RFP-FS-2020-08-AL-Attachment-7-Unruh-Act.pdf,pdfix-unable-to-open
courts/default/documents/crs-eg-122-Attachment-1-Admin-Rules-Non-IT-Services.pdf,pdfix-unable-to-open
courts/default/documents/lgladvc.pdf,pdfix-unable-to-open
courts/default/documents/CFCC-2020-69-RB-Attachment-7.pdf,pdfix-unable-to-open
courts/default/documents/CFCC-18-49-RB-RFP-Attach-3-General-Certs.pdf,pdfix-unable-to-open
courts/default/documents/ccms-rfp-encd-exa-appa7-3.pdf,pdfix-unable-to-open
courts/default/documents/facility-opmod-rfp-sitevisit.pdf,pdfix-unable-to-open
courts/default/documents/CRS-PD-272-Attachment-4-Darfur-Contracting-ACT-pjceo19.pdf,pdfix-unable-to-open
courts/default/documents/TCAS-2022-01-MS-Attachment-7-Darfur-Contracting-Act-Certification.pdf,pdfix-unable-to-open
courts/default/documents/RFP-FS-2022-13-XC-Attach-11-Iran-Contracting.pdf,pdfix-unable-to-open
courts/default/documents/RFQ-FS-2021-26-AL-ADDENDUM-2.pdf,pdfix-unable-to-open
courts/default/documents/CRS-SP-119-RFP-Hotel-FULL-SERVICE.pdf,pdfix-unable-to-open
courts/default/documents/occm-2011-19-jmg-RFP.pdf,pdfix-unable-to-open
courts/default/documents/CFCC-2021-11-LV-Attachment-4-General-Certification.pdf,pdfix-unable-to-open
courts/default/documents/ecm-rfp-appb.pdf,pdfix-unable-to-open
courts/default/documents/RFP-REFM-2016-29-JP-Attachment-3-Questions-Responses.pdf,pdfix-unable-to-open
courts/default/documents/3dcarfp201201_attachment1.pdf,pdfix-unable-to-open
courts/default/documents/CRS-SP-330-RFP-Hotel-FS-MULTIPLE-AWARDS.pdf,pdfix-unable-to-open
courts/default/documents/precon-stockton-rfq-add3.pdf,pdfix-unable-to-open
courts/default/documents/susanville-gencontractors-rfq-attachb1.pdf,pdfix-unable-to-open
courts/default/documents/bpr-rfp-att_f_ccms_fact_sheet_0.pdf,pdfix-unable-to-open
courts/default/documents/archrelsvccapproj-rfq-interview-datesinfo.pdf,pdfix-unable-to-open
courts/default/documents/JBCP-2015-02-BR-Intent-to-Award_Santa-Barbara.pdf,pdfix-unable-to-open
courts/default/documents/RFQ-FS-SP-2019-02-JP-Shortlisted-Proposers.pdf,pdfix-unable-to-open
courts/default/documents/CRS-EG-283-Intent-to-Award.pdf,pdfix-unable-to-open
courts/default/documents/CFCC23-163RB-Attach-1-Admin-Rules.pdf,pdfix-unable-to-open
courts/default/documents/RFP-HR-2023-02-LV-Attachment-7-Payee-Data-Record-205.pdf,pdfix-unable-to-open
courts/default/documents/CFCC-032514-PCDR-CF-Attachment-5-Payee-Data-Record.pdf,pdfix-unable-to-open
courts/default/documents/COM-LSD-201507-JR-Attachment-6.pdf,pdfix-unable-to-open
courts/default/documents/rfp-bluerib-cancel.pdf,pdfix-unable-to-open
courts/default/documents/guidejuvdelperf-rfp.pdf,pdfix-unable-to-open
courts/default/documents/duiweb_add2_0.pdf,pdfix-unable-to-open
courts/default/documents/RFP-FS-2022-07-JP-Attachment-B-Cost-Proposal.pdf,pdfix-unable-to-open
courts/default/documents/FS-2021-12-AL-Attach-6-Darfur-Certification.pdf,pdfix-unable-to-open
courts/default/documents/scampi-ind-rfp-add1.pdf,pdfix-unable-to-open
courts/default/documents/RFP-FS-2021-18-QNA.pdf,pdfix-unable-to-open
courts/default/documents/FIN032811CK-addendum-1-Attachment-4-Master-Agreemen-General-Conditions.pdf,pdfix-unable-to-open
courts/default/documents/TCAS-2018-03-BH-Notice-of-Intent-to-Award.pdf,pdfix-unable-to-open
courts/default/documents/RFP-BAP23-155RB-Attach-7-Bidder-Declaration.pdf,pdfix-unable-to-open
courts/default/documents/RFP-FS-SP-2019-03-JP-Attachment-6-Contract-Sample-Addendum-2.pdf,pdfix-unable-to-open
courts/default/documents/RFP-HR-2023-02-EAP-QA.pdf,pdfix-unable-to-open
courts/default/documents/LSS-2023-04-LV-Attachment-6A-Payee-Data-Record-204.pdf,pdfix-unable-to-open
courts/default/documents/CFCC-201103-RB-Attachment-2-Terms-and-Conditions.pdf,pdfix-unable-to-open
courts/default/documents/TCAS-2021-01-MS-Request-For-Proposal.pdf,pdfix-unable-to-open
courts/default/documents/JBCP-2012-05-BR-N-Butte-Addendum-2.pdf,pdfix-unable-to-open
courts/default/documents/REFM-2016-14-RP-Attachment-9.pdf,pdfix-unable-to-open
courts/default/documents/CRS-PD-272-Attachment-1-Admin-Rules-Non-IT-Services-pjceo19.pdf,pdfix-unable-to-open
courts/default/documents/CFCC-16-10-RBB-QandA.pdf,pdfix-unable-to-open
courts/default/documents/CFCC-2023-45-DM-Attachment-7-UNRUH-CERTIFICATION.pdf,pdfix-unable-to-open
courts/default/documents/juvdepctassess-rfp.pdf,pdfix-unable-to-open
courts/default/documents/ADMIN-2018-01-LB-Notice-of-Intent-to-Award.pdf,pdfix-unable-to-open
courts/default/documents/FSO-2020-07-JP-RFQ-Schedule-of-Events-Revised.pdf,pdfix-unable-to-open
courts/default/documents/riverside-reconstruct-rfq-attache.pdf,pdfix-unable-to-open
courts/default/documents/CRS-PD-105-Attachment-4-Darfur-Contracting-ACT.pdf,pdfix-unable-to-open
courts/default/documents/CRS-EG-422-RFP-Hotel-ROOM-BLOCK.pdf,pdfix-unable-to-open
courts/default/documents/themissdp-rfp.pdf,pdfix-unable-to-open
courts/default/documents/CRS-PD-101-Attachment-2-AOC-Hotel-Agreement.pdf,pdfix-unable-to-open
courts/default/documents/COS-ODP-201504-JR-Attachment-5.pdf,pdfix-unable-to-open
courts/default/documents/IT23-153RB-Attach-2-Std-Agmt.pdf,pdfix-unable-to-open
courts/default/documents/TCAS-2021-01-MS-Attachment-2-JCC-Standard-Terms-and-Conditions.pdf,pdfix-unable-to-open
courts/default/documents/ADMIN-2017-10-ML-Technical-Scores.pdf,pdfix-unable-to-open
courts/default/documents/gcportola-rfq-exhibc.pdf,pdfix-unable-to-open
courts/default/documents/CFCC23-164RB-Attach-9-DVBE-Declaration.pdf,pdfix-unable-to-open
courts/default/documents/RFP-FS-2020-08-AL-Attachment-4-General-Certifications.pdf,pdfix-unable-to-open
courts/default/documents/preconstsvc-rfp-add2_1.pdf,pdfix-unable-to-open
courts/default/documents/juvedumeds-rfp.pdf,pdfix-unable-to-open
courts/default/documents/FIN032811CK-addendum-1-Attachment-2-Work-to-be-Performed.pdf,pdfix-unable-to-open
courts/default/documents/CFCC-13-13-LM-Attachment-5-Darfur-Certification-Form.pdf,pdfix-unable-to-open
courts/default/documents/ASU-DC-008-LM-Attachment-5-Submission-Form-for-Technical-Proposal.pdf,pdfix-unable-to-open
courts/default/documents/RFP-IT23-153RB-QandA.pdf,pdfix-unable-to-open
courts/default/documents/2010lang-rfp-attd_0.pdf,pdfix-unable-to-open
courts/default/documents/CRS-SP-259-Attachment-6-Conflict-of-Interest-Certification-form.pdf,pdfix-unable-to-open
courts/default/documents/OGC-ADR-04-NN-Appendix-A-SB-78-for-Non-IT-Agreements.pdf,pdfix-unable-to-open
courts/default/documents/riverside-rfq-soils-final.pdf,pdfix-unable-to-open
courts/default/documents/CRS-PD-192-Attachment-RFP-Hotel-FULL-SERVICE-AJAI2017.pdf,pdfix-unable-to-open
courts/default/documents/ASU-AU-006-LM-Attachment-4-Darfur-Contracting-Act-Certification.pdf,pdfix-unable-to-open
courts/default/documents/CRSSP052-Attachment-RFP-Hotel-FULL-SERVICE.pdf,pdfix-unable-to-open
courts/default/documents/CFCC-2019-08-MS-Attachment-5-Darfur-Certification.pdf,pdfix-unable-to-open
courts/default/documents/CRS-EG-415-RFP-Hotel-ROOM-BLOCK.pdf,pdfix-unable-to-open
courts/default/documents/parking-cmjcente-rfp-attache.pdf,pdfix-unable-to-open
courts/default/documents/RFP-FS-2020-06-DF-AL.pdf,pdfix-unable-to-open
courts/default/documents/Intent-to-Award-TCPJAC.pdf,pdfix-unable-to-open
courts/default/documents/hr053012ck_attachment_4_payee_data_form.pdf,pdfix-unable-to-open
courts/default/documents/RFQFS202205MB-Attach-5a-Payee-Data-Record.pdf,pdfix-unable-to-open
courts/default/documents/ASU-AU-006-LM-Q-A.pdf,pdfix-unable-to-open
courts/default/documents/RFP-ISD-06192012-SLO_Addendum_1-SLO_San-Luis-Obispo-Case-Management-System-Replacement.pdf,pdfix-unable-to-open
courts/default/documents/CFCC-2016-11-RBB-Attachment-6-Payee-Data-Record.pdf,pdfix-unable-to-open
courts/default/documents/CRS-PD-130-Attachment-4-Darfur-Contracting-ACT.pdf,pdfix-unable-to-open
courts/default/documents/publish-rfp-qna.pdf,pdfix-unable-to-open
courts/default/documents/CJER-08-14-MQ-Attachment-5-Vendor-Payee-Data-Record.pdf,pdfix-unable-to-open
courts/default/documents/CFCC-2019-09-LV-Attachment-8-DVBE-Declaration.pdf,pdfix-unable-to-open
courts/default/documents/REFM-2016-16-BD-RFP-Attach-1-Standard-Master-Agreement.pdf,pdfix-unable-to-open
courts/default/documents/RFP-BAP24-166RB-Notice-of-Intent-to-Award.pdf,pdfix-unable-to-open
courts/default/documents/solanocourthouse-rfq-qna.pdf,pdfix-unable-to-open
courts/default/documents/3dcarfp201401_Attachment2_StandardTermsandConditions.pdf,pdfix-unable-to-open
courts/default/documents/CRS-EG-417-Questions-and-Answers.pdf,pdfix-unable-to-open
courts/default/documents/CRS-PD-264-Attachment-2-JCC-Hotel-Agreement-Template-cow19.pdf,pdfix-unable-to-open
courts/default/documents/CFCC-22-117RB-Attach-1-Admin-Rules.pdf,pdfix-unable-to-open
courts/default/documents/RFPFS202124AL-Attach-2-General-Certs.pdf,pdfix-unable-to-open
courts/default/documents/CRS-SP-392-Attachment-6-Conflict-of-Interest-Certification-form.pdf,pdfix-unable-to-open
courts/default/documents/newlbcourt-rfq2-letter_0.pdf,pdfix-unable-to-open
courts/default/documents/scdeprep-rfp-appd.pdf,pdfix-unable-to-open
courts/default/documents/IFB-BAP-22-126RB-Attach-7-Unruh.pdf,pdfix-unable-to-open
courts/default/documents/CFCC-22-117RB-RFP-Moodle-Services.pdf,pdfix-unable-to-open
courts/default/documents/FIN-MM-0412-NN-Attachment-6-Darfur-Contracting-Act.pdf,pdfix-unable-to-open
courts/default/documents/sdcourthouse-risk-rfp.pdf,pdfix-unable-to-open
courts/default/documents/constrantct-rfp_att1e_0.pdf,pdfix-unable-to-open
courts/default/documents/HRS-03-13-SS-Attachment-8-Pricing-Form.pdf,pdfix-unable-to-open
courts/default/documents/FS-2018-26-BD-Attachment-L-Question-and-Answer-Form.pdf,pdfix-unable-to-open
courts/default/documents/CRS-SP-071-Attachment-2-AOC-Hotel-Agreement-Template.pdf,pdfix-unable-to-open
courts/default/documents/courtbasedfdr-attb.pdf,pdfix-unable-to-open
courts/default/documents/RFP-FS-2022-13-XC-Attach-9-DVBE-Participation-Form.pdf,pdfix-unable-to-open
courts/default/documents/IT-2022-06-LB-Intent-To-Award.pdf,pdfix-unable-to-open
courts/default/documents/rfp082205-cimnot.pdf,pdfix-unable-to-open
courts/default/documents/RFP-CFCC-23-141RB-Addendum-1.pdf,pdfix-unable-to-open
courts/default/documents/cseaocform002-01_0.pdf,pdfix-unable-to-open
courts/default/documents/Attachment10-RFP-FS-2021-JP-Payee-Data-Record-Suppmt-205.pdf,pdfix-unable-to-open
courts/default/documents/sdcourthouse-risk-rfp-qna.pdf,pdfix-unable-to-open
courts/default/documents/ASU-DC-007-NN-Attachment-6-Submission-Form-for-Cost-Proposal.pdf,pdfix-unable-to-open
courts/default/documents/CRS-AU-286-Attachment-2-Hotel-Agreement-BTB.pdf,pdfix-unable-to-open
courts/default/documents/CRS-SP-293-Attachment-6-Conflict-of-Interest-Certification-form.pdf,pdfix-unable-to-open
courts/default/documents/tcpjac-20230920-notice.pdf,pdfix-unable-to-open
courts/default/documents/CRS-EG-384-Attachment-1-Admin-Rules-Non-IT-Services.pdf,pdfix-unable-to-open
courts/default/documents/IT-2023-46-DM-Intent-To-Award.pdf,pdfix-unable-to-open
courts/default/documents/sacramento-dependrep-rfp-appb.pdf,pdfix-unable-to-open
courts/default/documents/RFP-FS-2021-12-AL-NoticeOfIntentToAward.pdf,pdfix-unable-to-open
courts/default/documents/FS-2018-16-RP-Attach-A-RFP-Rules.pdf,pdfix-unable-to-open
courts/default/documents/COS-ODP-201504-JR-Attachment-7.pdf,pdfix-unable-to-open
courts/default/documents/2010study-rfp-intent_0.pdf,pdfix-unable-to-open
courts/default/documents/RFP-IT-2021-80RB-Cost-Proposals_Part1of4.pdf,pdfix-unable-to-open
courts/default/documents/CRS-SP-231-Attachment-2-JCC-Hotel-Agreement.pdf,pdfix-unable-to-open
courts/default/documents/scpiv_rfp_eop-06-6071-ct_court_info_vehicle_final.pdf,pdfix-unable-to-open
courts/default/documents/CRS-SP-121-Intent-to-Award-February-JC.pdf,pdfix-unable-to-open
courts/default/documents/aesmcp-rfq.pdf,pdfix-unable-to-open
courts/default/documents/solanocourthouse-rfq-prelist-revision.pdf,pdfix-unable-to-open
courts/default/documents/CFCC-2018-04-CD-Attachment-6-Payee-Data-Record-PDF-Format.pdf,pdfix-unable-to-open
courts/default/documents/CRS-SP-428-Attachment-1-Admin-Rules-Non-IT-Services.pdf,pdfix-unable-to-open
courts/default/documents/ccmsv4int-rfp-attd.pdf,pdfix-unable-to-open
courts/default/documents/riverside-reconstruct-rfq-attachg.pdf,pdfix-unable-to-open
courts/default/documents/CRS-PD-152-RFP-NJO.pdf,pdfix-unable-to-open
courts/default/documents/bsa-webdev-rfp-attach2.pdf,pdfix-unable-to-open
courts/default/documents/webredesign-rfp.pdf,pdfix-unable-to-open
courts/default/documents/CRS-PD-147-Intent-to-Award-NJO.pdf,pdfix-unable-to-open
courts/default/documents/TCAS-2022-02-MS-Questions-and-Answers.pdf,pdfix-unable-to-open
courts/default/documents/preconstruct-risk-los-banos-rfp-attach-i.pdf,pdfix-unable-to-open
courts/default/documents/calcjcduicoststudy-rfp-att4.pdf,pdfix-unable-to-open
courts/default/documents/rfp-cfcc-nacjp-attach1_0.pdf,pdfix-unable-to-open
courts/default/documents/A10-Payee-Form2-STD205.pdf,pdfix-unable-to-open
courts/default/documents/fireprotlifesafe.pdf,pdfix-unable-to-open
courts/default/documents/CRS-PD-212-Attachment-6-Conflict-of-Interest-Certification-form-COCR-217.pdf,pdfix-unable-to-open
courts/default/documents/gcportola-rfq-exhiba.pdf,pdfix-unable-to-open
courts/default/documents/snapshot-rfp_0.pdf,pdfix-unable-to-open
courts/default/documents/aac-20210208-ads-agenda.pdf,pdfix-unable-to-open
courts/default/documents/LSO-2018-12-CD-Technical-Scores.pdf,pdfix-unable-to-open
courts/default/documents/catering-rfp.pdf,pdfix-unable-to-open
courts/default/documents/RFP-FS-2022-07-JP-Attachment-K-Form-for-Submission-of-Questions.pdf,pdfix-unable-to-open
courts/default/documents/OGC-ADR-03-NN-Attachment-5-Darfur-Contracting-Act.pdf,pdfix-unable-to-open
courts/default/documents/CRSEG154-Intent-to-Award.pdf,pdfix-unable-to-open
courts/default/documents/JBCP-2013-03-BR-Attachment-B-Building-Information.pdf,pdfix-unable-to-open
courts/default/documents/LSS-2023-04-LV-Attachment-6B-Payee-Data-Record-Supplement-205.pdf,pdfix-unable-to-open
courts/default/documents/CRS-SP-171-Attachment-2-Agreement-Template.pdf,pdfix-unable-to-open
courts/default/documents/CRS-TD-036-Attachment-7-Conflict-of-Interest-Certification-form.pdf,pdfix-unable-to-open
courts/default/documents/3DCA-RFP-17-18-10-Non-Cost-Evaluation-Results.pdf,pdfix-unable-to-open
courts/default/documents/CRS-PD-185-Attachment-2-JCC-Hotel-Agreement-CRS-NJO.pdf,pdfix-unable-to-open
courts/default/documents/CRS-PD-266-Attachment-1-Admin-Rules-Non-IT-Services-njofd19.pdf,pdfix-unable-to-open
courts/default/documents/CRS-PD-258-RFP-Hotel-ROOM-BLOCK-asai19.pdf,pdfix-unable-to-open
courts/default/documents/CRS-LK-379-RFP-Hotel-ROOM-BLOCK-02-2022.pdf,pdfix-unable-to-open
courts/default/documents/RFP-IT23-157RB-Notice-of-Intent-to-Award.pdf,pdfix-unable-to-open
courts/default/documents/TCAS-2021-02-AJ-Human-Capital-Management-RFP-Addendum-5.pdf,pdfix-unable-to-open
courts/default/documents/OREFM-2013-06-CC-Attachment-B.pdf,pdfix-unable-to-open
courts/default/documents/modular-rfp-att2_0.pdf,pdfix-unable-to-open
courts/default/documents/CFCC-2022-43-DM-Intent-To-Award.pdf,pdfix-unable-to-open
courts/default/documents/disasterattach1.pdf,pdfix-unable-to-open
courts/default/documents/jseinterface-rfi_0.pdf,pdfix-unable-to-open
courts/default/documents/ASU-TD-031-Attachment-5--Form-for-Submission-of-Technical-Proposal-FULL-SERVICE.pdf,pdfix-unable-to-open
courts/default/documents/dcqual-rfp-awd_0.pdf,pdfix-unable-to-open
courts/default/documents/CFCC-012414-ACDR-CF-QA.pdf,pdfix-unable-to-open
courts/default/documents/filetrack_0.pdf,pdfix-unable-to-open
courts/default/documents/prequalchulavista-rfq-exhibitb.pdf,pdfix-unable-to-open
courts/default/documents/3dcarfp201201_attachment3.pdf,pdfix-unable-to-open
courts/default/documents/TCAS-2022-01-MS-Attachment-9-Iran-Contracting-Act-Certification.pdf,pdfix-unable-to-open
courts/default/documents/constrantct-rfp.pdf,pdfix-unable-to-open
courts/default/documents/phoenix-rfp-ap012408.pdf,pdfix-unable-to-open
courts/default/documents/archrelsvccapproj-tele-participants_0.pdf,pdfix-unable-to-open
courts/default/documents/FS-2018-13-BD-Attachment-5-Payee-Data-Record.pdf,pdfix-unable-to-open
courts/default/documents/envconsultsvcs-rfp-list2.pdf,pdfix-unable-to-open
courts/default/documents/CRS-PD-210-Attachment-1-Admin-Rules-Non-IT-Services-AB1058-2017.pdf,pdfix-unable-to-open
courts/default/documents/tvsignal-services-rfp.pdf,pdfix-unable-to-open
courts/default/documents/Bidders-Conference-Presentation-v072412.pdf,pdfix-unable-to-open
courts/default/documents/cscod_ita.pdf,pdfix-unable-to-open
courts/default/documents/CFCC-08-12-LM-Appendix-A-JCATS-Screen-Shots.pdf,pdfix-unable-to-open
courts/default/documents/ASU-TD-031-Attachment-RFP--Hotel-FULL-SERVICE.pdf,pdfix-unable-to-open
courts/default/documents/CRS-SP-136-Attachment-2-Hotel-Agreement-Template.pdf,pdfix-unable-to-open
courts/default/documents/tempserv-rfp_att_g_customer_reference_form.pdf,pdfix-unable-to-open
courts/default/documents/CFCC-2016-15-RBB-Attachment-3-Acceptance-of-TCs.pdf,pdfix-unable-to-open
courts/default/documents/CRS-SP-299-Intent-to-Award.pdf,pdfix-unable-to-open
courts/default/documents/pubprivpart-rfp.pdf,pdfix-unable-to-open
courts/default/documents/precon-stockton-rfq-attachi.pdf,pdfix-unable-to-open
courts/default/documents/FSO-2017-21-HN-Attach-6-Payee-Data-Record.pdf,pdfix-unable-to-open
courts/default/documents/Attachment-S-Master-Answers-to-Questions-Submitted-Week-Ending-10-28-22R1.pdf,pdfix-unable-to-open
courts/default/documents/mentorb.pdf,pdfix-unable-to-open
courts/default/documents/CFCC-2021-03-LV-Attachment-6-Payee-Data-Record-Form.pdf,pdfix-unable-to-open
courts/default/documents/OGC-ADR-05-RB-Attachment-6-Conflict-of-Interest.pdf,pdfix-unable-to-open
courts/default/documents/2010lang-rfp-attf_0.pdf,pdfix-unable-to-open
courts/default/documents/preconstruct-riskmanage-fresnorev-rfp-attachk.pdf,pdfix-unable-to-open
courts/default/documents/pilotdesign-shriver-rfp-qna.pdf,pdfix-unable-to-open
courts/default/documents/RFP-CFCC-2022-34-DM-AB1058-Virtual-Conference.pdf,pdfix-unable-to-open
courts/default/documents/scampi-ind-rfp-qna1.pdf,pdfix-unable-to-open
courts/default/documents/RFP-On-Site-Catering-San-Francisco.pdf,pdfix-unable-to-open
courts/default/documents/JBCP-2014-01-BR-RFP-SF-Elevator-Modernization-Final-02-11-2014.pdf,pdfix-unable-to-open
courts/default/documents/CRS-SP-112-Attachment-1-Admin-Rules-Non-IT-Services.pdf,pdfix-unable-to-open
courts/default/documents/evaljustcorps-rfp-award.pdf,pdfix-unable-to-open
courts/default/documents/juvcourtuserres-rfp.pdf,pdfix-unable-to-open
courts/default/documents/tempstaff-rfp-qa_0.pdf,pdfix-unable-to-open
courts/default/documents/CRS-SP-184-Attachment-6-Conflict-of-Interest-Certification-form.pdf,pdfix-unable-to-open
courts/default/documents/RFP-FS-2020-06-DF-Addendum-01.pdf,pdfix-unable-to-open
courts/default/documents/parking-cmjcente-rfp-payee.pdf,pdfix-unable-to-open
courts/default/documents/tcpjac_ceac-20220728-jls-notice_agenda.pdf,pdfix-unable-to-open
courts/default/documents/RFP-JCC-101817-ESIGNATURE-WV-ATTACHMENT-5.pdf,pdfix-unable-to-open
courts/default/documents/IT-2023-04-LV-Attachment-5-Darfur-Certification.pdf,pdfix-unable-to-open
courts/default/documents/RFP-FS-2021-04-MB-Attachment-L-Bidder-Declaration.pdf,pdfix-unable-to-open
courts/default/documents/IFB-ISD-032014-III-AA-ds-kofax-capture.pdf,pdfix-unable-to-open
courts/default/documents/ccms-rfp-encd-exa-appa7-1.pdf,pdfix-unable-to-open
courts/default/documents/thirdpartyclaims-tcservice-rfp.pdf,pdfix-unable-to-open
courts/default/documents/HR-2019-03-LB-Attachment-1-Admin-Rules.pdf,pdfix-unable-to-open
courts/default/documents/CFCC-2022-08-SB-Attachment-6B-STD205.pdf,pdfix-unable-to-open
courts/default/documents/CFCC-2020-69-RB-Attachment-5.pdf,pdfix-unable-to-open
courts/default/documents/hrassessment-rfp-attache.pdf,pdfix-unable-to-open
courts/default/documents/RFP-CFCC-2023-26-LV-Attachment-6-STD204-Payee-Data-Record.pdf,pdfix-unable-to-open
courts/default/documents/CRS-SP-299-Attachment-2-JCC-Hotel-Agreement.pdf,pdfix-unable-to-open
courts/default/documents/ITSO-11-13-LM-Attachment-5-Darfur-Contracting-Law-Certification.pdf,pdfix-unable-to-open
courts/default/documents/IFB-Supreme-041516-MDS-Addendum-2.pdf,pdfix-unable-to-open
courts/default/documents/RFP-FS-2021-21-KO-Attachment-J-Iran-Contracting-Act-Certification.pdf,pdfix-unable-to-open
courts/default/documents/vidproduction-rfp-attache.pdf,pdfix-unable-to-open
courts/default/documents/CFCC-2020-12-DM-QA.pdf,pdfix-unable-to-open
courts/default/documents/dcqual-rfp-vdf.pdf,pdfix-unable-to-open
courts/default/documents/FIN-2020-21-CD-Notice-of-Intent-to-Award.pdf,pdfix-unable-to-open
courts/default/documents/CRS-TD-034-Attachment-RFP-Hotel-ROOM-BLOCK-ONLY.pdf,pdfix-unable-to-open
courts/default/documents/dm-rfp.pdf,pdfix-unable-to-open
courts/default/documents/RFP-FS-2021-14-AL-QNA-form.pdf,pdfix-unable-to-open
courts/default/documents/FS-2021-Attachment-04-General-Certifications.pdf,pdfix-unable-to-open
courts/default/documents/prequalchulavista-rfq-exhibitb_0.pdf,pdfix-unable-to-open
courts/default/documents/CRS-PD-290-Attachment-6-Conflict-of-Interest-Certification-form-aji20.pdf,pdfix-unable-to-open
courts/default/documents/RFP-LSS-2021-28-DM-On-Site-Catering.pdf,pdfix-unable-to-open
courts/default/documents/snapshot-rfp-add1.pdf,pdfix-unable-to-open
courts/default/documents/childsupguiderfp.pdf,pdfix-unable-to-open
courts/default/documents/testadmin-rfp-intent.pdf,pdfix-unable-to-open
courts/default/documents/CFCC-012414-ACDR-CF-Webinar-slides.pdf,pdfix-unable-to-open
courts/default/documents/COS-ODP-201504-JR-RFP-Language-Access-in-California-Courts.pdf,pdfix-unable-to-open
courts/default/documents/CRS-SP-151-Intent-to-Award.pdf,pdfix-unable-to-open
courts/default/documents/sejuvdepct-qdata-rfp.pdf,pdfix-unable-to-open
courts/default/documents/snaponline-atta_0.pdf,pdfix-unable-to-open
courts/default/documents/FSO-2020-01-JP-RFQ-Schedule-of-Events-Revised.pdf,pdfix-unable-to-open
courts/default/documents/IT-OPD-18-47-RB-QA-Web-Content-Management.pdf,pdfix-unable-to-open
courts/default/documents/ergoassess-rfp-attachb-rev_0.pdf,pdfix-unable-to-open
courts/default/documents/CRS-SP-338-RFP-Hotel-FULL-SERVICE.pdf,pdfix-unable-to-open
courts/default/documents/stateadminrfp-add2_0.pdf,pdfix-unable-to-open
courts/default/documents/techstaff-augment-rfp-attache1.pdf,pdfix-unable-to-open
courts/default/documents/scjuvdeprep-rfp-appe_0.pdf,pdfix-unable-to-open
courts/default/documents/4-2-RFP-13-14-01GW-Attachment-1-Admin_Rules.pdf,pdfix-unable-to-open
courts/default/documents/CRS-PD-212-RFP-Hotel-FULL-SERVICE-COCR-217.pdf,pdfix-unable-to-open
courts/default/documents/CRS-SP-077-Intent-to-Award.pdf,pdfix-unable-to-open
courts/default/documents/COM-LSD-201504-JR-Attachment-6.pdf,pdfix-unable-to-open
courts/default/documents/CRS-PD-305-Attachment-6-Conflict-of-Interest-Certification-form-ptpi19.pdf,pdfix-unable-to-open
courts/default/documents/Attachment-A-Admin-Rules.pdf,pdfix-unable-to-open
courts/default/documents/CFCC-2022-03-LB-Attachment-1-Admin-Rules.pdf,pdfix-unable-to-open
courts/default/documents/RFP-FS-2022-07-JP-Attachment-I-Iran-Contracting-Act-Certification.pdf,pdfix-unable-to-open
courts/default/documents/COA1D-021717-ML-Attachment-6-Payee-Data-Record-Form.pdf,pdfix-unable-to-open
courts/default/documents/minorreprfp-add1_0.pdf,pdfix-unable-to-open
courts/default/documents/publish-rfp_0.pdf,pdfix-unable-to-open
courts/default/documents/bsadocman-rfp-add1.pdf,pdfix-unable-to-open
courts/default/documents/cfcc-sandiego-dependencyrep-rfp-appendixb.pdf,pdfix-unable-to-open
courts/default/documents/Attachment6-RFP-FS-2021-22-JP-OCIP-Procedures-Manual.pdf,pdfix-unable-to-open
courts/default/documents/envconsultsvcs-rfp-proprec.pdf,pdfix-unable-to-open
courts/default/documents/CFCC-04-13-LM-Attachment-3-Proposers-Acceptance-of-Contract-T-Cs.pdf,pdfix-unable-to-open
courts/default/documents/HR-2012-01-RB-Employee-Assistance-Program-Questions-and-Answers.pdf,pdfix-unable-to-open
courts/default/documents/TCAS-2023-01-AJ-Emergency-Noticication-Services-Questions-and-Answers.pdf,pdfix-unable-to-open
courts/default/documents/COSSO-02-14-LM-Attachment-2-AOC-Standard-Terms--Conditions.pdf,pdfix-unable-to-open
courts/default/documents/tcgasbs-rfp-intent_0.pdf,pdfix-unable-to-open
courts/default/documents/RFP-FS-2021-20-JP-Notice-of-Intent-To-Award.pdf,pdfix-unable-to-open
courts/default/documents/CRSEG127-Attachment-2-JCC-Hotel-Agreement-Template.pdf,pdfix-unable-to-open
courts/default/documents/ASU-EG-015-Intent-Not-to-Award.pdf,pdfix-unable-to-open
courts/default/documents/IFB-BAP-23-138RB-Attach-8-Darfur.pdf,pdfix-unable-to-open
courts/default/documents/thirdpartyclaims-tcservice-rfp-attach2.pdf,pdfix-unable-to-open
courts/default/documents/RFP-CFCC22-119RB-A5-Darfur.pdf,pdfix-unable-to-open
courts/default/documents/RFP-2DCA-1-2012-Doc-Storage-attach3-darfur.pdf,pdfix-unable-to-open
courts/default/documents/RFP-FS-2021-19-AL-Attach-11-Iran-Contracting.pdf,pdfix-unable-to-open
courts/default/documents/CRS-SP-084-Attachment-RFP-Hotel-FULL-SERVICE.pdf,pdfix-unable-to-open
courts/default/documents/RFP-IT23-153RB-Addendum-1-Timeline.pdf,pdfix-unable-to-open
courts/default/documents/RFP-CFCC-2022-08-SB-Intent-To-Award.pdf,pdfix-unable-to-open
courts/default/documents/RFP-FS-2022-10-XC-Attach-1-Administrative-Rules.pdf,pdfix-unable-to-open
courts/default/documents/CFCC-2016-15-RBB-RFP-TEHAMA-CANCELLATION.pdf,pdfix-unable-to-open
courts/default/documents/FS-2018-13-BD-Attachment-2-Standard-Agreement.pdf,pdfix-unable-to-open
courts/default/documents/tas-rfp-rev1red.pdf,pdfix-unable-to-open
courts/default/documents/ASU-TD-016-Attachment-4-Darfur-Contracting-ACT-no-change-by-td.pdf,pdfix-unable-to-open
courts/default/documents/statetonerrfp-add2_0.pdf,pdfix-unable-to-open
courts/default/documents/CJER-05-13-RB-Addendum1.pdf,pdfix-unable-to-open
courts/default/documents/CRS-SP-112-Attachment-3-Vendors-Acceptance-of-the-RFPs-Contract-Terms.pdf,pdfix-unable-to-open
courts/default/documents/IT-2022-44-DM-Attachment-9-Std205.pdf,pdfix-unable-to-open
courts/default/documents/CFCC-2019-10-LB-Attachment-6-Payee-Data-Record.pdf,pdfix-unable-to-open
courts/default/documents/CRS-AU-099-Attachment-1-AB-1058.pdf,pdfix-unable-to-open
courts/default/documents/phoenix-rfp-add1-resp_0.pdf,pdfix-unable-to-open
courts/default/documents/4-2-RFP-12-13-04CK-Attachment-5-Payee-Data-Form.pdf,pdfix-unable-to-open
courts/default/documents/CJS-2018-01-CD-RFP-Addendum-1-Study-of-Veterans-Needs.pdf,pdfix-unable-to-open
courts/default/documents/CRS-PD-224-Attachment-2-JCC-Hotel-Agreement-Template-eacmar18.pdf,pdfix-unable-to-open
courts/default/documents/parking-rfp-rfq-add1_0.pdf,pdfix-unable-to-open
courts/default/documents/consult-tcfacilities-rfp-add1.pdf,pdfix-unable-to-open
courts/default/documents/CRS-PD-113-Attachment-2-Hotel-Agreement-Template.pdf,pdfix-unable-to-open
courts/default/documents/RFP-REFM-SC-AV-Streaming-2016-61-JP-Attach-1-Agreement-Sample.pdf,pdfix-unable-to-open
courts/default/documents/OCCM-2012-02-BR-RFQP-SHORTLIST_New-Red-Bluff-CH.pdf,pdfix-unable-to-open
courts/default/documents/IT-DMS-2016-01-MDS-Appendix-B3a-appellate-business-specs.pdf,pdfix-unable-to-open
courts/default/documents/idiq-archengservice-rfp-changes-accepted.pdf,pdfix-unable-to-open
courts/default/documents/thirdparty-rfp-appd.pdf,pdfix-unable-to-open
courts/default/documents/Attachment9-RFP-FS-2021-JP-Payee-Data-Record-Form-204.pdf,pdfix-unable-to-open
courts/default/documents/envconsultsvcs-rfp-add1_0.pdf,pdfix-unable-to-open
courts/default/documents/CRS-PD-179-Attachment-1-Admin-Rules-Non-IT-Services-PAOEAC2017.pdf,pdfix-unable-to-open
courts/default/documents/aesmcp-rfq-al.pdf,pdfix-unable-to-open
courts/default/documents/RFPFS202205MB-RFP-Attach-7-Sample-Agreement.pdf,pdfix-unable-to-open
courts/default/documents/RFP-FS-2023-14-MY-Request-for-Proposals-ADDENDUM-1.pdf,pdfix-unable-to-open
courts/default/documents/2010lang-rfp_0.pdf,pdfix-unable-to-open
courts/default/documents/CRS-SP-206-Attachment-3-Vendors-Acceptance-of-the-RFPs-Contract-Terms.pdf,pdfix-unable-to-open
courts/default/documents/CRS-EG88-Attachment-2-AOC-Hotel-Agreement-Template_Room_Block-Only_Master-Account.pdf,pdfix-unable-to-open
courts/default/documents/creldabuseneeds-rfp_0.pdf,pdfix-unable-to-open
courts/default/documents/CRS-SP-203-Attachment-3-Vendors-Acceptance-of-the-RFPs-Contract-Terms.pdf,pdfix-unable-to-open
courts/default/documents/evalcivinst-rfp-qa_0.pdf,pdfix-unable-to-open
courts/default/documents/CJER-030614-OSCSF-CF-Q-A.pdf,pdfix-unable-to-open
courts/default/documents/adagency-rfp-add1.pdf,pdfix-unable-to-open
courts/default/documents/Attachment-S-Answers-to-Questions-11-02-23.pdf,pdfix-unable-to-open
courts/default/documents/RFP-HR-201101-GW-Executive-Search-Services-Attachment-A-final.pdf,pdfix-unable-to-open
courts/default/documents/RFP-FS-2023-06-JP-Statewide-Solar-Solicitation-Sitewalk-Schedule-Update-101323.pdf,pdfix-unable-to-open
courts/default/documents/feltrial-rfp-supdoc_0.pdf,pdfix-unable-to-open
courts/default/documents/testadmin-rfp_attd.pdf,pdfix-unable-to-open
courts/default/documents/IT-OPD-18-47-RB-Attachment-5-Small-Business.pdf,pdfix-unable-to-open
courts/default/documents/medtrainrfp.pdf,pdfix-unable-to-open
courts/default/documents/CFCC-10-11-LM-Exhibit-A-Terms-Conditions.pdf,pdfix-unable-to-open
courts/default/documents/CRS-SP-063-Intent-to-Award-JC-April-December.pdf,pdfix-unable-to-open
courts/default/documents/mamlakes-rfp-qna.pdf,pdfix-unable-to-open
courts/default/documents/CRS-SP-327-Attachment-6-Conflict-of-Interest-Certification-form.pdf,pdfix-unable-to-open
courts/default/documents/CFCC-23-141RB-Attach-1-Admin-Rules.pdf,pdfix-unable-to-open
courts/default/documents/HCRC-SS-052015-NOTICE-OF-INTENT-TO-AWARD.pdf,pdfix-unable-to-open
courts/default/documents/RFP-5DCA-091417-Self-Help-WV-Technical-Scores.pdf,pdfix-unable-to-open
courts/default/documents/4-2-RFP-12-13-01-CK-Attachment_1_Admin_Rules.pdf,pdfix-unable-to-open
courts/default/documents/CRS-EG-376-Attachment-1-Admin-Rules-Non-IT-Services.pdf,pdfix-unable-to-open
courts/default/documents/CRS-SP-236-Attachment-2-JCC-Hotel-Agreement.pdf,pdfix-unable-to-open
courts/default/documents/REFM-2016-02-JT-SignIn_NCRO.pdf,pdfix-unable-to-open
courts/default/documents/IT-2021-30-DM-Attachment-8-UNRUH-CIVIL-RIGHTS-ACT.pdf,pdfix-unable-to-open
courts/default/documents/shriver_roster_2024.pdf,pdfix-unable-to-open
courts/default/documents/RFP-OCR-2023-25-LV-Resource-Assessment-Study.pdf,pdfix-unable-to-open
courts/default/documents/familyfunding-toolkit-rfp-attach1.pdf,pdfix-unable-to-open
courts/default/documents/RFP-FS-2021-18-AL-Attach-STD204-Payee-Data-Record-Form.pdf,pdfix-unable-to-open
courts/default/documents/cletsmms-rfp-add1_0.pdf,pdfix-unable-to-open
courts/default/documents/COS-VRILAP-MDS-080816-attachment-21.pdf,pdfix-unable-to-open
courts/default/documents/RFPFS202205MB-RFP-Attach-9-Criteria-Documents.pdf,pdfix-unable-to-open
courts/default/documents/CRS-PD-226-Attachment-6-Conflict-of-Interest-Certification-form-njo1718.pdf,pdfix-unable-to-open
courts/default/documents/EOP-08-060201-Intent-to-Award-Notice-JCSS-201201_0.pdf,pdfix-unable-to-open
courts/default/documents/CFCC-2016-06-RBB-Attachment-3-Acceptance-of-TCs.pdf,pdfix-unable-to-open
courts/default/documents/courtnews_0.pdf,pdfix-unable-to-open
courts/default/documents/CRS-EG-414-Intent-to-Award-HIGG.pdf,pdfix-unable-to-open
courts/default/documents/CFCC-2022-11-LV-Attachment-10-Bidders-Declaration.pdf,pdfix-unable-to-open
courts/default/documents/CRS-SP-119-Intent-to-Award.pdf,pdfix-unable-to-open
courts/default/documents/IT-2021-22-DM-Attachment-5-Payee-Data-Record-Form.pdf,pdfix-unable-to-open
courts/default/documents/preconstsvc-rfp-attachh_1.pdf,pdfix-unable-to-open
courts/default/documents/materialtest-inspection-rfp-notice.pdf,pdfix-unable-to-open
courts/default/documents/CRS-SP-397-RFP-Hotel-ROOM-BLOCK.pdf,pdfix-unable-to-open
courts/default/documents/cbsfcdcs-rfp-attach2a.pdf,pdfix-unable-to-open
courts/default/documents/OREFM-2013-JMG-04-RFP.pdf,pdfix-unable-to-open
courts/default/documents/CFCC-2012-02-RB-Attachment-7-Conflict-of-Interest-Certification-Form.pdf,pdfix-unable-to-open
courts/default/documents/TCAS-2018-05-MS-Exhibit-B-Contractors-and-Programs-List.pdf,pdfix-unable-to-open
courts/default/documents/CFCC-2016-12LB-Attachment-9-Conflict-of-Interest-Cert.pdf,pdfix-unable-to-open
courts/default/documents/IT-2019-60-RB-RFP-A11-DVBE-Decl.pdf,pdfix-unable-to-open
courts/default/documents/RFPFS202214MB-Attach-12-Unruh-Certification.pdf,pdfix-unable-to-open
courts/default/documents/CRS-PD-192-Attachment-4-Darfur-Contracting-ACT--AJAI-2017.pdf,pdfix-unable-to-open
courts/default/documents/CFCC-2016-12-RBB-Attachment-6-Payee-Data-Record.pdf,pdfix-unable-to-open
courts/default/documents/IT-DMS-2016-01-MDS-Section-VIII-proposal-evaluation.pdf,pdfix-unable-to-open
courts/default/documents/JBCP-2013-07-BR-RFQP-SHORTLIST_New-Yreka-CH.pdf,pdfix-unable-to-open
courts/default/documents/prequalchulavista-rfq-prequalified.pdf,pdfix-unable-to-open
courts/default/documents/CRS-SP-148-Intent-to-Award.pdf,pdfix-unable-to-open
courts/default/documents/TCAS-2017-05-JU-Non-Cost-Scoring.pdf,pdfix-unable-to-open
courts/default/documents/PaperRFP-FIN0301_0.pdf,pdfix-unable-to-open
courts/default/documents/CRS-EG-277-Attachment-1-Admin-Rules-Non-IT-Services.pdf,pdfix-unable-to-open
courts/default/documents/FSO-LA-Metro-Elevator-2017-11-JP-Attach-P-Security-Badging-Policy.pdf,pdfix-unable-to-open
courts/default/documents/parking-rfp-vendata.pdf,pdfix-unable-to-open
courts/default/documents/CFCC-10-13-LM-Notice-of-Cancellation.pdf,pdfix-unable-to-open
courts/default/documents/marin-depend-rfp-attachc.pdf,pdfix-unable-to-open
courts/default/documents/OCCM-2012-02-BR-CMR-RFQ-RFP-NEW-RED-BLUFF-CH.pdf,pdfix-unable-to-open
courts/default/documents/executiveandplanning-20210701-notice-agenda.pdf,pdfix-unable-to-open
courts/default/documents/modular-rfp-att1.pdf,pdfix-unable-to-open
courts/default/documents/workcomptpa-rfp-attg.pdf,pdfix-unable-to-open
courts/default/documents/rfp_equal_eval_0.pdf,pdfix-unable-to-open
courts/default/documents/streamrfp.pdf,pdfix-unable-to-open
courts/default/documents/TCAS-2017-05-JU-Addendum-2.pdf,pdfix-unable-to-open
courts/default/documents/designconstruct-engineerservices11-rfp-attachc.pdf,pdfix-unable-to-open
courts/default/documents/CFCC-22-117RB-Attach-6A-std204.pdf,pdfix-unable-to-open
courts/default/documents/facility-opmod-rfp-exk1.pdf,pdfix-unable-to-open
courts/default/documents/FS-2018-15-RP-Attach-1-RFP-Rules.pdf,pdfix-unable-to-open
courts/default/documents/FSO-2017-21-HN-Attach-3-Standard-Agreement.pdf,pdfix-unable-to-open
courts/default/documents/OREFM-2014-01-JMG-AOC-Generic-Services-Contract.pdf,pdfix-unable-to-open
courts/default/documents/CRS-EG030-QA.pdf,pdfix-unable-to-open
courts/default/documents/juvdepwebgd-rfp_0.pdf,pdfix-unable-to-open
courts/default/documents/basissap-rfp-attach3_0.pdf,pdfix-unable-to-open
courts/default/documents/RFP-REFM-2016-29-JP-Attachment-11-Tool-Control-Policy.pdf,pdfix-unable-to-open
courts/default/documents/ISD-201601-RB_All_Winning_Proposals.pdf,pdfix-unable-to-open
courts/default/documents/CRS-SP-112-Attachment-4-Darfur-Contracting-ACT.pdf,pdfix-unable-to-open
courts/default/documents/eaprfp_0.pdf,pdfix-unable-to-open
courts/default/documents/RFP-COA-2019-01-RP-Notice-Revised-A4.pdf,pdfix-unable-to-open
courts/default/documents/CFCC-2016-12LB-Attachment-3-Accept-T-and-Cs.pdf,pdfix-unable-to-open
courts/default/documents/JBCP-2015-06-BR-exhibit-1.pdf,pdfix-unable-to-open
courts/default/documents/RFPFS202307KO-Attach-L-Std205.pdf,pdfix-unable-to-open
courts/default/documents/scdeprep-rfp-qna_0.pdf,pdfix-unable-to-open
courts/default/documents/FS-2019-11-BD-Questions-Reply-to-Brokerage.pdf,pdfix-unable-to-open
courts/default/documents/Attachment-S-Answers-to-Questions-Master-01-10-24.pdf,pdfix-unable-to-open
courts/default/documents/COS-2017-03-LB-Final-Questions-and-Answers.pdf,pdfix-unable-to-open
courts/default/documents/ccms-rfp-add1.pdf,pdfix-unable-to-open
courts/default/documents/Supreme-032717-Official-Reports-WV-Questions-and-Answers.pdf,pdfix-unable-to-open
courts/default/documents/CRS-AK-398-Attachment-2-JCC-Hotel-Agreement-Template.pdf,pdfix-unable-to-open
courts/default/documents/FSO-2018-07-JMG_Attach_D_Payee_Data_Record_Form.pdf,pdfix-unable-to-open
courts/default/documents/CRS-PD-085-RFP-Hotel-Room-Block.pdf,pdfix-unable-to-open
courts/default/documents/prodjustsc-rfp_0.pdf,pdfix-unable-to-open
courts/default/documents/RFPFS202214MB-Attach-8A-Payee-Data-Record-Form.pdf,pdfix-unable-to-open
courts/default/documents/CRS-SP-280-Intent-to-Award.pdf,pdfix-unable-to-open
courts/default/documents/CRS-SP-131-Attachment-6-Conflict-of-Interest-Certification-form.pdf,pdfix-unable-to-open
courts/default/documents/HR-2021-27-DM-Attachment-9-Sample-Actuarial-Report.pdf,pdfix-unable-to-open
courts/default/documents/CRS-AK-423-Intent-to-Award.pdf,pdfix-unable-to-open
courts/default/documents/CRS-EG-058-Attachment-2-AOC-Hotel-Agreement-Template.pdf,pdfix-unable-to-open
courts/default/documents/Request-for-Proposal-RFP-FS-2021-04-MB-ADDENDUM-1.pdf,pdfix-unable-to-open
courts/default/documents/parking-rfp-rfq-add1.pdf,pdfix-unable-to-open
courts/default/documents/duidrugcourtrfp.pdf,pdfix-unable-to-open
courts/default/documents/JBCP-2016-07-CP-Attachment-8.pdf,pdfix-unable-to-open
courts/default/documents/aoclanwanprojman-rfp-attach2.pdf,pdfix-unable-to-open
courts/default/documents/RFP-FS-SP-2020-16-JP-Attachment-15-SRO-Facility-Preventative-Maintenance-Task.pdf,pdfix-unable-to-open
courts/default/documents/ECU-2013-01-RFP-Collection-Services.pdf,pdfix-unable-to-open
courts/default/documents/building-commish-rfp.pdf,pdfix-unable-to-open
courts/default/documents/rfp_is_102805_intent_to_award.pdf,pdfix-unable-to-open
courts/default/documents/childsupguiderfp_0.pdf,pdfix-unable-to-open
courts/default/documents/CJER-HB-0712-LM-QA.pdf,pdfix-unable-to-open
courts/default/documents/IT-2021-01-LB-Attachment-1-Administrative-Rules-IT-Goods.pdf,pdfix-unable-to-open
courts/default/documents/10yearslater-rfp-atte.pdf,pdfix-unable-to-open
courts/default/documents/statetonerrfpattach1.pdf,pdfix-unable-to-open
courts/default/documents/youthpeer2009-rfp-attachd.pdf,pdfix-unable-to-open
courts/default/documents/elearningrfp_0.pdf,pdfix-unable-to-open
courts/default/documents/RFP-Hotel-ROOM-BLOCK-CRS-AK-423.pdf,pdfix-unable-to-open
courts/default/documents/IT-DMS-2016-01-MDS-Appendix-E-reports-interfaces-conversion.pdf,pdfix-unable-to-open
courts/default/documents/CRS-SP-294-Attachment-3-Vendors-Acceptance-of-the-RFPs-Contract-Terms.pdf,pdfix-unable-to-open
courts/default/documents/CFCC-2021-91RB-RFP-Answers-to-Questions.pdf,pdfix-unable-to-open
courts/default/documents/CRS-EG-276-Hotel-FS-MULTIPLE-AWARDS.pdf,pdfix-unable-to-open
courts/default/documents/RFP-FS-2021-01-MB-Attachment-A-Administrative-Rules.pdf,pdfix-unable-to-open
courts/default/documents/LSO-2018-12-CD-Cost-Proposal.pdf,pdfix-unable-to-open
courts/default/documents/RFP-BAP23-160RB-Attach-6B-std205.pdf,pdfix-unable-to-open
courts/default/documents/Attchment-11-2021-AB1058-Conference-Agenda-and-Workshop-Descriptions.pdf,pdfix-unable-to-open
courts/default/documents/scdeprep-rfp-appd_0.pdf,pdfix-unable-to-open
courts/default/documents/mantecacourthouse-rfqpayee-intent.pdf,pdfix-unable-to-open
courts/default/documents/RFPFS202211MB_Request-for-Proposals-ADDENDUM-2.pdf,pdfix-unable-to-open
courts/default/documents/envconsultsvcs-rfp-add1.pdf,pdfix-unable-to-open
courts/default/documents/scpiv-rfp-award_0.pdf,pdfix-unable-to-open
courts/default/documents/CFCC-13-13-LM-Attachment-1-Administrative-Rules-Governing-RFPs.pdf,pdfix-unable-to-open
courts/default/documents/ccporappdev-rfp-att3.pdf,pdfix-unable-to-open
courts/default/documents/ASU-DC-013-Attachment-2-AOC-Hotel-Agreement-Template-10-26-11.pdf,pdfix-unable-to-open
courts/default/documents/archrelsvccapproj-rfq_0.pdf,pdfix-unable-to-open
courts/default/documents/OCR23-152RB-Attach-5-Darfur-Cert.pdf,pdfix-unable-to-open
courts/default/documents/sanbernardino-inspect-rfp-shortlist.pdf,pdfix-unable-to-open
courts/default/documents/formtrans_att_b_terms_and_conditions.pdf,pdfix-unable-to-open
courts/default/documents/Admin-2018-04-LB-QA-Calendar-Scheduling.pdf,pdfix-unable-to-open
courts/default/documents/COSSO-2018-01-Language-Access-in-the-CA-Courts-PSK-QA.pdf,pdfix-unable-to-open
courts/default/documents/dcqual-rfp-slannounce_0.pdf,pdfix-unable-to-open
courts/default/documents/IFB-ISD-018355-AA-Attachment-2-termsandconditions4.pdf,pdfix-unable-to-open
courts/default/documents/COS-ODP-201604-PSK-Attachment-1.pdf,pdfix-unable-to-open
courts/default/documents/RFP-FS-2023-05-XC-Attach-6-Architect-Engineer-Qualifications.pdf,pdfix-unable-to-open
courts/default/documents/CRS-PD-179-Attachment-6-Conflict-of-Interest-Certification-form-PAOEAC2017.pdf,pdfix-unable-to-open
courts/default/documents/elkins-rfp-list_0.pdf,pdfix-unable-to-open
courts/default/documents/sdcourthouse-risk-rfp-attache.pdf,pdfix-unable-to-open
courts/default/documents/CRS-SP-145-Attachment-6-Conflict-of-Interest-Certification-form.pdf,pdfix-unable-to-open
courts/default/documents/tempserv-rfp_att_d_dvbe_participation_form_0.pdf,pdfix-unable-to-open
courts/default/documents/claimsadminrfp_0.pdf,pdfix-unable-to-open
courts/default/documents/OCR23-154RB-Attach-7B-std205.pdf,pdfix-unable-to-open
courts/default/documents/JBCP-2012-05-BR-Attachment-F-General-Conditions-00700-Final.pdf,pdfix-unable-to-open
courts/default/documents/FSO-CMS-2018-10-JP-RFP.pdf,pdfix-unable-to-open
courts/default/documents/facility-opmod-rfp-procure.pdf,pdfix-unable-to-open
courts/default/documents/CRSEG098-Intent-to-Award.pdf,pdfix-unable-to-open
courts/default/documents/preconstruct-riskmanage-monterey-rfp-attachf.pdf,pdfix-unable-to-open
courts/default/documents/aocrfp_0.pdf,pdfix-unable-to-open
courts/default/documents/RFP-FS-2020-09-JP-Response-to-Questions.pdf,pdfix-unable-to-open
courts/default/documents/FSO-2020-01-JP-Attachment-E-Answers-to-Questions.pdf,pdfix-unable-to-open
courts/default/documents/CFCC-2021-91RB-Attachment-3-Acceptance-of-Terms-and-Conditions.pdf,pdfix-unable-to-open
courts/default/documents/CRS-PD-316-Attachment-4-Darfur-Contracting-ACT-pjceo20.pdf,pdfix-unable-to-open
courts/default/documents/CRS-SP-126-Intent-to-Award-LRA-Sacto.pdf,pdfix-unable-to-open
courts/default/documents/CFCC-2018-08-CD-RFP-2018-CA-Homeless-Court-Summit.pdf,pdfix-unable-to-open
courts/default/documents/CRS-PD-221-Attachment-4-Darfur-Contracting-ACT-janpao18.pdf,pdfix-unable-to-open
courts/default/documents/IT-2019-60-RB-RFP-A5-Small-Business-Declaration.pdf,pdfix-unable-to-open
courts/default/documents/RFP-REFM-SC-AV-Streaming-2016-61-JP-Questions-and-Answers-20172206.pdf,pdfix-unable-to-open
courts/default/documents/JBCP-2014-01-BR-Addendum-2-QandA.pdf,pdfix-unable-to-open
courts/default/documents/CLASP-LNS2015-Language-Study-Attachment-6-Vendor-Payee-Data.pdf,pdfix-unable-to-open
courts/default/documents/CRS-PD-200-Attachment-3-Vendors-Acceptance-of-the-RFPs-Contract-Terms-CLI-2017.pdf,pdfix-unable-to-open
courts/default/documents/sdcourthouse-risk-rfp-attachd.pdf,pdfix-unable-to-open
courts/default/documents/RFPFS202124AL-Appendix-C-Regional-Map.pdf,pdfix-unable-to-open
courts/default/documents/4-2-RFP-13-14-01GW-Attachment-4-Darfur.pdf,pdfix-unable-to-open
courts/default/documents/CRS-SP-071-Attachment-7-Conflict-of-Interest-Certification-form.pdf,pdfix-unable-to-open
courts/default/documents/bpr-rfp-att_b_terms_and_cond_0.pdf,pdfix-unable-to-open
courts/default/documents/RFP-FS-2023-09-XC-Response-to-Submitted-Questions.pdf,pdfix-unable-to-open
courts/default/documents/capitalconstruct-indconsult-rfp.pdf,pdfix-unable-to-open
courts/default/documents/cmar-indioconstruct-rfp-attachj.pdf,pdfix-unable-to-open
courts/default/documents/preconstruct-riskmanage-monterey-rfp-attachg.pdf,pdfix-unable-to-open
courts/default/documents/jcforms-rfp_0.pdf,pdfix-unable-to-open
courts/default/documents/Appendix-I-Redacted-Sample-Actuarial-Report.pdf,pdfix-unable-to-open
courts/default/documents/publish-rfp-att1.pdf,pdfix-unable-to-open
courts/default/documents/CPAS-201101-RB-Attachment-9-Knowledge-Skills.pdf,pdfix-unable-to-open
courts/default/documents/OCR23-154RB-RFP-Amendment-1.pdf,pdfix-unable-to-open
courts/default/documents/scampi-ind-rfp.pdf,pdfix-unable-to-open
courts/default/documents/archeng-rfq-add2_0.pdf,pdfix-unable-to-open
courts/default/documents/RFP-FS-2021-11-AL-Addendum01.pdf,pdfix-unable-to-open
courts/default/documents/preconstsvc-rfp-conference.pdf,pdfix-unable-to-open
courts/default/documents/CRS-SP-076-Intent-to-Award.pdf,pdfix-unable-to-open
courts/default/documents/RFP-2DCA-1-2012-Doc-Storage-attach5-cost-matrix.pdf,pdfix-unable-to-open
courts/default/documents/CRS-TD-036-Attachment-3-Vendors-Acceptance-of-the-RFPs-Contract-Terms.pdf,pdfix-unable-to-open
courts/default/documents/AS-2022-37-DM-Final-Scores.pdf,pdfix-unable-to-open
courts/default/documents/CFCC-012414-ACDR-CF-Contents.pdf,pdfix-unable-to-open
courts/default/documents/testadmin-rfp_qa_0.pdf,pdfix-unable-to-open
courts/default/documents/HCRC-CCS-17-22RB-Attachment-4-General-Certs.pdf,pdfix-unable-to-open
courts/default/documents/3dcarfp201202_RFPMediatorTraining.pdf,pdfix-unable-to-open
courts/default/documents/sdcourthouse-risk-rfp-attacharev.pdf,pdfix-unable-to-open
courts/default/documents/RFP-HR-2022-08-LV-RFP.pdf,pdfix-unable-to-open
courts/default/documents/ccporappdev-rfp-att2.pdf,pdfix-unable-to-open
courts/default/documents/COSSO-02-14-LM-Attachment-4-General-Certifications-Form.pdf,pdfix-unable-to-open
courts/default/documents/sanbernardino-inspect-rfp-intent.pdf,pdfix-unable-to-open
courts/default/documents/RFP-FS-2022-09-XC-Attachment-G-Payee_Data_Record.pdf,pdfix-unable-to-open
courts/default/documents/plumas-sierra-rfp-attc_0.pdf,pdfix-unable-to-open
courts/default/documents/RFP-FS-2023-14-MY-NoticeOfIntentToAward.pdf,pdfix-unable-to-open
courts/default/documents/facconpp_addendum1_0.pdf,pdfix-unable-to-open
courts/default/documents/CFCC-2021-21-DM-QA.pdf,pdfix-unable-to-open
courts/default/documents/RFP-FS-2021-01-MB-Attachment-K-DVBE-Declaration.pdf,pdfix-unable-to-open
courts/default/documents/JBCP-2014-01-BR-Attachment-C-ASBESTOS-PERMITTINGMGMT-PROCESS.pdf,pdfix-unable-to-open
courts/default/documents/OREFM-2013-06-CC-Notice-of-Intent-to-Award.pdf,pdfix-unable-to-open
courts/default/documents/CRS-PD-262-Intent-to-Award-flsh18.pdf,pdfix-unable-to-open
courts/default/documents/CRS-SP-164-Attachment-6-Conflict-of-Interest-Certification-form.pdf,pdfix-unable-to-open
courts/default/documents/ASU-EG019-Attachment-6-Form-for-Submission-of-Cost-Proposal-ROOM-BLOCK-ONLY.pdf,pdfix-unable-to-open
courts/default/documents/ASU-TD-012-LM-Attachment-3-Vendors-Acceptance-of-Terms-and-Conditions.pdf,pdfix-unable-to-open
courts/default/documents/foms_add2_0.pdf,pdfix-unable-to-open
courts/default/documents/CRS-PD-321-Attachment-6-Conflict-of-Interest-Certification-form_dv20.pdf,pdfix-unable-to-open
courts/default/documents/CRS-PD-303-RFP-Hotel-FS-MULTIPLE-AWARDS_jc20.pdf,pdfix-unable-to-open
courts/default/documents/RFP-REFM-SC-AV-Streaming-2016-61-JP-Attach-10-Internal-Background-Check-Policy.pdf,pdfix-unable-to-open
courts/default/documents/CFCC-CCW17-23RB-Attachment_7-DVBE_Bidder_Declaration.pdf,pdfix-unable-to-open
courts/default/documents/aoclanwanprojman-rfp-attach3.pdf,pdfix-unable-to-open
courts/default/documents/JBCP-2016-07-CP-Attachment-9.pdf,pdfix-unable-to-open
courts/default/documents/CRS-PD-317-Attachment-1-Admin-Rules-Non-IT-Services-dv20.pdf,pdfix-unable-to-open
courts/default/documents/CRS-AU-134-Question-and-Answer-Posting.pdf,pdfix-unable-to-open
courts/default/documents/efadrfp_0.pdf,pdfix-unable-to-open
courts/default/documents/CFCC-2021-26-CD-Attachment-6-Payee-Data-Record-Form.pdf,pdfix-unable-to-open
courts/default/documents/CR-2019-04-LV-Attach-9-DVBE-Declaration.pdf,pdfix-unable-to-open
courts/default/documents/TCAS-2021-02-AJ-Attachment-1-Administrative-Rules-Governing-RFPs.pdf,pdfix-unable-to-open
courts/default/documents/snapshotrfp.pdf,pdfix-unable-to-open
courts/default/documents/mamlakes-rfp-attc_0.pdf,pdfix-unable-to-open
courts/default/documents/Intent-to-Award.pdf,pdfix-unable-to-open
courts/default/documents/CRS-AU-032-Attachment-4-Darfur-Contracting-ACT-.pdf,pdfix-unable-to-open
courts/default/documents/avmaintsvcs-rfp-attach4_0.pdf,pdfix-unable-to-open
courts/default/documents/docmanage-statewide-rfp-proposer.pdf,pdfix-unable-to-open
courts/default/documents/statecopy-rfp-add1.pdf,pdfix-unable-to-open
courts/default/documents/brcpec-rfp-att3_0.pdf,pdfix-unable-to-open
courts/default/documents/REFM-2016-03-MS-Attachment-6-PAYEE-DATA-RECORD.pdf,pdfix-unable-to-open
courts/default/documents/ECU-2013-01-Appendix-D-Collections-Reporting-Template.pdf,pdfix-unable-to-open
courts/default/documents/REFM-2016-25-SM-Question-and-Answer-Doc.pdf,pdfix-unable-to-open
courts/default/documents/CFCC-2016-14-RBB-RFP-SOLANO-CANCELLATION.pdf,pdfix-unable-to-open
courts/default/documents/cbsfcdcs-rfp-attach1_0.pdf,pdfix-unable-to-open
courts/default/documents/CRS-SP-084-Attachment-3-Vendors-Acceptance-of-the-RFPs-Contract-Terms.pdf,pdfix-unable-to-open
courts/default/documents/RFP-ECU-2011-01Addendum1.pdf,pdfix-unable-to-open
courts/default/documents/apppanatty-rfp.pdf,pdfix-unable-to-open
courts/default/documents/tas-rfp-intent_0.pdf,pdfix-unable-to-open
courts/default/documents/HRS-03-13-SS-Attachment-6-Iran-Cert.pdf,pdfix-unable-to-open
courts/default/documents/RFPFS202301MB-Attach-4-Acceptance-of-TCs_0.pdf,pdfix-unable-to-open
courts/default/documents/CRS-EG-255-Attachment-RFP-Hotel-FULL-SERVICE.pdf,pdfix-unable-to-open
courts/default/documents/talentag-rfp-attache.pdf,pdfix-unable-to-open
courts/default/documents/RFP-FS-2023-12-MB-ADDENDUM-01.pdf,pdfix-unable-to-open
courts/default/documents/capitalconstruct-indconsult-attendees.pdf,pdfix-unable-to-open
courts/default/documents/CFCC-CCW17-23RB-Attachment_1-Administrative_Rules.pdf,pdfix-unable-to-open
courts/default/documents/IFB-BS-061813-RB-moving-services.pdf,pdfix-unable-to-open
courts/default/documents/marin-depend-rfp-attachb.pdf,pdfix-unable-to-open
courts/default/documents/COS-ODP-201504-JR-QA.pdf,pdfix-unable-to-open
courts/default/documents/CFCC-2022-33-DM-Attachment-1-Administrative-Rules.pdf,pdfix-unable-to-open
courts/default/documents/RFP-FS-2021-01-MB-Attachment-H-Payee-Data-Record.pdf,pdfix-unable-to-open
courts/default/documents/designconstruct-engineerservices11-rfp-attachb.pdf,pdfix-unable-to-open
courts/default/documents/carsadd2_0.pdf,pdfix-unable-to-open
courts/default/documents/TCAS-2017-05-JU-Addendum-3.pdf,pdfix-unable-to-open
courts/default/documents/prequalcontract-sanandreas-rfp-signin.pdf,pdfix-unable-to-open
courts/default/documents/JBCP-2015-06-BR-RFQP.pdf,pdfix-unable-to-open
courts/default/documents/workcomptpa-rfp-attf.pdf,pdfix-unable-to-open
courts/default/documents/CRS-PD-307-Attachment-6-Conflict-of-Interest-Certification-form-pjceo.pdf,pdfix-unable-to-open
courts/default/documents/RFP-REFM-SC-AV-Streaming-2016-61-JP-Photo-5-SAC-AV-Racks.pdf,pdfix-unable-to-open
courts/default/documents/CRS-SP-115-Attachment-RFP-Hotel-MULTIPLE-AWARDS.pdf,pdfix-unable-to-open
courts/default/documents/42-RFP-13-14-06_Mechanical-HVAC_Attachment-2_Terms-and-Conditions.pdf,pdfix-unable-to-open
courts/default/documents/stanislausrfp-qa.pdf,pdfix-unable-to-open
courts/default/documents/CFCC23-164RB-Attach-4-Gen-Certs.pdf,pdfix-unable-to-open
courts/default/documents/constrantct-rfp_atta_0.pdf,pdfix-unable-to-open
courts/default/documents/CRS-PD-212-Attachment-1-Admin-Rules-Non-IT-Services-COCR-217.pdf,pdfix-unable-to-open
courts/default/documents/CFCC-2016-12LB-Attachment-1-Admin-Rules.pdf,pdfix-unable-to-open
courts/default/documents/FS-2018-18-RP-Attach-C-Acceptance-Terms-and-Condtions.pdf,pdfix-unable-to-open
courts/default/documents/REFM-2016-28-SM-Intent-to-Award-Form.pdf,pdfix-unable-to-open
courts/default/documents/IT-2019-60-RB-RFP-Appendix-C-Vendor-Response-Template.pdf,pdfix-unable-to-open
courts/default/documents/RFP-LSS-2023-07-LV-On-Site-Catering-San-Francisco.pdf,pdfix-unable-to-open
courts/default/documents/dm-rfp-att1_0.pdf,pdfix-unable-to-open
courts/default/documents/FSO-2017-14-RP-Attach-3-Acceptance-Terms-Conditions.pdf,pdfix-unable-to-open
courts/default/documents/3DCA-RFO-18-19-06-Attachment-4-General-Certifications-Form.pdf,pdfix-unable-to-open
courts/default/documents/IFB-FIN010111CK-Attachment-1-Administrative-Rules-Governing-IFBs.pdf,pdfix-unable-to-open
courts/default/documents/1310-002-RFP-Online-Bidding-System-Addendum-2.pdf,pdfix-unable-to-open
courts/default/documents/JBCP-2013-01-BR-Attachment-E-OCIP-Insurance-Manual.pdf,pdfix-unable-to-open
courts/default/documents/SC-19-55-RB-Attachment-8.pdf,pdfix-unable-to-open
courts/default/documents/QA-HR-2020-24-CD.pdf,pdfix-unable-to-open
courts/default/documents/BSU-2013-01-GW-Attachment-1-Administrative-Rules-IT-Goods-and-Services.pdf,pdfix-unable-to-open
courts/default/documents/SC-19-55-RB-RFP.pdf,pdfix-unable-to-open
courts/default/documents/BS-2018-03-DM-Addendum-1-To-Extend-RFP-Due-Date.pdf,pdfix-unable-to-open
courts/default/documents/CRS-SP-236-Attachment-1-Admin-Rules-Non-IT-Services.pdf,pdfix-unable-to-open
courts/default/documents/ctimprov_0.pdf,pdfix-unable-to-open
courts/default/documents/RFP-IDIQ-CIS-shortlist.pdf,pdfix-unable-to-open
courts/default/documents/CFCC-18-49-RB-RFP-Attach-5-Small-Biz-Declaration.pdf,pdfix-unable-to-open
courts/default/documents/preconstsvc-rfp-attachh_0.pdf,pdfix-unable-to-open
courts/default/documents/evaljuryservideo-rfp-add2.pdf,pdfix-unable-to-open
courts/default/documents/repjuvdep-sc-rfp-intent_0.pdf,pdfix-unable-to-open
courts/default/documents/ITB-Answers-to-Questions-Master-10-31-22.pdf,pdfix-unable-to-open
courts/default/documents/RFP-CFCC-23-141RB-Answers-to-Questions.pdf,pdfix-unable-to-open
courts/default/documents/CRS-SP-372-Attachment-6-Conflict-of-Interest-Certification-form.pdf,pdfix-unable-to-open
courts/default/documents/preconstruct-risk-los-banos-Addendum-1-QA.pdf,pdfix-unable-to-open
courts/default/documents/CRS-LK-379-Attachment-2-Standard-Agreement-Sample.pdf,pdfix-unable-to-open
courts/default/documents/evaljustcorps-rfp-att4_0.pdf,pdfix-unable-to-open
courts/default/documents/EDU-10-12-LM-Cost-Evaluation-Results.pdf,pdfix-unable-to-open
courts/default/documents/FSO-2020-01-JP-Attachment-F-Payee-Data-Record.pdf,pdfix-unable-to-open
courts/default/documents/COS-VRILAP-MDS-080816-attachment-20.pdf,pdfix-unable-to-open
courts/default/documents/CFCC-2021-26-CD-QA.pdf,pdfix-unable-to-open
courts/default/documents/thirdpartyclaims-rfp-add1_0.pdf,pdfix-unable-to-open
courts/default/documents/FS-2018-19-RP-Attach-11-Aggregate-Title-Insurance-Endorsement.pdf,pdfix-unable-to-open
courts/default/documents/ECU-2013-01-Appendix-A-Pricing-Proposal.pdf,pdfix-unable-to-open
courts/default/documents/RFP-5DCA-091417-Self-Help-WV-RFP-Questions-Answers.pdf,pdfix-unable-to-open
courts/default/documents/CRSEG154-Attachment-RFP-Hotel-FS-MULTIPLE-AWARDS.pdf,pdfix-unable-to-open
courts/default/documents/idiq-archengservice-rfp-redline.pdf,pdfix-unable-to-open
courts/default/documents/RFP-FS-2021-12-AL-QNA-form-updated-20210924.pdf,pdfix-unable-to-open
courts/default/documents/cbsfcdcs-rfp_0.pdf,pdfix-unable-to-open
courts/default/documents/webredesign-rfp-add1.pdf,pdfix-unable-to-open
courts/default/documents/pilotdesign-shriver-rfp-list.pdf,pdfix-unable-to-open
courts/default/documents/CRS-EG-387-Attachment-2-JCC-Hotel-Agreement.pdf,pdfix-unable-to-open
courts/default/documents/RevisedAttachment2-ListofParkingFacilities.pdf,pdfix-unable-to-open
courts/default/documents/CRS-SP-043-RFP.pdf,pdfix-unable-to-open
courts/default/documents/CRS-EG-390-Attachment-2-JCC-Hotel-Agreement.pdf,pdfix-unable-to-open
courts/default/documents/CRS-SP-120-Attachment-1-Admin-Rules-Non-IT-Services.pdf,pdfix-unable-to-open
courts/default/documents/JCC-2019-04-DM-IFB-San-Francisco_Moving-And-Installation-Services.pdf,pdfix-unable-to-open
courts/default/documents/scjuvdeprep-rfp-contract_juv_0.pdf,pdfix-unable-to-open
courts/default/documents/CRS-TD-034-Attachment-1-Admin-Rules-Non-IT-Services.pdf,pdfix-unable-to-open
courts/default/documents/CRSSP045-Intent-to-Award.pdf,pdfix-unable-to-open
courts/default/documents/susanville-gencontractors-rfq-attacha.pdf,pdfix-unable-to-open
courts/default/documents/CRS-SP-197-Attachment-2-Hotel-Agreement.pdf,pdfix-unable-to-open
courts/default/documents/casa-rfp-add1_0.pdf,pdfix-unable-to-open
courts/default/documents/workcomptpa-rfp-appii_b_0.pdf,pdfix-unable-to-open
courts/default/documents/plainengrfp-a_0.pdf,pdfix-unable-to-open
courts/default/documents/RFP-LSS-2021-28-DM-Attachment-8-UNRUH-AND-FEHA-CERTIFICATION.pdf,pdfix-unable-to-open
courts/default/documents/CRS-TD-038-intent-to-award.pdf,pdfix-unable-to-open
courts/default/documents/RFP-FS-SP-2019-03-JP-Attachment-2-Regional-Building-List.pdf,pdfix-unable-to-open
courts/default/documents/CRS-PD-272-Attachment-6-Conflict-of-Interest-Certification-form-pjceo19.pdf,pdfix-unable-to-open
courts/default/documents/CJER0613LM-Attachment-4-Vendor-Data-Record-Form.pdf,pdfix-unable-to-open
courts/default/documents/CRS-PD-081-Attachment-1-Admin-Rules-Non-IT-Services.pdf,pdfix-unable-to-open
courts/default/documents/CFCC-2021-107RB-Attach-4-Gen-Certs.pdf,pdfix-unable-to-open
courts/default/documents/CRS-SP-354-Attachment-2-JCC-Hotel-Agreement.pdf,pdfix-unable-to-open
courts/default/documents/HRSO-04-13-SS-RFP-2013-Classification-and-Compensation-Study.pdf,pdfix-unable-to-open
courts/default/documents/CFCC-2016-09-RBB-Attachment-5-Darfur.pdf,pdfix-unable-to-open
courts/default/documents/CRS-PD-291-Attachment-3-Vendors-Acceptance-of-the-RFPs-Contract-Terms-ab105819.pdf,pdfix-unable-to-open
courts/default/documents/ccms-transitionv3-rfp-add1.pdf,pdfix-unable-to-open
courts/default/documents/RFP-FS-2021-15-AL-NoticeOfNonCostScores.pdf,pdfix-unable-to-open
courts/default/documents/Attachment-B-FIsCal-PDA-Unformatted.pdf,pdfix-unable-to-open
courts/default/documents/CRS-EG-054-Attachment-2-AOC-Hotel-Agreement-Template.pdf,pdfix-unable-to-open
courts/default/documents/CJER-05-13-RB-Questions-and-Answers.pdf,pdfix-unable-to-open
courts/default/documents/wcm-rfp-att1_0.pdf,pdfix-unable-to-open
courts/default/documents/CRS-SP-337-Attachment-1-Admin-Rules-Non-IT-Services.pdf,pdfix-unable-to-open
courts/default/documents/FSO-2018-05-JMG_Attach_D_to_Std_Agmt_Judicial_Council_Tool_Control_Policy.pdf,pdfix-unable-to-open
courts/default/documents/RFPFS202203MB-Answers-to-Submitted-Questions.pdf,pdfix-unable-to-open
courts/default/documents/BS-2020-13-DM-Attachment-1-Administrative-Rules.pdf,pdfix-unable-to-open
courts/default/documents/OCIP-Procedures-Manual-2022.pdf,pdfix-unable-to-open
courts/default/documents/lc-20210401-notice-agenda.pdf,pdfix-unable-to-open
courts/default/documents/CRS-PD-252-Attachment-1-Admin-Rules-Non-IT-Services-aprnjo18.pdf,pdfix-unable-to-open
courts/default/documents/CFCC-13-13-LM-Attachment-3-Proposers-Acceptance-of-Terms-Conditions.pdf,pdfix-unable-to-open
courts/default/documents/ergoassess-rfp-add1.pdf,pdfix-unable-to-open
courts/default/documents/HR-2021-27-DM-Intent-To-Award.pdf,pdfix-unable-to-open
courts/default/documents/HCRC-2018-48-RB-Attachment-5-Darfur-Certification.pdf,pdfix-unable-to-open
courts/default/documents/JBCP-2015-02-BR_CMR-NEW-SANTA-BARBARA-CRIMINAL-CH.pdf,pdfix-unable-to-open
courts/default/documents/TCAS-2021-01-MS-Exhibit-2-Response-Template.pdf,pdfix-unable-to-open
courts/default/documents/CRS-AK-382-Attachment-6-Conflict-of-Interest-Certification-form.pdf,pdfix-unable-to-open
courts/default/documents/CRS-AU-067-Attachment-4-Darfur-Contracting-ACT-.pdf,pdfix-unable-to-open
courts/default/documents/RFP-CFCC23-159RB-Notice-of-Intent-to-Award.pdf,pdfix-unable-to-open
courts/default/documents/snaponlinerfp.pdf,pdfix-unable-to-open
courts/default/documents/appraiserrfp-2.pdf,pdfix-unable-to-open
courts/default/documents/CRS-SP-236-Attachment-3-Vendors-Acceptance-of-the-RFPs-Contract-Terms.pdf,pdfix-unable-to-open
courts/default/documents/CFCC-2016-15-RBB-Attachment-4-General-Certification.pdf,pdfix-unable-to-open
courts/default/documents/CRS-EG-202-Attachment-2-JCC-Hotel-Agreement-Template.pdf,pdfix-unable-to-open
courts/default/documents/ctintrecruit-rfp_0.pdf,pdfix-unable-to-open
courts/default/documents/HR-TC-2016-04-ML-Public-Opening-Cost-Proposals.pdf,pdfix-unable-to-open
courts/default/documents/JBCP-2015-12-BR-RFQP-CMR-NEW-SONORA.pdf,pdfix-unable-to-open
courts/default/documents/CRS-SP-308-Attachment-1-Admin-Rules-Non-IT-Services.pdf,pdfix-unable-to-open
courts/default/documents/aocrfp_att_0.pdf,pdfix-unable-to-open
courts/default/documents/CRSSP052-Attachment-2-AOC-Hotel-Agreement-Template.pdf,pdfix-unable-to-open
courts/default/documents/ASU-EG-015-Attachment-3-Vendors-Acceptance-of-the-RFPs-Contract-Terms-no-change-by-td.pdf,pdfix-unable-to-open
courts/default/documents/OS-20150901-SMITHS-JR-NOTICE-OF-CANCELLATION.pdf,pdfix-unable-to-open
courts/default/documents/repjuvdep_attlist_0.pdf,pdfix-unable-to-open
courts/default/documents/TCAS-2021-01-MS-Attachment-6-Payee-Data-Record.pdf,pdfix-unable-to-open
courts/default/documents/26-B2_Mammoth_Lakes_JCC_Site_Drawing_V2_2022-12-05.pdf,pdfix-unable-to-open
courts/default/documents/ASU-TD-005-NN-Attachment-7-Conflict-of-Interest-Certification-form.pdf,pdfix-unable-to-open
courts/default/documents/CRS-PD-272-Attachment-2-JCC-Hotel-Agreement-Template-pjceo19.pdf,pdfix-unable-to-open
courts/default/documents/CJER-2015-03-LV-Attachment-1-Admin-Rules.pdf,pdfix-unable-to-open
courts/default/documents/CRS-PD-341-Attachment-2-JCC-Hotel-Agreement-Template_jc21.pdf,pdfix-unable-to-open
courts/default/documents/RFP-FS-2021-19-AL-Attach-1-Administrative-Rules.pdf,pdfix-unable-to-open
courts/default/documents/qual-arch-eng-rfq-qa2.pdf,pdfix-unable-to-open
courts/default/documents/OGC-ADR-01A-LM-Attachment-5-Darfur-Contracting-Certification.pdf,pdfix-unable-to-open
courts/default/documents/carsadd2.pdf,pdfix-unable-to-open
courts/default/documents/IFB-BAP-23-138RB-Attach-5A-std205.pdf,pdfix-unable-to-open
courts/default/documents/laborrel_0.pdf,pdfix-unable-to-open
courts/default/documents/CFCC-03-12-LM-Table-of-Contents.pdf,pdfix-unable-to-open
courts/default/documents/OGC-ADR-02-RB-Attachment-5-Darfur-Contracting-Certification.pdf,pdfix-unable-to-open
courts/default/documents/constrantct-rfp_0.pdf,pdfix-unable-to-open
courts/default/documents/2010lang-rfp-noaward_0.pdf,pdfix-unable-to-open
courts/default/documents/RFP-FS-2021-02-BD-Attachment-A-Administrative-Rules.pdf,pdfix-unable-to-open
courts/default/documents/COM-LSD-201504-JR-Attachment-7.pdf,pdfix-unable-to-open
courts/default/documents/RFP-CFCC-2023-26-LV-Attachment-8-Bidder-Declaration.pdf,pdfix-unable-to-open
courts/default/documents/CRS-SP-225-RFP-Hotel-ROOM-BLOCK.pdf,pdfix-unable-to-open
courts/default/documents/RFP-FS-2021-23-JP-PreQualification-Questionaire-Scoring-Attachment-2.pdf,pdfix-unable-to-open
courts/default/documents/CRS-SP-253-Questions-Answers.pdf,pdfix-unable-to-open
courts/default/documents/precon-stockton-rfq-qna2.pdf,pdfix-unable-to-open
courts/default/documents/REFM-2016-23-RP-Addendum-1-Drawing-Compton.pdf,pdfix-unable-to-open
courts/default/documents/RFP-FS-2022-08-XC-Attachment-G-Payee_Data_Record.pdf,pdfix-unable-to-open
courts/default/documents/childsupport-guide-rfp-award.pdf,pdfix-unable-to-open
courts/default/documents/RFPFS202307KO-Attach-I-Bidder-Declaration.pdf,pdfix-unable-to-open
courts/default/documents/CR-2019-04-LV-RFP.pdf,pdfix-unable-to-open
courts/default/documents/COSSO-02-14-LM-Attachment-6-Payee-Data-Record-Form.pdf,pdfix-unable-to-open
courts/default/documents/2010study-rfp-attachd_0.pdf,pdfix-unable-to-open
courts/default/documents/3trackrfp_0.pdf,pdfix-unable-to-open
courts/default/documents/TCAS-2021-01-MS-Exhibit-3-Pricing-Sheet.pdf,pdfix-unable-to-open
courts/default/documents/CRS-EG-132-Attachment-RFP-Hotel-ROOM-BLOCK.pdf,pdfix-unable-to-open
courts/default/documents/JBCP-REFM-AV-2016-12-JP-Posting-of-Short-List.pdf,pdfix-unable-to-open
courts/default/documents/RFP-CFCC-2023-53-DM-ADDENDUM-1.pdf,pdfix-unable-to-open
courts/default/documents/tempserv-rfp_att_f_payee_data_record_form_std_204_2003_0.pdf,pdfix-unable-to-open
courts/default/documents/docmanage-statewide-rfp-appd.pdf,pdfix-unable-to-open
courts/default/documents/cbsfcdcs-rfp-attach1.pdf,pdfix-unable-to-open
courts/default/documents/ASU-EG-002-SS-Attachment-5-Form-for-Submission-of-Technical-Proposal-FULL-SERVICE.pdf,pdfix-unable-to-open
courts/default/documents/CRS-PD-081-Attachment-3-Vendors-Acceptance-of-the-RFPs-Contract-Terms.pdf,pdfix-unable-to-open
courts/default/documents/CRS-EG-153-Attachment-1-Admin-Rules-Non-IT-Services.pdf,pdfix-unable-to-open
courts/default/documents/FSO-2017-14-RP-Attach-11-Aggregate-Title-Insurance-Endorsement.pdf,pdfix-unable-to-open
courts/default/documents/CRS-SP-159-Attachment-6-Conflict-of-Interest-Certification-form.pdf,pdfix-unable-to-open
courts/default/documents/ergoassess-rfp-attache_0.pdf,pdfix-unable-to-open
courts/default/documents/TCAS-20151101-01-JR-NON-COST-SCORES.pdf,pdfix-unable-to-open
courts/default/documents/CFCC-2020-69-RB-Attachment-4.pdf,pdfix-unable-to-open
courts/default/documents/hrassessment-rfp-attachd.pdf,pdfix-unable-to-open
courts/default/documents/phoenix-rfp-roadmap_0.pdf,pdfix-unable-to-open
courts/default/documents/CRS-SP-354-Intent-to-Award.pdf,pdfix-unable-to-open
courts/default/documents/modular-rfp_0.pdf,pdfix-unable-to-open
courts/default/documents/IFB-Supreme-041516-MDS-Addendum-3.pdf,pdfix-unable-to-open
courts/default/documents/CFCC-2024-28-LV-Attachment-4-General-Certifications-Form.pdf,pdfix-unable-to-open
courts/default/documents/CRS-SP-281-Intent-to-Award.pdf,pdfix-unable-to-open
courts/default/documents/techanalysts-rfp.pdf,pdfix-unable-to-open
courts/default/documents/RFP-IT-2023-03-LP-Information-Systems-Security-Outreach-Program.pdf,pdfix-unable-to-open
courts/default/documents/IFB-ISD-041812-AA-ATTACHMENT-1-Specifications-and-Quantities.pdf,pdfix-unable-to-open
courts/default/documents/IT-OPD-18-47-RB-Notice-Intent-to-Award.pdf,pdfix-unable-to-open
courts/default/documents/feltrial-rfp-attach1.pdf,pdfix-unable-to-open
courts/default/documents/CRS-SP-159-Attachment-RFP-Hotel-FULL-SERVICE.pdf,pdfix-unable-to-open
courts/default/documents/CRS-PD-223-RFP-Questions-Answers-pjceo18.pdf,pdfix-unable-to-open
courts/default/documents/HR-2012-01-RB-HR-2012-01-RB-Attachment-4-Vendor-Payee-Data.pdf,pdfix-unable-to-open
courts/default/documents/CR-2019-04-LV-Attach-4-General-Certification.pdf,pdfix-unable-to-open
courts/default/documents/juvcourtuserres-rfp-attach4.pdf,pdfix-unable-to-open
courts/default/documents/CRSEG144-Attachment-6-Conflict-of-Interest-Certification-form.pdf,pdfix-unable-to-open
courts/default/documents/ergoeval-rfp-qa.pdf,pdfix-unable-to-open
courts/default/documents/2010lang-rfp-attf_1.pdf,pdfix-unable-to-open
courts/default/documents/CRS-EG-241-Hotel-FS-MULTIPLE-AWARDS_Updated.pdf,pdfix-unable-to-open
courts/default/documents/ccms-rfp-intent_0.pdf,pdfix-unable-to-open
courts/default/documents/REFM-2016-14-RP-Notice-of-Cancellation.pdf,pdfix-unable-to-open
courts/default/documents/addendum_0.pdf,pdfix-unable-to-open
courts/default/documents/peercourtrfp-qa_0.pdf,pdfix-unable-to-open
courts/default/documents/CFCC-2016-10-RBB-Attachment-1-Admin-Rules.pdf,pdfix-unable-to-open
courts/default/documents/CRS-PD-194-Attachment-1-Admin-Rules-Non-IT-Services-AJSI2017.pdf,pdfix-unable-to-open
courts/default/documents/IntentToAwardNotice-ChiefJustice_0.pdf,pdfix-unable-to-open
courts/default/documents/precon-stockton-rfq-attachh.pdf,pdfix-unable-to-open
courts/default/documents/thirdpartyclaims-tcservice-rfp-intent.pdf,pdfix-unable-to-open
courts/default/documents/prtrepsb_0.pdf,pdfix-unable-to-open
courts/default/documents/ecm-rfp-appa.pdf,pdfix-unable-to-open
courts/default/documents/seismicrehabrfq_0.pdf,pdfix-unable-to-open
courts/default/documents/CRS-SP-425-Attachment-1-Admin-Rules-Non-IT-Services.pdf,pdfix-unable-to-open
courts/default/documents/3dcarfp201201_attachment2.pdf,pdfix-unable-to-open
courts/default/documents/OGC-ADR-03-NN-Q-A.pdf,pdfix-unable-to-open
courts/default/documents/prequalchulavista-rfq-exhibitc.pdf,pdfix-unable-to-open
courts/default/documents/CRS-PD-082-Attachment-7-Conflict-of-Interest-Certification-form.pdf,pdfix-unable-to-open
courts/default/documents/2010lang-rfp-qna.pdf,pdfix-unable-to-open
courts/default/documents/aersforscbrfp.pdf,pdfix-unable-to-open
courts/default/documents/CRS-PD-100-RFP-Hotel-Room-Block.pdf,pdfix-unable-to-open
courts/default/documents/RFQ-FS-2021-26-AL-ADDENDUM-1.pdf,pdfix-unable-to-open
courts/default/documents/JBCP-2013-02-BR-Attachment-H-References-Form.pdf,pdfix-unable-to-open
courts/default/documents/RFP-FS-SP-2019-03-JP_0.pdf,pdfix-unable-to-open
courts/default/documents/RFP-FS-2022-13-XC_ADDENDUM-1.pdf,pdfix-unable-to-open
courts/default/documents/JCC-2019-01-CD-Attachment-1-Administrative-Rules.pdf,pdfix-unable-to-open
courts/default/documents/JBCP-2015-11-JT-qa.pdf,pdfix-unable-to-open
courts/default/documents/OREFM-2013-06-CC-Attachment-C.pdf,pdfix-unable-to-open
courts/default/documents/TCAS-2021-02-AJ-Human-Capital-Management-RFP-Addendum-4.pdf,pdfix-unable-to-open
courts/default/documents/TCAS-20151101-01-JR-ATTACHMENT-6.pdf,pdfix-unable-to-open
courts/default/documents/JBCP-2014-01-BR-Attachment-B-SWO-1218408-Elevator-study-report-11-04-17.pdf,pdfix-unable-to-open
courts/default/documents/CRS-SO-69-Intent-to-Award-TCPJAC.pdf,pdfix-unable-to-open
courts/default/documents/sseadd1.pdf,pdfix-unable-to-open
courts/default/documents/REFM-2016-27-BD-RFP.pdf,pdfix-unable-to-open
courts/default/documents/FS-2018-18-RP-Questions-and-Answers.pdf,pdfix-unable-to-open
courts/default/documents/fmsrfp_0.pdf,pdfix-unable-to-open
courts/default/documents/RFP-FS-SP-2019-03-JP-Attachment-6-Contract-Sample-Addendum-1.pdf,pdfix-unable-to-open
courts/default/documents/CRS-PD-329-Cancellation-Notice-pjpi.pdf,pdfix-unable-to-open
courts/default/documents/RFP-FS-2023-15-XC-Attach-N-Consulting-IDIQ-Statewide-Hourly-Rates.pdf,pdfix-unable-to-open
courts/default/documents/CRS-SP-174-Attachment-2-Hotel-Agreement.pdf,pdfix-unable-to-open
courts/default/documents/prequalchulavista-rfq-jobwalk.pdf,pdfix-unable-to-open
courts/default/documents/RFP-BAP23-160RB-Answers-to-Questions.pdf,pdfix-unable-to-open
courts/default/documents/IT-2019-10-LB-Attachment-13-DraftDesignElement.pdf,pdfix-unable-to-open
courts/default/documents/CRS-EG030-RFP-Intent-to-Award.pdf,pdfix-unable-to-open
courts/default/documents/snapshot-rfp-att2e_0.pdf,pdfix-unable-to-open
courts/default/documents/RFP-FS-2019-07-DGF-Notice-of-Intent-to-Award.pdf,pdfix-unable-to-open
courts/default/documents/06_April_Facilities_Standards_with_Amendment1.pdf,pdfix-unable-to-open
courts/default/documents/BAP24-166RB-Attach-1-Admin-Rules.pdf,pdfix-unable-to-open
courts/default/documents/envservrfq-add1.pdf,pdfix-unable-to-open
courts/default/documents/IFB-ISD-041015-AA-Intent-to-Award-Posting.pdf,pdfix-unable-to-open
courts/default/documents/ccmsrfp.pdf,pdfix-unable-to-open
courts/default/documents/TCAS-2021-01-MS-Attachment-3-Contractors-Acceptance-of-Terms.pdf,pdfix-unable-to-open
courts/default/documents/IT-DMS-2016-01-MDS-Intent-to-Award.pdf,pdfix-unable-to-open
courts/default/documents/aersforscbrfp_0.pdf,pdfix-unable-to-open
courts/default/documents/preconstruct-risk-los-banos-rfp-attach-h.pdf,pdfix-unable-to-open
courts/default/documents/RFP-FSO-PFMS-2018-21-JP-Answers-to-Questions-Addendum1.pdf,pdfix-unable-to-open
courts/default/documents/CRS-SP-296-RFP-Hotel-ROOM-BLOCK.pdf,pdfix-unable-to-open
courts/default/documents/Support-for-On-Line-Document-Assembly-Program-RFP-CFCC-2020-12-DM.pdf,pdfix-unable-to-open
courts/default/documents/testadmin-rfp_attd_0.pdf,pdfix-unable-to-open
courts/default/documents/CRS-SP-041-RFP-Addendum-1-Hotel-ROOM-BLOCK-ONLY.pdf,pdfix-unable-to-open
courts/default/documents/RFP-BAP-2023-56-DM-PHOENIX-SAP-HANA-DATABASE-RENEWAL.pdf,pdfix-unable-to-open
courts/default/documents/CFCC-10-11-LM-Appendix-B-Acceptance-of-the-Work.pdf,pdfix-unable-to-open
courts/default/documents/docmanage-statewide-rfp-shortlist2.pdf,pdfix-unable-to-open
courts/default/documents/COS-ODP-201504-JR-Attachment-6.pdf,pdfix-unable-to-open
courts/default/documents/CRS-EG-351-Attachment-1-Admin-Rules-Non-IT-Services.pdf,pdfix-unable-to-open
courts/default/documents/ergoassess-rfp_0.pdf,pdfix-unable-to-open
courts/default/documents/CRS-PD-226-RFP-Hotel-FS-MULTIPLE-AWARDS-njo1718.pdf,pdfix-unable-to-open
courts/default/documents/RFP-FS-2021-04-MB-Attachment-O-Unruh-Certification-Form.pdf,pdfix-unable-to-open
courts/default/documents/CRS-PD-194-Attachment-6-Conflict-of-Interest-Certification-form-AJSI2017.pdf,pdfix-unable-to-open
courts/default/documents/Attachment-F-Payee-Data-Record-Form_.pdf,pdfix-unable-to-open
courts/default/documents/riverside-reconstruct-rfq-attachf.pdf,pdfix-unable-to-open
courts/default/documents/ASU-TD-022-Attachment-2-AOC-Hotel-Agreement-Template-10-26-11.pdf,pdfix-unable-to-open
courts/default/documents/Notice-Of-Intent-To-Award-RFPFS202301MB_0.pdf,pdfix-unable-to-open
courts/default/documents/CFCC-2021-91RB-Attachment-9-DVBE-Declaration.pdf,pdfix-unable-to-open
courts/default/documents/Attachment-S-Master-Answers-to-Questions-Submitted-Week-Ending-11-10-22.pdf,pdfix-unable-to-open
courts/default/documents/REFM-2015-13-DM-Attachment-6-PAYEE-DATA-RECORD.pdf,pdfix-unable-to-open
courts/default/documents/CRS-PD-336-RFP-Hotel-FS-MULTIPLE-AWARDS_jc21.pdf,pdfix-unable-to-open
courts/default/documents/sharedservappendices.pdf,pdfix-unable-to-open
courts/default/documents/rfp082205_servlvl.pdf,pdfix-unable-to-open
courts/default/documents/CRS-PD-205-RFP-Hotel-ROOM-BLOCK-CACCA.pdf,pdfix-unable-to-open
courts/default/documents/FS-2018-13-BD-Attachment-13-Asbestos-Management-Program.pdf,pdfix-unable-to-open
courts/default/documents/FS-2018-16-RP-Questions-and-Answers.pdf,pdfix-unable-to-open
courts/default/documents/CFCC-2022-03-LB-Attachment-6A-STD204.pdf,pdfix-unable-to-open
courts/default/documents/reas-rfp-vdrfrm_0.pdf,pdfix-unable-to-open
courts/default/documents/CRS-PD-188-Attachment-2-JCC-Hotel-Agreement-CRS-NJO.pdf,pdfix-unable-to-open
courts/default/documents/OGC-ADR-04-NN-Table-of-Contents.pdf,pdfix-unable-to-open
courts/default/documents/OGC-ADR-02-RB-Notice-of-Cancellation.pdf,pdfix-unable-to-open
courts/default/documents/CRS-PD-282-Attachment-2-JCC-Hotel-Agreement-Template-sji19.pdf,pdfix-unable-to-open
courts/default/documents/CRS-EG-257-Attachment-RFP-Hotel-FULL.pdf,pdfix-unable-to-open
courts/default/documents/CJER92013-LV-Questions-and-Answers.pdf,pdfix-unable-to-open
courts/default/documents/JBCP-2016-06-CP-RFQ-Construction-Plan-Review-Project-Inspection-and-Special-Inspection-Materials-Testing.pdf,pdfix-unable-to-open
courts/default/documents/occm-2011-19-jmg-Questions-and-Answers.pdf,pdfix-unable-to-open
courts/default/documents/CFCC-2016-07-RBB-Attachment-1-Admin-Rules.pdf,pdfix-unable-to-open
courts/default/documents/ctintrecruit-rfp-intent_0.pdf,pdfix-unable-to-open
courts/default/documents/riverside-reconstruct-rfq-attachb.pdf,pdfix-unable-to-open
courts/default/documents/CFCC-031814-LCDR-CF_Att-11_Webinar-Slides.pdf,pdfix-unable-to-open
courts/default/documents/ccmsv4int-rfp-atta.pdf,pdfix-unable-to-open
courts/default/documents/CFCC-2018-05-LV-Cancellation-Notice.pdf,pdfix-unable-to-open
courts/default/documents/ASU-EG-015-Attachment-4-Darfur-Contracting-ACT.pdf,pdfix-unable-to-open
courts/default/documents/CRS-EG-410-Attachment-RFP.pdf,pdfix-unable-to-open
courts/default/documents/RFP-FS-2021-01-MB-Attachment-O-Iran-Contracting-Act.pdf,pdfix-unable-to-open
courts/default/documents/COS-ODP-201504-JR-Attachment-2.pdf,pdfix-unable-to-open
courts/default/documents/ctintrecruit-rfp-add1_0.pdf,pdfix-unable-to-open
courts/default/documents/snaponline-attb.pdf,pdfix-unable-to-open
courts/default/documents/estorectrep-rfi.pdf,pdfix-unable-to-open
courts/default/documents/facconpp-rfp_qa.pdf,pdfix-unable-to-open
courts/default/documents/ccms-rfp-present_0.pdf,pdfix-unable-to-open
courts/default/documents/scpiv-rfp-qa_0.pdf,pdfix-unable-to-open
courts/default/documents/ptc092905_0.pdf,pdfix-unable-to-open
courts/default/documents/CRS-SP-242-Attachment-4-Darfur-Contracting-ACT.pdf,pdfix-unable-to-open
courts/default/documents/CRS-PD-252-Attachment-4-Darfur-Contracting-ACT-aprnjo18.pdf,pdfix-unable-to-open
courts/default/documents/FSO-2018-3-JMG-Attach-6-Payee_Data_Record.pdf,pdfix-unable-to-open
courts/default/documents/CRS-SP-350-RFP-Hotel-ROOM-BLOCK.pdf,pdfix-unable-to-open
courts/default/documents/calcjcduicoststudy-rfp-att1.pdf,pdfix-unable-to-open
courts/default/documents/IT-2019-60-RB-Date-Change-Notice-Public-Opening-of-Cost-Portion-of-Proposals.pdf,pdfix-unable-to-open
courts/default/documents/IT-201509-JR-RFI-Addendum-No-1.pdf,pdfix-unable-to-open
courts/default/documents/tcgasbs-rfp-qna_0.pdf,pdfix-unable-to-open
courts/default/documents/RFP-FS-2023-15-XC-ADDENDUM01.pdf,pdfix-unable-to-open
courts/default/documents/attach2a_ex_ae.pdf,pdfix-unable-to-open
courts/default/documents/REFM-2016-23-RP-Questions-and-Answers.pdf,pdfix-unable-to-open
courts/default/documents/CFCC-2019-19-CD-RFP-Language-Access-in-the-California-Courts.pdf,pdfix-unable-to-open
courts/default/documents/susanvillecourthouse-testing-rfp-attachb.pdf,pdfix-unable-to-open
courts/default/documents/RFP-42DCA-19-20-01-JanitorialService-Attachment-6.pdf,pdfix-unable-to-open
courts/default/documents/Notice-of-Cancellation.pdf,pdfix-unable-to-open
courts/default/documents/prequalchulavista-rfq-schedule.pdf,pdfix-unable-to-open
courts/default/documents/CRS-AU-075-Attachment-3-Vendors-Acceptance-of-the-RFPs-Contract-Terms-AB-1058.pdf,pdfix-unable-to-open
courts/default/documents/ASU-AU-006-LM-Attachment-2-JBE-AOC-Standard-Terms-and-Conditions.pdf,pdfix-unable-to-open
courts/default/documents/RFP-COA-2019-01-RP-A9-NDA.pdf,pdfix-unable-to-open
courts/default/documents/CRS-SO060-Attachment-4-Darfur-Contracting-ACT-TJAI-2014doc.pdf,pdfix-unable-to-open
courts/default/documents/wcm-rfp-att5_0.pdf,pdfix-unable-to-open
courts/default/documents/CFCC-2016-06-RBB-Attachment-5-Darfur.pdf,pdfix-unable-to-open
courts/default/documents/FSO-2018-04-JR-Notice-of-Intent.pdf,pdfix-unable-to-open
courts/default/documents/rfp082205.pdf,pdfix-unable-to-open
courts/default/documents/A9-Payee-Form1-STD204.pdf,pdfix-unable-to-open
courts/default/documents/CRS-SP-428-Intent-to-Award.pdf,pdfix-unable-to-open
courts/default/documents/mamlakes-rfp-award.pdf,pdfix-unable-to-open
courts/default/documents/CRS-SP-155-Attachment-6-Conflict-of-Interest-Certification-form.pdf,pdfix-unable-to-open
courts/default/documents/RFP-CFCC-2023-03-LP-QA.pdf,pdfix-unable-to-open
courts/default/documents/RFP-FS-2021-05-MB-Attachment-M-DVBE-Declaration.pdf,pdfix-unable-to-open
courts/default/documents/occm-2011-19-jmg-Posting-of-Award.pdf,pdfix-unable-to-open
courts/default/documents/ASU-EG-020-Attachment-4-Darfur-Contracting-ACT.pdf,pdfix-unable-to-open
courts/default/documents/prodjustsc-rfp-qa.pdf,pdfix-unable-to-open
courts/default/documents/CRS-PD-182-Attachment-2-JCC-Hotel-Agreement-CRS-PD-182-SJI-2017.pdf,pdfix-unable-to-open
courts/default/documents/CRS-SP-145-Attachment-2-Hotel-Agreement-Template.pdf,pdfix-unable-to-open
courts/default/documents/CRS-SP-404-Cancellation.pdf,pdfix-unable-to-open
courts/default/documents/CRSEG143_Attachment-RFP-Hotel-FULL-SERVICE.pdf,pdfix-unable-to-open
courts/default/documents/archrelsvccapproj-tele-participants.pdf,pdfix-unable-to-open
courts/default/documents/HCRC-2018-48-RB-Attachment-3-Acceptance-of-Terms-and-Conditions.pdf,pdfix-unable-to-open
courts/default/documents/HR-2022-08-LV-EAP-Questions-and-Answers-Final.pdf,pdfix-unable-to-open
courts/default/documents/constrantct-rfp_atte_0.pdf,pdfix-unable-to-open
courts/default/documents/photoserv-rfq-intent-08060201.pdf,pdfix-unable-to-open
courts/default/documents/ASU-DC-013-Attachment-4-Darfur-Contracting-Act.pdf,pdfix-unable-to-open
courts/default/documents/ecm-rfp-appe.pdf,pdfix-unable-to-open
courts/default/documents/CFCC-2016-14-RBB-Attachment-6-Payee-Data-Record.pdf,pdfix-unable-to-open
courts/default/documents/CRS-TD-038-Attachment-2-AOC-Hotel-Agreement-Template.pdf,pdfix-unable-to-open
courts/default/documents/CFCC-032514-PCDR-CF-Attachment-6-Darfur.pdf,pdfix-unable-to-open
courts/default/documents/dm-rfp-att5_0.pdf,pdfix-unable-to-open
courts/default/documents/pubprivpart-rfp-add1_0.pdf,pdfix-unable-to-open
courts/default/documents/precon-stockton-rfq-add4.pdf,pdfix-unable-to-open
courts/default/documents/National-Center-for-State-Courts-Exhibit-1.pdf,pdfix-unable-to-open
courts/default/documents/tcgasbs-rfp_0.pdf,pdfix-unable-to-open
courts/default/documents/testadmin-rfp-contract_0.pdf,pdfix-unable-to-open
courts/default/documents/solanocourthouse-rfq-secondfloor.pdf,pdfix-unable-to-open
courts/default/documents/AS-2022-37-DM-Attachment-5B-Std205.pdf,pdfix-unable-to-open
courts/default/documents/REFM-2016-15-RP-Notice-Prospective-Bidders.pdf,pdfix-unable-to-open
courts/default/documents/OnlinePrivacyProtectionService-rfi.pdf,pdfix-unable-to-open
courts/default/documents/peercourtrfp-add1.pdf,pdfix-unable-to-open
courts/default/documents/CFCC-2024-28-LV-Attachment-9-DVBE-Declaration.pdf,pdfix-unable-to-open
courts/default/documents/BSU-2013-01-GW-RFP.pdf,pdfix-unable-to-open
courts/default/documents/FS-2021-12-AL-Attach-1-Administrative-Rules.pdf,pdfix-unable-to-open
courts/default/documents/CRSEG055-QA.pdf,pdfix-unable-to-open
courts/default/documents/ASU-EG-015-Attachment-7-Conflict-of-Interest-Certification-form.pdf,pdfix-unable-to-open
courts/default/documents/IT-2020-65-RB-RFI-Answers-to-Questions.pdf,pdfix-unable-to-open
courts/default/documents/RFP-CFCC22-119RB-A1-Admin-Rules.pdf,pdfix-unable-to-open
courts/default/documents/RFP-FS-2021-01-MB-Attachment-L-General-Certs.pdf,pdfix-unable-to-open
courts/default/documents/CRS-SP-120-Attachment-3-Vendors-Acceptance-of-the-RFPs-Contract-Terms.pdf,pdfix-unable-to-open
courts/default/documents/cscscodrfp-attlist_0.pdf,pdfix-unable-to-open
courts/default/documents/IT-072414-WXRP-CF_Request-for-Proposals.pdf,pdfix-unable-to-open
courts/default/documents/RFP-IT-2023-03-LP-Technical-Scores.pdf,pdfix-unable-to-open
courts/default/documents/evaljuryservideo-rfp-dvbe.pdf,pdfix-unable-to-open
courts/default/documents/EDU-10-12-LM-Intent-to-Award.pdf,pdfix-unable-to-open
courts/default/documents/RFP-LSS-2021-26-DM-ADDENDUM-1.pdf,pdfix-unable-to-open
courts/default/documents/CRSEG127-RFP-Hotel-FULL-SERVICE.pdf,pdfix-unable-to-open
courts/default/documents/CRS-SP-121-Attachment-6-Conflict-of-Interest-Certification-form.pdf,pdfix-unable-to-open
courts/default/documents/CRS-AU-037-Intent-to-Award.pdf,pdfix-unable-to-open
courts/default/documents/RFPFS202212KO-Attach-H-Bidder-Declaration.pdf,pdfix-unable-to-open
courts/default/documents/tcpjac-20231018-notice_agenda.pdf,pdfix-unable-to-open
courts/default/documents/CJER-08-14-MQ-RFP.pdf,pdfix-unable-to-open
courts/default/documents/RFP-IT-2023-03-LP-ADDENDUM-1.pdf,pdfix-unable-to-open
courts/default/documents/OREFM-2013-06-CC-Attachment-G.pdf,pdfix-unable-to-open
courts/default/documents/CRS-PD-316-Attachment-2-JCC-Hotel-Agreement-Template_pjceo20.pdf,pdfix-unable-to-open
courts/default/documents/FS-2019-07-DGF-Attach-D_Payee_Data_Record.pdf,pdfix-unable-to-open
courts/default/documents/JBWCP-2019-07-DM-ADDENDUM-1.pdf,pdfix-unable-to-open
courts/default/documents/RFQFS202205MB-Attach-1-Prequalification-Questionaire.pdf,pdfix-unable-to-open
courts/default/documents/RFPFS202119AL-NoticeOfShortlistForInterviews.pdf,pdfix-unable-to-open
courts/default/documents/IT-2021-94RB-RFP-Attach-5-Small-Biz.pdf,pdfix-unable-to-open
courts/default/documents/JBCP-CMS-S-2016-58-JP-RFP-Attach-2-Form-of-AgreementCMServices.pdf,pdfix-unable-to-open
courts/default/documents/CJER-HB-0712-LM-Attachment-3-Proposers-Acceptance-of-Terms-and-Conditions.pdf,pdfix-unable-to-open
courts/default/documents/preconstsvc-rfp-attachf-rev3_1.pdf,pdfix-unable-to-open
courts/default/documents/confaudio-rfp-atte2.pdf,pdfix-unable-to-open
courts/default/documents/AS-2022-37-DM-Attachment-13-UNRUH-AND-FEHA-CERTIFICATION.pdf,pdfix-unable-to-open
courts/default/documents/adda3_0.pdf,pdfix-unable-to-open
courts/default/documents/CFCC-201103-RB-Attachment-4-Vendor-Payee-Data.pdf,pdfix-unable-to-open
courts/default/documents/CRS-SP-428-Attachment-2-JCC-Hotel-Agreement-Template.pdf,pdfix-unable-to-open
courts/default/documents/mamlakes-rfp-attg_0.pdf,pdfix-unable-to-open
courts/default/documents/IFB-ISD-050516-AA-HPE-MSL2024-O-Drive-Tape-Library.pdf,pdfix-unable-to-open
courts/default/documents/calcjcduicoststudy-rfp.pdf,pdfix-unable-to-open
courts/default/documents/CFCC-2016-12-RBB-RFP.pdf,pdfix-unable-to-open
courts/default/documents/IT-OPD-18-46-RB-Attachment-4-Certifications.pdf,pdfix-unable-to-open
courts/default/documents/OGC-ADR-01A-LM-Attachment-2-AOC-Terms-Conditions.pdf,pdfix-unable-to-open
courts/default/documents/CRS-SP-236-Attachment-4-Darfur-Contracting-ACT.pdf,pdfix-unable-to-open
courts/default/documents/OCR23-152RB-Attach-6A-std204.pdf,pdfix-unable-to-open
courts/default/documents/CRS-PD-113-Attachment-6-Conflict-of-Interest-Certification-form.pdf,pdfix-unable-to-open
courts/default/documents/IT23-153RB-Attach-6A-std204.pdf,pdfix-unable-to-open
courts/default/documents/OERS-201101-RB-Intent-To-Award-Notice-Revised.pdf,pdfix-unable-to-open
courts/default/documents/ccmsv4int-rfp.pdf,pdfix-unable-to-open
courts/default/documents/CRS-SP-242-Attachment-6-Conflict-of-Interest-Certification-form.pdf,pdfix-unable-to-open
courts/default/documents/IT-072414-WXRP-CF_Attachment-3-Acceptance-of-Ts-Cs.pdf,pdfix-unable-to-open
courts/default/documents/CRS-SP-203-Attachment-4-Darfur-Contracting-ACT.pdf,pdfix-unable-to-open
courts/default/documents/OS-20150901-RAPISCAN-JR-ATTACHMENT-7.pdf,pdfix-unable-to-open
courts/default/documents/CRS-PD-273-Intent-to-Award-PAO.pdf,pdfix-unable-to-open
courts/default/documents/IT-2019-60-RB-RFP-A9-References.pdf,pdfix-unable-to-open
courts/default/documents/REFM-2014-03-BR-Attachment-E-Sample-Agreement-TCs.pdf,pdfix-unable-to-open
courts/default/documents/phoenix-rfp-sap.pdf,pdfix-unable-to-open
courts/default/documents/4-2-RFP-12-13-01-CK-rfp_hvac.pdf,pdfix-unable-to-open
courts/default/documents/CRS-SP-159-Attachment-1-Admin-Rules-Non-IT-Services.pdf,pdfix-unable-to-open
courts/default/documents/CFCC-2022-11-LV-Attachment-6-Payee-Data-Record-204.pdf,pdfix-unable-to-open
courts/default/documents/CFCC-03-12-LM-Attachment-6-Conflict-of-Interest.pdf,pdfix-unable-to-open
courts/default/documents/CRS-AK-394-Attachment-1-Admin-Rules-Non-IT-Services.pdf,pdfix-unable-to-open
courts/default/documents/RFP-FS-SP-2019-03-JP-Attachment-4-Planned-Activities-and-PM-Standards-Addendum-2.pdf,pdfix-unable-to-open
courts/default/documents/preconstsvc-rfp-attache-rev.pdf,pdfix-unable-to-open
courts/default/documents/CRS-PD-147-Attachment-3-Vendors-Acceptance-of-the-RFPs-Contract-Terms-NJO.pdf,pdfix-unable-to-open
courts/default/documents/CRS-AK-412-Attachment-2-JCC-Hotel-Agreement-Template_9-2022.pdf,pdfix-unable-to-open
courts/default/documents/SAPC_2013-01-JMG-RFP-01-15-13.pdf,pdfix-unable-to-open
courts/default/documents/RFP-FSO-PFMS-2018-21-JP-Answers-to-Questions.pdf,pdfix-unable-to-open
courts/default/documents/RFP-FS-2023-12-MB-Architectural-and-Engineering-Consulting-Services-ADDENDUM-03.pdf,pdfix-unable-to-open
courts/default/documents/CRS-EG-315-Attachment-2-JCC-Hotel-Agreement-Template.pdf,pdfix-unable-to-open
courts/default/documents/CRS-SP-348-Attachment-3-Vendors-Acceptance-of-the-RFPs-Contract-Terms.pdf,pdfix-unable-to-open
courts/default/documents/webredesign-rfp-add2_0.pdf,pdfix-unable-to-open
courts/default/documents/ecm-rfp-appj_0.pdf,pdfix-unable-to-open
courts/default/documents/3DCA-17-18-04-attachment-6-Unruh-certification.pdf,pdfix-unable-to-open
courts/default/documents/REFM-2015-13-DM-Addendum-2.pdf,pdfix-unable-to-open
courts/default/documents/qual-arch-eng-rfq-shortlist.pdf,pdfix-unable-to-open
courts/default/documents/Attach-12-Unruh-Certification_0.pdf,pdfix-unable-to-open
courts/default/documents/CFCC-201501-JR-QnA.pdf,pdfix-unable-to-open
courts/default/documents/RFP-CFCC-2012-01-RB-Attachment-3-Acceptance-of-Terms-and-Conditions.pdf,pdfix-unable-to-open
courts/default/documents/FSO-2017-21-HN-Questions-And-Answers.pdf,pdfix-unable-to-open
courts/default/documents/JBWCP-2019-07-DM-QA.pdf,pdfix-unable-to-open
courts/default/documents/FSO-CMS-2018-10-JP-Attach-H-Internal-Background-Check-Policy.pdf,pdfix-unable-to-open
courts/default/documents/tempstaff-rfp_0.pdf,pdfix-unable-to-open
courts/default/documents/LSS-2023-16-SB-Attachment-6A-STD204.pdf,pdfix-unable-to-open
courts/default/documents/RFP-FS-2020-09-JP-Attachment-G-Form-Standard-Agreement-Sample.pdf,pdfix-unable-to-open
courts/default/documents/IT-2019-12-LB-Attachment-13-DraftDesignElement.pdf,pdfix-unable-to-open
courts/default/documents/CRS-AU-044Attachment-1-AdminRulesNonITServices.pdf,pdfix-unable-to-open
courts/default/documents/REFM-2014-03-BR-BAS-HVAC-Final.pdf,pdfix-unable-to-open
courts/default/documents/RFQ-FS-2019-08-BD-notice-of-intent-to-award.pdf,pdfix-unable-to-open
courts/default/documents/CRS-SP-237-Questions-Answers.pdf,pdfix-unable-to-open
courts/default/documents/RFP-FS-2021-15-QNA-form-20210917.pdf,pdfix-unable-to-open
courts/default/documents/CRS-PD-105-Attachment-3-Vendors-Acceptance.pdf,pdfix-unable-to-open
courts/default/documents/CRS-PD-240-RFP-Hotel-FULL-SERVICE-cow18.pdf,pdfix-unable-to-open
courts/default/documents/COM-LSD-201504-JR-Attachment-3.pdf,pdfix-unable-to-open
courts/default/documents/gcfmti-rfp-add1.pdf,pdfix-unable-to-open
courts/default/documents/CRS-SP-158-Attachment-RFP-Hotel-ROOM-BLOCK.pdf,pdfix-unable-to-open
courts/default/documents/docmanage-statewide-rfp-attach8.pdf,pdfix-unable-to-open
courts/default/documents/IFB-IT23-151RB-Adobe_Acrobat_Renewal.pdf,pdfix-unable-to-open
courts/default/documents/joborder-contract1010-rfp-modlegal.pdf,pdfix-unable-to-open
courts/default/documents/LSS-18-48-RB-Attach-2-Master-Agreement.pdf,pdfix-unable-to-open
courts/default/documents/mantecacourthouse-rfqpayee-shortlist.pdf,pdfix-unable-to-open
courts/default/documents/techstaff-augment-rfp-attache4.pdf,pdfix-unable-to-open
courts/default/documents/CFCC-2021-27-CD-Attachment-1-Administrative-Rules.pdf,pdfix-unable-to-open
courts/default/documents/Attachment-S-Answers-to-Questions_09-29-23.pdf,pdfix-unable-to-open
courts/default/documents/RFP-SC-91323-MS-Attachment-8-Bidder-Declaration.pdf,pdfix-unable-to-open
courts/default/documents/RFP-FS-2019-05-DGF-Notice-of-Intent-to-Award.pdf,pdfix-unable-to-open
courts/default/documents/offsupp-rfp.pdf,pdfix-unable-to-open
courts/default/documents/publish-rfp-att2_0.pdf,pdfix-unable-to-open
courts/default/documents/RFP-FSO-2017-10-JR-Attachment-13-Tool-Control-Policy.pdf,pdfix-unable-to-open
courts/default/documents/CRS-EG-403-RFP-Hotel-Room-Block.pdf,pdfix-unable-to-open
courts/default/documents/executivesearchservice-rfp-intent.pdf,pdfix-unable-to-open
courts/default/documents/cbsfcdcs-rfp-attach2c_0.pdf,pdfix-unable-to-open
courts/default/documents/plumas-sierra-rfp-attg_0.pdf,pdfix-unable-to-open
courts/default/documents/enttestmgmt-rfp-att8_0.pdf,pdfix-unable-to-open
courts/default/documents/JBCP-2015-03-JT-Short-List.pdf,pdfix-unable-to-open
courts/default/documents/CRS-SP-041-Attachment-5-Form-for-Submission-of-Technical-Proposal-ROOM-BLOCK-ONLY.pdf,pdfix-unable-to-open
courts/default/documents/ccms-rfp-attend_0.pdf,pdfix-unable-to-open
courts/default/documents/IFB-ISD-11142017-AA-Attachment-7-Payee-Data-Record.pdf,pdfix-unable-to-open
courts/default/documents/IFB-IT-2021-86RB-A3-Small-Business-Certification.pdf,pdfix-unable-to-open
courts/default/documents/CRS-AK-373-Attachment-1-Admin-Rules-Non-IT-Services.pdf,pdfix-unable-to-open
courts/default/documents/CRS-SP-392-Attachment-3-Vendors-Acceptance-of-the-RFPs-Contract-Terms.pdf,pdfix-unable-to-open
courts/default/documents/docmanage-statewide-rfp-apparev1.pdf,pdfix-unable-to-open
courts/default/documents/RFPFS202203MB-RFP-Attach-6-Certifications.pdf,pdfix-unable-to-open
courts/default/documents/CFCC-10-11-LM-Exhibit-B-Payment-Provisions.pdf,pdfix-unable-to-open
courts/default/documents/thirdpartyclaims-rfp-intent_0.pdf,pdfix-unable-to-open
courts/default/documents/cseattachmentb_0.pdf,pdfix-unable-to-open
courts/default/documents/RFP-IT-2021-80RB-Attachment-3-Acceptance-of-Terms-and-Conditions.pdf,pdfix-unable-to-open
courts/default/documents/construct-riskdesign-sanjosefamcenter-rfq-attachj1.pdf,pdfix-unable-to-open
courts/default/documents/CRS-EG42-Intent-to-Award.pdf,pdfix-unable-to-open
courts/default/documents/ccmsrfp-add4_0.pdf,pdfix-unable-to-open
courts/default/documents/perfrel-rfp-qa.pdf,pdfix-unable-to-open
courts/default/documents/preconstruct-riskmanage-monterey-rfp-intent.pdf,pdfix-unable-to-open
courts/default/documents/thirdparty-rfp-appa.pdf,pdfix-unable-to-open
courts/default/documents/CRS-PD-267-Attachment-3-Vendors-Acceptance-of-the-RFPs-Contract-Terms-janpao19.pdf,pdfix-unable-to-open
courts/default/documents/IT-2019-60-RB-RFP-A2-Standard-Agreement.pdf,pdfix-unable-to-open
courts/default/documents/HR-2013-01-RB-Questions-and-Answers-Regarding-Appendix-1.pdf,pdfix-unable-to-open
courts/default/documents/CRS-SP-270-Attachment-1-Admin-Rules-Non-IT-Services.pdf,pdfix-unable-to-open
courts/default/documents/plainlanguagerfpaddend1_0.pdf,pdfix-unable-to-open
courts/default/documents/CRS-SP-059-Attachment-3-Vendors-Acceptance-of-the-RFPs-Contract-Terms.pdf,pdfix-unable-to-open
courts/default/documents/ADMIN-2018-04-LB-Addendum-1.pdf,pdfix-unable-to-open
courts/default/documents/JBCP-2016-01-JMG-RFQ.pdf,pdfix-unable-to-open
courts/default/documents/landsurvrfp_0.pdf,pdfix-unable-to-open
courts/default/documents/RFP-FS-2023-15-XC-Attach-F-G-H-I-J-K-forms.pdf,pdfix-unable-to-open
courts/default/documents/sucplanad_0.pdf,pdfix-unable-to-open
courts/default/documents/phoenix-rfp-section4_0.pdf,pdfix-unable-to-open
courts/default/documents/RFPFS202204MB-Attach-5-General-Certs.pdf,pdfix-unable-to-open
courts/default/documents/FS-2021-Attachment-06a-Std204.pdf,pdfix-unable-to-open
courts/default/documents/CRS-EG-313-Attachment-2-JCC-Hotel-Agreement-Template-071415.pdf,pdfix-unable-to-open
courts/default/documents/CRS-SP-253-RFP-Hotel-FULL-SERVICE.pdf,pdfix-unable-to-open
courts/default/documents/CRS-SP-137-Attachment-2-JCC-Hotel-Agreement.pdf,pdfix-unable-to-open
courts/default/documents/IT-DMS-2016-01-MDS-Q-A.pdf,pdfix-unable-to-open
courts/default/documents/refmsdis-rfp-add2.pdf,pdfix-unable-to-open
courts/default/documents/ASU-TD-022-Attachment-3-Vendors-Acceptance-of-the-RFPs-Contract-Terms-no-change-by-td.pdf,pdfix-unable-to-open
courts/default/documents/COS-VRILAP-MDS-080816-attachment-18.pdf,pdfix-unable-to-open
courts/default/documents/CRS-EG-201-RFP-Hotel-FullService.pdf,pdfix-unable-to-open
courts/default/documents/statebasedcs-rfp-att2_0.pdf,pdfix-unable-to-open
courts/default/documents/Attachment-V-Project_Groups_Map.pdf,pdfix-unable-to-open
courts/default/documents/childsupport-guide-rfp-attach1.pdf,pdfix-unable-to-open
courts/default/documents/CFCC-2012-03-RB-Questions-and-Answers.pdf,pdfix-unable-to-open
courts/default/documents/RFQ-JBCP-CBR-2016-60-SM-Notice-of-Intent-to-Award.pdf,pdfix-unable-to-open
courts/default/documents/IFB-BAP-22-126RB-Phoenix-SAP-HANA-Database-Developer-H4S4.pdf,pdfix-unable-to-open
courts/default/documents/CFCC-2016-13-RBB-Attachment-3-Acceptance-of-TCs.pdf,pdfix-unable-to-open
courts/default/documents/ASU-EG-015-Attachment-2-AOC-Hotel-Agreement-Template-10-26-11.pdf,pdfix-unable-to-open
courts/default/documents/elearningrfp-add1_0.pdf,pdfix-unable-to-open
courts/default/documents/CRS-PD-100-Attachment-2-AOC-Hotel-Agreement.pdf,pdfix-unable-to-open
courts/default/documents/4DCA-12-13-01-CK-Attachment-3-Accept-Terms.pdf,pdfix-unable-to-open
courts/default/documents/familyfunding-toolkit-rfp-attach4.pdf,pdfix-unable-to-open
courts/default/documents/CRS-SP-106-Attachment-2-JCC-Hotel-Agreement-Template.pdf,pdfix-unable-to-open
courts/default/documents/tcweb-implement-rfp-qna.pdf,pdfix-unable-to-open
courts/default/documents/Attachment1-RFP-FS-2021-22-JP-Invitation-to-Bid.pdf,pdfix-unable-to-open
courts/default/documents/RFPFS202124AL-Attach-3-Darfur-Cert.pdf,pdfix-unable-to-open
courts/default/documents/photoserv-rfq-intent-10060301.pdf,pdfix-unable-to-open
courts/default/documents/CFCC-2016-07-RBB-Attachment-6-Payee-Data-Record.pdf,pdfix-unable-to-open
courts/default/documents/CRS-SP-371-Attachment-1-Admin-Rules-Non-IT-Services.pdf,pdfix-unable-to-open
courts/default/documents/ian_isd_200815-rb_0.pdf,pdfix-unable-to-open
courts/default/documents/analystsupport-ccmsv3t-rfp.pdf,pdfix-unable-to-open
courts/default/documents/cbsfcdcs-rfp-attach2d.pdf,pdfix-unable-to-open
courts/default/documents/snapshot-rfp-att2a_0.pdf,pdfix-unable-to-open
courts/default/documents/archeng-rfq-slistfirms.pdf,pdfix-unable-to-open
courts/default/documents/IT-2018-42-RB-Notice-Intent-to-Award.pdf,pdfix-unable-to-open
courts/default/documents/efiling-providers-rfi.pdf,pdfix-unable-to-open
courts/default/documents/CRS-SP-265-Attachment-1-Admin-Rules-Non-IT-Services.pdf,pdfix-unable-to-open
courts/default/documents/IT-2019-12-LB-Update-of-Schedule.pdf,pdfix-unable-to-open
courts/default/documents/ceac-jbsis-subcommittee-2023-data-reporting-092923.pdf,pdfix-unable-to-open
courts/default/documents/RFP-FS-2021-11-AL-NoticeOfIntentToAward.pdf,pdfix-unable-to-open
courts/default/documents/CRS-EG-410-Attachment-1-Admin-Rules-Non-IT-Services.pdf,pdfix-unable-to-open
courts/default/documents/CRS-SP-231-Attachment-3-Vendors-Acceptance-of-the-RFPs-Contract-Terms.pdf,pdfix-unable-to-open
courts/default/documents/RFP-IT-2021-80RB-Cost-Proposals_Part3of4.pdf,pdfix-unable-to-open
courts/default/documents/IT-2023-50-DM-ADDENDUM-2.pdf,pdfix-unable-to-open
courts/default/documents/precon_attachment_a_cm_at_risk_agreement_2_0.pdf,pdfix-unable-to-open
courts/default/documents/RFP-FS-2022-09-XC-Attachment-K-DVBE-Declaration.pdf,pdfix-unable-to-open
courts/default/documents/preconstsvc-rfp-add4_0.pdf,pdfix-unable-to-open
courts/default/documents/dm-rfp-att10.pdf,pdfix-unable-to-open
courts/default/documents/FS-2017-02-BD-RFP.pdf,pdfix-unable-to-open
courts/default/documents/evaljustcorps-rfp-jcsites_0.pdf,pdfix-unable-to-open
courts/default/documents/OS-20150901-ASTROPHYSICS-JR-NOTICE-OF-CANCELLATION.pdf,pdfix-unable-to-open
courts/default/documents/streamrfp_0.pdf,pdfix-unable-to-open
courts/default/documents/ergoassess-rfp-attacha_0.pdf,pdfix-unable-to-open
courts/default/documents/RFPFS202203MB-ADDENDUM-6.pdf,pdfix-unable-to-open
courts/default/documents/TCAS-2017-05-JU-Addendum-7.pdf,pdfix-unable-to-open
courts/default/documents/OCR23-154RB-Attach-2-Std-Agrmt.pdf,pdfix-unable-to-open
courts/default/documents/CRS-SP-072-Attachment-1-Admin-Rules-Non-IT-Services.pdf,pdfix-unable-to-open
courts/default/documents/ASU-TD-025-Attachment-1-Admin-Rules-Non-IT-Services.pdf,pdfix-unable-to-open
courts/default/documents/marin-depend-rfp-attachf.pdf,pdfix-unable-to-open
courts/default/documents/RFP-CFCC-2022-08-SB-QA.pdf,pdfix-unable-to-open
courts/default/documents/talentag-rfp-attacha.pdf,pdfix-unable-to-open
courts/default/documents/cfccwebdev2-rfp-intent.pdf,pdfix-unable-to-open
courts/default/documents/CRS-AK-424-Intent-to-Award.pdf,pdfix-unable-to-open
courts/default/documents/CRS-PD-303-Attachment-2-JCC-Hotel-Agreement-Template_jc20.pdf,pdfix-unable-to-open
courts/default/documents/cscscodadd2.pdf,pdfix-unable-to-open
courts/default/documents/CRS-SP-352-Intent-to-Award.pdf,pdfix-unable-to-open
courts/default/documents/CRS-PD-152-Attachment-6-Conflict-of-Interest-Certification-form-NJO.pdf,pdfix-unable-to-open
courts/default/documents/CRS-SP-287-Intent-to-Award.pdf,pdfix-unable-to-open
courts/default/documents/IFB-ISD-018349-AA-Dell-Optiplex-9020-Std204-PayeeDataRecord.pdf,pdfix-unable-to-open
courts/default/documents/qamtccpor-rfp-attach2_0.pdf,pdfix-unable-to-open
courts/default/documents/cscollsvcs-rfp-qna_0.pdf,pdfix-unable-to-open
courts/default/documents/Attachment-4-General-Certifications-Form-RFP.pdf,pdfix-unable-to-open
courts/default/documents/REFM-2014-03-BR-Attachment-A-GMHOJ-HVACBAS-Upgrade.pdf,pdfix-unable-to-open
courts/default/documents/bsadocman-rfp-attach1_0.pdf,pdfix-unable-to-open
courts/default/documents/RFP-FS-2021-05-MB-Attachment-J-Payee-Data-Record.pdf,pdfix-unable-to-open
courts/default/documents/snapshot-rfp-att2b.pdf,pdfix-unable-to-open
courts/default/documents/LSS-2019-18-CD-QA-Master-Calendar-Scheduling.pdf,pdfix-unable-to-open
courts/default/documents/CRS-SP-281-Attachment-4-Darfur-Contracting-ACT.pdf,pdfix-unable-to-open
courts/default/documents/CRS-PD-205-Attachment-6-Conflict-of-Interest-Certification-form-CACCA-docx.pdf,pdfix-unable-to-open
courts/default/documents/OGC-ADR-03-NN-Attachment-6-Conflict-of-Interest-Certification-form.pdf,pdfix-unable-to-open
courts/default/documents/gcportola-rfq-add3.pdf,pdfix-unable-to-open
courts/default/documents/QandA-RFP-CIP-2022-39-DM.pdf,pdfix-unable-to-open
courts/default/documents/CFCC-031814-LCDR-CF_Appx-A_JCATS.pdf,pdfix-unable-to-open
courts/default/documents/ASU-EG-002-SS-Attachment-2-AOC-Hotel-Agreement-Template.pdf,pdfix-unable-to-open
courts/default/documents/4-2-RFP-12-13-02CK-Attachment-4-Darfur.pdf,pdfix-unable-to-open
courts/default/documents/sse_0.pdf,pdfix-unable-to-open
courts/default/documents/COS-ODP-201604-PSK-Attachment-4.pdf,pdfix-unable-to-open
courts/default/documents/brcpec-rfp-att3.pdf,pdfix-unable-to-open
courts/default/documents/IT-OPD-18-46-RB-Request-For-Proposal.pdf,pdfix-unable-to-open
courts/default/documents/CRS-EG-153-Attachment-RFP-Hotel-FULL-SERVICE.pdf,pdfix-unable-to-open
courts/default/documents/HRS-03-13-SS-RFP-Temp-Staffing-Services.pdf,pdfix-unable-to-open
courts/default/documents/HR-LV-112015-Attachment-9-QandA.pdf,pdfix-unable-to-open
courts/default/documents/maderacourthouse-preconstruct-rfp-intent.pdf,pdfix-unable-to-open
courts/default/documents/RFP-HR-2022-10-LV-Attachment-7-Payee-Data-Record-205.pdf,pdfix-unable-to-open
courts/default/documents/rfp-cfcc-nacjp-list_0.pdf,pdfix-unable-to-open
courts/default/documents/creldabuseneeds-rfp.pdf,pdfix-unable-to-open
courts/default/documents/preconstruct-riskmanage-monterey-rfp-attachc.pdf,pdfix-unable-to-open
courts/default/documents/CRS-PD-086-Attachment-3-Vendors-Acceptance-of-the-RFPs-Contract-Terms.pdf,pdfix-unable-to-open
courts/default/documents/evaljuryservideo-intent.pdf,pdfix-unable-to-open
courts/default/documents/RFP-REFM-2016-29-JP-Attachment-13-Courthouse-04252017-BID-SET.pdf,pdfix-unable-to-open
courts/default/documents/CRS-PD-083-Attachment-3-Vendors-Acceptance-of-the-RFPs-Contract-Terms.pdf,pdfix-unable-to-open
courts/default/documents/CFCC-2021-02-LV-Request-For-Proposal.pdf,pdfix-unable-to-open
courts/default/documents/eval-famfinding-pilotcounties-rfp-award.pdf,pdfix-unable-to-open
courts/default/documents/SAPC_2013-01-Revised-List-of-Participants.pdf,pdfix-unable-to-open
courts/default/documents/RFP-FS-2023-06-JP-01-64-E1-Roofing-Dwgs-Approved.pdf,pdfix-unable-to-open
courts/default/documents/refmsdis-rfp-W9_0.pdf,pdfix-unable-to-open
courts/default/documents/CRS-PD-240-Attachment-3-Vendors-Acceptance-of-the-RFPs-Contract-Terms-cow18.pdf,pdfix-unable-to-open
courts/default/documents/RFP-FS-2022-01-MB-Attach-C-Acceptance-of-Terms.pdf,pdfix-unable-to-open
courts/default/documents/ITSO-17-04-RBB-Attachment-6-Payee-Data.pdf,pdfix-unable-to-open
courts/default/documents/RFP-Hotel-ROOM-BLOCK-CRS-AK-426.pdf,pdfix-unable-to-open
courts/default/documents/CRS-PD-200-RFP-Hotel-ROOM-BLOCK-CLI-2017.pdf,pdfix-unable-to-open
courts/default/documents/CRS-SP-225-Intent-to-Award.pdf,pdfix-unable-to-open
courts/default/documents/CRS-EG-283-Attachment-2-JCC-Hotel-Agreement.pdf,pdfix-unable-to-open
courts/default/documents/youthpeer2009-rfp-attacha.pdf,pdfix-unable-to-open
courts/default/documents/3DCA-17-18-10-Attachment-6-RFP-IT-Goods-and-Services.pdf,pdfix-unable-to-open
courts/default/documents/RFP-IT-2023-50-DM-Digital-Asset-Management.pdf,pdfix-unable-to-open
courts/default/documents/IFB-ISD-052214-AA-Symantec-License-Maintenance-and-Appliance.pdf,pdfix-unable-to-open
courts/default/documents/REFM-2016-27-BD-Attach-3-Sample-Agreement-Revision-1.pdf,pdfix-unable-to-open
courts/default/documents/CRS-SP-431-Intent-to-Award.pdf,pdfix-unable-to-open
courts/default/documents/ccporappdev-rfp-att6.pdf,pdfix-unable-to-open
courts/default/documents/telcomfinalrept_0.pdf,pdfix-unable-to-open
courts/default/documents/5yearreview-rfp-add1.pdf,pdfix-unable-to-open
courts/default/documents/CRS-SP-378-Attachment-4-Darfur-Contracting-ACT.pdf,pdfix-unable-to-open
courts/default/documents/CFCC-22-132RB-Attach-8-DVBE-Declaration.pdf,pdfix-unable-to-open
courts/default/documents/RFP-CFCC-23-141RB-Answers-to-Questions-Attach-1.pdf,pdfix-unable-to-open
courts/default/documents/CRS-AU-075-Attachment-7-Conflict-of-Interest-Certification-form-AB-1058.pdf,pdfix-unable-to-open
courts/default/documents/scjuvdeprep-rfp-appa_0.pdf,pdfix-unable-to-open
courts/default/documents/ccporappdev-rfp-att7.pdf,pdfix-unable-to-open
courts/default/documents/Exhibit-I-CLETS-ppp.pdf,pdfix-unable-to-open
courts/default/documents/cctaprfp-pre.pdf,pdfix-unable-to-open
courts/default/documents/RFP-OCR-2023-25-LV-Attachment-5-Darfur-Certification.pdf,pdfix-unable-to-open
courts/default/documents/CRS-EG-039-RFP-Hotel-FULL-SERVICE.pdf,pdfix-unable-to-open
courts/default/documents/RFP-FS-SP-2019-03-JP-Attachment-5-Administrative-Rules-Form_0.pdf,pdfix-unable-to-open
courts/default/documents/HCRC-2018-48-RB-Attachment-10-Conflict-of-Interest.pdf,pdfix-unable-to-open
courts/default/documents/calcjcduicoststudy-rfp-att1_0.pdf,pdfix-unable-to-open
courts/default/documents/solano-renovation_0.pdf,pdfix-unable-to-open
courts/default/documents/REFM-2016-06-RP-Intent-to-Award.pdf,pdfix-unable-to-open
courts/default/documents/CRS-EG-325-Attachment-1-Admin-Rules-Non-IT-Services.pdf,pdfix-unable-to-open
courts/default/documents/ASU-TD-028-Attachment-1-Admin-Rules-Non-IT-Services.pdf,pdfix-unable-to-open
courts/default/documents/CFCC-CCW17-23RB-RFP-Addendum-1.pdf,pdfix-unable-to-open
courts/default/documents/preconstruct-riskmanage-monterey-rfp-attachb.pdf,pdfix-unable-to-open
courts/default/documents/COM-LSD-201504-JR-Addendum-1.pdf,pdfix-unable-to-open
courts/default/documents/FS-2018-15-RP-Answers-to-Questions.pdf,pdfix-unable-to-open
courts/default/documents/IT-DMS-2016-01-MDS-Section-VI-pricing-proposal.pdf,pdfix-unable-to-open
courts/default/documents/REFM-2016-04-JP-Attachment-1-Standard-Master-Agreement-CEQA-JP.pdf,pdfix-unable-to-open
courts/default/documents/FSO-LA-Metro-Elevator-2017-11-JP-Attach-F-Sample-Agreement.pdf,pdfix-unable-to-open
courts/default/documents/CRS-EG-353-Intent-to-Award.pdf,pdfix-unable-to-open
courts/default/documents/dcqual-rfp-slfirms.pdf,pdfix-unable-to-open
courts/default/documents/cbsfcdcs-rfp-list_0.pdf,pdfix-unable-to-open
courts/default/documents/sdcourthouse-risk-rfp-attacha.pdf,pdfix-unable-to-open
courts/default/documents/COS-ODP-201604-PSK-Attachment-5.pdf,pdfix-unable-to-open
courts/default/documents/apppanatt-rfp-reject.pdf,pdfix-unable-to-open
courts/default/documents/gcportola-rfq-add2.pdf,pdfix-unable-to-open
courts/default/documents/CFCC-2018-07-CD-RFP-STAR-Court-Evaluation-Project.pdf,pdfix-unable-to-open
courts/default/documents/familyfunding-toolkit-rfp-noquestion.pdf,pdfix-unable-to-open
courts/default/documents/evalcivinst-rfp-atta.pdf,pdfix-unable-to-open
courts/default/documents/precon-porterville-rfq-add2qna.pdf,pdfix-unable-to-open
courts/default/documents/RFP-FSO-2017-10-JR.pdf,pdfix-unable-to-open
courts/default/documents/MAPS-2020-09-LV-Attachment-6-Payee-Data-Record-Form.pdf,pdfix-unable-to-open
courts/default/documents/digphot_a_0.pdf,pdfix-unable-to-open
courts/default/documents/brcpec-rfp-att2.pdf,pdfix-unable-to-open
courts/default/documents/JBCP-2014-06-BR-Addendum-2-Schedule-Update.pdf,pdfix-unable-to-open
courts/default/documents/BAP-2023-19-SB-Attachment-7-UNRUH.pdf,pdfix-unable-to-open
courts/default/documents/enttestmgmt-rfp-add1_0.pdf,pdfix-unable-to-open
courts/default/documents/2010lang-rfp-attb_0.pdf,pdfix-unable-to-open
courts/default/documents/CRS-SP-151-Attachment-4-Darfur-Contracting-ACT.pdf,pdfix-unable-to-open
courts/default/documents/ccmsrfp-attb_0.pdf,pdfix-unable-to-open
courts/default/documents/vendor_0.pdf,pdfix-unable-to-open
courts/default/documents/CRS-SP-106-Intent-to-Award.pdf,pdfix-unable-to-open
courts/default/documents/cscscodadd3.pdf,pdfix-unable-to-open
courts/default/documents/Statewide-Solar-Solicitation-Sitewalk-Schedule_Complete_10-31-23.pdf,pdfix-unable-to-open
courts/default/documents/Attachment3-ParkingFacilitySpecifications.pdf,pdfix-unable-to-open
courts/default/documents/ecm-rfp-att8_0.pdf,pdfix-unable-to-open
courts/default/documents/plumas-sierra-rfp_na_0.pdf,pdfix-unable-to-open
courts/default/documents/snapshot-rfp-att2c.pdf,pdfix-unable-to-open
courts/default/documents/CRS-SP-363-RFP-Hotel-ROOM-BLOCK.pdf,pdfix-unable-to-open
courts/default/documents/bpr-rfp-att_g_vdr-std204_0.pdf,pdfix-unable-to-open
courts/default/documents/5DCA-19-57-RB-Notice-Intent-to-Award.pdf,pdfix-unable-to-open
courts/default/documents/RFPFS202212KO-Attach-A-Admin-Rules.pdf,pdfix-unable-to-open
courts/default/documents/ecm-rfp.pdf,pdfix-unable-to-open
courts/default/documents/FSO-2017-07-JR-RFQ.pdf,pdfix-unable-to-open
courts/default/documents/TCAS-2017-05-JU-Addendum-6.pdf,pdfix-unable-to-open
courts/default/documents/RFPFS202203MB-ADDENDUM-7.pdf,pdfix-unable-to-open
courts/default/documents/IT-2018-06-LB-Notice-of-Intent-to-Award.pdf,pdfix-unable-to-open
courts/default/documents/modular-rfp-att5.pdf,pdfix-unable-to-open
courts/default/documents/RFP-CRSSP051-QA.pdf,pdfix-unable-to-open
courts/default/documents/FIN-2020-21-CD-Attachment-6-Payee-Data-Record-Form.pdf,pdfix-unable-to-open
courts/default/documents/ASU-EG-002-SS-Attachment-7-Conflict-of-Interest-Certification-form.pdf,pdfix-unable-to-open
courts/default/documents/facconpp-rfp_qa_0.pdf,pdfix-unable-to-open
courts/default/documents/IT-2022-06-LB-Attachment-1-Administrative-Rules-IT-Goods.pdf,pdfix-unable-to-open
courts/default/documents/IFB-IT-2021-89RB.pdf,pdfix-unable-to-open
courts/default/documents/ccms-transitionv3-rfp.pdf,pdfix-unable-to-open
courts/default/documents/callcenter-services-rfq-rev1.pdf,pdfix-unable-to-open
courts/default/documents/CFCC-2016-10-RBB-Attachment-5-Darfur.pdf,pdfix-unable-to-open
courts/default/documents/emprecruit-rfp-intent_0.pdf,pdfix-unable-to-open
courts/default/documents/CFCC-2020-68-RB-RFP-Attach-1-Admin-Rules.pdf,pdfix-unable-to-open
courts/default/documents/IT-2023-50-DM-ADDENDUM-3.pdf,pdfix-unable-to-open
courts/default/documents/RFP-CFCC-2023-05-LV-Update-Every-Child-Every-Hearing-Booklet.pdf,pdfix-unable-to-open
courts/default/documents/CRS-SP-164-Attachment-4-Darfur-Contracting-ACT.pdf,pdfix-unable-to-open
courts/default/documents/seismiccostbenrfq_0.pdf,pdfix-unable-to-open
courts/default/documents/preconstsvc-rfp-add4_1.pdf,pdfix-unable-to-open
courts/default/documents/ccms-rfp-qa_0.pdf,pdfix-unable-to-open
courts/default/documents/juvdepwebgd-rfp.pdf,pdfix-unable-to-open
courts/default/documents/CRS-SP-115-Attachment-3-Vendors-Acceptance-of-the-RFPs-Contract-Terms.pdf,pdfix-unable-to-open
courts/default/documents/idiq-occm-rfq-attachd.pdf,pdfix-unable-to-open
courts/default/documents/CRS-AU-067-Intent-to-Award.pdf,pdfix-unable-to-open
courts/default/documents/CRS-TD-038-Attachment-5-Form-for-Submission-of-Technical-Proposal-ROOM-BLOCK-ONLY.pdf,pdfix-unable-to-open
courts/default/documents/RFP-FS-2021-22-JP-PreQualification-Questionaire-Scoring-Attachment-2.pdf,pdfix-unable-to-open
courts/default/documents/cbsfcdcs-rfp-attach2e.pdf,pdfix-unable-to-open
courts/default/documents/confplansvcs-rfp-intent_0.pdf,pdfix-unable-to-open
courts/default/documents/IT-2019-10-LB-Notice-of-Intent-to-Award.pdf,pdfix-unable-to-open
courts/default/documents/IFB-IT23-151RB-Attach-6-DVBE-Decl.pdf,pdfix-unable-to-open
courts/default/documents/aesmcp-rfq-change1024_0.pdf,pdfix-unable-to-open
courts/default/documents/repjuvdep-sc-rfp-intent.pdf,pdfix-unable-to-open
courts/default/documents/BAP-2017-01-PC-Exhibit-9.pdf,pdfix-unable-to-open
courts/default/documents/RFP-FS-2021-15-AL-Addendum01.pdf,pdfix-unable-to-open
courts/default/documents/IT-2022-38-DM-Attachment-1-Administrative-Rules.pdf,pdfix-unable-to-open
courts/default/documents/RFP-REFM-SC-AV-Streaming-2016-61-JP-Photo-8-SF-Courtroom.pdf,pdfix-unable-to-open
courts/default/documents/RFP-JCC-2023-11-SB_Attachment-7_Iran-Contracting-Act-Cert.pdf,pdfix-unable-to-open
courts/default/documents/RFP-2DCA-1-2012-Doc-Storage-attach1-tc.pdf,pdfix-unable-to-open
courts/default/documents/CRS-PD-167-Attachment-4-Darfur-Contracting-ACT-AB-1058.pdf,pdfix-unable-to-open
courts/default/documents/CRS-SP-187-Attachment-3-Vendors-Acceptance-of-the-RFPs-Contract-Terms.pdf,pdfix-unable-to-open
courts/default/documents/IT-2019-10-LB-Public-Opening.pdf,pdfix-unable-to-open
courts/default/documents/RFP-FSO-2017-10-JR-Teleconference-Participants.pdf,pdfix-unable-to-open
courts/default/documents/FS-2018-26-BD-Attachment-H-Payee-Data-Record.pdf,pdfix-unable-to-open
courts/default/documents/CRS-EG-390-Intent-to-Award-HIGG.pdf,pdfix-unable-to-open
courts/default/documents/pubprivpart-rfp-award.pdf,pdfix-unable-to-open
courts/default/documents/CRS-SP-401-RFP-Hotel-MULTIPLE-AWARDS-ROOM-BLOCK.pdf,pdfix-unable-to-open
courts/default/documents/COS-VRILAP-MDS-080816-attachment-19.pdf,pdfix-unable-to-open
courts/default/documents/refmsdis-rfp-add3.pdf,pdfix-unable-to-open
courts/default/documents/CRS-PD-170-Attachment-4-Darfur-Contracting-ACT-NJO.pdf,pdfix-unable-to-open
courts/default/documents/tcassadd1.pdf,pdfix-unable-to-open
courts/default/documents/CRS-EG-039-Intent-to-Award.pdf,pdfix-unable-to-open
courts/default/documents/hollister-rfq-attachj.pdf,pdfix-unable-to-open
courts/default/documents/RFP-FSO-2017-10-JR-Attachment-1-Specifications.pdf,pdfix-unable-to-open
courts/default/documents/RFPOCR-2023-25-LV-Attachment-7-UNRUH-AND-FEHA-CERTIFICATION.pdf,pdfix-unable-to-open
courts/default/documents/CRS-SP-401-Attachment-2-JCC-Hotel-Agreement.pdf,pdfix-unable-to-open
courts/default/documents/ASU-EG024-Attachment-1-Admin-Rules-Non-IT-Services.pdf,pdfix-unable-to-open
courts/default/documents/SD-plans-partial1.pdf,pdfix-unable-to-open
courts/default/documents/JBCP-2014-04-BR-Short-List.pdf,pdfix-unable-to-open
courts/default/documents/HRSO-04-13-SS-Attachment-4-Vendor-Payee-Data.pdf,pdfix-unable-to-open
courts/default/documents/RFP-IT-2023-03-LP-Attachment-6-STD-204-PayeeData-Record.pdf,pdfix-unable-to-open
courts/default/documents/rules-20231011-notice.pdf,pdfix-unable-to-open
courts/default/documents/adagency-rfp-qa_0.pdf,pdfix-unable-to-open
courts/default/documents/CRS-EG-306-Attachment-2-JCC-Hotel-Agreement-Template-%2807-14-15%29.pdf,pdfix-unable-to-open
courts/default/documents/JBCP-CMS-S-2016-58-JP-RFP-Notice-of-Intent-to-Award.pdf,pdfix-unable-to-open
courts/default/documents/FS-2020-07-BD-Attachment-A-Administrative-Rules-Governing-RFPs.pdf,pdfix-unable-to-open
courts/default/documents/CIP-2022-39-DM-Attachment-1-Administrative-Rules.pdf,pdfix-unable-to-open
courts/default/documents/FSO-2017-07-JR-Attachment-B-Regional-Map.pdf,pdfix-unable-to-open
courts/default/documents/CFCC-2021-107RB-Appendix-F-RFP-Response-Template.pdf,pdfix-unable-to-open
courts/default/documents/OGC-ADR-01A-LM-Appendix-B-Acceptance-of-the-Work.pdf,pdfix-unable-to-open
courts/default/documents/proposals.pdf,pdfix-unable-to-open
courts/default/documents/rfp_tv_attachment_4_payee_data_record_form__std_204_2003_.pdf,pdfix-unable-to-open
courts/default/documents/statewide-armoredcar-rfp-qna.pdf,pdfix-unable-to-open
courts/default/documents/CRS-EG050-RFP-Hotel-ROOM-BLOCK-ONLY.pdf,pdfix-unable-to-open
courts/default/documents/solanocourthouse-rfq.pdf,pdfix-unable-to-open
courts/default/documents/gcportola-rfq-exhibb_0.pdf,pdfix-unable-to-open
courts/default/documents/constrantct-rfp_att1a_0.pdf,pdfix-unable-to-open
courts/default/documents/CRS-PD-298-Attachment-4-Darfur-Contracting-ACT-septpao19.pdf,pdfix-unable-to-open
courts/default/documents/FSO-2018-23-JR-Attachment-D-Sample-Agreement.pdf,pdfix-unable-to-open
courts/default/documents/IT-2021-94RB-RFP-Attach-10-Bidder-Declaration.pdf,pdfix-unable-to-open
courts/default/documents/JBCP-2014-03-BR-RFQ-Sample_Agreement_Atta_C.pdf,pdfix-unable-to-open
courts/default/documents/COA2D-1-2014-Attachment-6-Conflict-of-Interest-Certification-form.pdf,pdfix-unable-to-open
courts/default/documents/CRS-SP-077-QA.pdf,pdfix-unable-to-open
courts/default/documents/CRS-SP-378-Attachment-3-Vendors-Acceptance-of-the-RFPs-Contract-Terms.pdf,pdfix-unable-to-open
courts/default/documents/10yearslater-rfp-add1.pdf,pdfix-unable-to-open
courts/default/documents/rfp_cfcc0211lm-intent.pdf,pdfix-unable-to-open
courts/default/documents/susanville-gencontractors-rfq-attachd.pdf,pdfix-unable-to-open
courts/default/documents/precon-rfp-projectsummary_0.pdf,pdfix-unable-to-open
courts/default/documents/5DCA-19-57-RB-RFP-Amendment-1.pdf,pdfix-unable-to-open
courts/default/documents/Cancellation-Notice-RFP-IT-2022-38-DM.pdf,pdfix-unable-to-open
courts/default/documents/CJS-2018-01-CD-Questions-and-Answers.pdf,pdfix-unable-to-open
courts/default/documents/JIP-2019-05-DM-Intent-To-Award.pdf,pdfix-unable-to-open
courts/default/documents/CRS-PD-212-Attachment-3-Vendors-Acceptance-of-the-RFPs-Contract-Terms-COCR-217.pdf,pdfix-unable-to-open
courts/default/documents/RFP0406QnA_0.pdf,pdfix-unable-to-open
courts/default/documents/CRS-SO-69-Attachment-7-Conflict-of-Interest-Certification-form.pdf,pdfix-unable-to-open
courts/default/documents/RFP-CFCC-2023-03-LP-User-Testing-and-Designing-Court-Forms.pdf,pdfix-unable-to-open
courts/default/documents/COM-LSD-201507-JR-QA.pdf,pdfix-unable-to-open
courts/default/documents/TCAS-2022-04-AJ-Questions-and-Answers.pdf,pdfix-unable-to-open
courts/default/documents/JBCP-2014-03-BR-RFQ-Form-Questions-Atta-D.pdf,pdfix-unable-to-open
courts/default/documents/CR-2019-04-LV-Attach-8-Bidder-Declaration.pdf,pdfix-unable-to-open
courts/default/documents/cscac-20210914-sclcs-agenda.pdf,pdfix-unable-to-open
courts/default/documents/techstaff-augment-rfp-attachd1.pdf,pdfix-unable-to-open
courts/default/documents/oracupg_0.pdf,pdfix-unable-to-open
courts/default/documents/feltrial-rfp-list_0.pdf,pdfix-unable-to-open
courts/default/documents/photoserv-rfq-intent-09102_0.pdf,pdfix-unable-to-open
courts/default/documents/phoenix-rfp-add1_0.pdf,pdfix-unable-to-open
courts/default/documents/CRSPD162-Attachment-6-Conflict-of-Interest-Certification.pdf,pdfix-unable-to-open
courts/default/documents/legsvcsp3-rfp.pdf,pdfix-unable-to-open
courts/default/documents/ITSO-17-04-RBB-Attachment-1-Admin-Rules.pdf,pdfix-unable-to-open
courts/default/documents/talentag-rfp-award_0.pdf,pdfix-unable-to-open
courts/default/documents/CRS-PD-262-Attachment-2-JCC-Hotel-Agreement-Template-flsh18.pdf,pdfix-unable-to-open
courts/default/documents/JBCP-2014-02-BR-QnA-Addendum-1.pdf,pdfix-unable-to-open
courts/default/documents/docmanage-statewide-rfp-attach9.pdf,pdfix-unable-to-open
courts/default/documents/COM-LSD-201504-JR-Attachment-2.pdf,pdfix-unable-to-open
courts/default/documents/IT-2019-60-RB-Notice-of-NonCost-Scores.pdf,pdfix-unable-to-open
courts/default/documents/CRS-SP-270-Attachment-2-JCC-Hotel-Agreement.pdf,pdfix-unable-to-open
courts/default/documents/FS-2018-15-RP-Notice-Revised-Schedule.pdf,pdfix-unable-to-open
courts/default/documents/RFP-IT-2021-80RB-Attachment-9-Darfur-Contracting-Act.pdf,pdfix-unable-to-open
courts/default/documents/CFCC-2017-08-ML-Questions-and-Answers.pdf,pdfix-unable-to-open
courts/default/documents/LSD-2017-36-RB-Attachment-5-General-Certifications.pdf,pdfix-unable-to-open
courts/default/documents/techstaff-augment-rfp-attache5.pdf,pdfix-unable-to-open
courts/default/documents/CRS-SP-287-RFP-Hotel-FULL-SERVICE.pdf,pdfix-unable-to-open
courts/default/documents/CRS-SP-293-Attachment-2-JCC-Hotel-Agreement-Template.pdf,pdfix-unable-to-open
courts/default/documents/CRS-SP-406-Attachment-2-JCC-Hotel-Contract.pdf,pdfix-unable-to-open
courts/default/documents/RFP-FS-2022-02-MB-Attach-F-SmallBusiness-Cert_0.pdf,pdfix-unable-to-open
courts/default/documents/CRS-PD-303-Intent-to-Award-jc20.pdf,pdfix-unable-to-open
courts/default/documents/ASU-TD-022-Attachment-RFP-Hotel-ROOM-BLOCK-ONLY.pdf,pdfix-unable-to-open
courts/default/documents/RFP-LSS-2021-28-DM-Attachment-6-Payee-Data-Record.pdf,pdfix-unable-to-open
courts/default/documents/FS-2018-26-BD-Attachment-K-Internal-Background-Check-Policy.pdf,pdfix-unable-to-open
courts/default/documents/constman-rfq.pdf,pdfix-unable-to-open
courts/default/documents/CRS-PD-282-Intent-to-Award-sji19.pdf,pdfix-unable-to-open
courts/default/documents/mamlakes-rfp-award_0.pdf,pdfix-unable-to-open
courts/default/documents/IFB-ISD-018267-AA-NetApp-Head-End-Refresh-and-Clustering-Upgrade.pdf,pdfix-unable-to-open
courts/default/documents/CRS-EG-157-Intent-to-Award.pdf,pdfix-unable-to-open
courts/default/documents/RFP-FS-2022-07-JP-Attachment-L-Unruh-Cert.pdf,pdfix-unable-to-open
courts/default/documents/CRS-SP-217-Attachment-6-Conflict-of-Interest-Certification-form.pdf,pdfix-unable-to-open
courts/default/documents/4-2-RFP-12-13-04CK-Questions_Answers.pdf,pdfix-unable-to-open
courts/default/documents/thirdpartyclaims-rfp-pdr_0.pdf,pdfix-unable-to-open
courts/default/documents/native-curriculumdev-rfp-qna.pdf,pdfix-unable-to-open
courts/default/documents/CJER-2019-59-RB-Notice-of-Intent-to-Award.pdf,pdfix-unable-to-open
courts/default/documents/CRS-PD-307-Attachment-1-Admin-Rules-Non-IT-Services-pjceo20.pdf,pdfix-unable-to-open
courts/default/documents/CRS-PD-190-Attachment-4-Darfur-Contracting-ACT-PJCEO-2016.pdf,pdfix-unable-to-open
courts/default/documents/Notice-Of-Shortlist-For-Interviews-RFPFS202214MB.pdf,pdfix-unable-to-open
courts/default/documents/CRS-EG-062-RFP-Hotel-ROOM-BLOCK-ONLY.pdf,pdfix-unable-to-open
courts/default/documents/CJCSO-1301-RB-Notice-Of-Intent-to-Award.pdf,pdfix-unable-to-open
courts/default/documents/ecm_add_1_appendix_a_dms_requirements.pdf,pdfix-unable-to-open
courts/default/documents/CRS-SP-106-QA.pdf,pdfix-unable-to-open
courts/default/documents/IT-OPD-18-46-RB-Attachment-3-Acceptance-Terms-Conditions.pdf,pdfix-unable-to-open
courts/default/documents/basissap-rfp-qna_0.pdf,pdfix-unable-to-open
courts/default/documents/costest-rfp-stdform.pdf,pdfix-unable-to-open
courts/default/documents/eval-famfinding-pilotcounties-rfp-notice.pdf,pdfix-unable-to-open
courts/default/documents/RFP-FS-2021-17-AL-Attach-05-Darfur-Cert.pdf,pdfix-unable-to-open
courts/default/documents/General-Ledger-Activity.pdf,pdfix-unable-to-open
courts/default/documents/RFPFS202124AL-Attach-4-Iran-Contracting.pdf,pdfix-unable-to-open
courts/default/documents/Attach-6-Darfur-Certification_0.pdf,pdfix-unable-to-open
courts/default/documents/CRS-SP-293-Attachment-3-Vendors-Acceptance-of-the-RFPs-Contract-Terms.pdf,pdfix-unable-to-open
courts/default/documents/RFP-ISD-06192012-SLO_Attachment-17_Response-Template.pdf,pdfix-unable-to-open
courts/default/documents/hrassessment-rfp-attacha.pdf,pdfix-unable-to-open
courts/default/documents/CFCC-2020-69-RB-Attachment-1.pdf,pdfix-unable-to-open
courts/default/documents/offsuprfp_0.pdf,pdfix-unable-to-open
courts/default/documents/CRS-PD-138-Attachment-RFP-Hotel-ROOM-BLOCK.pdf,pdfix-unable-to-open
courts/default/documents/CRS-SP-296-Attachment-3-Vendors-Acceptance-of-the-RFPs-Contract-Terms.pdf,pdfix-unable-to-open
courts/default/documents/RFP-FS-SP-2019-03-JP-Attachment-4-Planned-Activities-and-PM-Standards-Addendum-3.pdf,pdfix-unable-to-open
courts/default/documents/ASU-TD-025-Attachment-4-Darfur-Contracting-ACT-no-change-by-td.pdf,pdfix-unable-to-open
courts/default/documents/JBCP-2013-04-BR-GenCont-Legal-Agmt_Atta-B.pdf,pdfix-unable-to-open
courts/default/documents/IT-OPD-18-043-RB-Attachment-8-DVBE-Bidder-Declaration.pdf,pdfix-unable-to-open
courts/default/documents/CRS-PD-262-Attachment-3-Vendors-Acceptance-of-the-RFPs-Contract-Terms-flsh18.pdf,pdfix-unable-to-open
courts/default/documents/techstaff-augment-rfp-intent.pdf,pdfix-unable-to-open
courts/default/documents/RFP-FS-2023-05-XC-Attach-2-Standard-Agreement.pdf,pdfix-unable-to-open
courts/default/documents/RFP-FS-2021-13-AL-QNA-form.pdf,pdfix-unable-to-open
courts/default/documents/feltrial-rfp-attach4.pdf,pdfix-unable-to-open
courts/default/documents/juvcourtuserres-rfp-attach1.pdf,pdfix-unable-to-open
courts/default/documents/sejuvdepct-qdata-rfp-add1_0.pdf,pdfix-unable-to-open
courts/default/documents/CRS-EG-062-Attachment-2-AOC-Hotel-Agreement-Template-2-11-13.pdf,pdfix-unable-to-open
courts/default/documents/webredesign-rfp_0.pdf,pdfix-unable-to-open
courts/default/documents/CRS-PD-102-Attachment-4-Darfur-Contracting-ACT-no-change.pdf,pdfix-unable-to-open
courts/default/documents/Old-Solano-Addendum-1.pdf,pdfix-unable-to-open
courts/default/documents/LSO-ADR-06-LM-Notice-of-Award.pdf,pdfix-unable-to-open
courts/default/documents/CRS-SP-263-Attachment-6-Conflict-of-Interest-Certification-form.pdf,pdfix-unable-to-open
courts/default/documents/ddcmp-rfp_0.pdf,pdfix-unable-to-open
courts/default/documents/CRS-SP-242-Attachment-1-Admin-Rules-Non-IT-Services.pdf,pdfix-unable-to-open
courts/default/documents/calcjcduicoststudy-rfp_0.pdf,pdfix-unable-to-open
courts/default/documents/CRS-SP-158-Attachment-3-Vendors-Acceptance-of-the-RFPs-Contract-Terms.pdf,pdfix-unable-to-open
courts/default/documents/cbsfcdcs-rfp-attach4.pdf,pdfix-unable-to-open
courts/default/documents/RFP-ISD-06192012-SLO_Attachment-5_Iran-Contracting-Act-Certification.pdf,pdfix-unable-to-open
courts/default/documents/RFPFS202301MB-Attach-12-Unruh-Cert.pdf,pdfix-unable-to-open
courts/default/documents/CRS-EG023-Attachment-2-AOC-Hotel-Agreement-Template-10-26-11.pdf,pdfix-unable-to-open
courts/default/documents/CRS-PD-216-Attachment-2-JCC-Hotel-Agreement-Template-CRS-PD-216.pdf,pdfix-unable-to-open
courts/default/documents/RFP-FS-2021-20-JP-Timeline-For-This-RFP-Revision-1.pdf,pdfix-unable-to-open
courts/default/documents/scjuvdeprep-rfp_0.pdf,pdfix-unable-to-open
courts/default/documents/preconstsvc-rfp-attachf-rev3_0.pdf,pdfix-unable-to-open
courts/default/documents/CRS-SP-362-Attachment-6-Conflict-of-Interest-Certification-form.pdf,pdfix-unable-to-open
courts/default/documents/vidproduction-rfp-attacha.pdf,pdfix-unable-to-open
courts/default/documents/CJER-030614-OSCSF-CF-Attachment-8-Checklist.pdf,pdfix-unable-to-open
courts/default/documents/RFP-BAP-2023-56-DM-ADDENDUM-1.pdf,pdfix-unable-to-open
courts/default/documents/CRS-SP-356-Attachment-1-Admin-Rules-Non-IT-Services.pdf,pdfix-unable-to-open
courts/default/documents/sdcourthouse-risk-rfp-attachcrev.pdf,pdfix-unable-to-open
courts/default/documents/ccrfp_0.pdf,pdfix-unable-to-open
courts/default/documents/CRS-SP-041-Attachment-3-Vendors-Acceptance-of-the-RFPs-Contract-Terms-no-change.pdf,pdfix-unable-to-open
courts/default/documents/4-2-RFP-12-13-02CK-Attachment-5-Payee-Data-Form.pdf,pdfix-unable-to-open
courts/default/documents/OREFM-2013-06-CC-Attachment-F.pdf,pdfix-unable-to-open
courts/default/documents/RFP-FS-SP-2020-16-JP-Attachment-5-Administrative-Rules-Form.pdf,pdfix-unable-to-open
courts/default/documents/ITSO-2013-01-DCAAppellateE-Filing_QA_Final.pdf,pdfix-unable-to-open
courts/default/documents/IT-2018-42-RB-Attachment-5-Darfur.pdf,pdfix-unable-to-open
courts/default/documents/TCAS-2021-02-AJ-Human-Capital-Management-RFP-Addendum-1.pdf,pdfix-unable-to-open
courts/default/documents/formtrans_att_a_administrative_rules.pdf,pdfix-unable-to-open
courts/default/documents/CFCC-23-141RB-Attach-6-Payee-Data-Record.pdf,pdfix-unable-to-open
courts/default/documents/JBCP-REFM-AV-2016-12-JP-Attach-11-JCC-Regional-Offices.pdf,pdfix-unable-to-open
courts/default/documents/CRS-SP-080-Attachment-7-Conflict-of-Interest-Certification-form-TCPJAC.pdf,pdfix-unable-to-open
courts/default/documents/HRDRM-17-05-RBB-RFP-Addendum-1.pdf,pdfix-unable-to-open
courts/default/documents/ccmsv4int-rfp-award_0.pdf,pdfix-unable-to-open
courts/default/documents/COA2D-1-2014-Attachment-5-Cost-Proposal-Cover.pdf,pdfix-unable-to-open
courts/default/documents/CRS-SP-192-Attachment-4-Darfur-Contracting-ACT.pdf,pdfix-unable-to-open
courts/default/documents/planreview-rfp-attacha.pdf,pdfix-unable-to-open
courts/default/documents/preconstruct-riskmanage-monterey-rfp.pdf,pdfix-unable-to-open
courts/default/documents/CFCC_09-12-LMTable_of_Contents.pdf,pdfix-unable-to-open
courts/default/documents/web-rfp_0.pdf,pdfix-unable-to-open
courts/default/documents/CRS-AU-134-Attachment-3-Vendors-Acceptance-of-terms.pdf,pdfix-unable-to-open
courts/default/documents/CFCC-2022-01-SB-Attachment-6A-STD204.pdf,pdfix-unable-to-open
courts/default/documents/CRS-SP-141-Attachment-1-Admin-Rules-Non-IT-Services.pdf,pdfix-unable-to-open
courts/default/documents/RFP-CFCC-2023-05-LV-Attachment-6A-Payee-Data-Record-204.pdf,pdfix-unable-to-open
courts/default/documents/snapshot-rfp-att3.pdf,pdfix-unable-to-open
courts/default/documents/RFP-FS-2023-09-XC-Addendum01.pdf,pdfix-unable-to-open
courts/default/documents/tempstaff-rfp-atta.pdf,pdfix-unable-to-open
courts/default/documents/CRS-PD-218-Attachment-4-Darfur-Contracting-ACT-ASI-2017.pdf,pdfix-unable-to-open
courts/default/documents/paint-supplies-rfp-attachab.pdf,pdfix-unable-to-open
courts/default/documents/FS-2021-Attachment-07-Iran-Contracting-Certification.pdf,pdfix-unable-to-open
courts/default/documents/RFPFS202301MB-Attach-12-Unruh-Cert_0.pdf,pdfix-unable-to-open
courts/default/documents/eval-famfinding-pilotcounties-rfp.pdf,pdfix-unable-to-open
courts/default/documents/seismiccostbenrfq_faq_0.pdf,pdfix-unable-to-open
courts/default/documents/ccms-transitionv3-rfp-qna.pdf,pdfix-unable-to-open
courts/default/documents/ctintexam-rfp_0.pdf,pdfix-unable-to-open
courts/default/documents/REFM-2016-09-SS-RFI-HVAC-Consulting-Services.pdf,pdfix-unable-to-open
courts/default/documents/ecm_add_1_attachment_6_cost_submission_matrix_0.pdf,pdfix-unable-to-open
courts/default/documents/building-commish-rfp-attacha.pdf,pdfix-unable-to-open
courts/default/documents/ecm-rfp-appd.pdf,pdfix-unable-to-open
courts/default/documents/sejuvdepct-qdata-rfp-att2d_0.pdf,pdfix-unable-to-open
courts/default/documents/FS-2020-04-BD-notice-of-intent-to-award.pdf,pdfix-unable-to-open
courts/default/documents/sdcourthouse-risk-rfp-intent.pdf,pdfix-unable-to-open
courts/default/documents/CRS-EG-422-Attachment-1-Admin-Rules-Non-IT-Services.pdf,pdfix-unable-to-open
courts/default/documents/CRS-SP-330-Attachment-3-Vendors-Acceptance-of-the-RFPs-Contract-Terms.pdf,pdfix-unable-to-open
courts/default/documents/CRSEG142-Attachment-1-Admin-Rules-Non-IT-Services.pdf,pdfix-unable-to-open
courts/default/documents/CRS-PD-101-Intent-to-Award.pdf,pdfix-unable-to-open
courts/default/documents/JBCP-2013-01-BR-ITB-Announcement-Sutter.pdf,pdfix-unable-to-open
courts/default/documents/RFP-CFCC23-164B-Answers-to-Questions.pdf,pdfix-unable-to-open
courts/default/documents/CJER-030614-OSCSF-CF-Content.pdf,pdfix-unable-to-open
courts/default/documents/CRS-SP-361-Attachment-2-JCC-Hotel-Agreement-Template.pdf,pdfix-unable-to-open
courts/default/documents/CRS-EG-245-Attachment-2-JCC-Hotel-Agreement-Template.pdf,pdfix-unable-to-open
courts/default/documents/CRS-PD-223-RFP-Hotel-FULL-SERVICE-pjceo18.pdf,pdfix-unable-to-open
courts/default/documents/CRSSP052-Intent-to-Award-Criminal-Law-Institite.pdf,pdfix-unable-to-open
courts/default/documents/CRS-EG030-Attachment-1-Admin-Rules-Non-IT-Services.pdf,pdfix-unable-to-open
courts/default/documents/CFCC-2018-08-CD-Notice-of-Intent-to-Award.pdf,pdfix-unable-to-open
courts/default/documents/susanvillecourthouse-testing-rfp-attachc.pdf,pdfix-unable-to-open
courts/default/documents/IFB-ISD-041812-AA-Dell-Hardware-IFB.pdf,pdfix-unable-to-open
courts/default/documents/CRSSP052-Attachment-7-Conflict-of-Interest-Certification-form.pdf,pdfix-unable-to-open
courts/default/documents/stream_vid_rfp.pdf,pdfix-unable-to-open
courts/default/documents/CRSEG139-Attachment-RFP-Hotel-ROOM-BLOCK.pdf,pdfix-unable-to-open
courts/default/documents/REFM-2014-04-JMG-Addendum-2-QA.pdf,pdfix-unable-to-open
courts/default/documents/parking-cmjcente-rfp-attachc.pdf,pdfix-unable-to-open
courts/default/documents/FSO-2018-05-JMG_Attach_C_Master_Contract_for_Construction_Services.pdf,pdfix-unable-to-open
courts/default/documents/RFP-CFCC-2022-43-DM-Attachment-10-UNRUH-CERTIFICATION.pdf,pdfix-unable-to-open
courts/default/documents/statebasedcs-rfp-list.pdf,pdfix-unable-to-open
courts/default/documents/CRS-PD-268-Attachment-3-Vendors-Acceptance-of-the-RFPs-Contract-Terms-janpao20.pdf,pdfix-unable-to-open
courts/default/documents/RFP-FS-SP-2019-03-JP-Notice-of-Cancellation-for-Southern-Region-SRO-Only.pdf,pdfix-unable-to-open
courts/default/documents/confplansvcs-rfp-qa.pdf,pdfix-unable-to-open
courts/default/documents/CRS-AK-385-Attachment-4-Darfur-Contracting-ACT.pdf,pdfix-unable-to-open
courts/default/documents/aac-20210208-ads-notice.pdf,pdfix-unable-to-open
courts/default/documents/HR-2023-02-Employee-Assistance-Program-Intent-To-Award.pdf,pdfix-unable-to-open
courts/default/documents/RFP-BAP-2023-56-DM-Attachment-1-Administrative-Rules.pdf,pdfix-unable-to-open
courts/default/documents/CRS-SP-199-Attachment-1-Admin-Rules-Non-IT-Services.pdf,pdfix-unable-to-open
courts/default/documents/CFCC-22-127RB-RFP-Attach-7-Unruh.pdf,pdfix-unable-to-open
courts/default/documents/CFCC-2021-21-DM-Attachment-5-Darfur-Certification.pdf,pdfix-unable-to-open
courts/default/documents/riverside-reconstruct-rfq-attachc.pdf,pdfix-unable-to-open
courts/default/documents/A8-One-Way-NDA.pdf,pdfix-unable-to-open
courts/default/documents/CRS-SP-174-Attachment-6-Conflict-of-Interest-Certification-form.pdf,pdfix-unable-to-open
courts/default/documents/COS-ODP-201504-JR-Attachment-3.pdf,pdfix-unable-to-open
courts/default/documents/rfp082205_vdr-std204.pdf,pdfix-unable-to-open
courts/default/documents/CRS-SP-350-Intent-to-Award.pdf,pdfix-unable-to-open
courts/default/documents/CRS-SP-074-Attachment-3-Vendors-Acceptance-of-the-RFPs-Contract-Terms.pdf,pdfix-unable-to-open
courts/default/documents/elkins-rfp-notice_0.pdf,pdfix-unable-to-open
courts/default/documents/CRS-SP-285-Intent-to-Award.pdf,pdfix-unable-to-open
courts/default/documents/RFP-TCAS-2020-03-MS-Intent-to-Award-Digitizing-Judicial-Branch-Records.pdf,pdfix-unable-to-open
courts/default/documents/famjuv-20230626-notice.agenda.pdf,pdfix-unable-to-open
courts/default/documents/calcjcduicoststudy-rfp-att2.pdf,pdfix-unable-to-open
courts/default/documents/cjdcls_qa.pdf,pdfix-unable-to-open
courts/default/documents/REFM-2016-14-RP-UAST-HAZMAT-WASTE-MANAGEMENT-Consulting-Services-RFP.pdf,pdfix-unable-to-open
courts/default/documents/snaponline-atta.pdf,pdfix-unable-to-open
courts/default/documents/CRS-SP-071-Attachment-3-Vendors-Acceptance-of-the-RFPs-Contract-Terms.pdf,pdfix-unable-to-open
courts/default/documents/RFP-5DCA-091417-Self-Help-WV-Attachment-6.pdf,pdfix-unable-to-open
courts/default/documents/IFB-CJER-070912-AA-Computer-Rental-Specifications.pdf,pdfix-unable-to-open
courts/default/documents/gcfmti-rfp-legagr.pdf,pdfix-unable-to-open
courts/default/documents/COS-ODP-201504-JR-Attachment-1.pdf,pdfix-unable-to-open
courts/default/documents/HRSO-04-13-SS-Attachment-3-Acceptance-to-Terms-and-Conditions.pdf,pdfix-unable-to-open
courts/default/documents/sacramento-dependrep-rfp-appd.pdf,pdfix-unable-to-open
courts/default/documents/crs-sp-057-Attachment-7-Conflict-of-Interest-Certification-form.pdf,pdfix-unable-to-open
courts/default/documents/aersforscbrfp-list_0.pdf,pdfix-unable-to-open
courts/default/documents/JBCP-2014-03-BR-Short-List-Announcement-New-Sacto-Criminal.pdf,pdfix-unable-to-open
courts/default/documents/ccmsv4int-rfp-attb.pdf,pdfix-unable-to-open
courts/default/documents/riverside-reconstruct-rfq-attacha.pdf,pdfix-unable-to-open
courts/default/documents/CRS-AK-405-Attachment-3-Vendors-Acceptance-of-the-RFPs-Contract-Terms.pdf,pdfix-unable-to-open
courts/default/documents/bsa-webdev-rfp-attach4.pdf,pdfix-unable-to-open
courts/default/documents/creldabuseneeds-notice_0.pdf,pdfix-unable-to-open
courts/default/documents/CRS-SP-193-Attachment-4-Darfur-Contracting-ACT.pdf,pdfix-unable-to-open
courts/default/documents/reas-rfp-qa_0.pdf,pdfix-unable-to-open
courts/default/documents/LSS-18-48-RB-Attach-5-Darfur.pdf,pdfix-unable-to-open
courts/default/documents/RFP-BAP23-160RB-Attach-4-Gen-Certs.pdf,pdfix-unable-to-open
courts/default/documents/RFP-JCC-2023-11-SB_Attachment-6A_STD204.pdf,pdfix-unable-to-open
courts/default/documents/RFP-FS-2022-02-MB-Attach-F-SmallBusiness-Cert.pdf,pdfix-unable-to-open
courts/default/documents/swsecscreen-rfp-add1_0.pdf,pdfix-unable-to-open
courts/default/documents/CRS-EG-133_Intent-to-Award.pdf,pdfix-unable-to-open
courts/default/documents/efadadd_0.pdf,pdfix-unable-to-open
courts/default/documents/CRS-EG-233-Attachment-RFP-Hotel-FULL-SERVICE.pdf,pdfix-unable-to-open
courts/default/documents/CRS-PD-326-Attachment-3-Vendors-Acceptance-of-the-RFPs-Contract-Terms-paodvcoct20.pdf,pdfix-unable-to-open
courts/default/documents/CPAS-201101-RB-Attachment-2-Revision-1.pdf,pdfix-unable-to-open
courts/default/documents/RFP-APPELLATE-122118-WV-Attachment-9.pdf,pdfix-unable-to-open
courts/default/documents/ASU-EG024-Attachment-2-AOC-Hotel-Agreement-Template-10-26-11.pdf,pdfix-unable-to-open
courts/default/documents/feltrial-rfp-intent.pdf,pdfix-unable-to-open
courts/default/documents/sucplanrfp_0.pdf,pdfix-unable-to-open
courts/default/documents/susanvillecourthouse-testing-rfp-attacha.pdf,pdfix-unable-to-open
courts/default/documents/tempstaff-rfp-attc.pdf,pdfix-unable-to-open
courts/default/documents/4-2-RFP-13-14-05-Notice_of_Cancellation.pdf,pdfix-unable-to-open
courts/default/documents/RFP-FS-2022-10-XC-Notice-Of-Shortlist-For-Interviews.pdf,pdfix-unable-to-open
courts/default/documents/snapshot-rfp-att1.pdf,pdfix-unable-to-open
courts/default/documents/LSD-2017-36-RB-Answers-to-Questions.pdf,pdfix-unable-to-open
courts/default/documents/CRS-SP-051-Attachment-4-Darfur-Contracting-ACT.pdf,pdfix-unable-to-open
courts/default/documents/CRS-AU-129-RFP-Hotel-AB1058-2015.pdf,pdfix-unable-to-open
courts/default/documents/RFP-FS-2022-09-XC-Notice-Of-Intent-To-Award.pdf,pdfix-unable-to-open
courts/default/documents/REFM-2016-25-SM-Attachment-3-Standard-Agreement-Terms-and-Conditions.pdf,pdfix-unable-to-open
courts/default/documents/elearn-rfp.pdf,pdfix-unable-to-open
courts/default/documents/OS-20150901-RAPISCAN-JR-PUBLIC-OPENING.pdf,pdfix-unable-to-open
courts/default/documents/CRS-PD-208-RFP-Hotel-FULL-SERVICE-Labor-Relations-Full-2017.pdf,pdfix-unable-to-open
courts/default/documents/icwa-curriculumdev-rfp-intent.pdf,pdfix-unable-to-open
courts/default/documents/3dcarfp201201_attachment5.pdf,pdfix-unable-to-open
courts/default/documents/ecm-rfp-appf.pdf,pdfix-unable-to-open
courts/default/documents/CRS-SP-140-Attachment-3-Vendors-Acceptance-of-the-RFPs-Contract-Terms.pdf,pdfix-unable-to-open
courts/default/documents/CRS-EG-386-Attachment-2-JCC-Hotel-Agreement.pdf,pdfix-unable-to-open
courts/default/documents/3DCA-RFO-17-18-07-Attachment-3-Standard-Agreement.pdf,pdfix-unable-to-open
courts/default/documents/ASU-TD-005-NN-Attachment-3-Vendors-Acceptance-of-the-RFPs-Contract-Terms.pdf,pdfix-unable-to-open
courts/default/documents/vps-rfp.pdf,pdfix-unable-to-open
courts/default/documents/CRS-SP-145-Attachment-3-Vendors-Acceptance-of-the-RFPs-Contract-Terms.pdf,pdfix-unable-to-open
courts/default/documents/ASU-EG019-Attachment-2-AOC-Hotel-Agreement-Template.pdf,pdfix-unable-to-open
courts/default/documents/ASU-EG-018-Attachment-2-AOC-Hotel-Agreement-Template-10-26-11.pdf,pdfix-unable-to-open
courts/default/documents/RFP-ISD-06192012-SLO_Exhibit-C-JBSIS-Implementation-Manual.pdf,pdfix-unable-to-open
courts/default/documents/IT-2019-11-LB-Questions-Answers.pdf,pdfix-unable-to-open
courts/default/documents/TCAS-2021-02-AJ-Human-Capital-Management-RFP-Addendum-3.pdf,pdfix-unable-to-open
courts/default/documents/BAP-2022-07-SB-Attachment-8_Specifications-and-Samples.pdf,pdfix-unable-to-open
courts/default/documents/CRS-SP-136-Attachment-6-Conflict-of-Interest-Certification-form.pdf,pdfix-unable-to-open
courts/default/documents/CRS-EG040-Attachment-RFP-Hotel-ROOM-BLOCK-ONLY.pdf,pdfix-unable-to-open
courts/default/documents/OREFM-2013-06-CC-Attachment-D.pdf,pdfix-unable-to-open
courts/default/documents/susanville-gencontractors-rfq.pdf,pdfix-unable-to-open
courts/default/documents/RFP-FS-2021-19-AL-Attach-8B-Payee-Data-Record-Supplement.pdf,pdfix-unable-to-open
courts/default/documents/CRS-TD-036-Attachment-2-AOC-Hotel-Agreement-Template-10-26-11.pdf,pdfix-unable-to-open
courts/default/documents/CRS-SP-064-Attachment-4-Darfur-Contracting-ACT.pdf,pdfix-unable-to-open
courts/default/documents/RFP-IT-2021-80RB-Attachment-5-Small-Business.pdf,pdfix-unable-to-open
courts/default/documents/REFM-2016-14-RP-2-Attachment-10.pdf,pdfix-unable-to-open
courts/default/documents/CRS-SO060-Attachment-2-AOC-Hotel-Agreement-Template-2-11-13.pdf,pdfix-unable-to-open
courts/default/documents/planreview-rfp-attachc.pdf,pdfix-unable-to-open
courts/default/documents/constrantct-rfp_add1_0.pdf,pdfix-unable-to-open
courts/default/documents/sdmanager-cms-rfp-intent.pdf,pdfix-unable-to-open
courts/default/documents/42-RFP-13-14-04_Housekeeping-Janitorial_Addendum-1.pdf,pdfix-unable-to-open
courts/default/documents/ccjcrtc-rfp-intent_0.pdf,pdfix-unable-to-open
courts/default/documents/RFP-SC-91323-MS-Attachment-2-PO-TnCs.pdf,pdfix-unable-to-open
courts/default/documents/insurebrokerage-occm-rfp-qna.pdf,pdfix-unable-to-open
courts/default/documents/FSO-2017-14-RP-Attach-2-Standard-Agreement.pdf,pdfix-unable-to-open
courts/default/documents/artistsrfp_0.pdf,pdfix-unable-to-open
courts/default/documents/CRS-AU-129-Attachment-4-Darfur-Contracting-ACT-AB-1058-2015.pdf,pdfix-unable-to-open
courts/default/documents/ASU-EG-020-Attachment-2-AOC-Standard-Terms-and-Conditions.pdf,pdfix-unable-to-open
courts/default/documents/2021-22-cj-safg-jc-draft-8921-attachments.pdf,pdfix-unable-to-open
courts/default/documents/CFCC-2020-69-RB-Questions-and-Answers.pdf,pdfix-unable-to-open
courts/default/documents/RFP-CFCC-2023-04-LP-User-Testing-Designing-Court-Forms.pdf,pdfix-unable-to-open
courts/default/documents/CRS-PD-248-Attachment-2-JCC-Hotel-Agreement-Template-IMT18.pdf,pdfix-unable-to-open
courts/default/documents/CRS-PD-105-RFP.pdf,pdfix-unable-to-open
courts/default/documents/Old-Solano-Addendum-3.pdf,pdfix-unable-to-open
courts/default/documents/RFPFS202203MB-Attach-7-Sample-Agreement-ADDENDUM-8.pdf,pdfix-unable-to-open
courts/default/documents/IT-2021-94RB-RFP-Attach-8-Unruh.pdf,pdfix-unable-to-open
courts/default/documents/IT-2021-94RB-RFP-Attach-2-Std-Agmt.pdf,pdfix-unable-to-open
courts/default/documents/CRS-SP-301-RFP-Hotel-ROOM-BLOCK.pdf,pdfix-unable-to-open
courts/default/documents/confaudio-rfp-atte1.pdf,pdfix-unable-to-open
courts/default/documents/cjer-20220606-materials.pdf,pdfix-unable-to-open
courts/default/documents/docmanage-statewide-rfp-appc.pdf,pdfix-unable-to-open
courts/default/documents/CRS-AU-044Attachment-7-Conflict-of-Interest-Certification-form.pdf,pdfix-unable-to-open
courts/default/documents/CRS-SP-219-Attachment-3-Vendors-Acceptance-of-the-RFPs-Contract-Terms.pdf,pdfix-unable-to-open
courts/default/documents/TCAS-SAPC-2016-01-ML-ATTACHMENT-2.pdf,pdfix-unable-to-open
courts/default/documents/RFP-FS-2023-06-JP_Mandatory_Presentation_11_13_23_Attendees.pdf,pdfix-unable-to-open
courts/default/documents/CRS-SP-354-Attachment-6-Conflict-of-Interest-Certification-form.pdf,pdfix-unable-to-open
courts/default/documents/CFCC-2020-69-RB-Attachment-3.pdf,pdfix-unable-to-open
courts/default/documents/OAS-2018-06-CD-Notice-of-Intent-to-Award.pdf,pdfix-unable-to-open
courts/default/documents/FS-2017-02-BD-Answers-to-Questions.pdf,pdfix-unable-to-open
courts/default/documents/RFP-REFM-2016-29-JP-Attachment-14-Elevator-Modern-Proj-Manual-04242017.pdf,pdfix-unable-to-open
courts/default/documents/ASU-TD-016-Attachment-3-Vendors-Acceptance-of-the-RFPs-Contract-Terms-no-change-by-td.pdf,pdfix-unable-to-open
courts/default/documents/ceac-20230920-notice.pdf,pdfix-unable-to-open
courts/default/documents/repjuvdep-sanjoaqrfp-qa_0.pdf,pdfix-unable-to-open
courts/default/documents/RFP-Appellate-042216-HS-Attachment-8.pdf,pdfix-unable-to-open
courts/default/documents/IFB-Supreme-041516-MDS-Addendum-4.pdf,pdfix-unable-to-open
courts/default/documents/juvcourtuserres-rfp-attach3.pdf,pdfix-unable-to-open
courts/default/documents/bpr-rfp-intent_0.pdf,pdfix-unable-to-open
courts/default/documents/courtordered-debttask-rfp-attach10.pdf,pdfix-unable-to-open
courts/default/documents/RFP-FSO-PFMS-2018-21-JP-Attach-I-Internal-Background-Check-Policy.pdf,pdfix-unable-to-open
courts/default/documents/construct-riskdesign-sanjosefamcenter-rfq-attachi.pdf,pdfix-unable-to-open
courts/default/documents/tas-rfp-rev1.pdf,pdfix-unable-to-open
courts/default/documents/jbwcp_moc_2023_24_judiciary.pdf,pdfix-unable-to-open
courts/default/documents/RFPFS202310MB-Attach-A_Administrative-Rules.pdf,pdfix-unable-to-open
courts/default/documents/dm-rfp-att10_0.pdf,pdfix-unable-to-open
courts/default/documents/RFP-FS-2022-10-XC-Attach-9-DVBE-Participation-Form.pdf,pdfix-unable-to-open
courts/default/documents/CFCC23-164RB-Attach-1-Admin-Rules.pdf,pdfix-unable-to-open
courts/default/documents/Attachment-A-Judicial-Branch-Monthly-Financial-Forecast.pdf,pdfix-unable-to-open
courts/default/documents/RFP-FS-2023-12-MB-Attachment-B-Judicial-Council-of-California-Regional-Map.pdf,pdfix-unable-to-open
courts/default/documents/workcomptpa-rfp.pdf,pdfix-unable-to-open
courts/default/documents/RFP-FSO-2017-10-JR-Attachment-12-Internal-Background-Check-Policy.pdf,pdfix-unable-to-open
courts/default/documents/preconstruct-riskmanage-kings-rfp-attachh.pdf,pdfix-unable-to-open
courts/default/documents/CFCC-2023-47-DM-Attachment-7-UNRUH-CERTIFICATION.pdf,pdfix-unable-to-open
courts/default/documents/CRS-SP-280-RFP-Hotel-ROOM-BLOCK.pdf,pdfix-unable-to-open
courts/default/documents/CRS-SP-076-RFP-Hotel-ROOM-BLOCK-ONLY.pdf,pdfix-unable-to-open
courts/default/documents/ens-rfp-intent-20090601.pdf,pdfix-unable-to-open
courts/default/documents/HRSO-04-13-SS-Attachment-1-Admin-Rules.pdf,pdfix-unable-to-open
courts/default/documents/RFP-FS-2021-18-AL-Attach-STD205-Payee-Data-Record-Supplement.pdf,pdfix-unable-to-open
courts/default/documents/RFP-FS-2021-19-AL-Attach-6-Darfur-Certification.pdf,pdfix-unable-to-open
courts/default/documents/CRS-SP-320-Attachment-6-Conflict-of-Interest-Certification-form.pdf,pdfix-unable-to-open
courts/default/documents/CRS-EG-250-Cancellation-Notice.pdf,pdfix-unable-to-open
courts/default/documents/HCRC-CCS-17-22RB-Attachment-9-Pricing-Form.pdf,pdfix-unable-to-open
courts/default/documents/assessjurorutil-rfp.pdf,pdfix-unable-to-open
courts/default/documents/JBCP-2014-01-BR-Attachment-A-HKA-Vertical-Transporation-Specifications.pdf,pdfix-unable-to-open
courts/default/documents/CRSSP052-Attachment-5-Form-for-Submission-of-Technical-Proposal-FULL-SERVICE.pdf,pdfix-unable-to-open
courts/default/documents/techstaff-augment-rfp-attachd3.pdf,pdfix-unable-to-open
courts/default/documents/CRS-PD-264-Attachment-6-Conflict-of-Interest-Certification-form-cow19.pdf,pdfix-unable-to-open
courts/default/documents/gcfmti-rfp-add2.pdf,pdfix-unable-to-open
courts/default/documents/CRS-AK-405-Attachment-1-Admin-Rules-Non-IT-Services.pdf,pdfix-unable-to-open
courts/default/documents/Intent-To-Award-Notice-RFP-CFCC-20110826-CT.pdf,pdfix-unable-to-open
courts/default/documents/CRS-SP-140-Attachment-2-JCC-Hotel-Agreement-Template.pdf,pdfix-unable-to-open
courts/default/documents/CRS-SP-203-RFP-Hotel-FULL-SERVICE.pdf,pdfix-unable-to-open
courts/default/documents/CRSSP052-Attachment-6-Form-for-Submission-of-Cost-Proposal-FULL-SERVICE.pdf,pdfix-unable-to-open
courts/default/documents/perfrel-rfp_0.pdf,pdfix-unable-to-open
courts/default/documents/FSO-LA-Metro-Elevator-2017-11-JP-Attach-I-Internal-Background-Check-Policy.pdf,pdfix-unable-to-open
courts/default/documents/ASU-TD-016-Attachment-7-Conflict-of-Interest-Certification-form.pdf,pdfix-unable-to-open
courts/default/documents/RFP-FS-2023-05-XC-Notice-Of-Shortlist-For-Interviews.pdf,pdfix-unable-to-open
courts/default/documents/CRS-SP-328-Attachment-3-Vendors-Acceptance-of-the-RFPs-Contract-Terms.pdf,pdfix-unable-to-open
courts/default/documents/ceac-20221026-materials.pdf,pdfix-unable-to-open
courts/default/documents/CRS-SP-078-Attachment-4-Darfur-Contracting-ACT-no-change.pdf,pdfix-unable-to-open
courts/default/documents/CM-R-Lakeport-RFP-att-m-CEQA-MMP.pdf,pdfix-unable-to-open
courts/default/documents/construct-riskdesign-sanjosefamcenter-rfq-attachj2.pdf,pdfix-unable-to-open
courts/default/documents/ASU-EG-018-Attachment-1-Admin-Rules-Non-IT-Services.pdf,pdfix-unable-to-open
courts/default/documents/CRS-PD-311-Attachment-6-Conflict-of-Interest-Certification-form_jc20.pdf,pdfix-unable-to-open
courts/default/documents/RFPFS202301MB-Attach-5-General-Certs.pdf,pdfix-unable-to-open
courts/default/documents/preconstsvc-rfp-add6_1.pdf,pdfix-unable-to-open
courts/default/documents/CRS-EG-227-Intent-to-Award.pdf,pdfix-unable-to-open
courts/default/documents/precon-rfp-revised_addendum3.pdf,pdfix-unable-to-open
courts/default/documents/CFCC-08-12-LM-Attachment-3-Proposers-Acceptance-of-Terms-and-Conditions.pdf,pdfix-unable-to-open
courts/default/documents/CRS-EG-295-Attachment-1-Admin-Rules-Non-IT-Services.pdf,pdfix-unable-to-open
courts/default/documents/plumas-sierra-rfp-add1att.pdf,pdfix-unable-to-open
courts/default/documents/marin-depend-rfp-add1.pdf,pdfix-unable-to-open
courts/default/documents/RFP-FS-2022-01-MB-Attach-J-DVBE-Declaration.pdf,pdfix-unable-to-open
courts/default/documents/CFCC-2020-68-RB-RFP-Attach-7-DVBE-Decl.pdf,pdfix-unable-to-open
courts/default/documents/CRS-PD-341-Attachment-4-Darfur-Contracting-ACT_jc21.pdf,pdfix-unable-to-open
courts/default/documents/RFP-CFCC23-159RB-Attach-9-DVBE-Bidder-Decl.pdf,pdfix-unable-to-open
courts/default/documents/CRS-EG-276-Intent-to-Award.pdf,pdfix-unable-to-open
courts/default/documents/thirdparty-rfp-appb.pdf,pdfix-unable-to-open
courts/default/documents/CRS-PD-192-Attachment-1-Admin-Rules-Non-IT-Services-AJAI2017.pdf,pdfix-unable-to-open
courts/default/documents/LSD-2017-36-RB-Attachment-2-Standard-Provisions.pdf,pdfix-unable-to-open
courts/default/documents/workcomptpa-rfp-add1.pdf,pdfix-unable-to-open
courts/default/documents/photoserv-rfq-intent-jcmeet_0.pdf,pdfix-unable-to-open
courts/default/documents/CFCC-2022-33-DM-Attachment-7-Std205.pdf,pdfix-unable-to-open
courts/default/documents/IFB-ISD-053014-AA-Std204-Payee-Data-Record.pdf,pdfix-unable-to-open
courts/default/documents/ITSO-2013-01-DCA-RFP.pdf,pdfix-unable-to-open
courts/default/documents/FS-2019-11-BD-Attachment-F_Payee_Data_Record.pdf,pdfix-unable-to-open
courts/default/documents/Attachment-1-Administrative-Rules-MAPS-2023-04-MS.pdf,pdfix-unable-to-open
courts/default/documents/CRS-SP-409-Attachment-2-Hotel-Agreement-Template.pdf,pdfix-unable-to-open
courts/default/documents/testadmin-rfp-rescission.pdf,pdfix-unable-to-open
courts/default/documents/forum-20220811-materials.pdf,pdfix-unable-to-open
courts/default/documents/RFQP-SHORTLIST_New-Los_Banos-CH.pdf,pdfix-unable-to-open
courts/default/documents/feltrial-rfp.pdf,pdfix-unable-to-open
courts/default/documents/ITSO-11-13-LM-Addendum-1.pdf,pdfix-unable-to-open
courts/default/documents/CFCC23-163RB-Attach-10-DVBE-Declaration.pdf,pdfix-unable-to-open
courts/default/documents/CRS-SP-070-Attachment-2-AOC-Hotel-Agreement-Template.pdf,pdfix-unable-to-open
courts/default/documents/CFCC-2021-91RB-Attachment-2-Standard-Agreement.pdf,pdfix-unable-to-open
courts/default/documents/childsupport-guide-rfp-attach2.pdf,pdfix-unable-to-open
courts/default/documents/ISD2016-01-RB-ATTACHMENT-D.pdf,pdfix-unable-to-open
courts/default/documents/RFP-FS-2021-17-AL-Attach-STD204-Payee-Data-Record-Form.pdf,pdfix-unable-to-open
courts/default/documents/RFP-FS-2022-07-JP-San-Francisco-Addendum4.pdf,pdfix-unable-to-open
courts/default/documents/hollister-rfq-attachh.pdf,pdfix-unable-to-open
courts/default/documents/ASU-EG019-RFP--Hotel-ROOM-BLOCK-ONLY.pdf,pdfix-unable-to-open
courts/default/documents/HR-2021-27-DM-Attachment-1-Administrative-Rules.pdf,pdfix-unable-to-open
courts/default/documents/refmsdis-rfp-add1.pdf,pdfix-unable-to-open
courts/default/documents/FSO-2017-21-HN-Attach-7-Unruh-FEHA.pdf,pdfix-unable-to-open
courts/default/documents/CLASP-LNS2015-Language-Study-Attachment-2-Terms-Cond.pdf,pdfix-unable-to-open
courts/default/documents/scjuvdeprep-rfp-appc_0.pdf,pdfix-unable-to-open
courts/default/documents/CRS-PD-311-Attachment-3-Vendors-Acceptance-of-the-RFPs-Contract-Terms_jc20.pdf,pdfix-unable-to-open
courts/default/documents/Attachment-6-Bidder-Declaration.pdf,pdfix-unable-to-open
courts/default/documents/hollister-rfq.pdf,pdfix-unable-to-open
courts/default/documents/IT-201509-JR-RFI.pdf,pdfix-unable-to-open
courts/default/documents/COSSO-2018-01-Language-Access-in-the-CA-Courts-PSK-RFP.pdf,pdfix-unable-to-open
courts/default/documents/calcjcduicoststudy-rfp-att3_0.pdf,pdfix-unable-to-open
courts/default/documents/RFPFS202307KO-Attach-A-AdminRules.pdf,pdfix-unable-to-open
courts/default/documents/TCAS-2022-02-MS-Exhibit-1-Payment-Provisions.pdf,pdfix-unable-to-open
courts/default/documents/RFP-FS-2021-15-AL-Addendum03.pdf,pdfix-unable-to-open
courts/default/documents/1DCA-19-54-RB-Attach-2-Agreement.pdf,pdfix-unable-to-open
courts/default/documents/firstaidtraining-rfi.pdf,pdfix-unable-to-open
courts/default/documents/solanorenov-occmrfp.pdf,pdfix-unable-to-open
courts/default/documents/5DCA-19-57-RB-Attach-6-Unruh.pdf,pdfix-unable-to-open
courts/default/documents/RFPFS202204MB-Attach-12-Unruh-Cert.pdf,pdfix-unable-to-open
courts/default/documents/CRS-EG-359-Attachment-1-Admin-Rules-Non-IT-Services.pdf,pdfix-unable-to-open
courts/default/documents/aersforscbrfp-qa2.pdf,pdfix-unable-to-open
courts/default/documents/photoserv-rfq_0.pdf,pdfix-unable-to-open
courts/default/documents/CFCC-CCW17-23RB-Attachment_4-General_Certifications.pdf,pdfix-unable-to-open
courts/default/documents/REFM-2016-03-MS-Attachment-7-DVBE--Participation-Form.pdf,pdfix-unable-to-open
courts/default/documents/ITSO-17-04-RBB-Attachment-3-Acceptance-TCs.pdf,pdfix-unable-to-open
courts/default/documents/CRS-SP-196-Attachment-RFP-Room-Block.pdf,pdfix-unable-to-open
courts/default/documents/RFP-FS-2018-02-JP-Attach-I-Internal-Background-Check-Policy.pdf,pdfix-unable-to-open
courts/default/documents/ASU-EG-003-SS-Intent-to-Award.pdf,pdfix-unable-to-open
courts/default/documents/tcworkmeth-rfp-qna.pdf,pdfix-unable-to-open
courts/default/documents/aoclanwanprojman-rfp-attach4.pdf,pdfix-unable-to-open
courts/default/documents/stateadminrfp-add3.pdf,pdfix-unable-to-open
courts/default/documents/OGC-ADR-03-NN-Attachment-2-AOC-Terms-Conditions.pdf,pdfix-unable-to-open
courts/default/documents/RFP-FS-2021-22-JP-Request-For-PreQualifications_0.pdf,pdfix-unable-to-open
courts/default/documents/RFP-FS-2020-06-DF-Notice-of-Technical-Scores-and-Cost-Opening.pdf,pdfix-unable-to-open
courts/default/documents/CRS-TD-034-Attachment-4-Darfur-Contracting-ACT-no-change-by-td.pdf,pdfix-unable-to-open
courts/default/documents/famlawworkres-rfp-qna.pdf,pdfix-unable-to-open
courts/default/documents/aersforscbrfp-losangelesmentalhealth_0.pdf,pdfix-unable-to-open
courts/default/documents/ADMIN-2018-01-LB-Addendum-1.pdf,pdfix-unable-to-open
courts/default/documents/IT-2023-50-DM-ADDENDUM-1.pdf,pdfix-unable-to-open
courts/default/documents/CFCC-2019-16-CD-Intent-To-Award.pdf,pdfix-unable-to-open
courts/default/documents/plumas-sierra-rfp-add1qa.pdf,pdfix-unable-to-open
courts/default/documents/Statewide-Solar-Solicitation-Sitewalk-Schedule_Update-10-19-23.pdf,pdfix-unable-to-open
courts/default/documents/RFP-FS-2020-09-JP-Attachment-C-Acceptance-of-Terms-and-Conditions.pdf,pdfix-unable-to-open
courts/default/documents/snapshot-rfp-att2a.pdf,pdfix-unable-to-open
courts/default/documents/RFP-HR-2020-24-CD-Ergonomic-Assessments-Master-Agreement.pdf,pdfix-unable-to-open
courts/default/documents/IT-2021-30-DM-Attachment-7-Darfur-Certification.pdf,pdfix-unable-to-open
courts/default/documents/CRS-SP-214-Attachment-1-Admin-Rules-Non-IT-Services.pdf,pdfix-unable-to-open
courts/default/documents/cscscodadd1.pdf,pdfix-unable-to-open
courts/default/documents/CRS-PD-190-Attachment-3-Vendors-Acceptance-of-the-RFPs-Contract-Terms-PJCEO-2016.pdf,pdfix-unable-to-open
courts/default/documents/marin-depend-rfp-attache.pdf,pdfix-unable-to-open
courts/default/documents/fireprot-rfp-add1_0.pdf,pdfix-unable-to-open
courts/default/documents/constrantct-rfp_att1c_0.pdf,pdfix-unable-to-open
courts/default/documents/talentag-rfp-attachb.pdf,pdfix-unable-to-open
courts/default/documents/3dcarfp201201_NoticeofIntenttoAward.pdf,pdfix-unable-to-open
courts/default/documents/CFCC-2024-28-LV-Attachment-7-Unruh-and-FEHA-Certification.pdf,pdfix-unable-to-open
courts/default/documents/TCAS-2017-05-JU-Addendum-4.pdf,pdfix-unable-to-open
courts/default/documents/RFPFS202203MB-ADDENDUM-5.pdf,pdfix-unable-to-open
courts/default/documents/REFM-2015-13-DM-Attachment-5-Darfur-Contracting-Act-Certification.pdf,pdfix-unable-to-open
courts/default/documents/CFCC-2024-28-SB_Attach-8-UNRUH-CERTIFICATION.pdf,pdfix-unable-to-open
courts/default/documents/CFCC-2016-08-LV-RFP.pdf,pdfix-unable-to-open
courts/default/documents/sdcourthouse-risk-rfp-attachc.pdf,pdfix-unable-to-open
courts/default/documents/CLASP-LNS2015-2015-Language-Study-RFP-Addendum-1.pdf,pdfix-unable-to-open
courts/default/documents/cfcp_rfp-qa_0.pdf,pdfix-unable-to-open
courts/default/documents/jcstakedatarfp-qa.pdf,pdfix-unable-to-open
courts/default/documents/CRS-SP-349-Intent-to-Award.pdf,pdfix-unable-to-open
courts/default/documents/CRS-PD-316-Attachment-1-Admin-Rules-Non-IT-Services-pjceo20.pdf,pdfix-unable-to-open
courts/default/documents/CRS-SP-294-Attachment-6-Conflict-of-Interest-Certification-form.pdf,pdfix-unable-to-open
courts/default/documents/CRS-EG-381-Attachment-1-Admin-Rules-Non-IT-Services.pdf,pdfix-unable-to-open
courts/default/documents/CRS-SP-119-Attachment-3_-_Vendors-Acceptance-of-the-RFPs-Contract-Terms.pdf,pdfix-unable-to-open
courts/default/documents/envconsultsvcs-rfp-list2_0.pdf,pdfix-unable-to-open
courts/default/documents/RevisedAttachment3-ParkingFacilitySpecifications.pdf,pdfix-unable-to-open
courts/default/documents/feltrial-rfp-award_0.pdf,pdfix-unable-to-open
courts/default/documents/COS-ODP-201604-PSK-Attachment-7.pdf,pdfix-unable-to-open
courts/default/documents/FS-2019-05-DGF-Notice-Answer-to-Questions.pdf,pdfix-unable-to-open
courts/default/documents/CJER92013-LV-ATTACHMENT-3-Proposers-Acceptance-of-Contract-Terms-and-Conditions.pdf,pdfix-unable-to-open
courts/default/documents/CFCC-2021-107RB-Appendix-B-Training-Reqs.pdf,pdfix-unable-to-open
courts/default/documents/CRS-SP-360-Attachment-3-Vendors-Acceptance-of-the-RFPs-Contract-Terms.pdf,pdfix-unable-to-open
courts/default/documents/CRS-PD-321-Attachment-4-Darfur-Contracting-ACT_dv20.pdf,pdfix-unable-to-open
courts/default/documents/CFCC23-163RB-RFP.pdf,pdfix-unable-to-open
courts/default/documents/RFP-CFCC-23-141RB-Answers-to-Questions-Attach-2.pdf,pdfix-unable-to-open
courts/default/documents/OGC-ADR-01A-LM-Cancellation-Notice.pdf,pdfix-unable-to-open
courts/default/documents/CRS-SP-318-Intent-to-Award.pdf,pdfix-unable-to-open
courts/default/documents/ccporappdev-rfp-att5.pdf,pdfix-unable-to-open
courts/default/documents/5yearreview-rfp-add2.pdf,pdfix-unable-to-open
courts/default/documents/preconstsvc-rfp-add3qna_1.pdf,pdfix-unable-to-open
courts/default/documents/RFP-CFCC23-159RB-Attach-8-DVBE-Decl.pdf,pdfix-unable-to-open
courts/default/documents/CFCC-2012-01-RB-Intent-To-Award.pdf,pdfix-unable-to-open
courts/default/documents/CJER-122013-OSCS-CF-Attachment-6-Conflict-of-Interest.pdf,pdfix-unable-to-open
courts/default/documents/QandA-CFCC-2020-22-CD.pdf,pdfix-unable-to-open
courts/default/documents/youthpeer2009-rfp-attachb.pdf,pdfix-unable-to-open
courts/default/documents/RFP_MAPS-2023-04-MS.pdf,pdfix-unable-to-open
courts/default/documents/youthpeer2009-rfp-attachc.pdf,pdfix-unable-to-open
courts/default/documents/fmsrfpadd1.pdf,pdfix-unable-to-open
courts/default/documents/solanocourthouse-rfq-sitekey.pdf,pdfix-unable-to-open
courts/default/documents/jsierfpqa_0.pdf,pdfix-unable-to-open
courts/default/documents/prodjustsc-rfp-award_0.pdf,pdfix-unable-to-open
courts/default/documents/CRS-PD-221-Attachment-3-Vendors-Acceptance-of-the-RFPs-Contract-Terms-janpao18.pdf,pdfix-unable-to-open
courts/default/documents/IT-2022-38-DM-Attachment-6B-STD205.pdf,pdfix-unable-to-open
courts/default/documents/CFCC-2016-16-RBB-RFP-TULARE-CANCELLATION.pdf,pdfix-unable-to-open
courts/default/documents/CFCC-2019-09-LV-Attachment-6-Payee-Data-Record-Form.pdf,pdfix-unable-to-open
courts/default/documents/RFP-CFCC-23-141RB-Answers-to-Questions-Attach-3.pdf,pdfix-unable-to-open
courts/default/documents/RFPFS202301MB-Attach-9a-STD204-Payee-Data-Record_0.pdf,pdfix-unable-to-open
courts/default/documents/CRS-AU-075-Questions-and-Answers-Review.pdf,pdfix-unable-to-open
courts/default/documents/Attachment-F-FS-2020-15-BD-Payee-Data-Record.pdf,pdfix-unable-to-open
courts/default/documents/4DCA-12-13-01-CK-Attachment-2-Terms-and-Conditions.pdf,pdfix-unable-to-open
courts/default/documents/CRS-SP-219-Attachment-1-Admin-Rules-Non-IT-Services.pdf,pdfix-unable-to-open
courts/default/documents/snapshot-rfp-att2c_0.pdf,pdfix-unable-to-open
courts/default/documents/preconstsvc-rfp-add3qna_0.pdf,pdfix-unable-to-open
courts/default/documents/wamsrfp_0.pdf,pdfix-unable-to-open
courts/default/documents/CIP-2022-39-DM-Technical-Scores.pdf,pdfix-unable-to-open
courts/default/documents/ASU-TD-010-SS-Attachment-7-Conflict-of-Interest-Certification-form.pdf,pdfix-unable-to-open
courts/default/documents/JBCP-2013-04-BR-GC-PreQual-Application.pdf,pdfix-unable-to-open
courts/default/documents/aersforscbrfp-list.pdf,pdfix-unable-to-open
courts/default/documents/minorreprfp_0.pdf,pdfix-unable-to-open
courts/default/documents/ccporappdev-rfp-att4.pdf,pdfix-unable-to-open
courts/default/documents/evaljustcorps-rfp-award_0.pdf,pdfix-unable-to-open
courts/default/documents/RFPFS202211MB-Attach-8A-Payee-Data-Record-Form.pdf,pdfix-unable-to-open
courts/default/documents/CJER-2022-40-DM-Attachment-1-Workbench-Administrative-Rules.pdf,pdfix-unable-to-open
courts/default/documents/RFQ-FS-2022-05-MB-Answers-to-Submitted-Questions.pdf,pdfix-unable-to-open
courts/default/documents/OCCM-2012-02-BR-Red-Bluff_Addendum-3.pdf,pdfix-unable-to-open
courts/default/documents/RFP-FS-2021-04-MB-Attachment-Q-Iran-Contracting-Act-Form.pdf,pdfix-unable-to-open
courts/default/documents/evalcivinst-rfp-attb.pdf,pdfix-unable-to-open
courts/default/documents/CRS-PD-249-Intent-to-Award-paooct18.pdf,pdfix-unable-to-open
courts/default/documents/occm-2011-19-jmg-CAFM-Upgrade-Contract-Final-12-10-12.pdf,pdfix-unable-to-open
courts/default/documents/brcpec-rfp-att1.pdf,pdfix-unable-to-open
courts/default/documents/CRS-SP-219-RFP-Hotel-FULL-SERVICE.pdf,pdfix-unable-to-open
courts/default/documents/cfccwebdev-rfp.pdf,pdfix-unable-to-open
courts/default/documents/CRS-PD-252-RFP-Hotel-ROOM-BLOCK_aprnjo18.pdf,pdfix-unable-to-open
courts/default/documents/COS-ODP-201604-PSK-Attachment-6.pdf,pdfix-unable-to-open
courts/default/documents/reas-rfp-vdrfrm.pdf,pdfix-unable-to-open
courts/default/documents/CRS-PD-150-EAC-Intent-to-Award.pdf,pdfix-unable-to-open
courts/default/documents/JBCP-2013-05-BR-RFQP-CMR-WILLOWS-.pdf,pdfix-unable-to-open
courts/default/documents/CRS-SP-348-Attachment-6-Conflict-of-Interest-Certification-form.pdf,pdfix-unable-to-open
courts/default/documents/CFCC-10-13-LM-RFP.pdf,pdfix-unable-to-open
courts/default/documents/reas-rfp_0.pdf,pdfix-unable-to-open
courts/default/documents/RFP-OCR-2023-25-LV-Attachment-6B-Payee-Data-Record-Supplement-205.pdf,pdfix-unable-to-open
courts/default/documents/preconstruct-risk-los-banos-rfp-Addendum-2.pdf,pdfix-unable-to-open
courts/default/documents/5yearreview-rfp.pdf,pdfix-unable-to-open
courts/default/documents/preconstruct-riskmanage-monterey-rfp-attacha.pdf,pdfix-unable-to-open
courts/default/documents/IFB-ISD-018349-AA-Dell-Optiplex-9020-TermsAndConditions4.pdf,pdfix-unable-to-open
courts/default/documents/IFB-BAP-23-138RB-Attach-2-Agreement.pdf,pdfix-unable-to-open
courts/default/documents/CRS-PD-194-Attachment-3-Vendors-Acceptance-of-the-RFPs-Contract-Terms-AJSI2017.pdf,pdfix-unable-to-open
courts/default/documents/BAP24-166RB-Attach-4-Gen-Certs.pdf,pdfix-unable-to-open
courts/default/documents/bsadocman-rfp-qna_0.pdf,pdfix-unable-to-open
courts/default/documents/vps_rfp_addendum2.pdf,pdfix-unable-to-open
courts/default/documents/marin-depend-rfp-attachd.pdf,pdfix-unable-to-open
courts/default/documents/designconstruct-engineerservices11-rfp-attachd.pdf,pdfix-unable-to-open
courts/default/documents/LSO-ADR-06-LM-Addendum-1.pdf,pdfix-unable-to-open
courts/default/documents/susanville-gencontractors-rfq-attachbrev.pdf,pdfix-unable-to-open
courts/default/documents/TCAS-2017-05-JU-Addendum-5.pdf,pdfix-unable-to-open
courts/default/documents/cscac-20210702-legsub-notice.pdf,pdfix-unable-to-open
courts/default/documents/CRS-PD-085-Attachment-7-Conflict-of-Interest-Certification-form.pdf,pdfix-unable-to-open
courts/default/documents/HR-17-33RB-questions-answers.pdf,pdfix-unable-to-open
courts/default/documents/CRS-SP-318-Attachment-1-Admin-Rules-Non-IT-Services.pdf,pdfix-unable-to-open
courts/default/documents/CRS-PD-152-Intent-to-Award.pdf,pdfix-unable-to-open
courts/default/documents/phoenix-rfp-appendf_0.pdf,pdfix-unable-to-open
courts/default/documents/CRS-SP-327-Attachment-2-JCC-Hotel-Agreement-Template.pdf,pdfix-unable-to-open
courts/default/documents/RFQFS202205MB-Attach-3-Questions-Submittal-Form_0.pdf,pdfix-unable-to-open
courts/default/documents/JBCP-2015-09-BR-Addendum-1-Schedule-Update.pdf,pdfix-unable-to-open
courts/default/documents/HRS-03-13-SS-Attachment-5-Darfur-Cert.pdf,pdfix-unable-to-open
courts/default/documents/CRS-AK-421-Questions-Answers.pdf,pdfix-unable-to-open
courts/default/documents/RFP-CFCC-2012-01-RB-Appendix-A-JCATS-Screen-Shots.pdf,pdfix-unable-to-open
courts/default/documents/HRSO-04-13-SS-Questions-and-Answers.pdf,pdfix-unable-to-open
courts/default/documents/phoenix-rfp-section6_0.pdf,pdfix-unable-to-open
courts/default/documents/vfm-rfp-add1_0.pdf,pdfix-unable-to-open
courts/default/documents/CRS-PD-138-Attachment-3-Vendors-Acceptance-of-the-RFPs-Contract-Terms.pdf,pdfix-unable-to-open
courts/default/documents/REFM-2014-04-JMG-Payee-Data-Record-Form.pdf,pdfix-unable-to-open
courts/default/documents/stateadminrfp-add2.pdf,pdfix-unable-to-open
courts/default/documents/RFPFS202125AL-Attach-10-DVBE-Participation-Form.pdf,pdfix-unable-to-open
courts/default/documents/CFCC-10-13-QA.pdf,pdfix-unable-to-open
courts/default/documents/CRS-EG-395-RFP-Hotel-Room-Block.pdf,pdfix-unable-to-open
courts/default/documents/ecm-rfp_nta_0.pdf,pdfix-unable-to-open
courts/default/documents/jcstakedatarfp-intent_0.pdf,pdfix-unable-to-open
courts/default/documents/CRS-SP-259-RFP-Hotel-ROOM-BLOCK.pdf,pdfix-unable-to-open
courts/default/documents/titleescrow-rfp-legal.pdf,pdfix-unable-to-open
courts/default/documents/sacramento-dependrep-rfp.pdf,pdfix-unable-to-open
courts/default/documents/CRS-SP-280-Attachment-4-Darfur-Contracting-ACT.pdf,pdfix-unable-to-open
courts/default/documents/RFP-FS-2021-18-AL-Attach-01-Admin-Rules.pdf,pdfix-unable-to-open
courts/default/documents/CRS-PD-205-Attachment-2-JCC-Hotel-Agreement-CACCA.pdf,pdfix-unable-to-open
courts/default/documents/COM-LSD-201504-JR-Online-Newsroom-Project-RFP.pdf,pdfix-unable-to-open
courts/default/documents/JBCP-2013-05-BR-OCIP-SAFETY-MANUAL-Rev-2-10-25-12.pdf,pdfix-unable-to-open
courts/default/documents/FS-2019-07-DGF-Attach-A-Admin-Rules.pdf,pdfix-unable-to-open
courts/default/documents/RFP-FS-2022-10-XC-Attach-8B-Payee-Data-Record-Supplement.pdf,pdfix-unable-to-open
courts/default/documents/COSSO-02-14-LM-Attachment-3-Proposers-Acceptance-of-Terms-Conditions.pdf,pdfix-unable-to-open
courts/default/documents/CRS-PD-268-Cancellation-Notice-janpao2020.pdf,pdfix-unable-to-open
courts/default/documents/RFP-FS-SP-2019-03-Schedule-of-Events-Revised-5-27-2020.pdf,pdfix-unable-to-open
courts/default/documents/adminctintexam-rfp-awardb_0.pdf,pdfix-unable-to-open
courts/default/documents/CFCC-22-132RB-Attach-5-Darfur.pdf,pdfix-unable-to-open
courts/default/documents/offsupp-rfp-vol.pdf,pdfix-unable-to-open
courts/default/documents/CFCC-10-11-LM-Attachment-4-Payee-Data-Record-Form.pdf,pdfix-unable-to-open
courts/default/documents/4-2-13-14-07-LM-Attachment-6-Payee-Data-Record-Form.pdf,pdfix-unable-to-open
courts/default/documents/REFM-2016-18-RP-Attachment-8-General-Certifications.pdf,pdfix-unable-to-open
courts/default/documents/LSO-2019-12-CD-Attachment-8-UNRUH-AND-FEHA-CERTIFICATION.pdf,pdfix-unable-to-open
courts/default/documents/RFP-FS-2021-15-AL-Addendum02.pdf,pdfix-unable-to-open
courts/default/documents/planrevsanbern-rfp.pdf,pdfix-unable-to-open
courts/default/documents/scpiv_attachment_h_070403_earthquake_8_5x14_0.pdf,pdfix-unable-to-open
courts/default/documents/facility-opmod-rfp.pdf,pdfix-unable-to-open
courts/default/documents/CFCC-2012-02-RB-Attachment-8-Lot-Check-Off-Form.pdf,pdfix-unable-to-open
courts/default/documents/JBCP-2015-01-JT-addendum1.pdf,pdfix-unable-to-open
courts/default/documents/RFQP-SHORTLIST_New-Lakeport-CH.pdf,pdfix-unable-to-open
courts/default/documents/HCRC-SS-052015-Attachment-9.pdf,pdfix-unable-to-open
courts/default/documents/3DCA-RFO-18-19-06-RFO-Microsoft-Access.pdf,pdfix-unable-to-open
courts/default/documents/RFP-SC-91323-MS-Attachment-7-Unruh-Act-Form.pdf,pdfix-unable-to-open
courts/default/documents/CFCC-22-131RB-Attach-4-Gen-Certs.pdf,pdfix-unable-to-open
courts/default/documents/RFP-CFCC23-159RB-Attach-4-Gen-Certs.pdf,pdfix-unable-to-open
courts/default/documents/RFQ-FS-2021-06-BD-Attach-A-Administrative-Rules-Governing-RFQ.pdf,pdfix-unable-to-open
courts/default/documents/archeng-rfq-award.pdf,pdfix-unable-to-open
courts/default/documents/IFB-ISD-080112-II-Intent-to-Award.pdf,pdfix-unable-to-open
courts/default/documents/CFCC-2016-08-RBB-Attachment-4-General-Certification.pdf,pdfix-unable-to-open
courts/default/documents/RFQ-FSO-2019-06-JP_Attach_J_Judicial_Council_Tool_Control_Policy.pdf,pdfix-unable-to-open
courts/default/documents/IT-2019-12-LB-Attachment-6-Payee-Data-Record-std204.pdf,pdfix-unable-to-open
courts/default/documents/CRS-PD-205-Attachment-3-Vendors-Acceptance-of-the-RFPs-Contract-Terms-CACCA.pdf,pdfix-unable-to-open
courts/default/documents/hollister-rfq-attachi.pdf,pdfix-unable-to-open
courts/default/documents/CRS-SP-362-Attachment-2-JCC-Hotel-Agreement.pdf,pdfix-unable-to-open
courts/default/documents/CRSEG154-Attachment-2-JCC-Hotel-Agreement-Template.pdf,pdfix-unable-to-open
courts/default/documents/CRS-EG-300-Attachment-RFP-Hotel-FULL-SERVICE.pdf,pdfix-unable-to-open
courts/default/documents/RFP-FS-2022-07-JP-San-Francisco-Addendum5.pdf,pdfix-unable-to-open
courts/default/documents/RFP-P-FSO-2018-11-JMG-Posting-of-Short-List.pdf,pdfix-unable-to-open
courts/default/documents/REFM-2016-27-BD-Attach-3-Sample-Agreement.pdf,pdfix-unable-to-open
courts/default/documents/JBCP-2013-04-BR-Notice-of-Intent-to-Award.pdf,pdfix-unable-to-open
courts/default/documents/CRS-SP-230-Attachment-2-JCC-Hotel-Agreement.pdf,pdfix-unable-to-open
courts/default/documents/OGC-ADR-04-NN-Attachment-4-Payee-Data-Record-Form.pdf,pdfix-unable-to-open
courts/default/documents/ASU-EG-015-Attachment-1-Admin-Rules-Non-IT-Services.pdf,pdfix-unable-to-open
courts/default/documents/realdui-rfp-atte.pdf,pdfix-unable-to-open
courts/default/documents/ASU-DC-008-LM-Attachment-6-Submission-Form-for-Cost-Proposal.pdf,pdfix-unable-to-open
courts/default/documents/CRS-PD-298Attachment-3-Vendors-Acceptance-of-the-RFPs-Contract-Terms-septpao19.pdf,pdfix-unable-to-open
courts/default/documents/gcportola-rfq-vendata.pdf,pdfix-unable-to-open
courts/default/documents/arceng-ccrfq-add2_0.pdf,pdfix-unable-to-open
courts/default/documents/CRS-AK-373-RFP-Hotel-ROOM-BLOCK.pdf,pdfix-unable-to-open
courts/default/documents/ergoassess-rfp-attachc_0.pdf,pdfix-unable-to-open
courts/default/documents/CFCC-2021-11-LV-Attachment-6-Payee-Data-Record.pdf,pdfix-unable-to-open
courts/default/documents/ccjcrtc-rfp_0.pdf,pdfix-unable-to-open
courts/default/documents/FS-2019-09-BD-Attachment-B-JCC-Standard-Terms-and-Conditions.pdf,pdfix-unable-to-open
courts/default/documents/feltrial-rfp-qna.pdf,pdfix-unable-to-open
courts/default/documents/Old-Solano-RFQP-Att-H_Page-H1-11-12.pdf,pdfix-unable-to-open
courts/default/documents/Judicial-Council-FYE2020-GASB-75-OPEB-Valuation_LA-Superior-Court.pdf,pdfix-unable-to-open
courts/default/documents/thirdparty-rfp-appc.pdf,pdfix-unable-to-open
courts/default/documents/HR-2021-27-DM-Attachment-8-UNRUH-AND-FEHA-CERTIFICATION.pdf,pdfix-unable-to-open
courts/default/documents/CRS-AK-385-Attachment-6-Conflict-of-Interest-Certification-form.pdf,pdfix-unable-to-open
courts/default/documents/JBCP-2013-03-BR-Addendum-1-QA_San-Joaquin-JJC.pdf,pdfix-unable-to-open
courts/default/documents/landsurvey-occm-rfp-legal.pdf,pdfix-unable-to-open
courts/default/documents/bsadocman-rfp-attach3_0.pdf,pdfix-unable-to-open
courts/default/documents/CFCC-2020-68-RB-RFP-Questions-and-Answers.pdf,pdfix-unable-to-open
courts/default/documents/CRS-PD-210-Intent-to-Award-AB1058-2017.pdf,pdfix-unable-to-open
courts/default/documents/CRS-SP-318-Attachment-3-Vendors-Acceptance-of-the-RFPs-Contract-Terms.pdf,pdfix-unable-to-open
courts/default/documents/aersforscbrfp-fresno_0.pdf,pdfix-unable-to-open
courts/default/documents/prequalcontract-sanandreas-rfp.pdf,pdfix-unable-to-open
courts/default/documents/Attach-12-Unruh-Certification.pdf,pdfix-unable-to-open
courts/default/documents/CRS-PD-220-Attachment-6-Conflict-of-Interest-Certification-form-febeac2018.pdf,pdfix-unable-to-open
courts/default/documents/precon-rfp-revised_addendum2.pdf,pdfix-unable-to-open
courts/default/documents/formtrans-intent_0.pdf,pdfix-unable-to-open
courts/default/documents/2010study-rfp-attachb_0.pdf,pdfix-unable-to-open
courts/default/documents/preconstsvc-rfp-add6_0.pdf,pdfix-unable-to-open
courts/default/documents/aersforscbrfp-plumassierra_0.pdf,pdfix-unable-to-open
courts/default/documents/CRS-PD-341-Attachment-6-Conflict-of-Interest-Certification-form_jc21.pdf,pdfix-unable-to-open
courts/default/documents/RFPFS202204MB-Attach-8-Std-Form-330.pdf,pdfix-unable-to-open
courts/default/documents/IFB-BAP-23-138RB-Attach-4-Small-Biz.pdf,pdfix-unable-to-open
courts/default/documents/3DCA-RFO-18-19-06-Attachment-7-Bidder-Declaration-with-Instructions.pdf,pdfix-unable-to-open
courts/default/documents/eapjb-rfp-add1.pdf,pdfix-unable-to-open
courts/default/documents/ergoeval-rfp-attb_0.pdf,pdfix-unable-to-open
courts/default/documents/ASU-TD-027-Attachment-4-Darfur-Contracting-ACT-no-change-by-td.pdf,pdfix-unable-to-open
courts/default/documents/5DCA-19-57-RB-RFP-Amendment-2.pdf,pdfix-unable-to-open
courts/default/documents/CRS-AU-129-Intent-to-Award-AB-1058.pdf,pdfix-unable-to-open
courts/default/documents/Attachment-7-Conflict-of-Interest-Certification-form.pdf,pdfix-unable-to-open
courts/default/documents/youthpeer2009-rfp-nonaward_0.pdf,pdfix-unable-to-open
courts/default/documents/attach2b_ex_f.pdf,pdfix-unable-to-open
courts/default/documents/COS-ODP-201604-PSK-QA.pdf,pdfix-unable-to-open
courts/default/documents/CJER92013-LV-ATTACHMENT-2-JBCL-Appendix.pdf,pdfix-unable-to-open
courts/default/documents/IFB-IT-2022-44-DM-SiteMinder.pdf,pdfix-unable-to-open
courts/default/documents/TCAS-2021-02-AJ-Attachment-7-Electronic-Funds-Transfer-Authorization.pdf,pdfix-unable-to-open
courts/default/documents/RFQ-JBCP-CBR-2016-60-SM-RFQ-Schedule-Revisedv1.pdf,pdfix-unable-to-open
courts/default/documents/cfcc-sandiego-dependencyrep-rfp-appendixe.pdf,pdfix-unable-to-open
courts/default/documents/RFP-FS-2023-08-KO_NoticeOfIntentToAward.pdf,pdfix-unable-to-open
courts/default/documents/workcomptpa-rfp-appiii_0.pdf,pdfix-unable-to-open
courts/default/documents/REFM-2016-15-RP-Notice-Revised-RFP-and-Attachment-2-1.pdf,pdfix-unable-to-open
courts/default/documents/OERS-201101-RB-Attachment-8-Non-Disclosure-Aagreement.pdf,pdfix-unable-to-open
courts/default/documents/HR-2012-01-RB-HR-2012-01-RB-RFP.pdf,pdfix-unable-to-open
courts/default/documents/tas-rfp-rev1_0.pdf,pdfix-unable-to-open
courts/default/documents/COM-LSD-201504-JR-Attachment-1.pdf,pdfix-unable-to-open
courts/default/documents/42-RFP-13-14-04_Housekeeping-Janitorial-Attachment-5_Darfur-Certification.pdf,pdfix-unable-to-open
courts/default/documents/4-2-RFP-13-14-05-Attachment-1-Admin-Rules.pdf,pdfix-unable-to-open
courts/default/documents/RFP-BAP-2023-56-DM-Attachment-5B-Std205.pdf,pdfix-unable-to-open
courts/default/documents/CFCC-2021-107RB-Appendix-E-Testing-Reqs.pdf,pdfix-unable-to-open
courts/default/documents/techstaff-augment-rfp-attachd2.pdf,pdfix-unable-to-open
courts/default/documents/evaljustcorps-rfp-att2_0.pdf,pdfix-unable-to-open
courts/default/documents/marin-depend-rfp-qna.pdf,pdfix-unable-to-open
courts/default/documents/FS-2018-19-RP-Notice-Revised-Timeline.pdf,pdfix-unable-to-open
courts/default/documents/laborrel.pdf,pdfix-unable-to-open
courts/default/documents/JBCP-CMS-S-2016-50-SM-RFP-Notice-of-Intent-to-Award.pdf,pdfix-unable-to-open
courts/default/documents/preconstruct-riskmanage-kings-rfp-attachi.pdf,pdfix-unable-to-open
courts/default/documents/constrantct-rfp-award.pdf,pdfix-unable-to-open
courts/default/documents/RFP-FS-2022-10-XC-Attach-6-Darfur-Certification.pdf,pdfix-unable-to-open
courts/default/documents/constrantct-rfp_attg_0.pdf,pdfix-unable-to-open
courts/default/documents/ASU-EG-021-QA.pdf,pdfix-unable-to-open
courts/default/documents/prequalchulavista-rfq-vendordata.pdf,pdfix-unable-to-open
courts/default/documents/CRS-SP-301-Attachment-6-Conflict-of-Interest-Certification-form.pdf,pdfix-unable-to-open
courts/default/documents/IFB-ISD-032014-III-AA-fi-7x60_datasheet.pdf,pdfix-unable-to-open
courts/default/documents/CRS-SP-237-Attachment-4-Darfur-Contracting-ACT.pdf,pdfix-unable-to-open
courts/default/documents/phoenix-rfp-add1-resp.pdf,pdfix-unable-to-open
courts/default/documents/COM-LSD-201504-JR-NOTICE-OF-CANCELLATION.pdf,pdfix-unable-to-open
courts/default/documents/ADDENDUM-1-RFPFS202301MB.pdf,pdfix-unable-to-open
courts/default/documents/RFP-LSS-2023-16-SB-Notice-of-Cancellation.pdf,pdfix-unable-to-open
courts/default/documents/CRS-AK-405-Attachment-4-Darfur-Contracting-ACT.pdf,pdfix-unable-to-open
courts/default/documents/titleescrow-rfp_0.pdf,pdfix-unable-to-open
courts/default/documents/EDU-10-12-LM-Attachment-6-Conflict-of-Interest-Certification-Form.pdf,pdfix-unable-to-open
courts/default/documents/dm-rfp-att7_0.pdf,pdfix-unable-to-open
courts/default/documents/phoenix-rfp-ap012408_0.pdf,pdfix-unable-to-open
courts/default/documents/parking-rfp-rfq_0.pdf,pdfix-unable-to-open
courts/default/documents/pubprivpart-rfp-add3_0.pdf,pdfix-unable-to-open
courts/default/documents/LSO-2019-12-CD-Attachment-9-Darfur-Contracting-Certification.pdf,pdfix-unable-to-open
courts/default/documents/ens-rfp-qna2-20090601.pdf,pdfix-unable-to-open
courts/default/documents/tvtrans_add1.pdf,pdfix-unable-to-open
courts/default/documents/costest-rfp-add1_0.pdf,pdfix-unable-to-open
courts/default/documents/rfp_equal_eval.pdf,pdfix-unable-to-open
courts/default/documents/landsurvey-occm-rfp.pdf,pdfix-unable-to-open
courts/default/documents/CRS-SP-239-Attachment-4-Darfur-Contracting-ACT.pdf,pdfix-unable-to-open
courts/default/documents/juvcourtuserres-rfp-attach2.pdf,pdfix-unable-to-open
courts/default/documents/RFQ-JBCP-CBR-2016-60-SM-Attach-1-Standard-Agreement.pdf,pdfix-unable-to-open
courts/default/documents/RFP-FS-2021-13-AL-Attach-4-Acceptance-of-Terms-and-Conditions.pdf,pdfix-unable-to-open
courts/default/documents/construct-riskdesign-sanjosefamcenter-rfq-attachh.pdf,pdfix-unable-to-open
courts/default/documents/qual-arch-eng-rfq-pm-participants.pdf,pdfix-unable-to-open
courts/default/documents/EWA-Portal_Production.pdf,pdfix-unable-to-open
courts/default/documents/RFPFS202307KO-QnA.pdf,pdfix-unable-to-open
courts/default/documents/CRS-SP-389-Attachment-6-Conflict-of-Interest-Certification-form.pdf,pdfix-unable-to-open
courts/default/documents/wcm-rfp-att7_0.pdf,pdfix-unable-to-open
courts/default/documents/attach3_acceptance.pdf,pdfix-unable-to-open
courts/default/documents/CFCC-2020-69-RB-Attachment-2.pdf,pdfix-unable-to-open
courts/default/documents/hrassessment-rfp-attachb.pdf,pdfix-unable-to-open
courts/default/documents/IT-072414-WXRP-CF_Attachment-2-Contract-Ts-Cs.pdf,pdfix-unable-to-open
courts/default/documents/RFP-FS-SP-2019-03-JP-Attachment-5-Administrative-Rules-Form.pdf,pdfix-unable-to-open
courts/default/documents/wcm-rfp-intent_0.pdf,pdfix-unable-to-open
courts/default/documents/NOTICE-To-Register-for-Pre-Proposal-Conference.pdf,pdfix-unable-to-open
courts/default/documents/IFB-Supreme-041516-MDS-Addendum-5.pdf,pdfix-unable-to-open
courts/default/documents/RFP-Appellate-042216-HS-Attachment-9.pdf,pdfix-unable-to-open
courts/default/documents/CRS-SP-288-Attachment-6-Conflict-of-Interest-Certification-form.pdf,pdfix-unable-to-open
courts/default/documents/QA-RFP-IT-2023-50-DM-2-22-24.pdf,pdfix-unable-to-open
courts/default/documents/CRS-SP-080-Attachment-1-Admin-Rules-TCPJAC.pdf,pdfix-unable-to-open
courts/default/documents/sdmanager-cms-rfp-qna.pdf,pdfix-unable-to-open
courts/default/documents/RFP-FS-2021-20-JP-Timeline-For-This-RFP-Revision-2.pdf,pdfix-unable-to-open
courts/default/documents/CFCC-2022-04-LV-Attachment-7-Payee-Data-Record-205.pdf,pdfix-unable-to-open
courts/default/documents/ASU-TD-005-NN-Attachment-1-Admin-Rules-Non-IT-Services.pdf,pdfix-unable-to-open
courts/default/documents/dataexchange-juvprogram-rfp.pdf,pdfix-unable-to-open
courts/default/documents/TCAS-2021-01-MS-Attachment-11-Unruh-Civil-Rights-Act.pdf,pdfix-unable-to-open
courts/default/documents/CRS-SP-121-Attachment-2-Hotel-Agreement.pdf,pdfix-unable-to-open
courts/default/documents/RFP-FS-2020-06-DF-Attach-B-Terms-and-Conditions.pdf,pdfix-unable-to-open
courts/default/documents/vidproduction-rfp-attachb.pdf,pdfix-unable-to-open
courts/default/documents/RFP-FS-2022-09-XC-Attachment-J-Bidder-Declaration.pdf,pdfix-unable-to-open
courts/default/documents/docmanage-statewide-rfp-appb.pdf,pdfix-unable-to-open
courts/default/documents/CRS-SP-288-Attachment-2-JCC-Hotel-Agreement.pdf,pdfix-unable-to-open
courts/default/documents/QA-RFP-IT-2023-50-DM-03-7-24.pdf,pdfix-unable-to-open
courts/default/documents/HDRM-2017-05-RBB_Notice_of_Intent_to_Award.pdf,pdfix-unable-to-open
courts/default/documents/CFCC-22-131RB-RFP-Answer-to-Question.pdf,pdfix-unable-to-open
courts/default/documents/CRS-TD-034-Attachment-5-Form-for-Submission-of-Technical-Proposal-ROOM-BLOCK-ONLY.pdf,pdfix-unable-to-open
courts/default/documents/LSO-2019-12-CD-Notice-of-Intent-to-Award.pdf,pdfix-unable-to-open
courts/default/documents/CRS-EG023-Intent-to-Award.pdf,pdfix-unable-to-open
courts/default/documents/tempserv-rfp_att_g_customer_reference_form_0.pdf,pdfix-unable-to-open
courts/default/documents/IT23-153RB-Exh-F-Statement-of-Work.pdf,pdfix-unable-to-open
courts/default/documents/resource.pdf,pdfix-unable-to-open
courts/default/documents/parentreprfp.pdf,pdfix-unable-to-open
courts/default/documents/FIN-MM-0412-NN-Attachment-4-Payee-Data-Record-Form.pdf,pdfix-unable-to-open
courts/default/documents/CRS-PD-124-Attachment-RFP-Hotel-ROOM-BLOCK.pdf,pdfix-unable-to-open
courts/default/documents/42-RFP-13-14-04_Housekeeping-Janitorial-Attachment-1_Admin-Rules.pdf,pdfix-unable-to-open
courts/default/documents/seismicassessrfq.pdf,pdfix-unable-to-open
courts/default/documents/RFPFS202124AL-QNA.pdf,pdfix-unable-to-open
courts/default/documents/CRS-PD-249-Attachment-1-Admin-Rules-Non-IT-Services-paooct18.pdf,pdfix-unable-to-open
courts/default/documents/ASU-EG-021-Attachment-4-Darfur-Contracting-ACT.pdf,pdfix-unable-to-open
courts/default/documents/CFCC-2016-07-RBB-RFP.pdf,pdfix-unable-to-open
courts/default/documents/RFP-HR-201101-GW-Executive-Search-Services-Attachment-G-final.pdf,pdfix-unable-to-open
courts/default/documents/CRS-PD-223-Attachment-2-JCC-Hotel-Agreement-Template-pjceo18.pdf,pdfix-unable-to-open
courts/default/documents/planreview-rfp-attachb.pdf,pdfix-unable-to-open
courts/default/documents/IT-2021-22-DM-Attachment-9-Darfur-Certification.pdf,pdfix-unable-to-open
courts/default/documents/OREFM-2013-06-CC-Attachment-E.pdf,pdfix-unable-to-open
courts/default/documents/RFP-Emergency-Notification-Services-TCAS-2023-01-AJ-Non-Cost-Scoring.pdf,pdfix-unable-to-open
courts/default/documents/cbsfcdcs-rfp-attach2a_0.pdf,pdfix-unable-to-open
courts/default/documents/tempserv-rfp-intent_0.pdf,pdfix-unable-to-open
courts/default/documents/plumas-sierra-rfp-atte_0.pdf,pdfix-unable-to-open
courts/default/documents/TCAS-2021-02-AJ-Human-Capital-Management-RFP-Addendum-2.pdf,pdfix-unable-to-open
courts/default/documents/RFP-CFCC-2023-26-LV-Attachment-9-DVBE-Declaration.pdf,pdfix-unable-to-open
courts/default/documents/CRS-EG-351-Intent-to-Award.pdf,pdfix-unable-to-open
courts/default/documents/CRS-EG-284-Intent-to-Award.pdf,pdfix-unable-to-open
courts/default/documents/CRS-TD-038-Attachment-3-Vendors-Acceptance-of-the-RFPs-Contract-Terms-no-change-by-td.pdf,pdfix-unable-to-open
courts/default/documents/dpmccpor-rfp-award.pdf,pdfix-unable-to-open
courts/default/documents/building-commish-rfp-attachb.pdf,pdfix-unable-to-open
courts/default/documents/CRS-PD-333-Intent-to-Award-janpao21.pdf,pdfix-unable-to-open
courts/default/documents/FSO-2020-01-JP-RFQ-Notice-of-Intent-to-Award.pdf,pdfix-unable-to-open
courts/default/documents/ecm-rfp-appg.pdf,pdfix-unable-to-open
courts/default/documents/ADMIN-2017-10-ML-Attachment-6-Payee-Data-Record-Form.pdf,pdfix-unable-to-open
courts/default/documents/CRS-SP-243-Attachment-4-Darfur-Contracting-ACT.pdf,pdfix-unable-to-open
courts/default/documents/3dcarfp201201_attachment4.pdf,pdfix-unable-to-open
courts/default/documents/ecm-rfp-apph_0.pdf,pdfix-unable-to-open
courts/default/documents/ASU-EG024-Attachment-4-Darfur-Contracting-ACT-no-change-by-td.pdf,pdfix-unable-to-open
courts/default/documents/CRS-SP-327-Attachment-1-Admin-Rules-Non-IT-Services.pdf,pdfix-unable-to-open
courts/default/documents/IFB-FIN010111CK-Attachment-5--Contract-Exceptions.pdf,pdfix-unable-to-open
courts/default/documents/IT-2019-60-RB-RFP-Ex-13-jctc-Infon-Systems-Controls-Framework-Encl.pdf,pdfix-unable-to-open
courts/default/documents/3DCA212202_attachment8_SmallBusinessDeclaration.pdf,pdfix-unable-to-open
courts/default/documents/bsa-webdev-rfp.pdf,pdfix-unable-to-open
courts/default/documents/scjuvdeprep-rfp-notice_0.pdf,pdfix-unable-to-open
courts/default/documents/CRS-SP-116-Attachment-2-Hotel-Agreement.pdf,pdfix-unable-to-open
courts/default/documents/Project-Drawings-Central-Justice-Center-FLS-Drawing-Set-Addendum-1.pdf,pdfix-unable-to-open
courts/default/documents/formtrans_translation_rfp_cfcc_0108_rb_0.pdf,pdfix-unable-to-open
courts/default/documents/CRS-EG-300-Intent-to-Award.pdf,pdfix-unable-to-open
courts/default/documents/photoserv-rfq-intent-09102.pdf,pdfix-unable-to-open
courts/default/documents/FIN-201505-ML-Attachment-2-Judicial-Council-Standard-Terms-and-Conditions.pdf,pdfix-unable-to-open
courts/default/documents/RFP-CRS-EG-161-Attachment-2-JCC-Hotel-Agreement.pdf,pdfix-unable-to-open
courts/default/documents/Intent-To-Award-Pretrial-Risk-Assessment-Application-RFP-TCAS-2020-01-BH.pdf,pdfix-unable-to-open
courts/default/documents/OGC-ADR-03-NN-Appendix-B-Acceptance-of-the-Work.pdf,pdfix-unable-to-open
courts/default/documents/CFCC-2016-10-RBB-Attachment-3-Acceptance-of-TCs.pdf,pdfix-unable-to-open
courts/default/documents/RFP-FS-2020-06-DF-Attach-D-General-Certs.pdf,pdfix-unable-to-open
courts/default/documents/LSD-2017-36-RB-Attachment-3-Acceptance-Terms-and-Conditions.pdf,pdfix-unable-to-open
courts/default/documents/Attachment8-PayeeDataRecord.pdf,pdfix-unable-to-open
courts/default/documents/FSO-2017-21-HN-Attach-9-Price-Proposal.pdf,pdfix-unable-to-open
courts/default/documents/prequalcontract-attach-a-foltz-elevator-rfq.pdf,pdfix-unable-to-open
courts/default/documents/3DCA-RFO-17-18-07-Attachment-1-Statement-of-Work.pdf,pdfix-unable-to-open
courts/default/documents/RFP-FSO-2017-10-JR-Response-to-Questions.pdf,pdfix-unable-to-open
courts/default/documents/CRS-PD-111-Attachment-2-JCC-Hotel-Agreement-Template.pdf,pdfix-unable-to-open
courts/default/documents/formspubrfp.pdf,pdfix-unable-to-open
courts/default/documents/CFCC-14-01-RB-Event-Management-System-Cancellation.pdf,pdfix-unable-to-open
courts/default/documents/RFP-APPELLATE-122118-WV-Attachment-8.pdf,pdfix-unable-to-open
courts/default/documents/RFP-FS-2023-20-KO-RFP-MPE-Consulting-Services-With-CARB.pdf,pdfix-unable-to-open
courts/default/documents/HRSO-04-13-SS-Attachment-8-Pricing-Form.pdf,pdfix-unable-to-open
courts/default/documents/RFQFS202205MB-Attach-4-Certifications_0.pdf,pdfix-unable-to-open
courts/default/documents/solanocourthouse-rfq-prelist.pdf,pdfix-unable-to-open
courts/default/documents/CFCC-2016-15-RBB-Attachment-5-Darfur.pdf,pdfix-unable-to-open
courts/default/documents/CRS-PD-209-RFP-Hotel-SRO-MULTIPLE-AWARDS-Labor-Relations-SRO-2017.pdf,pdfix-unable-to-open
courts/default/documents/CRS-SP-155-Intent-to-Award.pdf,pdfix-unable-to-open
courts/default/documents/CRS-SP049-Attachment-7-Conflict-of-Interest-Certification-form.pdf,pdfix-unable-to-open
courts/default/documents/CRS-SP-076-Attachment-7-Conflict-of-Interest-Certification-form.pdf,pdfix-unable-to-open
courts/default/documents/CRS-EG-157-JCC-Hotel-Agreement-Template.pdf,pdfix-unable-to-open
courts/default/documents/CFCC-201501-JR-Interdisciplinary-Training-addendum-1.pdf,pdfix-unable-to-open
courts/default/documents/RFP-BAP23-155RB-Attach-6B-std205.pdf,pdfix-unable-to-open
courts/default/documents/IFB-BAP-22-126RB-Attach-1-Admin-Rules.pdf,pdfix-unable-to-open
courts/default/documents/CRS-EG-353-Attachment-7-Duty-of-Care-Questionnair.pdf,pdfix-unable-to-open
courts/default/documents/adda1_0.pdf,pdfix-unable-to-open
courts/default/documents/offsupp-rfp-intent_0.pdf,pdfix-unable-to-open
courts/default/documents/calcjcduicoststudy-rfp-att3.pdf,pdfix-unable-to-open
courts/default/documents/riverside-reconstruct-rfq-qna.pdf,pdfix-unable-to-open
courts/default/documents/phoenix-rfp-roadmap.pdf,pdfix-unable-to-open
courts/default/documents/mamlakes-rfp-atte_0.pdf,pdfix-unable-to-open
courts/default/documents/3dcarfp042022_QuestionsandAnswers_SharepointServerModernizationBuild.pdf,pdfix-unable-to-open
courts/default/documents/CRS-SP-350-Attachment-3-Vendors-Acceptance-of-the-RFPs-Contract-Terms.pdf,pdfix-unable-to-open
courts/default/documents/brcpec-rfp-att5_0.pdf,pdfix-unable-to-open
courts/default/documents/FS-2018-15-RP-Notice-Revised-Schedule-2.pdf,pdfix-unable-to-open
courts/default/documents/aac-20210204-rs-materials.pdf,pdfix-unable-to-open
courts/default/documents/CFCC-2018-04-CD-RFP-Notice-of-Intent-to-Award.pdf,pdfix-unable-to-open
courts/default/documents/realestappserv-rfp.pdf,pdfix-unable-to-open
courts/default/documents/IT-2018-42-RB-Attachment-1-Administrative-Rules.pdf,pdfix-unable-to-open
courts/default/policy/schedule7a-hrc-salaryandpositionworksheet.pdf,pdfix-unable-to-open
courts/default/policy/trial-court-funding_expenditures_and-positions.pdf,pdfix-unable-to-open
courts/default/policy/position-letter-oppose-unless-amended-senate-sb1133-becker.pdf,pdfix-unable-to-open
courts/default/policy/schedule7a-jcc-salaryandpositionworksheet.pdf,pdfix-unable-to-open
courts/default/policy/state-trial-court-funding-not-distributed-to-the-trial-courts.pdf,pdfix-unable-to-open
courts/default/policy/schedule7a-sjc-salaryandpositionworksheet.pdf,pdfix-unable-to-open
courts/default/policy/ga-position-letter-23-24-assembly-ab1777-ting.pdf,pdfix-unable-to-open
courts/default/policy/schedule7a-fs-salaryandpositionworksheet.pdf,pdfix-unable-to-open
courts/default/policy/trial-court-workload-formula-allocation-23-24.pdf,pdfix-unable-to-open
courts/default/policy/2023-virtual-health-wellness-virtual-benefits-fair-memo.pdf,pdfix-unable-to-open
courts/default/2024-10/fresno-qfs2fy0910.pdf,pdfix-unable-to-open
courts/default/2024-10/amador_q4_2007-08.pdf,pdfix-unable-to-open
courts/default/2024-10/del-norte-qfs2fy0910.pdf,pdfix-unable-to-open
private/courts/solicitation-request-document/digphot_a.pdf,pdfix-unable-to-open
private/courts/solicitation-request-document/photoserv-rfq-intent-10060301.pdf,pdfix-unable-to-open
private/courts/itc/leg25-04_0.pdf,pdfix-unable-to-open
private/courts/itc/leg25-04.pdf,pdfix-unable-to-open
private/courts/2024-10/Report_Governors_Child_Support_Court_Task_Force_020723.pdf,pdfix-unable-to-open
