courts/default/2024-08/ab1058_grantmanual.pdf,secured-cannot-process
courts/default/2024-08/icwa010as.pdf,secured-needs-approval
courts/default/2024-08/icwa060.pdf,secured-cannot-process
courts/default/2024-08/av-grant-application-fy2024-2027-rating-reviewer-sheet.pdf,secured-needs-approval
courts/default/2024-08/icwa005infos.pdf,secured-needs-approval
courts/default/2024-08/icwa030as.pdf,secured-cannot-process
courts/default/2024-08/malenchik-decision.pdf,secured-cannot-process
courts/default/2024-08/ab1058-court-clerks-2c-mc800.pdf,secured-cannot-process
courts/default/2024-08/ab1058-2019-contempt-handout2.pdf,secured-cannot-process
courts/default/2024-08/adopt200.pdf,secured-cannot-process
courts/default/2024-08/jv327.pdf,secured-cannot-process
courts/default/2024-08/ab1058-program-timekeeping-fact-sheet.pdf,secured-needs-approval
courts/default/2024-08/ab1058-2019-contempt-handout3.pdf,secured-cannot-process
courts/default/2024-08/blank-attachment-14-compliance-statement-2024-25.pdf,secured-needs-approval
courts/default/2024-08/ab1058-2019-bringing-up-baby-handout6.pdf,secured-cannot-process
courts/default/2024-08/fl274s.pdf,secured-cannot-process
courts/default/2024-08/ab1058-2019-contempt-handout4.pdf,secured-cannot-process
courts/default/2024-08/jv321.pdf,secured-cannot-process
courts/default/2024-08/adopt220.pdf,secured-cannot-process
courts/default/2024-08/title-iv-d-ab1058-cs-family-law-facilitator-grant-manual-fy2023-24.pdf,secured-needs-approval
courts/default/2024-08/adopt225.pdf,secured-cannot-process
courts/default/2024-08/svu2005english.pdf,secured-cannot-process
courts/default/2024-08/fl281.pdf,secured-cannot-process
courts/default/2024-08/icwa020s.pdf,secured-needs-approval
courts/default/2024-08/jv300.pdf,secured-cannot-process
courts/default/2024-08/icwa030.pdf,secured-cannot-process
courts/default/2024-08/svu2005spanish.pdf,secured-cannot-process
courts/default/2024-08/icwa040.pdf,secured-cannot-process
courts/default/2024-08/icwa030a.pdf,secured-cannot-process
courts/default/2024-08/icwa030s.pdf,secured-needs-approval
courts/default/2024-08/ab1058-implicit-bias-handout1.pdf,secured-cannot-process
courts/default/2024-08/icwa050.pdf,secured-cannot-process
courts/default/2024-08/1_child-support-fact-sheet.pdf,secured-cannot-process
courts/default/2024-08/2023-final-av-grant-application-faq-sept-oct-sessions.pdf,secured-needs-approval
courts/default/2025-01/tr300s.pdf,secured-needs-approval
courts/default/2025-01/app009.pdf,secured-cannot-process
courts/default/2025-01/tr310s.pdf,secured-needs-approval
courts/default/2025-01/jv249.pdf,secured-cannot-process
courts/default/2024-12/sc136.pdf,secured-cannot-process
courts/default/2024-12/ecm-rfp-appj.pdf,secured-cannot-process
courts/default/2024-12/shastaaudit-06-24-2011.pdf,secured-cannot-process
courts/default/2024-12/ecm_add_1_appendix_f_search_requirements.pdf,secured-cannot-process
courts/default/2024-12/dv310.pdf,secured-cannot-process
courts/default/2024-12/rec003.pdf,secured-cannot-process
courts/default/2024-12/perfrel-rfp.pdf,secured-cannot-process
courts/default/2024-12/cssin09-07.pdf,secured-cannot-process
courts/default/2024-12/tibco-dataint-rfp-add1_0.pdf,secured-cannot-process
courts/default/2024-12/btb25-2o-04.pdf,secured-cannot-process
courts/default/2024-12/gc325.pdf,secured-cannot-process
courts/default/2024-12/btb24-2j-6.pdf,secured-needs-approval
courts/default/2024-12/btb25-mhreform-01.pdf,secured-needs-approval
courts/default/2024-12/sd_flf-intake-english-p2.pdf,secured-cannot-process
courts/default/2024-12/btb25-2o-05.pdf,secured-cannot-process
courts/default/2024-12/dv305.pdf,secured-cannot-process
courts/default/2024-12/ecm-rfp-appk.pdf,secured-cannot-process
courts/default/2024-12/btb24-worksheet1g-10.pdf,secured-cannot-process
courts/default/2024-12/btb_xxii_ve_2.pdf,secured-cannot-process
courts/default/2024-12/sd_flf-intake-english-p1.pdf,secured-cannot-process
courts/default/2024-12/btb25-2o-06.pdf,secured-cannot-process
courts/default/2024-12/imperialaudit0811.pdf,secured-cannot-process
courts/default/2024-12/cjer-hb-0712-lm-attachment-6-conflict-of-interest.pdf,secured-cannot-process
courts/default/2024-12/ecm-rfp-apph.pdf,secured-cannot-process
courts/default/2024-12/btb24-worksheet1g-11.pdf,secured-cannot-process
courts/default/2024-12/cjer-hb-0712-lm-rfp.pdf,secured-cannot-process
courts/default/2024-12/dv316.pdf,secured-cannot-process
courts/default/2024-12/ab129-dssacl-i-0506.pdf,secured-needs-approval
courts/default/2024-12/sanmateoaudit-06-24-2011.pdf,secured-cannot-process
courts/default/2024-12/jbwcp-2019-06-dm-actuarial-consulting-services-rfp.pdf,secured-cannot-process
courts/default/2024-12/cr252.pdf,secured-cannot-process
courts/default/2024-12/btb_23_5l_3.pdf,secured-cannot-process
courts/default/2024-12/btb24-2j-1.pdf,secured-cannot-process
courts/default/2024-12/dv300info.pdf,secured-cannot-process
courts/default/2024-12/btb25-2o-03.pdf,secured-cannot-process
courts/default/2024-12/ea_flf017-essentialinfo_0.pdf,secured-cannot-process
courts/default/2024-12/dv315.pdf,secured-cannot-process
courts/default/2024-12/cfcc-2021-26-cd-mental-health-training-and-technical-assistance.pdf,secured-needs-approval
courts/default/2024-12/cr251.pdf,secured-cannot-process
courts/default/2024-12/btb25-1g-05.pdf,secured-needs-approval
courts/default/2024-12/btb24-2j-2.pdf,secured-cannot-process
courts/default/2024-12/cr250.pdf,secured-cannot-process
courts/default/2024-12/dv300.pdf,secured-cannot-process
courts/default/2024-12/btb24-precon1g-1.pdf,secured-cannot-process
courts/default/2024-12/btb_23_1a_9.pdf,secured-cannot-process
courts/default/2024-12/perfrel_addendum1.pdf,secured-cannot-process
courts/default/2024-12/btb_23_2a_3.pdf,secured-cannot-process
courts/default/2024-12/allocations-tc-fy0910.pdf,secured-cannot-process
courts/default/2024-12/trial_court_interpreters_program_expenditure_report_for_fiscal_year_2006-07_0.pdf,secured-cannot-process
courts/default/2024-12/ea_flf023mxjudicialbranchdir_0.pdf,secured-cannot-process
courts/default/2024-12/handbook.pdf,secured-cannot-process
courts/default/2024-12/sonomaaudit0411.pdf,secured-cannot-process
courts/default/2024-12/ecm-rfp-att3.pdf,secured-cannot-process
courts/default/2024-12/cjer-hb-0712-lm-attachment-1-administrative-rules-governing-rfps.pdf,secured-cannot-process
courts/default/2024-12/ea_flf015-sdinst_0.pdf,secured-cannot-process
courts/default/2024-12/btb25-3e-02.pdf,secured-cannot-process
courts/default/2024-12/ecm-rfp-att2.pdf,secured-cannot-process
courts/default/2024-12/btb_23_2a_2.pdf,secured-cannot-process
courts/default/2024-12/btb24-1g-17.pdf,secured-cannot-process
courts/default/2024-12/collection-courtordereddebt-dec2010.pdf,secured-cannot-process
courts/default/2024-12/tcinterpret-expendreport-fy0708.pdf,secured-cannot-process
courts/default/2024-12/btb24-1h-9.pdf,secured-cannot-process
courts/default/2024-12/juvdepmedcurr-rfp.pdf,secured-cannot-process
courts/default/2024-12/tibco-dataint-rfp-qna_0.pdf,secured-cannot-process
courts/default/2024-12/colsaaudit-6-24-2011.pdf,secured-cannot-process
courts/default/2024-12/sanfranaudit-06-24-2011.pdf,secured-cannot-process
courts/default/2024-12/btb25-5f-01.pdf,secured-cannot-process
courts/default/2024-12/ecm-rfp-att1.pdf,secured-cannot-process
courts/default/2024-12/cjer-hb-0712-lm-notice-of-award.pdf,secured-cannot-process
courts/default/2024-12/btb24-1g-16.pdf,secured-cannot-process
courts/default/2024-12/cjer-hb-0712-lm-attachment-5-darfur-contracting-certification.pdf,secured-cannot-process
courts/default/2024-12/btb25-5j-01.pdf,secured-needs-approval
courts/default/2024-12/btb24-3f-2.pdf,secured-cannot-process
courts/default/2024-12/knowledgecenterdesign-rfp-attach4.pdf,secured-cannot-process
courts/default/2024-12/btb_23_2a_5.pdf,secured-cannot-process
courts/default/2024-12/tehamaaudit-06-24-2011.pdf,secured-cannot-process
courts/default/2024-12/voluntary-declarations-citations.pdf,secured-cannot-process
courts/default/2024-12/ecm-rfp-att5.pdf,secured-cannot-process
courts/default/2024-12/sanmateobudgetaudit-06-24-2011.pdf,secured-cannot-process
courts/default/2024-12/ecm-rfp-add2.pdf,secured-cannot-process
courts/default/2024-12/ecm-rfp-att4.pdf,secured-cannot-process
courts/default/2024-12/ecm-rfp-pre.pdf,secured-cannot-process
courts/default/2024-12/btb_23_2a_4.pdf,secured-cannot-process
courts/default/2024-12/btb24-1g-13.pdf,secured-cannot-process
courts/default/2024-12/bap-2017-02-ms-notice-of-intent-to-award.pdf,secured-cannot-process
courts/default/2024-12/btb_23_1h_2.pdf,secured-needs-approval
courts/default/2024-12/btb_23_2a_6.pdf,secured-cannot-process
courts/default/2024-12/acl_10-47.pdf,secured-cannot-process
courts/default/2024-12/juvdepmedcurr-rfp-list.pdf,secured-cannot-process
courts/default/2024-12/ecm_add_1_rfp_isd2006ecm-ss_enterprise_content_management.pdf,secured-cannot-process
courts/default/2024-12/ecm-rfp-att6.pdf,secured-cannot-process
courts/default/2024-12/gc356.pdf,secured-cannot-process
courts/default/2024-12/ecm-rfp-att7.pdf,secured-cannot-process
courts/default/2024-12/gc335a.pdf,secured-cannot-process
courts/default/2024-12/cjer-hb-0712-lm-intent-to-award.pdf,secured-cannot-process
courts/default/2024-12/btb_23_2a_7.pdf,secured-cannot-process
courts/default/2024-12/dv150.pdf,secured-cannot-process
courts/default/2024-12/btb24-1g-21.pdf,secured-cannot-process
courts/default/2024-12/app201.pdf,secured-cannot-process
courts/default/2024-12/juvdepmedcurr-rfp-att3.pdf,secured-cannot-process
courts/default/2024-12/tibco-dataint-rfp_0.pdf,secured-cannot-process
courts/default/2024-12/feltrial-rfp-supfinalreport.pdf,secured-cannot-process
courts/default/2024-12/ea_flf016-request_0.pdf,secured-cannot-process
courts/default/2024-12/juvdepmedcurr-rfp-att2.pdf,secured-cannot-process
courts/default/2024-12/app200.pdf,secured-cannot-process
courts/default/2024-12/ea_flf019-exparteapp_0.pdf,secured-cannot-process
courts/default/2024-12/btb24-1g-20.pdf,secured-cannot-process
courts/default/2024-12/inyoaudit0711.pdf,secured-cannot-process
courts/default/2024-12/app202.pdf,secured-cannot-process
courts/default/2024-12/ea_flf020-certifexec_0.pdf,secured-cannot-process
courts/default/2024-12/app200info.pdf,secured-cannot-process
courts/default/2024-12/ecm-rfp-att8.pdf,secured-cannot-process
courts/default/2024-12/perfrel-rfp-add2.pdf,secured-cannot-process
courts/default/2024-12/juvdepmedcurr-rfp-att1.pdf,secured-cannot-process
courts/default/2024-12/juvdepmedcurr-rfp-n2a.pdf,secured-cannot-process
courts/default/2024-12/ecm_add_1_attachment_6_cost_submission_matrix.pdf,secured-cannot-process
courts/default/2024-12/btb24-3h-4.pdf,secured-cannot-process
courts/default/2024-12/ea_flf021-apostilleorder_0.pdf,secured-cannot-process
courts/default/2024-12/btb_23_4n_2.pdf,secured-cannot-process
courts/default/2024-12/juvdepmedcurr-rfp-att5.pdf,secured-cannot-process
courts/default/2024-12/app201info.pdf,secured-cannot-process
courts/default/2024-12/cjer-hb-0712-lm-table-of-contents.pdf,secured-cannot-process
courts/default/2024-12/juvdepmedcurr-rfp-att4.pdf,secured-cannot-process
courts/default/2024-12/btb_23_4n_3.pdf,secured-cannot-process
courts/default/2024-12/btb_23_precon_juvenile_11.pdf,secured-cannot-process
courts/default/2024-12/mc275.pdf,secured-cannot-process
courts/default/2024-12/btb24-1g-18.pdf,secured-cannot-process
courts/default/2024-12/btb_23_precon_juvenile_5.pdf,secured-cannot-process
courts/default/2024-12/perfrel-rfp-attd.pdf,secured-cannot-process
courts/default/2024-12/btb24-1g-19.pdf,secured-cannot-process
courts/default/2024-12/plumasaudit-06-24-2011.pdf,secured-cannot-process
courts/default/2024-12/ea_flf018-duedilig_0.pdf,secured-cannot-process
courts/default/2024-12/btb_23_1a_4.pdf,secured-cannot-process
courts/default/2024-12/cjer-hb-0712-lm-attachment-2-aoc-terms-conditions.pdf,secured-cannot-process
courts/default/2024-12/lr-2017-jc-court-innovations.pdf,secured-cannot-process
courts/default/2024-12/ecm_add_1_appendix_j_technical_administrative_requirements.pdf,secured-cannot-process
courts/default/2024-12/btb_23_1a_32.pdf,secured-cannot-process
courts/default/2024-12/ecm-rfp-appc.pdf,secured-cannot-process
courts/default/2024-12/ej147.pdf,secured-cannot-process
courts/default/2024-12/dv325.pdf,secured-cannot-process
courts/default/2024-12/marin-fammedfiles.pdf,secured-needs-approval
courts/default/2024-12/fl581.pdf,secured-cannot-process
courts/default/2024-12/btb_23_3c_3.pdf,secured-cannot-process
courts/default/2024-12/btb25-2o-19.pdf,secured-cannot-process
courts/default/2024-12/child-support-fact-sheet.pdf,secured-cannot-process
courts/default/2024-12/btb25-4e-01.pdf,secured-cannot-process
courts/default/2024-12/cjer-2018-02-dm-online-course-provider-qa.pdf,secured-cannot-process
courts/default/2024-12/cssin10-06.pdf,secured-cannot-process
courts/default/2024-12/btb_23_3c_2.pdf,secured-cannot-process
courts/default/2024-12/btb24-2f-3.pdf,secured-needs-approval
courts/default/2024-12/cr300.pdf,secured-cannot-process
courts/default/2024-12/dv330.pdf,secured-cannot-process
courts/default/2024-12/ej146.pdf,secured-cannot-process
courts/default/2024-12/ecm-rfp-appb.pdf,secured-cannot-process
courts/default/2024-12/btb_xxii_ig_11.pdf,secured-cannot-process
courts/default/2024-12/btb_23_1a_5.pdf,secured-cannot-process
courts/default/2024-12/btb_23_1a_25.pdf,secured-cannot-process
courts/default/2024-12/ej144.pdf,secured-cannot-process
courts/default/2024-12/acl_10-17.pdf,secured-cannot-process
courts/default/2024-12/btb25-4e-02.pdf,secured-cannot-process
courts/default/2024-12/cjer-hb-0712-lm-qa.pdf,secured-cannot-process
courts/default/2024-12/talentag-rfp-attache.pdf,secured-cannot-process
courts/default/2024-12/tibco-dataint-rfp-attach2_0.pdf,secured-cannot-process
courts/default/2024-12/trialcourtinterpreters-expend-dec2010_0.pdf,secured-cannot-process
courts/default/2024-12/btb_23_1a_24.pdf,secured-cannot-process
courts/default/2024-12/btb_xxii_ig_12.pdf,secured-cannot-process
courts/default/2024-12/ecm-rfp-appa.pdf,secured-cannot-process
courts/default/2024-12/btb_23_1a_2.pdf,secured-cannot-process
courts/default/2024-12/ecm-rfp-appe.pdf,secured-cannot-process
courts/default/2024-12/cjer-hb-0712-lm-attachment-3-proposers-acceptance-of-terms-and-conditions.pdf,secured-cannot-process
courts/default/2024-12/language-interpreterneed-10.pdf,secured-cannot-process
courts/default/2024-12/ej141.pdf,secured-cannot-process
courts/default/2024-12/tibco-dataint-rfp-intent_0.pdf,secured-cannot-process
courts/default/2024-12/btb_23_3c_5.pdf,secured-cannot-process
courts/default/2024-12/perfrel-rfp-qa.pdf,secured-cannot-process
courts/default/2024-12/ea_flf024mxcode_0.pdf,secured-cannot-process
courts/default/2024-12/btb24-5j-1.pdf,secured-cannot-process
courts/default/2024-12/ecm-rfp.pdf,secured-cannot-process
courts/default/2024-12/btb_23_3c_4.pdf,secured-cannot-process
courts/default/2024-12/ecm_add_1_appendix_a_dms_requirements.pdf,secured-cannot-process
courts/default/2024-12/ecm-rfp-appd.pdf,secured-cannot-process
courts/default/2024-12/btb_23_1a_3.pdf,secured-cannot-process
courts/default/2024-12/btb_23_1a_1.pdf,secured-cannot-process
courts/default/2024-12/app202info.pdf,secured-cannot-process
courts/default/2024-12/ecm-rfp-appf.pdf,secured-cannot-process
courts/default/2024-12/tcinterpret-expenditure1110.pdf,secured-cannot-process
courts/default/2024-12/dv320.pdf,secured-cannot-process
courts/default/2024-12/amadoraudit0411.pdf,secured-cannot-process
courts/default/2024-12/btb25-2o-20.pdf,secured-cannot-process
courts/default/2024-12/btb_23_5o_12.pdf,secured-cannot-process
courts/default/2024-12/ncsc-report.pdf,secured-cannot-process
courts/default/2024-12/lassenaudit-06-24-2011.pdf,secured-cannot-process
courts/default/2024-12/btb_23_5o_13.pdf,secured-needs-approval
courts/default/2024-12/santacruzaudit-06-24-2011.pdf,secured-cannot-process
courts/default/2024-12/tibco-dataint-rfp-attach4_0.pdf,secured-cannot-process
courts/default/2024-12/ej143.pdf,secured-cannot-process
courts/default/2024-12/fl580info.pdf,secured-needs-approval
courts/default/2024-12/ecm-rfp-appg.pdf,secured-cannot-process
courts/default/2024-12/btb_23_1a_22.pdf,secured-cannot-process
courts/default/2025-04/ea130s.pdf,secured-needs-approval
courts/default/2025-04/clets001v.pdf,secured-needs-approval
courts/default/2025-04/clets001s.pdf,secured-needs-approval
courts/default/2025-04/fl300v_0.pdf,secured-needs-approval
courts/default/2025-04/ch130s.pdf,secured-needs-approval
courts/default/2025-04/dv109v.pdf,secured-needs-approval
courts/default/2025-04/ch109v.pdf,secured-needs-approval
courts/default/2025-04/epo002v.pdf,secured-needs-approval
courts/default/2025-03/clets001c.pdf,secured-needs-approval
courts/default/2025-03/clets001t.pdf,secured-needs-approval
courts/default/2025-03/ea130c.pdf,secured-needs-approval
courts/default/2025-03/fl300c.pdf,secured-needs-approval
courts/default/2025-03/dv205infos.pdf,secured-needs-approval
courts/default/2025-03/ch109k.pdf,secured-needs-approval
courts/default/2025-03/dv205infoc.pdf,secured-cannot-process
courts/default/2025-03/ch109c.pdf,secured-needs-approval
courts/default/2025-03/dv205infok.pdf,secured-cannot-process
courts/default/2025-03/clets001k.pdf,secured-needs-approval
courts/default/2025-03/fl300k.pdf,secured-needs-approval
courts/default/2024-11/jv794.pdf,secured-cannot-process
courts/default/2024-11/gdc001.pdf,secured-cannot-process
courts/default/2024-11/gc090.pdf,secured-cannot-process
courts/default/2024-11/dv112.pdf,secured-cannot-process
courts/default/2024-11/fl120v.pdf,secured-needs-approval
courts/default/2024-11/wg006.pdf,secured-cannot-process
courts/default/2024-11/dv505infoc.pdf,secured-needs-approval
courts/default/2024-11/wg012.pdf,secured-cannot-process
courts/default/2024-11/fl273s.pdf,secured-cannot-process
courts/default/2024-11/ch200infov.pdf,secured-needs-approval
courts/default/2024-11/fl615.pdf,secured-cannot-process
courts/default/2024-11/dv530infov.pdf,secured-needs-approval
courts/default/2024-11/gc020ma.pdf,secured-cannot-process
courts/default/2024-11/fl330infov.pdf,secured-needs-approval
courts/default/2024-11/sv100info.pdf,secured-cannot-process
courts/default/2024-11/cr136.pdf,secured-cannot-process
courts/default/2024-11/tr321s.pdf,secured-needs-approval
courts/default/2024-11/jv743.pdf,secured-cannot-process
courts/default/2024-11/ch250.pdf,secured-cannot-process
courts/default/2024-11/gc020p.pdf,secured-cannot-process
courts/default/2024-11/sv716k.pdf,secured-cannot-process
courts/default/2024-11/ud110p.pdf,secured-cannot-process
courts/default/2024-11/gc240s.pdf,secured-needs-approval
courts/default/2024-11/jv596.pdf,secured-cannot-process
courts/default/2024-11/jv582.pdf,secured-cannot-process
courts/default/2024-11/fl335infok.pdf,secured-needs-approval
courts/default/2024-11/mc030.pdf,secured-cannot-process
courts/default/2024-11/pldpi0014.pdf,secured-cannot-process
courts/default/2024-11/gc400c1.pdf,secured-cannot-process
courts/default/2024-11/jv268k.pdf,secured-needs-approval
courts/default/2024-11/ch720.pdf,secured-cannot-process
courts/default/2024-11/gc251.pdf,secured-cannot-process
courts/default/2024-11/fl371.pdf,secured-cannot-process
courts/default/2024-11/cr320.pdf,secured-cannot-process
courts/default/2024-11/jv555.pdf,secured-cannot-process
courts/default/2024-11/dv730v.pdf,secured-needs-approval
courts/default/2024-11/ch116v.pdf,secured-needs-approval
courts/default/2024-11/fl365.pdf,secured-cannot-process
courts/default/2024-11/jv227.pdf,secured-cannot-process
courts/default/2024-11/nc130.pdf,secured-cannot-process
courts/default/2024-11/dv250k.pdf,secured-cannot-process
courts/default/2024-11/la400p.pdf,secured-needs-approval
courts/default/2024-11/dv600k.pdf,secured-needs-approval
courts/default/2024-11/dv500info.pdf,secured-cannot-process
courts/default/2024-11/jv569.pdf,secured-cannot-process
courts/default/2024-11/hc001.pdf,secured-cannot-process
courts/default/2024-11/dv120infok.pdf,secured-needs-approval
courts/default/2024-11/dv180k.pdf,secured-cannot-process
courts/default/2024-11/ch175k.pdf,secured-needs-approval
courts/default/2024-11/jv421.pdf,secured-cannot-process
courts/default/2024-11/ch100v.pdf,secured-needs-approval
courts/default/2024-11/dv160s.pdf,secured-needs-approval
courts/default/2024-11/jv435.pdf,secured-cannot-process
courts/default/2024-11/fl211.pdf,secured-cannot-process
courts/default/2024-11/gc331.pdf,secured-cannot-process
courts/default/2024-11/cr410c.pdf,secured-needs-approval
courts/default/2024-11/tr225.pdf,secured-cannot-process
courts/default/2024-11/fl680c.pdf,secured-needs-approval
courts/default/2024-11/fl320s.pdf,secured-cannot-process
courts/default/2024-11/adr109.pdf,secured-cannot-process
courts/default/2024-11/dv700.pdf,secured-cannot-process
courts/default/2024-11/jv810.pdf,secured-cannot-process
courts/default/2024-11/sc104b.pdf,secured-cannot-process
courts/default/2024-11/ea100infok.pdf,secured-cannot-process
courts/default/2024-11/gv600.pdf,secured-cannot-process
courts/default/2024-11/nc520.pdf,secured-cannot-process
courts/default/2024-11/fl985.pdf,secured-cannot-process
courts/default/2024-11/ch120c.pdf,secured-needs-approval
courts/default/2024-11/app109.pdf,secured-cannot-process
courts/default/2024-11/sc108a.pdf,secured-cannot-process
courts/default/2024-11/bmd001.pdf,secured-cannot-process
courts/default/2024-11/app108.pdf,secured-cannot-process
courts/default/2024-11/pos020p.pdf,secured-cannot-process
courts/default/2024-11/jv150.pdf,secured-cannot-process
courts/default/2024-11/ch710v.pdf,secured-needs-approval
courts/default/2024-11/jv250c.pdf,secured-needs-approval
courts/default/2024-11/jv622.pdf,secured-cannot-process
courts/default/2024-11/sc104c.pdf,secured-cannot-process
courts/default/2024-11/fl313infos.pdf,secured-cannot-process
courts/default/2024-11/app009info.pdf,secured-cannot-process
courts/default/2024-11/jv805info.pdf,secured-needs-approval
courts/default/2024-11/dv715.pdf,secured-cannot-process
courts/default/2024-11/ch730c.pdf,secured-needs-approval
courts/default/2024-11/jv270v.pdf,secured-needs-approval
courts/default/2024-11/fl180k.pdf,secured-needs-approval
courts/default/2024-11/dv116c.pdf,secured-needs-approval
courts/default/2024-11/fl478t.pdf,secured-cannot-process
courts/default/2024-11/dv815c.pdf,secured-needs-approval
courts/default/2024-11/gc330.pdf,secured-cannot-process
courts/default/2024-11/fl210.pdf,secured-cannot-process
courts/default/2024-11/jv123s.pdf,secured-cannot-process
courts/default/2024-11/fl341bs.pdf,secured-cannot-process
courts/default/2024-11/jv820s.pdf,secured-needs-approval
courts/default/2024-11/civ120.pdf,secured-cannot-process
courts/default/2024-11/jv420.pdf,secured-cannot-process
courts/default/2024-11/wv630.pdf,secured-cannot-process
courts/default/2024-11/ea200infos.pdf,secured-needs-approval
courts/default/2024-11/fl663v.pdf,secured-cannot-process
courts/default/2024-11/sv200.pdf,secured-cannot-process
courts/default/2024-11/fl160s.pdf,secured-cannot-process
courts/default/2024-11/ea620.pdf,secured-cannot-process
courts/default/2024-11/fl358.pdf,secured-cannot-process
courts/default/2024-11/dv100c.pdf,secured-needs-approval
courts/default/2024-11/jv464info.pdf,secured-cannot-process
courts/default/2024-11/jv540.pdf,secured-cannot-process
courts/default/2024-11/jv226.pdf,secured-cannot-process
courts/default/2024-11/cr321.pdf,secured-cannot-process
courts/default/2024-11/fl370.pdf,secured-cannot-process
courts/default/2024-11/gc250.pdf,secured-cannot-process
courts/default/2024-11/la400f.pdf,secured-needs-approval
courts/default/2024-11/nc125.pdf,secured-cannot-process
courts/default/2024-11/fl250k.pdf,secured-needs-approval
courts/default/2024-11/pldpi0015.pdf,secured-cannot-process
courts/default/2024-11/nc100info.pdf,secured-cannot-process
courts/default/2024-11/mc031.pdf,secured-cannot-process
courts/default/2024-11/mc025.pdf,secured-cannot-process
courts/default/2024-11/adopt315.pdf,secured-cannot-process
courts/default/2024-11/ea715k.pdf,secured-cannot-process
courts/default/2024-11/ea330v.pdf,secured-needs-approval
courts/default/2024-11/pldpi001.pdf,secured-cannot-process
courts/default/2024-11/cr137.pdf,secured-cannot-process
courts/default/2024-11/fl600.pdf,secured-cannot-process
courts/default/2024-11/jv742.pdf,secured-cannot-process
courts/default/2024-11/dv570v.pdf,secured-needs-approval
courts/default/2024-11/fl172.pdf,secured-cannot-process
courts/default/2024-11/fl340c.pdf,secured-needs-approval
courts/default/2024-11/wg007.pdf,secured-cannot-process
courts/default/2024-11/gv715v.pdf,secured-needs-approval
courts/default/2024-11/sv610.pdf,secured-cannot-process
courts/default/2024-11/gc085.pdf,secured-cannot-process
courts/default/2024-11/trinst.pdf,secured-needs-approval
courts/default/2024-11/mc410c.pdf,secured-needs-approval
courts/default/2024-11/care115c.pdf,secured-needs-approval
courts/default/2024-11/gv200info.pdf,secured-cannot-process
courts/default/2024-11/sc109.pdf,secured-cannot-process
courts/default/2024-11/fl340v.pdf,secured-needs-approval
courts/default/2024-11/at125.pdf,secured-cannot-process
courts/default/2024-11/dv105.pdf,secured-cannot-process
courts/default/2024-11/wg011.pdf,secured-cannot-process
courts/default/2024-11/fl825.pdf,secured-cannot-process
courts/default/2024-11/fl341e.pdf,secured-cannot-process
courts/default/2024-11/sc135.pdf,secured-cannot-process
courts/default/2024-11/wg005.pdf,secured-cannot-process
courts/default/2024-11/sc112a.pdf,secured-cannot-process
courts/default/2024-11/ej157info.pdf,secured-cannot-process
courts/default/2024-11/mc410v.pdf,secured-needs-approval
courts/default/2024-11/jv535as.pdf,secured-needs-approval
courts/default/2024-11/jv740.pdf,secured-cannot-process
courts/default/2024-11/sc500infos.pdf,secured-needs-approval
courts/default/2024-11/cr135.pdf,secured-cannot-process
courts/default/2024-11/fl170.pdf,secured-cannot-process
courts/default/2024-11/gc050.pdf,secured-cannot-process
courts/default/2024-11/dv120t.pdf,secured-needs-approval
courts/default/2024-11/dv120info.pdf,secured-cannot-process
courts/default/2024-11/nc325.pdf,secured-cannot-process
courts/default/2024-11/fl616.pdf,secured-cannot-process
courts/default/2024-11/gc405dist.pdf,secured-cannot-process
courts/default/2024-11/fl158.pdf,secured-cannot-process
courts/default/2024-11/dv120c.pdf,secured-needs-approval
courts/default/2024-11/ra010s.pdf,secured-needs-approval
courts/default/2024-11/dv570c.pdf,secured-needs-approval
courts/default/2024-11/jv581.pdf,secured-cannot-process
courts/default/2024-11/jv050infocm.pdf,secured-cannot-process
courts/default/2024-11/jv595.pdf,secured-cannot-process
courts/default/2024-11/dv800info.pdf,secured-needs-approval
courts/default/2024-11/ej165.pdf,secured-cannot-process
courts/default/2024-11/jv217infos.pdf,secured-needs-approval
courts/default/2024-11/gc400c2.pdf,secured-cannot-process
courts/default/2024-11/ej159.pdf,secured-cannot-process
courts/default/2024-11/ea109k.pdf,secured-needs-approval
courts/default/2024-11/jv224.pdf,secured-cannot-process
courts/default/2024-11/ch160s.pdf,secured-needs-approval
courts/default/2024-11/fl400.pdf,secured-cannot-process
courts/default/2024-11/jv556.pdf,secured-cannot-process
courts/default/2024-11/dv175k.pdf,secured-needs-approval
courts/default/2024-11/dv100v.pdf,secured-needs-approval
courts/default/2024-11/fl372.pdf,secured-cannot-process
courts/default/2024-11/cr112s.pdf,secured-needs-approval
courts/default/2024-11/jv218.pdf,secured-cannot-process
courts/default/2024-11/jv217info.pdf,secured-cannot-process
courts/default/2024-11/la400s.pdf,secured-needs-approval
courts/default/2024-11/de125.pdf,secured-cannot-process
courts/default/2024-11/fl117s.pdf,secured-needs-approval
courts/default/2024-11/hc002.pdf,secured-cannot-process
courts/default/2024-11/fl663c.pdf,secured-cannot-process
courts/default/2024-11/jv464infos.pdf,secured-needs-approval
courts/default/2024-11/de131.pdf,secured-cannot-process
courts/default/2024-11/gc348s.pdf,secured-needs-approval
courts/default/2024-11/icwa101.pdf,secured-cannot-process
courts/default/2024-11/fl663t.pdf,secured-needs-approval
courts/default/2024-11/fw001gcs.pdf,secured-needs-approval
courts/default/2024-11/ch730v.pdf,secured-needs-approval
courts/default/2024-11/dv116v.pdf,secured-needs-approval
courts/default/2024-11/jv270c.pdf,secured-needs-approval
courts/default/2024-11/jv436.pdf,secured-cannot-process
courts/default/2024-11/fl560.pdf,secured-cannot-process
courts/default/2024-11/dv815v.pdf,secured-needs-approval
courts/default/2024-11/ea110s.pdf,secured-needs-approval
courts/default/2024-11/ch250k.pdf,secured-cannot-process
courts/default/2024-11/jv130infos.pdf,secured-cannot-process
courts/default/2024-11/th140.pdf,secured-cannot-process
courts/default/2024-11/fl478v.pdf,secured-cannot-process
courts/default/2024-11/jv272k.pdf,secured-needs-approval
courts/default/2024-11/pldc505.pdf,secured-cannot-process
courts/default/2024-11/fl140s.pdf,secured-cannot-process
courts/default/2024-11/mc351.pdf,secured-cannot-process
courts/default/2024-11/jv185.pdf,secured-cannot-process
courts/default/2024-11/hc200.pdf,secured-cannot-process
courts/default/2024-11/sc104a.pdf,secured-cannot-process
courts/default/2024-11/care101k.pdf,secured-needs-approval
courts/default/2024-11/fl945.pdf,secured-cannot-process
courts/default/2024-11/dal001k.pdf,secured-cannot-process
courts/default/2024-11/jv800s.pdf,secured-needs-approval
courts/default/2024-11/jv620.pdf,secured-cannot-process
courts/default/2024-11/gc210ca.pdf,secured-cannot-process
courts/default/2024-11/bmd002.pdf,secured-cannot-process
courts/default/2024-11/ch710c.pdf,secured-cannot-process
courts/default/2024-11/subp045.pdf,secured-cannot-process
courts/default/2024-11/bmd003.pdf,secured-cannot-process
courts/default/2024-11/subp050.pdf,secured-cannot-process
courts/default/2024-11/pos020d.pdf,secured-cannot-process
courts/default/2024-11/pos040.pdf,secured-cannot-process
courts/default/2024-11/ch120v.pdf,secured-needs-approval
courts/default/2024-11/jv350info.pdf,secured-needs-approval
courts/default/2024-11/jv635.pdf,secured-cannot-process
courts/default/2024-11/jv228info.pdf,secured-cannot-process
courts/default/2024-11/ea300info.pdf,secured-cannot-process
courts/default/2024-11/fl950.pdf,secured-cannot-process
courts/default/2024-11/jv184.pdf,secured-cannot-process
courts/default/2024-11/mc350.pdf,secured-cannot-process
courts/default/2024-11/dv716.pdf,secured-cannot-process
courts/default/2024-11/fl357s.pdf,secured-cannot-process
courts/default/2024-11/jv190.pdf,secured-cannot-process
courts/default/2024-11/ch100c.pdf,secured-needs-approval
courts/default/2024-11/ch130.pdf,secured-cannot-process
courts/default/2024-11/wv800.pdf,secured-cannot-process
courts/default/2024-11/cr410v.pdf,secured-needs-approval
courts/default/2024-11/dv115infok.pdf,secured-needs-approval
courts/default/2024-11/nc510g.pdf,secured-cannot-process
courts/default/2024-11/gc333.pdf,secured-cannot-process
courts/default/2024-11/fl575.pdf,secured-cannot-process
courts/default/2024-11/jv437.pdf,secured-cannot-process
courts/default/2024-11/fl680v.pdf,secured-needs-approval
courts/default/2024-11/jv590s.pdf,secured-needs-approval
courts/default/2024-11/fl615s.pdf,secured-cannot-process
courts/default/2024-11/icwa100.pdf,secured-cannot-process
courts/default/2024-11/hc003.pdf,secured-cannot-process
courts/default/2024-11/fl300s.pdf,secured-needs-approval
courts/default/2024-11/jv291info.pdf,secured-cannot-process
courts/default/2024-11/icwa010as.pdf,secured-needs-approval
courts/default/2024-11/la400r.pdf,secured-needs-approval
courts/default/2024-11/cd130.pdf,secured-cannot-process
courts/default/2024-11/jv219.pdf,secured-cannot-process
courts/default/2024-11/ch116c.pdf,secured-needs-approval
courts/default/2024-11/fl415.pdf,secured-cannot-process
courts/default/2024-11/dv500infok.pdf,secured-needs-approval
courts/default/2024-11/fl373.pdf,secured-cannot-process
courts/default/2024-11/dv101s.pdf,secured-needs-approval
courts/default/2024-11/fl367.pdf,secured-cannot-process
courts/default/2024-11/jv225.pdf,secured-cannot-process
courts/default/2024-11/fl401.pdf,secured-cannot-process
courts/default/2024-11/ej158.pdf,secured-cannot-process
courts/default/2024-11/icwa060.pdf,secured-cannot-process
courts/default/2024-11/gc400c3.pdf,secured-cannot-process
courts/default/2024-11/fl398.pdf,secured-cannot-process
courts/default/2024-11/pldpi0016.pdf,secured-cannot-process
courts/default/2024-11/jv594.pdf,secured-cannot-process
courts/default/2024-11/efs050.pdf,secured-cannot-process
courts/default/2024-11/wv716c.pdf,secured-cannot-process
courts/default/2024-11/fl100v.pdf,secured-needs-approval
courts/default/2024-11/ej170.pdf,secured-cannot-process
courts/default/2024-11/la350.pdf,secured-cannot-process
courts/default/2024-11/jv580.pdf,secured-cannot-process
courts/default/2024-11/dv530infoc.pdf,secured-needs-approval
courts/default/2024-11/fl330infoc.pdf,secured-needs-approval
courts/default/2024-11/fw002gc.pdf,secured-cannot-process
courts/default/2024-11/ch200infoc.pdf,secured-needs-approval
courts/default/2024-11/de120pa.pdf,secured-cannot-process
courts/default/2024-11/de305s.pdf,secured-needs-approval
courts/default/2024-11/gc079.pdf,secured-cannot-process
courts/default/2024-11/gc051.pdf,secured-cannot-process
courts/default/2024-11/cr120.pdf,secured-cannot-process
courts/default/2024-11/jv755.pdf,secured-cannot-process
courts/default/2024-11/dv710v.pdf,secured-needs-approval
courts/default/2024-11/gc045.pdf,secured-cannot-process
courts/default/2024-11/pldpi002.pdf,secured-cannot-process
courts/default/2024-11/fl165.pdf,secured-cannot-process
courts/default/2024-11/cr134.pdf,secured-cannot-process
courts/default/2024-11/nc330.pdf,secured-cannot-process
courts/default/2024-11/ud150.pdf,secured-cannot-process
courts/default/2024-11/sc120.pdf,secured-cannot-process
courts/default/2024-11/fl830.pdf,secured-cannot-process
courts/default/2024-11/fl341d.pdf,secured-cannot-process
courts/default/2024-11/wg010.pdf,secured-cannot-process
courts/default/2024-11/sc134.pdf,secured-cannot-process
courts/default/2024-11/jv796.pdf,secured-cannot-process
courts/default/2024-11/at130.pdf,secured-cannot-process
courts/default/2024-11/dv110.pdf,secured-cannot-process
courts/default/2024-11/sc108.pdf,secured-cannot-process
courts/default/2024-11/sc130.pdf,secured-cannot-process
courts/default/2024-11/jv180s.pdf,secured-needs-approval
courts/default/2024-11/fl820.pdf,secured-cannot-process
courts/default/2024-11/mc410s.pdf,secured-needs-approval
courts/default/2024-11/fl340s.pdf,secured-needs-approval
courts/default/2024-11/at120.pdf,secured-cannot-process
courts/default/2024-11/jv792.pdf,secured-cannot-process
courts/default/2024-11/dv100.pdf,secured-cannot-process
courts/default/2024-11/ea120info.pdf,secured-cannot-process
courts/default/2024-11/ra010v.pdf,secured-needs-approval
courts/default/2024-11/cr118.pdf,secured-cannot-process
courts/default/2024-11/cr141info.pdf,secured-needs-approval
courts/default/2024-11/gc041.pdf,secured-cannot-process
courts/default/2024-11/fl161.pdf,secured-cannot-process
courts/default/2024-11/jv745.pdf,secured-cannot-process
courts/default/2024-11/de295.pdf,secured-cannot-process
courts/default/2024-11/int001.pdf,secured-cannot-process
courts/default/2024-11/jv751.pdf,secured-cannot-process
courts/default/2024-11/pldpi0012.pdf,secured-cannot-process
courts/default/2024-11/gc400c7.pdf,secured-cannot-process
courts/default/2024-11/icwa070.pdf,secured-cannot-process
courts/default/2024-11/ea800info.pdf,secured-cannot-process
courts/default/2024-11/em100info.pdf,secured-cannot-process
courts/default/2024-11/wv715k.pdf,secured-cannot-process
courts/default/2024-11/jud100.pdf,secured-cannot-process
courts/default/2024-11/cr187s.pdf,secured-needs-approval
courts/default/2024-11/jv590.pdf,secured-cannot-process
courts/default/2024-11/civ090.pdf,secured-cannot-process
courts/default/2024-11/ej160.pdf,secured-cannot-process
courts/default/2024-11/cm110.pdf,secured-cannot-process
courts/default/2024-11/cd120.pdf,secured-cannot-process
courts/default/2024-11/la400v.pdf,secured-needs-approval
courts/default/2024-11/dal020.pdf,secured-cannot-process
courts/default/2024-11/ch115k.pdf,secured-cannot-process
courts/default/2024-11/fw003gcs.pdf,secured-needs-approval
courts/default/2024-11/jv221.pdf,secured-cannot-process
courts/default/2024-11/ch160v.pdf,secured-needs-approval
courts/default/2024-11/dv100s.pdf,secured-needs-approval
courts/default/2024-11/la400a.pdf,secured-needs-approval
courts/default/2024-11/gc400c10.pdf,secured-cannot-process
courts/default/2024-11/jv235.pdf,secured-cannot-process
courts/default/2024-11/fl411.pdf,secured-cannot-process
courts/default/2024-11/em100infok.pdf,secured-needs-approval
courts/default/2024-11/de120.pdf,secured-cannot-process
courts/default/2024-11/fl323infok.pdf,secured-needs-approval
courts/default/2024-11/ea200infoc.pdf,secured-needs-approval
courts/default/2024-11/jv464infov.pdf,secured-needs-approval
courts/default/2024-11/fw006gc.pdf,secured-cannot-process
courts/default/2024-11/ea800.pdf,secured-cannot-process
courts/default/2024-11/jv820c.pdf,secured-cannot-process
courts/default/2024-11/ch120.pdf,secured-cannot-process
courts/default/2024-11/jv433.pdf,secured-cannot-process
courts/default/2024-11/ch730s.pdf,secured-cannot-process
courts/default/2024-11/dv116s.pdf,secured-needs-approval
courts/default/2024-11/ch800k.pdf,secured-needs-approval
courts/default/2024-11/fl313info.pdf,secured-cannot-process
courts/default/2024-11/cr252.pdf,secured-cannot-process
courts/default/2024-11/dv815s.pdf,secured-needs-approval
courts/default/2024-11/gc400ph1.pdf,secured-cannot-process
courts/default/2024-11/fl313infoc.pdf,secured-needs-approval
courts/default/2024-11/jv816.pdf,secured-cannot-process
courts/default/2024-11/fl940.pdf,secured-cannot-process
courts/default/2024-11/pldc500.pdf,secured-cannot-process
courts/default/2024-11/fl356s.pdf,secured-needs-approval
courts/default/2024-11/sum145.pdf,secured-cannot-process
courts/default/2024-11/jv180.pdf,secured-cannot-process
courts/default/2024-11/jv600s.pdf,secured-needs-approval
courts/default/2024-11/subp040.pdf,secured-cannot-process
courts/default/2024-11/fl955info.pdf,secured-needs-approval
courts/default/2024-11/gc220s.pdf,secured-cannot-process
courts/default/2024-11/pos050.pdf,secured-cannot-process
courts/default/2024-11/jv800v.pdf,secured-needs-approval
courts/default/2024-11/jv625.pdf,secured-cannot-process
courts/default/2024-11/jv624.pdf,secured-cannot-process
courts/default/2024-11/ch120s.pdf,secured-needs-approval
courts/default/2024-11/jv552s.pdf,secured-needs-approval
courts/default/2024-11/epo001v.pdf,secured-needs-approval
courts/default/2024-11/gc120.pdf,secured-cannot-process
courts/default/2024-11/gv020info.pdf,secured-cannot-process
courts/default/2024-11/jv618.pdf,secured-cannot-process
courts/default/2024-11/fl982.pdf,secured-cannot-process
courts/default/2024-11/jv251v.pdf,secured-needs-approval
courts/default/2024-11/jv744a.pdf,secured-cannot-process
courts/default/2024-11/jv290info.pdf,secured-needs-approval
courts/default/2024-11/mc355.pdf,secured-cannot-process
courts/default/2024-11/fl141s.pdf,secured-needs-approval
courts/default/2024-11/jv195.pdf,secured-cannot-process
courts/default/2024-11/sc105a.pdf,secured-cannot-process
courts/default/2024-11/care100k.pdf,secured-needs-approval
courts/default/2024-11/gv700k.pdf,secured-cannot-process
courts/default/2024-11/wv100infos.pdf,secured-needs-approval
courts/default/2024-11/fl955.pdf,secured-cannot-process
courts/default/2024-11/cr410s.pdf,secured-needs-approval
courts/default/2024-11/gc322.pdf,secured-cannot-process
courts/default/2024-11/icwa005infos.pdf,secured-needs-approval
courts/default/2024-11/jv426.pdf,secured-cannot-process
courts/default/2024-11/fl570.pdf,secured-cannot-process
courts/default/2024-11/jv432.pdf,secured-cannot-process
courts/default/2024-11/gc205info.pdf,secured-needs-approval
courts/default/2024-11/jv505s.pdf,secured-cannot-process
courts/default/2024-11/gc336.pdf,secured-cannot-process
courts/default/2024-11/wg003k.pdf,secured-needs-approval
courts/default/2024-11/icwa030as.pdf,secured-cannot-process
courts/default/2024-11/sc290.pdf,secured-cannot-process
courts/default/2024-11/ch109.pdf,secured-cannot-process
courts/default/2024-11/cr290.pdf,secured-needs-approval
courts/default/2024-11/de135.pdf,secured-cannot-process
courts/default/2024-11/ej001.pdf,secured-cannot-process
courts/default/2024-11/de121.pdf,secured-cannot-process
courts/default/2024-11/gc400c11.pdf,secured-cannot-process
courts/default/2024-11/fl410.pdf,secured-cannot-process
courts/default/2024-11/jv552.pdf,secured-cannot-process
courts/default/2024-11/gc110ps.pdf,secured-needs-approval
courts/default/2024-11/dv101v.pdf,secured-needs-approval
courts/default/2024-11/jv220.pdf,secured-cannot-process
courts/default/2024-11/jv265k.pdf,secured-needs-approval
courts/default/2024-11/mc410infok.pdf,secured-needs-approval
courts/default/2024-11/jv591.pdf,secured-cannot-process
courts/default/2024-11/fl100s.pdf,secured-cannot-process
courts/default/2024-11/ej175.pdf,secured-cannot-process
courts/default/2024-11/cr409k.pdf,secured-cannot-process
courts/default/2024-11/jv285s.pdf,secured-needs-approval
courts/default/2024-11/sum100k.pdf,secured-cannot-process
courts/default/2024-11/gc400c6.pdf,secured-cannot-process
courts/default/2024-11/pldpi0013.pdf,secured-cannot-process
courts/default/2024-11/em140.pdf,secured-cannot-process
courts/default/2024-11/jv750.pdf,secured-cannot-process
courts/default/2024-11/fl174.pdf,secured-cannot-process
courts/default/2024-11/cr125.pdf,secured-cannot-process
courts/default/2024-11/fl160.pdf,secured-cannot-process
courts/default/2024-11/gc040.pdf,secured-cannot-process
courts/default/2024-11/ud155.pdf,secured-cannot-process
courts/default/2024-11/dv820k.pdf,secured-needs-approval
courts/default/2024-11/gc240c.pdf,secured-cannot-process
courts/default/2024-11/jv744.pdf,secured-cannot-process
courts/default/2024-11/cr119.pdf,secured-cannot-process
courts/default/2024-11/dv840.pdf,secured-cannot-process
courts/default/2024-11/tr140.pdf,secured-cannot-process
courts/default/2024-11/pos040p.pdf,secured-cannot-process
courts/default/2024-11/dv101.pdf,secured-cannot-process
courts/default/2024-11/app001info.pdf,secured-cannot-process
courts/default/2024-11/jv793.pdf,secured-cannot-process
courts/default/2024-11/dv505infos.pdf,secured-needs-approval
courts/default/2024-11/at135.pdf,secured-cannot-process
courts/default/2024-11/dv115.pdf,secured-cannot-process
courts/default/2024-11/wg001.pdf,secured-cannot-process
courts/default/2024-11/gc405e2.pdf,secured-cannot-process
courts/default/2024-11/fl341a.pdf,secured-cannot-process
courts/default/2024-11/sc113a.pdf,secured-cannot-process
courts/default/2024-11/wg003.pdf,secured-cannot-process
courts/default/2024-11/fl341c.pdf,secured-cannot-process
courts/default/2024-11/sc133.pdf,secured-cannot-process
courts/default/2024-11/sv600.pdf,secured-cannot-process
courts/default/2024-11/jv791.pdf,secured-cannot-process
courts/default/2024-11/fl120s.pdf,secured-cannot-process
courts/default/2024-11/dv117.pdf,secured-cannot-process
courts/default/2024-11/fl570s.pdf,secured-cannot-process
courts/default/2024-11/jv245k.pdf,secured-needs-approval
courts/default/2024-11/gc240v.pdf,secured-needs-approval
courts/default/2024-11/dv530infos.pdf,secured-needs-approval
courts/default/2024-11/fl610.pdf,secured-cannot-process
courts/default/2024-11/ch200infos.pdf,secured-needs-approval
courts/default/2024-11/jv746.pdf,secured-cannot-process
courts/default/2024-11/de305c.pdf,secured-needs-approval
courts/default/2024-11/jv247c.pdf,secured-needs-approval
courts/default/2024-11/ea716c.pdf,secured-needs-approval
courts/default/2024-11/cr133.pdf,secured-cannot-process
courts/default/2024-11/gc042.pdf,secured-cannot-process
courts/default/2024-11/pldpi0011.pdf,secured-cannot-process
courts/default/2024-11/gc400c4.pdf,secured-cannot-process
courts/default/2024-11/ser001k.pdf,secured-cannot-process
courts/default/2024-11/jv593.pdf,secured-needs-approval
courts/default/2024-11/care050infok.pdf,secured-needs-approval
courts/default/2024-11/fl348.pdf,secured-cannot-process
courts/default/2024-11/dv101c.pdf,secured-needs-approval
courts/default/2024-11/civ050.pdf,secured-cannot-process
courts/default/2024-11/fl412.pdf,secured-cannot-process
courts/default/2024-11/jv550.pdf,secured-cannot-process
courts/default/2024-11/int200.pdf,secured-cannot-process
courts/default/2024-11/jv210c.pdf,secured-needs-approval
courts/default/2024-11/nc121.pdf,secured-cannot-process
courts/default/2024-11/fl374.pdf,secured-cannot-process
courts/default/2024-11/jv236.pdf,secured-cannot-process
courts/default/2024-11/fl360.pdf,secured-cannot-process
courts/default/2024-11/jv222.pdf,secured-cannot-process
courts/default/2024-11/gc240.pdf,secured-cannot-process
courts/default/2024-11/cr409info.pdf,secured-cannot-process
courts/default/2024-11/ch116s.pdf,secured-needs-approval
courts/default/2024-11/dv800k.pdf,secured-needs-approval
courts/default/2024-11/wv620.pdf,secured-cannot-process
courts/default/2024-11/gv720k.pdf,secured-needs-approval
courts/default/2024-11/hc004.pdf,secured-cannot-process
courts/default/2024-11/cr292.pdf,secured-needs-approval
courts/default/2024-11/ea630.pdf,secured-cannot-process
courts/default/2024-11/jv418.pdf,secured-cannot-process
courts/default/2024-11/tr220.pdf,secured-cannot-process
courts/default/2024-11/fl618s.pdf,secured-cannot-process
courts/default/2024-11/mc800.pdf,secured-cannot-process
courts/default/2024-11/ch100s.pdf,secured-needs-approval
courts/default/2024-11/cr251.pdf,secured-cannot-process
courts/default/2024-11/gc320.pdf,secured-cannot-process
courts/default/2024-11/fl200.pdf,secured-cannot-process
courts/default/2024-11/jv122s.pdf,secured-cannot-process
courts/default/2024-11/fl341cs.pdf,secured-cannot-process
courts/default/2024-11/gc334.pdf,secured-cannot-process
courts/default/2024-11/jv356.pdf,secured-cannot-process
courts/default/2024-11/dv115k.pdf,secured-cannot-process
courts/default/2024-11/dv160v.pdf,secured-needs-approval
courts/default/2024-11/jv430.pdf,secured-cannot-process
courts/default/2024-11/civ130.pdf,secured-cannot-process
courts/default/2024-11/fl210k.pdf,secured-needs-approval
courts/default/2024-11/fl957.pdf,secured-cannot-process
courts/default/2024-11/gc400ph2.pdf,secured-cannot-process
courts/default/2024-11/fl107infok.pdf,secured-needs-approval
courts/default/2024-11/mc357.pdf,secured-cannot-process
courts/default/2024-11/jv183.pdf,secured-cannot-process
courts/default/2024-11/fl355k.pdf,secured-cannot-process
courts/default/2024-11/app015infos.pdf,secured-needs-approval
courts/default/2024-11/epo001c.pdf,secured-needs-approval
courts/default/2024-11/fl980.pdf,secured-cannot-process
courts/default/2024-11/jv253k.pdf,secured-needs-approval
courts/default/2024-11/jv140.pdf,secured-cannot-process
courts/default/2024-11/jv251c.pdf,secured-needs-approval
courts/default/2024-11/jv461a.pdf,secured-cannot-process
courts/default/2024-11/ch710s.pdf,secured-needs-approval
courts/default/2024-11/gv610.pdf,secured-cannot-process
courts/default/2024-11/jv141.pdf,secured-cannot-process
courts/default/2024-11/nc530.pdf,secured-cannot-process
courts/default/2024-11/dv210k.pdf,secured-cannot-process
courts/default/2024-11/jv800c.pdf,secured-cannot-process
courts/default/2024-11/jv828.pdf,secured-cannot-process
courts/default/2024-11/int002a.pdf,secured-cannot-process
courts/default/2024-11/fl313infov.pdf,secured-needs-approval
courts/default/2024-11/jv182.pdf,secured-cannot-process
courts/default/2024-11/mc356.pdf,secured-cannot-process
courts/default/2024-11/dv710.pdf,secured-cannot-process
courts/default/2024-11/mc350a12b5.pdf,secured-needs-approval
courts/default/2024-11/fl956.pdf,secured-cannot-process
courts/default/2024-11/fl634s.pdf,secured-cannot-process
courts/default/2024-11/jv800.pdf,secured-cannot-process
courts/default/2024-11/jv357.pdf,secured-cannot-process
courts/default/2024-11/mil100.pdf,secured-cannot-process
courts/default/2024-11/gc335.pdf,secured-cannot-process
courts/default/2024-11/jv431.pdf,secured-cannot-process
courts/default/2024-11/ea110c.pdf,secured-needs-approval
courts/default/2024-11/jv820v.pdf,secured-needs-approval
courts/default/2024-11/jv425.pdf,secured-cannot-process
courts/default/2024-11/cr250.pdf,secured-cannot-process
courts/default/2024-11/tr235.pdf,secured-cannot-process
courts/default/2024-11/jv620s.pdf,secured-cannot-process
courts/default/2024-11/jv419.pdf,secured-cannot-process
courts/default/2024-11/fl335info.pdf,secured-cannot-process
courts/default/2024-11/de122.pdf,secured-cannot-process
courts/default/2024-11/app014a.pdf,secured-cannot-process
courts/default/2024-11/th190.pdf,secured-needs-approval
courts/default/2024-11/fl663s.pdf,secured-needs-approval
courts/default/2024-11/jv464infoc.pdf,secured-needs-approval
courts/default/2024-11/ch730.pdf,secured-cannot-process
courts/default/2024-11/jv223.pdf,secured-cannot-process
courts/default/2024-11/gv200.pdf,secured-cannot-process
courts/default/2024-11/gc255.pdf,secured-cannot-process
courts/default/2024-11/jv237.pdf,secured-cannot-process
courts/default/2024-11/fl375.pdf,secured-cannot-process
courts/default/2024-11/nc120.pdf,secured-cannot-process
courts/default/2024-11/la400c.pdf,secured-cannot-process
courts/default/2024-11/ch160c.pdf,secured-needs-approval
courts/default/2024-11/fl349.pdf,secured-cannot-process
courts/default/2024-11/jv592.pdf,secured-cannot-process
courts/default/2024-11/fw016s.pdf,secured-cannot-process
courts/default/2024-11/mc020.pdf,secured-cannot-process
courts/default/2024-11/fl800k.pdf,secured-cannot-process
courts/default/2024-11/fl324np.pdf,secured-cannot-process
courts/default/2024-11/adopt310.pdf,secured-cannot-process
courts/default/2024-11/gc400c5.pdf,secured-cannot-process
courts/default/2024-11/pos040d.pdf,secured-cannot-process
courts/default/2024-11/fl605.pdf,secured-cannot-process
courts/default/2024-11/dv120s.pdf,secured-needs-approval
courts/default/2024-11/sv715c.pdf,secured-cannot-process
courts/default/2024-11/ra010c.pdf,secured-needs-approval
courts/default/2024-11/cr126.pdf,secured-cannot-process
courts/default/2024-11/tr320s.pdf,secured-needs-approval
courts/default/2024-11/dv570s.pdf,secured-needs-approval
courts/default/2024-11/fl611.pdf,secured-cannot-process
courts/default/2024-11/gc020c.pdf,secured-cannot-process
courts/default/2024-11/dv116.pdf,secured-cannot-process
courts/default/2024-11/ch160info.pdf,secured-cannot-process
courts/default/2024-11/gc080.pdf,secured-cannot-process
courts/default/2024-11/jv790.pdf,secured-cannot-process
courts/default/2024-11/gc405e1.pdf,secured-cannot-process
courts/default/2024-11/fl341b.pdf,secured-cannot-process
courts/default/2024-11/sc132.pdf,secured-cannot-process
courts/default/2024-11/wv800info.pdf,secured-cannot-process
courts/default/2024-11/int300tg.pdf,secured-needs-approval
courts/default/2024-11/gc400sum.pdf,secured-cannot-process
courts/default/2024-11/dv165.pdf,secured-cannot-process
courts/default/2024-11/at145.pdf,secured-cannot-process
courts/default/2024-11/care113c.pdf,secured-needs-approval
courts/default/2024-11/fl150s.pdf,secured-needs-approval
courts/default/2024-11/wv200info.pdf,secured-cannot-process
courts/default/2024-11/fl445s.pdf,secured-cannot-process
courts/default/2024-11/care111k.pdf,secured-needs-approval
courts/default/2024-11/ea115infov.pdf,secured-needs-approval
courts/default/2024-11/sv100.pdf,secured-cannot-process
courts/default/2024-11/fl626k.pdf,secured-needs-approval
courts/default/2024-11/cr141infos.pdf,secured-needs-approval
courts/default/2024-11/ud125.pdf,secured-cannot-process
courts/default/2024-11/fl110.pdf,secured-cannot-process
courts/default/2024-11/gc400b.pdf,secured-cannot-process
courts/default/2024-11/fl676.pdf,secured-cannot-process
courts/default/2024-11/ea120infoc.pdf,secured-needs-approval
courts/default/2024-11/fl632info.pdf,secured-needs-approval
courts/default/2024-11/fl662.pdf,secured-cannot-process
courts/default/2024-11/ch700c.pdf,secured-cannot-process
courts/default/2024-11/tr130.pdf,secured-needs-approval
courts/default/2024-11/care100.pdf,secured-cannot-process
courts/default/2024-11/dv830.pdf,secured-cannot-process
courts/default/2024-11/ej105.pdf,secured-cannot-process
courts/default/2024-11/jv287.pdf,secured-cannot-process
courts/default/2024-11/mc053.pdf,secured-cannot-process
courts/default/2024-11/em130.pdf,secured-cannot-process
courts/default/2024-11/gc400e2.pdf,secured-cannot-process
courts/default/2024-11/cr425.pdf,secured-cannot-process
courts/default/2024-11/jv536.pdf,secured-cannot-process
courts/default/2024-11/jv250.pdf,secured-cannot-process
courts/default/2024-11/fl312.pdf,secured-cannot-process
courts/default/2024-11/jv260c.pdf,secured-needs-approval
courts/default/2024-11/fl306.pdf,secured-cannot-process
courts/default/2024-11/gc210c.pdf,secured-cannot-process
courts/default/2024-11/cr431.pdf,secured-cannot-process
courts/default/2024-11/cr131info.pdf,secured-needs-approval
courts/default/2024-11/fl460.pdf,secured-cannot-process
courts/default/2024-11/dv805v.pdf,secured-needs-approval
courts/default/2024-11/ea100s.pdf,secured-needs-approval
courts/default/2024-11/fl314infoc.pdf,secured-needs-approval
courts/default/2024-11/gc385.pdf,secured-cannot-process
courts/default/2024-11/fl235c.pdf,secured-needs-approval
courts/default/2024-11/pldc001.pdf,secured-cannot-process
courts/default/2024-11/ea130.pdf,secured-cannot-process
courts/default/2024-11/int300c.pdf,secured-needs-approval
courts/default/2024-11/sc223.pdf,secured-cannot-process
courts/default/2024-11/jv214info.pdf,secured-cannot-process
courts/default/2024-11/jv442.pdf,secured-cannot-process
courts/default/2024-11/jv324.pdf,secured-cannot-process
courts/default/2024-11/ch170s.pdf,secured-needs-approval
courts/default/2024-11/dv110v.pdf,secured-needs-approval
courts/default/2024-11/cr223.pdf,secured-cannot-process
courts/default/2024-11/jv330.pdf,secured-cannot-process
courts/default/2024-11/fl272.pdf,secured-cannot-process
courts/default/2024-11/jv456.pdf,secured-cannot-process
courts/default/2024-11/dv165k.pdf,secured-needs-approval
courts/default/2024-11/cm015.pdf,secured-cannot-process
courts/default/2024-11/th120.pdf,secured-cannot-process
courts/default/2024-11/fl640infoc.pdf,secured-needs-approval
courts/default/2024-11/jv299c.pdf,secured-needs-approval
courts/default/2024-11/jv274k.pdf,secured-needs-approval
courts/default/2024-11/dv520infov.pdf,secured-needs-approval
courts/default/2024-11/ea116s.pdf,secured-needs-approval
courts/default/2024-11/ch179.pdf,secured-cannot-process
courts/default/2024-11/sum120.pdf,secured-cannot-process
courts/default/2024-11/mil100s.pdf,secured-needs-approval
courts/default/2024-11/jv683.pdf,secured-cannot-process
courts/default/2024-11/fl350v.pdf,secured-needs-approval
courts/default/2024-11/disc030.pdf,secured-cannot-process
courts/default/2024-11/fl640info.pdf,secured-cannot-process
courts/default/2024-11/care107k.pdf,secured-needs-approval
courts/default/2024-11/jv126.pdf,secured-cannot-process
courts/default/2024-11/ea320c.pdf,secured-needs-approval
courts/default/2024-11/gc042ma.pdf,secured-cannot-process
courts/default/2024-11/dv400info.pdf,secured-cannot-process
courts/default/2024-11/jv640.pdf,secured-cannot-process
courts/default/2024-11/int110.pdf,secured-needs-approval
courts/default/2024-11/fw008.pdf,secured-cannot-process
courts/default/2024-11/fl280s.pdf,secured-cannot-process
courts/default/2024-11/dv160infos.pdf,secured-needs-approval
courts/default/2024-11/gc150.pdf,secured-cannot-process
courts/default/2024-11/jv132.pdf,secured-cannot-process
courts/default/2024-11/dv130t.pdf,secured-needs-approval
courts/default/2024-11/fw020.pdf,secured-cannot-process
courts/default/2024-11/dv901v.pdf,secured-cannot-process
courts/default/2024-11/subp025.pdf,secured-cannot-process
courts/default/2024-11/ch716c.pdf,secured-cannot-process
courts/default/2024-11/dv130c.pdf,secured-needs-approval
courts/default/2024-11/pldc0011.pdf,secured-cannot-process
courts/default/2024-11/dv900s.pdf,secured-needs-approval
courts/default/2024-11/dv630k.pdf,secured-needs-approval
courts/default/2024-11/subp030.pdf,secured-cannot-process
courts/default/2024-11/fw003gc.pdf,secured-cannot-process
courts/default/2024-11/jv257s.pdf,secured-cannot-process
courts/default/2024-11/gc207infos.pdf,secured-needs-approval
courts/default/2024-11/jv133.pdf,secured-cannot-process
courts/default/2024-11/jv127.pdf,secured-cannot-process
courts/default/2024-11/gv110.pdf,secured-cannot-process
courts/default/2024-11/dv700v.pdf,secured-needs-approval
courts/default/2024-11/fl478infos.pdf,secured-cannot-process
courts/default/2024-11/jv258k.pdf,secured-needs-approval
courts/default/2024-11/jv682.pdf,secured-cannot-process
courts/default/2024-11/jv200s.pdf,secured-cannot-process
courts/default/2024-11/ch178.pdf,secured-cannot-process
courts/default/2024-11/dv105ak.pdf,secured-needs-approval
courts/default/2024-11/fl273.pdf,secured-cannot-process
courts/default/2024-11/cr222.pdf,secured-cannot-process
courts/default/2024-11/jv457.pdf,secured-cannot-process
courts/default/2024-11/jv443.pdf,secured-cannot-process
courts/default/2024-11/ch115infos.pdf,secured-needs-approval
courts/default/2024-11/jv325.pdf,secured-cannot-process
courts/default/2024-11/sc222.pdf,secured-cannot-process
courts/default/2024-11/sc300info.pdf,secured-cannot-process
courts/default/2024-11/fl110a.pdf,secured-needs-approval
courts/default/2024-11/fl306s.pdf,secured-cannot-process
courts/default/2024-11/adopt216.pdf,secured-cannot-process
courts/default/2024-11/jv129s.pdf,secured-cannot-process
courts/default/2024-11/fl110v.pdf,secured-needs-approval
courts/default/2024-11/gc210pv.pdf,secured-needs-approval
courts/default/2024-11/de150.pdf,secured-cannot-process
courts/default/2024-11/gv115c.pdf,secured-cannot-process
courts/default/2024-11/ch110c.pdf,secured-needs-approval
courts/default/2024-11/cr418.pdf,secured-cannot-process
courts/default/2024-11/cr115v.pdf,secured-needs-approval
courts/default/2024-11/fl307.pdf,secured-cannot-process
courts/default/2024-11/jv245.pdf,secured-cannot-process
courts/default/2024-11/fl461.pdf,secured-cannot-process
courts/default/2024-11/cr430.pdf,secured-cannot-process
courts/default/2024-11/fl475.pdf,secured-cannot-process
courts/default/2024-11/jv537.pdf,secured-cannot-process
courts/default/2024-11/jv251.pdf,secured-cannot-process
courts/default/2024-11/fl940v.pdf,secured-cannot-process
courts/default/2024-11/jv580s.pdf,secured-cannot-process
courts/default/2024-11/app109info.pdf,secured-cannot-process
courts/default/2024-11/gv200infos.pdf,secured-needs-approval
courts/default/2024-11/ra020.pdf,secured-cannot-process
courts/default/2024-11/vl120.pdf,secured-cannot-process
courts/default/2024-11/jv915info.pdf,secured-needs-approval
courts/default/2024-11/mc052.pdf,secured-cannot-process
courts/default/2024-11/dv108k.pdf,secured-needs-approval
courts/default/2024-11/ej110.pdf,secured-cannot-process
courts/default/2024-11/cr180s.pdf,secured-needs-approval
courts/default/2024-11/dv400.pdf,secured-cannot-process
courts/default/2024-11/care115.pdf,secured-cannot-process
courts/default/2024-11/jv611s.pdf,secured-cannot-process
courts/default/2024-11/la450v.pdf,secured-needs-approval
courts/default/2024-11/care101.pdf,secured-cannot-process
courts/default/2024-11/fl663.pdf,secured-cannot-process
courts/default/2024-11/dv716v.pdf,secured-needs-approval
courts/default/2024-11/ch130v.pdf,secured-needs-approval
courts/default/2024-11/ejt001info.pdf,secured-cannot-process
courts/default/2024-11/fl105.pdf,secured-cannot-process
courts/default/2024-11/pos030d.pdf,secured-cannot-process
courts/default/2024-11/la450a.pdf,secured-needs-approval
courts/default/2024-11/jv735.pdf,secured-cannot-process
courts/default/2024-11/fl677.pdf,secured-cannot-process
courts/default/2024-11/sh001.pdf,secured-cannot-process
courts/default/2024-11/sc140.pdf,secured-cannot-process
courts/default/2024-11/sv115.pdf,secured-cannot-process
courts/default/2024-11/fl688.pdf,secured-cannot-process
courts/default/2024-11/gc207info.pdf,secured-needs-approval
courts/default/2024-11/dv170.pdf,secured-cannot-process
courts/default/2024-11/at150.pdf,secured-cannot-process
courts/default/2024-11/gv620s.pdf,secured-needs-approval
courts/default/2024-11/ea800infoc.pdf,secured-needs-approval
courts/default/2024-11/cr183.pdf,secured-cannot-process
courts/default/2024-11/de226.pdf,secured-cannot-process
courts/default/2024-11/bmd002a.pdf,secured-cannot-process
courts/default/2024-11/cr181.pdf,secured-cannot-process
courts/default/2024-11/dv600.pdf,secured-cannot-process
courts/default/2024-11/fl625s.pdf,secured-cannot-process
courts/default/2024-11/sum200a.pdf,secured-cannot-process
courts/default/2024-11/fl661.pdf,secured-cannot-process
courts/default/2024-11/fl675.pdf,secured-cannot-process
courts/default/2024-11/nc420.pdf,secured-cannot-process
courts/default/2024-11/gv700.pdf,secured-cannot-process
courts/default/2024-11/cr142.pdf,secured-cannot-process
courts/default/2024-11/ch130c.pdf,secured-needs-approval
courts/default/2024-11/care103.pdf,secured-cannot-process
courts/default/2024-11/app009.pdf,secured-cannot-process
courts/default/2024-11/ra015k.pdf,secured-needs-approval
courts/default/2024-11/jv535a.pdf,secured-cannot-process
courts/default/2024-11/fl940c.pdf,secured-cannot-process
courts/default/2024-11/gv250s.pdf,secured-needs-approval
courts/default/2024-11/hc101.pdf,secured-cannot-process
courts/default/2024-11/fw011s.pdf,secured-cannot-process
courts/default/2024-11/mc050.pdf,secured-cannot-process
courts/default/2024-11/jv290.pdf,secured-cannot-process
courts/default/2024-11/gc400e1.pdf,secured-cannot-process
courts/default/2024-11/gdc001s.pdf,secured-cannot-process
courts/default/2024-11/cr432.pdf,secured-cannot-process
courts/default/2024-11/ch110v.pdf,secured-needs-approval
courts/default/2024-11/nc150.pdf,secured-cannot-process
courts/default/2024-11/ch165k.pdf,secured-needs-approval
courts/default/2024-11/mil010.pdf,secured-cannot-process
courts/default/2024-11/fl305.pdf,secured-cannot-process
courts/default/2024-11/jv247.pdf,secured-cannot-process
courts/default/2024-11/fl311.pdf,secured-cannot-process
courts/default/2024-11/jv253.pdf,secured-cannot-process
courts/default/2024-11/cr115c.pdf,secured-needs-approval
courts/default/2024-11/dv170s.pdf,secured-needs-approval
courts/default/2024-11/cr426.pdf,secured-cannot-process
courts/default/2024-11/jv535.pdf,secured-cannot-process
courts/default/2024-11/cr117k.pdf,secured-needs-approval
courts/default/2024-11/fw007s.pdf,secured-cannot-process
courts/default/2024-11/fl318info.pdf,secured-cannot-process
courts/default/2024-11/dv210.pdf,secured-cannot-process
courts/default/2024-11/dv700infok.pdf,secured-needs-approval
courts/default/2024-11/sc220.pdf,secured-cannot-process
courts/default/2024-11/gc210pc.pdf,secured-cannot-process
courts/default/2024-11/fl110c.pdf,secured-cannot-process
courts/default/2024-11/jv455.pdf,secured-cannot-process
courts/default/2024-11/jv298s.pdf,secured-cannot-process
courts/default/2024-11/ch620.pdf,secured-cannot-process
courts/default/2024-11/cr220.pdf,secured-cannot-process
courts/default/2024-11/jv327.pdf,secured-cannot-process
courts/default/2024-11/fl684k.pdf,secured-needs-approval
courts/default/2024-11/dv720v.pdf,secured-needs-approval
courts/default/2024-11/jv441.pdf,secured-cannot-process
courts/default/2024-11/civ141.pdf,secured-cannot-process
courts/default/2024-11/ea115k.pdf,secured-cannot-process
courts/default/2024-11/jv469.pdf,secured-cannot-process
courts/default/2024-11/fw001gc.pdf,secured-cannot-process
courts/default/2024-11/ej130c.pdf,secured-needs-approval
courts/default/2024-11/jv680.pdf,secured-cannot-process
courts/default/2024-11/de350.pdf,secured-cannot-process
courts/default/2024-11/jv060infos.pdf,secured-needs-approval
courts/default/2024-11/fl130a.pdf,secured-cannot-process
courts/default/2024-11/jv131.pdf,secured-cannot-process
courts/default/2024-11/jv735s.pdf,secured-needs-approval
courts/default/2024-11/jv535infos.pdf,secured-needs-approval
courts/default/2024-11/jv365s.pdf,secured-needs-approval
courts/default/2024-11/jv125.pdf,secured-cannot-process
courts/default/2024-11/pldc0012.pdf,secured-cannot-process
courts/default/2024-11/cm200.pdf,secured-cannot-process
courts/default/2024-11/rec001r.pdf,secured-cannot-process
courts/default/2024-11/fl478info.pdf,secured-cannot-process
courts/default/2024-11/dv400infos.pdf,secured-cannot-process
courts/default/2024-11/pldc0013.pdf,secured-cannot-process
courts/default/2024-11/dv901c.pdf,secured-cannot-process
courts/default/2024-11/jv642.pdf,secured-cannot-process
courts/default/2024-11/jv124.pdf,secured-cannot-process
courts/default/2024-11/dv145k.pdf,secured-needs-approval
courts/default/2024-11/fl327a.pdf,secured-cannot-process
courts/default/2024-11/dv115info.pdf,secured-cannot-process
courts/default/2024-11/sv710.pdf,secured-cannot-process
courts/default/2024-11/fl350c.pdf,secured-needs-approval
courts/default/2024-11/de351.pdf,secured-cannot-process
courts/default/2024-11/jv681.pdf,secured-cannot-process
courts/default/2024-11/fl676info.pdf,secured-cannot-process
courts/default/2024-11/ea330.pdf,secured-cannot-process
courts/default/2024-11/fl350t.pdf,secured-needs-approval
courts/default/2024-11/jv468.pdf,secured-cannot-process
courts/default/2024-11/ra020s.pdf,secured-needs-approval
courts/default/2024-11/dv110c.pdf,secured-needs-approval
courts/default/2024-11/jv299v.pdf,secured-cannot-process
courts/default/2024-11/dv112k.pdf,secured-needs-approval
courts/default/2024-11/dv520infoc.pdf,secured-needs-approval
courts/default/2024-11/jv326.pdf,secured-cannot-process
courts/default/2024-11/fl341ds.pdf,secured-cannot-process
courts/default/2024-11/ea300c.pdf,secured-needs-approval
courts/default/2024-11/jv826s.pdf,secured-cannot-process
courts/default/2024-11/civ140.pdf,secured-cannot-process
courts/default/2024-11/jv440.pdf,secured-cannot-process
courts/default/2024-11/gc505s.pdf,secured-cannot-process
courts/default/2024-11/fl640infov.pdf,secured-needs-approval
courts/default/2024-11/jv575s.pdf,secured-cannot-process
courts/default/2024-11/gc350.pdf,secured-cannot-process
courts/default/2024-11/fl270.pdf,secured-cannot-process
courts/default/2024-11/jv125s.pdf,secured-cannot-process
courts/default/2024-11/cr221.pdf,secured-cannot-process
courts/default/2024-11/dv110t.pdf,secured-needs-approval
courts/default/2024-11/fl235v.pdf,secured-needs-approval
courts/default/2024-11/sv260.pdf,secured-cannot-process
courts/default/2024-11/fl314infov.pdf,secured-needs-approval
courts/default/2024-11/sc221.pdf,secured-cannot-process
courts/default/2024-11/int300v.pdf,secured-needs-approval
courts/default/2024-11/gc341ma.pdf,secured-cannot-process
courts/default/2024-11/de147.pdf,secured-cannot-process
courts/default/2024-11/mc125.pdf,secured-cannot-process
courts/default/2024-11/fl305k.pdf,secured-needs-approval
courts/default/2024-11/adopt215.pdf,secured-cannot-process
courts/default/2024-11/jv260v.pdf,secured-needs-approval
courts/default/2024-11/dv805c.pdf,secured-needs-approval
courts/default/2024-11/gc080ma.pdf,secured-cannot-process
courts/default/2024-11/fl338.pdf,secured-cannot-process
courts/default/2024-11/fl310.pdf,secured-cannot-process
courts/default/2024-11/jv520.pdf,secured-cannot-process
courts/default/2024-11/ea316c.pdf,secured-needs-approval
courts/default/2024-11/gc224.pdf,secured-cannot-process
courts/default/2024-11/fl192c.pdf,secured-needs-approval
courts/default/2024-11/wv730.pdf,secured-cannot-process
courts/default/2024-11/cd190.pdf,secured-cannot-process
courts/default/2024-11/ch100info.pdf,secured-cannot-process
courts/default/2024-11/de111a3e.pdf,secured-cannot-process
courts/default/2024-11/ea200info.pdf,secured-cannot-process
courts/default/2024-11/hc100.pdf,secured-cannot-process
courts/default/2024-11/mc051.pdf,secured-cannot-process
courts/default/2024-11/ea720.pdf,secured-cannot-process
courts/default/2024-11/jv285.pdf,secured-cannot-process
courts/default/2024-11/app008.pdf,secured-cannot-process
courts/default/2024-11/ea120s.pdf,secured-needs-approval
courts/default/2024-11/pos030p.pdf,secured-cannot-process
courts/default/2024-11/care116.pdf,secured-cannot-process
courts/default/2024-11/adopt050infok.pdf,secured-needs-approval
courts/default/2024-11/cr143.pdf,secured-cannot-process
courts/default/2024-11/ch700v.pdf,secured-needs-approval
courts/default/2024-11/gv715.pdf,secured-cannot-process
courts/default/2024-11/app020.pdf,secured-cannot-process
courts/default/2024-11/fl660.pdf,secured-cannot-process
courts/default/2024-11/sv116.pdf,secured-cannot-process
courts/default/2024-11/ejt020.pdf,secured-cannot-process
courts/default/2024-11/cr409infoc.pdf,secured-cannot-process
courts/default/2024-11/ea250.pdf,secured-cannot-process
courts/default/2024-11/cr180.pdf,secured-cannot-process
courts/default/2024-11/ea115infoc.pdf,secured-cannot-process
courts/default/2024-11/gv620c.pdf,secured-cannot-process
courts/default/2024-11/fl625v.pdf,secured-needs-approval
courts/default/2024-11/ea800infos.pdf,secured-needs-approval
courts/default/2024-11/wv250.pdf,secured-cannot-process
courts/default/2024-11/jv915.pdf,secured-cannot-process
courts/default/2024-11/dv177.pdf,secured-cannot-process
courts/default/2024-11/cr190.pdf,secured-cannot-process
courts/default/2024-11/ejt018.pdf,secured-cannot-process
courts/default/2024-11/cr184.pdf,secured-cannot-process
courts/default/2024-11/de221.pdf,secured-cannot-process
courts/default/2024-11/care106.pdf,secured-cannot-process
courts/default/2024-11/sc500info.pdf,secured-cannot-process
courts/default/2024-11/gc022.pdf,secured-cannot-process
courts/default/2024-11/jv535s.pdf,secured-needs-approval
courts/default/2024-11/dv200infok.pdf,secured-cannot-process
courts/default/2024-11/fl670.pdf,secured-cannot-process
courts/default/2024-11/at180.pdf,secured-cannot-process
courts/default/2024-11/gc400d.pdf,secured-cannot-process
courts/default/2024-11/la450f.pdf,secured-needs-approval
courts/default/2024-11/nc425.pdf,secured-cannot-process
courts/default/2024-11/gdc001v.pdf,secured-needs-approval
courts/default/2024-11/wv720.pdf,secured-cannot-process
courts/default/2024-11/cd180.pdf,secured-cannot-process
courts/default/2024-11/jv281.pdf,secured-cannot-process
courts/default/2024-11/gv250v.pdf,secured-needs-approval
courts/default/2024-11/gv200infoc.pdf,secured-needs-approval
courts/default/2024-11/icwa005info.pdf,secured-cannot-process
courts/default/2024-11/ea730.pdf,secured-cannot-process
courts/default/2024-11/jv295.pdf,secured-cannot-process
courts/default/2024-11/mc013info.pdf,secured-cannot-process
courts/default/2024-11/tr320.pdf,secured-cannot-process
courts/default/2024-11/fl328.pdf,secured-needs-approval
courts/default/2024-11/mil015.pdf,secured-cannot-process
courts/default/2024-11/gc220.pdf,secured-cannot-process
courts/default/2024-11/ch110s.pdf,secured-needs-approval
courts/default/2024-11/dv170v.pdf,secured-needs-approval
courts/default/2024-11/jv530.pdf,secured-cannot-process
courts/default/2024-11/fl611k.pdf,secured-needs-approval
courts/default/2024-11/sc225.pdf,secured-cannot-process
courts/default/2024-11/md100.pdf,secured-cannot-process
courts/default/2024-11/jv060info.pdf,secured-needs-approval
courts/default/2024-11/gv115s.pdf,secured-needs-approval
courts/default/2024-11/de157.pdf,secured-cannot-process
courts/default/2024-11/int300r.pdf,secured-needs-approval
courts/default/2024-11/adopt205.pdf,secured-cannot-process
courts/default/2024-11/gc368.pdf,secured-cannot-process
courts/default/2024-11/ch115infoc.pdf,secured-cannot-process
courts/default/2024-11/fl341es.pdf,secured-cannot-process
courts/default/2024-11/cr225.pdf,secured-cannot-process
courts/default/2024-11/fl274.pdf,secured-cannot-process
courts/default/2024-11/jv450.pdf,secured-cannot-process
courts/default/2024-11/civ150.pdf,secured-cannot-process
courts/default/2024-11/gc340.pdf,secured-cannot-process
courts/default/2024-11/fl260.pdf,secured-cannot-process
courts/default/2024-11/jv124s.pdf,secured-cannot-process
courts/default/2024-11/jv322.pdf,secured-cannot-process
courts/default/2024-11/jv060infov.pdf,secured-needs-approval
courts/default/2024-11/sum130k.pdf,secured-cannot-process
courts/default/2024-11/fl478infot.pdf,secured-cannot-process
courts/default/2024-11/jv290infok.pdf,secured-needs-approval
courts/default/2024-11/sv700.pdf,secured-cannot-process
courts/default/2024-11/gc079ma.pdf,secured-cannot-process
courts/default/2024-11/jv060infoa.pdf,secured-needs-approval
courts/default/2024-11/ea320.pdf,secured-cannot-process
courts/default/2024-11/fl107info.pdf,secured-cannot-process
courts/default/2024-11/jv255k.pdf,secured-needs-approval
courts/default/2024-11/dv900c.pdf,secured-needs-approval
courts/default/2024-11/jv220a.pdf,secured-cannot-process
courts/default/2024-11/jv134.pdf,secured-cannot-process
courts/default/2024-11/jv257c.pdf,secured-needs-approval
courts/default/2024-11/jv120.pdf,secured-cannot-process
courts/default/2024-11/jv121.pdf,secured-cannot-process
courts/default/2024-11/fl328k.pdf,secured-needs-approval
courts/default/2024-11/gv116.pdf,secured-cannot-process
courts/default/2024-11/pos050d.pdf,secured-cannot-process
courts/default/2024-11/app151.pdf,secured-cannot-process
courts/default/2024-11/jv364s.pdf,secured-needs-approval
courts/default/2024-11/dv130s.pdf,secured-needs-approval
courts/default/2024-11/jv135.pdf,secured-cannot-process
courts/default/2024-11/dv400infov.pdf,secured-needs-approval
courts/default/2024-11/fl327s.pdf,secured-needs-approval
courts/default/2024-11/ea115info.pdf,secured-cannot-process
courts/default/2024-11/jv690.pdf,secured-cannot-process
courts/default/2024-11/ch205info.pdf,secured-needs-approval
courts/default/2024-11/fl936.pdf,secured-cannot-process
courts/default/2024-11/ea309.pdf,secured-cannot-process
courts/default/2024-11/sv715.pdf,secured-cannot-process
courts/default/2024-11/jv445.pdf,secured-cannot-process
courts/default/2024-11/jv299s.pdf,secured-cannot-process
courts/default/2024-11/ch630.pdf,secured-cannot-process
courts/default/2024-11/jv323.pdf,secured-cannot-process
courts/default/2024-11/gc341.pdf,secured-cannot-process
courts/default/2024-11/gc355.pdf,secured-cannot-process
courts/default/2024-11/cr224.pdf,secured-cannot-process
courts/default/2024-11/nc130g.pdf,secured-cannot-process
courts/default/2024-11/ch800infov.pdf,secured-needs-approval
courts/default/2024-11/ea116c.pdf,secured-needs-approval
courts/default/2024-11/civ151.pdf,secured-cannot-process
courts/default/2024-11/jv451.pdf,secured-cannot-process
courts/default/2024-11/jv270infov.pdf,secured-needs-approval
courts/default/2024-11/jv479.pdf,secured-cannot-process
courts/default/2024-11/ch170c.pdf,secured-needs-approval
courts/default/2024-11/ra020v.pdf,secured-needs-approval
courts/default/2024-11/int300s.pdf,secured-needs-approval
courts/default/2024-11/mc120.pdf,secured-cannot-process
courts/default/2024-11/fw006s.pdf,secured-cannot-process
courts/default/2024-11/de142.pdf,secured-cannot-process
courts/default/2024-11/dv200.pdf,secured-cannot-process
courts/default/2024-11/fl314infos.pdf,secured-cannot-process
courts/default/2024-11/app101info.pdf,secured-cannot-process
courts/default/2024-11/sc224.pdf,secured-cannot-process
courts/default/2024-11/jv050infoh.pdf,secured-cannot-process
courts/default/2024-11/jv531.pdf,secured-cannot-process
courts/default/2024-11/ea100c.pdf,secured-needs-approval
courts/default/2024-11/jv257.pdf,secured-cannot-process
courts/default/2024-11/sc200infos.pdf,secured-needs-approval
courts/default/2024-11/jv525.pdf,secured-cannot-process
courts/default/2024-11/civ025.pdf,secured-cannot-process
courts/default/2024-11/fl329.pdf,secured-cannot-process
courts/default/2024-11/tr321.pdf,secured-cannot-process
courts/default/2024-11/gc210s.pdf,secured-needs-approval
courts/default/2024-11/gv120info.pdf,secured-cannot-process
courts/default/2024-11/fw010s.pdf,secured-cannot-process
courts/default/2024-11/mc040.pdf,secured-cannot-process
courts/default/2024-11/la450.pdf,secured-cannot-process
courts/default/2024-11/jv280.pdf,secured-cannot-process
courts/default/2024-11/gv030c.pdf,secured-needs-approval
courts/default/2024-11/fl410k.pdf,secured-needs-approval
courts/default/2024-11/dv200info.pdf,secured-cannot-process
courts/default/2024-11/fl117.pdf,secured-cannot-process
courts/default/2024-11/ch700s.pdf,secured-needs-approval
courts/default/2024-11/jv733.pdf,secured-cannot-process
courts/default/2024-11/app025.pdf,secured-cannot-process
courts/default/2024-11/fl665.pdf,secured-cannot-process
courts/default/2024-11/gv710.pdf,secured-cannot-process
courts/default/2024-11/fw005gc.pdf,secured-cannot-process
courts/default/2024-11/ea120infos.pdf,secured-needs-approval
courts/default/2024-11/dv200k.pdf,secured-needs-approval
courts/default/2024-11/la450p.pdf,secured-needs-approval
courts/default/2024-11/care107.pdf,secured-cannot-process
courts/default/2024-11/cr106info.pdf,secured-cannot-process
courts/default/2024-11/care113.pdf,secured-cannot-process
courts/default/2024-11/cr185.pdf,secured-cannot-process
courts/default/2024-11/dv176.pdf,secured-cannot-process
courts/default/2024-11/cr191.pdf,secured-cannot-process
courts/default/2024-11/fl150t.pdf,secured-cannot-process
courts/default/2024-11/dv610.pdf,secured-cannot-process
courts/default/2024-11/cr141infoc.pdf,secured-needs-approval
courts/default/2024-11/fl274s.pdf,secured-cannot-process
courts/default/2024-11/gc248k.pdf,secured-needs-approval
courts/default/2024-11/sc152.pdf,secured-cannot-process
courts/default/2024-11/fl150c.pdf,secured-cannot-process
courts/default/2024-11/gv800info.pdf,secured-cannot-process
courts/default/2024-11/jv916.pdf,secured-cannot-process
courts/default/2024-11/sc150.pdf,secured-cannot-process
courts/default/2024-11/cr141infov.pdf,secured-needs-approval
courts/default/2024-11/fl840.pdf,secured-cannot-process
courts/default/2024-11/dv160.pdf,secured-cannot-process
courts/default/2024-11/at140.pdf,secured-cannot-process
courts/default/2024-11/cr187.pdf,secured-cannot-process
courts/default/2024-11/cr409infos.pdf,secured-needs-approval
courts/default/2024-11/jv539s.pdf,secured-cannot-process
courts/default/2024-11/mc600a.pdf,secured-cannot-process
courts/default/2024-11/fl150v.pdf,secured-cannot-process
courts/default/2024-11/bmd003a.pdf,secured-cannot-process
courts/default/2024-11/care105.pdf,secured-cannot-process
courts/default/2024-11/la450r.pdf,secured-needs-approval
courts/default/2024-11/jv610s.pdf,secured-cannot-process
courts/default/2024-11/care111.pdf,secured-cannot-process
courts/default/2024-11/gc400g.pdf,secured-cannot-process
courts/default/2024-11/ea120c.pdf,secured-needs-approval
courts/default/2024-11/efs005jv.pdf,secured-cannot-process
courts/default/2024-11/ud120.pdf,secured-cannot-process
courts/default/2024-11/cr144.pdf,secured-cannot-process
courts/default/2024-11/gc035.pdf,secured-cannot-process
courts/default/2024-11/fl115.pdf,secured-cannot-process
courts/default/2024-11/cr150.pdf,secured-cannot-process
courts/default/2024-11/jv755s.pdf,secured-cannot-process
courts/default/2024-11/gc021.pdf,secured-cannot-process
courts/default/2024-11/jv305s.pdf,secured-cannot-process
courts/default/2024-11/fl667.pdf,secured-cannot-process
courts/default/2024-11/efs008.pdf,secured-cannot-process
courts/default/2024-11/ra030.pdf,secured-cannot-process
courts/default/2024-11/dv109k.pdf,secured-needs-approval
courts/default/2024-11/em109.pdf,secured-cannot-process
courts/default/2024-11/jv296.pdf,secured-cannot-process
courts/default/2024-11/fl300info.pdf,secured-cannot-process
courts/default/2024-11/ej100.pdf,secured-cannot-process
courts/default/2024-11/gv030v.pdf,secured-needs-approval
courts/default/2024-11/cr181s.pdf,secured-needs-approval
courts/default/2024-11/fl311s.pdf,secured-needs-approval
courts/default/2024-11/care050info.pdf,secured-cannot-process
courts/default/2024-11/jv282.pdf,secured-cannot-process
courts/default/2024-11/efs020.pdf,secured-cannot-process
courts/default/2024-11/cd140.pdf,secured-cannot-process
courts/default/2024-11/fw007gc.pdf,secured-cannot-process
courts/default/2024-11/fl192s.pdf,secured-needs-approval
courts/default/2024-11/jv255.pdf,secured-cannot-process
courts/default/2024-11/dv805s.pdf,secured-needs-approval
courts/default/2024-11/fl303.pdf,secured-cannot-process
courts/default/2024-11/int300f.pdf,secured-needs-approval
courts/default/2024-11/gc210pe.pdf,secured-cannot-process
courts/default/2024-11/ea109.pdf,secured-cannot-process
courts/default/2024-11/nc400infov.pdf,secured-needs-approval
courts/default/2024-11/dv570.pdf,secured-cannot-process
courts/default/2024-11/gc380.pdf,secured-cannot-process
courts/default/2024-11/adopt206.pdf,secured-cannot-process
courts/default/2024-11/jv128s.pdf,secured-cannot-process
courts/default/2024-11/pldc010.pdf,secured-cannot-process
courts/default/2024-11/de154.pdf,secured-cannot-process
courts/default/2024-11/wv115info.pdf,secured-cannot-process
courts/default/2024-11/de140.pdf,secured-cannot-process
courts/default/2024-11/fl320infos.pdf,secured-needs-approval
courts/default/2024-11/dv520infos.pdf,secured-needs-approval
courts/default/2024-11/cm010.pdf,secured-cannot-process
courts/default/2024-11/ch800infoc.pdf,secured-needs-approval
courts/default/2024-11/fw001infok.pdf,secured-cannot-process
courts/default/2024-11/jv321.pdf,secured-cannot-process
courts/default/2024-11/ch170v.pdf,secured-needs-approval
courts/default/2024-11/civ153.pdf,secured-cannot-process
courts/default/2024-11/ra020c.pdf,secured-needs-approval
courts/default/2024-11/cr226.pdf,secured-cannot-process
courts/default/2024-11/jv190s.pdf,secured-cannot-process
courts/default/2024-11/fl920.pdf,secured-cannot-process
courts/default/2024-11/gc405och.pdf,secured-cannot-process
courts/default/2024-11/jv259k.pdf,secured-needs-approval
courts/default/2024-11/jv692.pdf,secured-cannot-process
courts/default/2024-11/fl350s.pdf,secured-needs-approval
courts/default/2024-11/dv901s.pdf,secured-cannot-process
courts/default/2024-11/subp020.pdf,secured-cannot-process
courts/default/2024-11/app016gc.pdf,secured-cannot-process
courts/default/2024-11/mil412.pdf,secured-cannot-process
courts/default/2024-11/jv123.pdf,secured-cannot-process
courts/default/2024-11/gc141.pdf,secured-cannot-process
courts/default/2024-11/dv400infoc.pdf,secured-needs-approval
courts/default/2024-11/nc110g.pdf,secured-cannot-process
courts/default/2024-11/gv100.pdf,secured-cannot-process
courts/default/2024-11/jv220b.pdf,secured-cannot-process
courts/default/2024-11/pos030.pdf,secured-cannot-process
courts/default/2024-11/ch715k.pdf,secured-cannot-process
courts/default/2024-11/jv136.pdf,secured-cannot-process
courts/default/2024-11/dv830k.pdf,secured-needs-approval
courts/default/2024-11/gv115.pdf,secured-cannot-process
courts/default/2024-11/jv644.pdf,secured-cannot-process
courts/default/2024-11/fl281s.pdf,secured-cannot-process
courts/default/2024-11/gc140.pdf,secured-cannot-process
courts/default/2024-11/jv122.pdf,secured-cannot-process
courts/default/2024-11/dv900v.pdf,secured-needs-approval
courts/default/2024-11/subp035.pdf,secured-cannot-process
courts/default/2024-11/jv678.pdf,secured-cannot-process
courts/default/2024-11/pos050p.pdf,secured-cannot-process
courts/default/2024-11/jv257v.pdf,secured-needs-approval
courts/default/2024-11/rec002n.pdf,secured-cannot-process
courts/default/2024-11/ch200k.pdf,secured-needs-approval
courts/default/2024-11/sum130.pdf,secured-cannot-process
courts/default/2024-11/jv060infoc.pdf,secured-needs-approval
courts/default/2024-11/disc020.pdf,secured-cannot-process
courts/default/2024-11/sv716.pdf,secured-cannot-process
courts/default/2024-11/fl935.pdf,secured-cannot-process
courts/default/2024-11/ej130s.pdf,secured-needs-approval
courts/default/2024-11/civ152.pdf,secured-cannot-process
courts/default/2024-11/fl510.pdf,secured-cannot-process
courts/default/2024-11/fl276.pdf,secured-cannot-process
courts/default/2024-11/jv320.pdf,secured-cannot-process
courts/default/2024-11/fl490v.pdf,secured-needs-approval
courts/default/2024-11/jv446.pdf,secured-cannot-process
courts/default/2024-11/ch115infov.pdf,secured-needs-approval
courts/default/2024-11/jv330k.pdf,secured-needs-approval
courts/default/2024-11/th130.pdf,secured-cannot-process
courts/default/2024-11/gc335a.pdf,secured-cannot-process
courts/default/2024-11/cm011.pdf,secured-cannot-process
courts/default/2024-11/gc395.pdf,secured-cannot-process
courts/default/2024-11/int300p.pdf,secured-needs-approval
courts/default/2024-11/ea120.pdf,secured-cannot-process
courts/default/2024-11/gc210ps.pdf,secured-needs-approval
courts/default/2024-11/ch800.pdf,secured-cannot-process
courts/default/2024-11/jv050infok.pdf,secured-cannot-process
courts/default/2024-11/jv326infos.pdf,secured-needs-approval
courts/default/2024-11/fl666k.pdf,secured-needs-approval
courts/default/2024-11/app009e.pdf,secured-cannot-process
courts/default/2024-11/fl302.pdf,secured-cannot-process
courts/default/2024-11/jv240.pdf,secured-cannot-process
courts/default/2024-11/fl316.pdf,secured-cannot-process
courts/default/2024-11/fl470.pdf,secured-cannot-process
courts/default/2024-11/gc210p.pdf,secured-cannot-process
courts/default/2024-11/jv268.pdf,secured-cannot-process
courts/default/2024-11/cr115s.pdf,secured-needs-approval
courts/default/2024-11/dv170c.pdf,secured-needs-approval
courts/default/2024-11/ej115.pdf,secured-cannot-process
courts/default/2024-11/jv352info.pdf,secured-needs-approval
courts/default/2024-11/jv297.pdf,secured-cannot-process
courts/default/2024-11/gc206info.pdf,secured-needs-approval
courts/default/2024-11/fl940s.pdf,secured-cannot-process
courts/default/2024-11/gv250c.pdf,secured-needs-approval
courts/default/2024-11/gv200infov.pdf,secured-needs-approval
courts/default/2024-11/ra025.pdf,secured-cannot-process
courts/default/2024-11/vl125.pdf,secured-cannot-process
courts/default/2024-11/fl100.pdf,secured-cannot-process
courts/default/2024-11/gc020.pdf,secured-cannot-process
courts/default/2024-11/cr151.pdf,secured-cannot-process
courts/default/2024-11/fl666.pdf,secured-cannot-process
courts/default/2024-11/gc400f.pdf,secured-cannot-process
courts/default/2024-11/cr145.pdf,secured-cannot-process
courts/default/2024-11/tr108.pdf,secured-needs-approval
courts/default/2024-11/dv125k.pdf,secured-needs-approval
courts/default/2024-11/tr120.pdf,secured-cannot-process
courts/default/2024-11/care110.pdf,secured-cannot-process
courts/default/2024-11/fl278s.pdf,secured-needs-approval
courts/default/2024-11/la450s.pdf,secured-needs-approval
courts/default/2024-11/dv820.pdf,secured-cannot-process
courts/default/2024-11/fl625c.pdf,secured-needs-approval
courts/default/2024-11/dv175.pdf,secured-cannot-process
courts/default/2024-11/at155.pdf,secured-cannot-process
courts/default/2024-11/gc400ocr.pdf,secured-cannot-process
courts/default/2024-11/cr186.pdf,secured-cannot-process
courts/default/2024-11/fl625t.pdf,secured-needs-approval
courts/default/2024-11/fw015info.pdf,secured-cannot-process
courts/default/2024-11/care110k.pdf,secured-needs-approval
courts/default/2024-11/sv110.pdf,secured-cannot-process
courts/default/2024-11/jv917.pdf,secured-cannot-process
courts/default/2024-11/sc145.pdf,secured-cannot-process
courts/default/2024-11/sv109.pdf,secured-cannot-process
courts/default/2024-11/fl694.pdf,secured-cannot-process
courts/default/2024-11/gc400och.pdf,secured-cannot-process
courts/default/2024-11/at170.pdf,secured-cannot-process
courts/default/2024-11/fl680.pdf,secured-cannot-process
courts/default/2024-11/sh035.pdf,secured-cannot-process
courts/default/2024-11/ejt003.pdf,secured-cannot-process
courts/default/2024-11/epo001.pdf,secured-cannot-process
courts/default/2024-11/dv178.pdf,secured-cannot-process
courts/default/2024-11/sc100infos.pdf,secured-needs-approval
courts/default/2024-11/cr160.pdf,secured-cannot-process
courts/default/2024-11/ud104.pdf,secured-cannot-process
courts/default/2024-11/fl643.pdf,secured-cannot-process
courts/default/2024-11/app003.pdf,secured-cannot-process
courts/default/2024-11/ud110.pdf,secured-cannot-process
courts/default/2024-11/gc005.pdf,secured-cannot-process
courts/default/2024-11/dv805.pdf,secured-cannot-process
courts/default/2024-11/ra015v.pdf,secured-needs-approval
courts/default/2024-11/fl312s.pdf,secured-cannot-process
courts/default/2024-11/efs010.pdf,secured-cannot-process
courts/default/2024-11/ej130.pdf,secured-cannot-process
courts/default/2024-11/vl100.pdf,secured-cannot-process
courts/default/2024-11/gc210apf.pdf,secured-cannot-process
courts/default/2024-11/icwa020.pdf,secured-cannot-process
courts/default/2024-11/dv108c.pdf,secured-needs-approval
courts/default/2024-11/gc310apf.pdf,secured-cannot-process
courts/default/2024-11/cr404.pdf,secured-cannot-process
courts/default/2024-11/fl455.pdf,secured-cannot-process
courts/default/2024-11/ch110k.pdf,secured-needs-approval
courts/default/2024-11/ch165v.pdf,secured-needs-approval
courts/default/2024-11/jv265.pdf,secured-cannot-process
courts/default/2024-11/fl327.pdf,secured-cannot-process
courts/default/2024-11/gc020pa.pdf,secured-cannot-process
courts/default/2024-11/cr410.pdf,secured-cannot-process
courts/default/2024-11/cr117v.pdf,secured-needs-approval
courts/default/2024-11/fl191s.pdf,secured-cannot-process
courts/default/2024-11/jv259.pdf,secured-cannot-process
courts/default/2024-11/cd170.pdf,secured-cannot-process
courts/default/2024-11/fl290.pdf,secured-cannot-process
courts/default/2024-11/nc300info.pdf,secured-cannot-process
courts/default/2024-11/ch109s.pdf,secured-needs-approval
courts/default/2024-11/fl611s.pdf,secured-needs-approval
courts/default/2024-11/wv115.pdf,secured-cannot-process
courts/default/2024-11/gv115k.pdf,secured-cannot-process
courts/default/2024-11/jv463.pdf,secured-cannot-process
courts/default/2024-11/ch170.pdf,secured-cannot-process
courts/default/2024-11/jv305.pdf,secured-cannot-process
courts/default/2024-11/gc367.pdf,secured-cannot-process
courts/default/2024-11/dv105ac.pdf,secured-needs-approval
courts/default/2024-11/fl684v.pdf,secured-needs-approval
courts/default/2024-11/jv477.pdf,secured-cannot-process
courts/default/2024-11/fw012gc.pdf,secured-cannot-process
courts/default/2024-11/ea115v.pdf,secured-needs-approval
courts/default/2024-11/de120p.pdf,secured-cannot-process
courts/default/2024-11/cm020.pdf,secured-cannot-process
courts/default/2024-11/disc005.pdf,secured-cannot-process
courts/default/2024-11/app031a.pdf,secured-cannot-process
courts/default/2024-11/cr290a.pdf,secured-needs-approval
courts/default/2024-11/jv258c.pdf,secured-needs-approval
courts/default/2024-11/jv290infos.pdf,secured-cannot-process
courts/default/2024-11/sum130s.pdf,secured-needs-approval
courts/default/2024-11/fl910.pdf,secured-cannot-process
courts/default/2024-11/gv130.pdf,secured-cannot-process
courts/default/2024-11/dv630c.pdf,secured-needs-approval
courts/default/2024-11/jv310s.pdf,secured-needs-approval
courts/default/2024-11/jv740s.pdf,secured-cannot-process
courts/default/2024-11/fw001.pdf,secured-cannot-process
courts/default/2024-11/subp010.pdf,secured-cannot-process
courts/default/2024-11/rec001n.pdf,secured-cannot-process
courts/default/2024-11/tr200v.pdf,secured-needs-approval
courts/default/2024-11/gv125.pdf,secured-cannot-process
courts/default/2024-11/mc350ex.pdf,secured-cannot-process
courts/default/2024-11/jv674.pdf,secured-cannot-process
courts/default/2024-11/pos015.pdf,secured-cannot-process
courts/default/2024-11/dv130k.pdf,secured-needs-approval
courts/default/2024-11/dv145v.pdf,secured-needs-approval
courts/default/2024-11/gc405ocr.pdf,secured-cannot-process
courts/default/2024-11/sc100a.pdf,secured-cannot-process
courts/default/2024-11/fl630c.pdf,secured-needs-approval
courts/default/2024-11/disc010.pdf,secured-cannot-process
courts/default/2024-11/fl324p.pdf,secured-cannot-process
courts/default/2024-11/disc004.pdf,secured-cannot-process
courts/default/2024-11/sum100.pdf,secured-cannot-process
courts/default/2024-11/fl144s.pdf,secured-needs-approval
courts/default/2024-11/care107c.pdf,secured-needs-approval
courts/default/2024-11/app150info.pdf,secured-cannot-process
courts/default/2024-11/fw012gcs.pdf,secured-needs-approval
courts/default/2024-11/gc341c.pdf,secured-cannot-process
courts/default/2024-11/th100.pdf,secured-cannot-process
courts/default/2024-11/dv165c.pdf,secured-needs-approval
courts/default/2024-11/jv274c.pdf,secured-needs-approval
courts/default/2024-11/dv112v.pdf,secured-needs-approval
courts/default/2024-11/jv299k.pdf,secured-cannot-process
courts/default/2024-11/dv700info.pdf,secured-cannot-process
courts/default/2024-11/jv310.pdf,secured-cannot-process
courts/default/2024-11/ch165.pdf,secured-cannot-process
courts/default/2024-11/fl685s.pdf,secured-cannot-process
courts/default/2024-11/jv150s.pdf,secured-cannot-process
courts/default/2024-11/fl520.pdf,secured-cannot-process
courts/default/2024-11/jv462.pdf,secured-cannot-process
courts/default/2024-11/gc366.pdf,secured-cannot-process
courts/default/2024-11/wg004c.pdf,secured-cannot-process
courts/default/2024-11/jv500s.pdf,secured-cannot-process
courts/default/2024-11/fl610v.pdf,secured-needs-approval
courts/default/2024-11/fl235k.pdf,secured-needs-approval
courts/default/2024-11/fl314infok.pdf,secured-needs-approval
courts/default/2024-11/gc399.pdf,secured-cannot-process
courts/default/2024-11/mil184.pdf,secured-cannot-process
courts/default/2024-11/int300k.pdf,secured-needs-approval
courts/default/2024-11/jv296s.pdf,secured-cannot-process
courts/default/2024-11/ea110.pdf,secured-cannot-process
courts/default/2024-11/de165.pdf,secured-cannot-process
courts/default/2024-11/fl810s.pdf,secured-needs-approval
courts/default/2024-11/fl305v.pdf,secured-needs-approval
courts/default/2024-11/fl285.pdf,secured-cannot-process
courts/default/2024-11/jv258.pdf,secured-cannot-process
courts/default/2024-11/jv260k.pdf,secured-needs-approval
courts/default/2024-11/gc210k.pdf,secured-cannot-process
courts/default/2024-11/fl326.pdf,secured-cannot-process
courts/default/2024-11/fl440.pdf,secured-cannot-process
courts/default/2024-11/cr405.pdf,secured-cannot-process
courts/default/2024-11/jv270.pdf,secured-cannot-process
courts/default/2024-11/gc212.pdf,secured-cannot-process
courts/default/2024-11/adr200.pdf,secured-cannot-process
courts/default/2024-11/ra015.pdf,secured-cannot-process
courts/default/2024-11/vl115.pdf,secured-cannot-process
courts/default/2024-11/wv100info.pdf,secured-cannot-process
courts/default/2024-11/ej125.pdf,secured-cannot-process
courts/default/2024-11/fl105s.pdf,secured-cannot-process
courts/default/2024-11/jv280s.pdf,secured-cannot-process
courts/default/2024-11/dv200s.pdf,secured-needs-approval
courts/default/2024-11/care120.pdf,secured-cannot-process
courts/default/2024-11/app002.pdf,secured-cannot-process
courts/default/2024-11/jv700.pdf,secured-cannot-process
courts/default/2024-11/adopt050infov.pdf,secured-needs-approval
courts/default/2024-11/ch700k.pdf,secured-cannot-process
courts/default/2024-11/ud105.pdf,secured-cannot-process
courts/default/2024-11/gc010.pdf,secured-cannot-process
courts/default/2024-11/fl130.pdf,secured-cannot-process
courts/default/2024-11/cr161.pdf,secured-cannot-process
courts/default/2024-11/app016.pdf,secured-cannot-process
courts/default/2024-11/sv120.pdf,secured-cannot-process
courts/default/2024-11/gc248s.pdf,secured-cannot-process
courts/default/2024-11/sh020.pdf,secured-cannot-process
courts/default/2024-11/fl626t.pdf,secured-needs-approval
courts/default/2024-11/dv179.pdf,secured-cannot-process
courts/default/2024-11/fl681.pdf,secured-cannot-process
courts/default/2024-11/care111c.pdf,secured-needs-approval
courts/default/2024-11/fl626c.pdf,secured-cannot-process
courts/default/2024-11/dv145.pdf,secured-cannot-process
courts/default/2024-11/at165.pdf,secured-cannot-process
courts/default/2024-11/cr409infok.pdf,secured-cannot-process
courts/default/2024-11/fl683.pdf,secured-cannot-process
courts/default/2024-11/at167.pdf,secured-cannot-process
courts/default/2024-11/fl697.pdf,secured-cannot-process
courts/default/2024-11/fl575s.pdf,secured-cannot-process
courts/default/2024-11/cr188.pdf,secured-cannot-process
courts/default/2024-11/wv260.pdf,secured-cannot-process
courts/default/2024-11/care111v.pdf,secured-needs-approval
courts/default/2024-11/ch200info.pdf,secured-cannot-process
courts/default/2024-11/ea115infok.pdf,secured-cannot-process
courts/default/2024-11/epo002.pdf,secured-cannot-process
courts/default/2024-11/fl626v.pdf,secured-cannot-process
courts/default/2024-11/jv536s.pdf,secured-cannot-process
courts/default/2024-11/gc006.pdf,secured-cannot-process
courts/default/2024-11/fl640.pdf,secured-cannot-process
courts/default/2024-11/app014.pdf,secured-cannot-process
courts/default/2024-11/cr605.pdf,secured-cannot-process
courts/default/2024-11/adopt050infoc.pdf,secured-needs-approval
courts/default/2024-11/tr106.pdf,secured-cannot-process
courts/default/2024-11/efs007.pdf,secured-cannot-process
courts/default/2024-11/ea700.pdf,secured-cannot-process
courts/default/2024-11/fl662info.pdf,secured-cannot-process
courts/default/2024-11/jv299.pdf,secured-cannot-process
courts/default/2024-11/cm180.pdf,secured-cannot-process
courts/default/2024-11/wv710.pdf,secured-cannot-process
courts/default/2024-11/jv218s.pdf,secured-cannot-process
courts/default/2024-11/jv500.pdf,secured-cannot-process
courts/default/2024-11/gc210.pdf,secured-cannot-process
courts/default/2024-11/fl330.pdf,secured-cannot-process
courts/default/2024-11/jv272.pdf,secured-cannot-process
courts/default/2024-11/dv805k.pdf,secured-needs-approval
courts/default/2024-11/tr310.pdf,secured-cannot-process
courts/default/2024-11/fl610c.pdf,secured-needs-approval
courts/default/2024-11/sum300.pdf,secured-cannot-process
courts/default/2024-11/md130.pdf,secured-cannot-process
courts/default/2024-11/sc120a.pdf,secured-cannot-process
courts/default/2024-11/dv205info.pdf,secured-cannot-process
courts/default/2024-11/jv050infor.pdf,secured-needs-approval
courts/default/2024-11/fl305c.pdf,secured-needs-approval
courts/default/2024-11/fl323info.pdf,secured-cannot-process
courts/default/2024-11/jv474.pdf,secured-cannot-process
courts/default/2024-11/gc341v.pdf,secured-needs-approval
courts/default/2024-11/fl308s.pdf,secured-cannot-process
courts/default/2024-11/fw001infos.pdf,secured-needs-approval
courts/default/2024-11/jv127s.pdf,secured-cannot-process
courts/default/2024-11/fl250.pdf,secured-cannot-process
courts/default/2024-11/gc364.pdf,secured-cannot-process
courts/default/2024-11/jv460.pdf,secured-cannot-process
courts/default/2024-11/civ160.pdf,secured-cannot-process
courts/default/2024-11/jv448.pdf,secured-cannot-process
courts/default/2024-11/dv112c.pdf,secured-needs-approval
courts/default/2024-11/jv274v.pdf,secured-needs-approval
courts/default/2024-11/dv520infok.pdf,secured-needs-approval
courts/default/2024-11/fl278.pdf,secured-cannot-process
courts/default/2024-11/wg004v.pdf,secured-needs-approval
courts/default/2024-11/fl350k.pdf,secured-needs-approval
courts/default/2024-11/cr430info.pdf,secured-cannot-process
courts/default/2024-11/fl630v.pdf,secured-needs-approval
courts/default/2024-11/rc210.pdf,secured-cannot-process
courts/default/2024-11/sv730.pdf,secured-cannot-process
courts/default/2024-11/care107v.pdf,secured-needs-approval
courts/default/2024-11/jv110.pdf,secured-cannot-process
courts/default/2024-11/jv520s.pdf,secured-cannot-process
courts/default/2024-11/dv901k.pdf,secured-cannot-process
courts/default/2024-11/fw016.pdf,secured-cannot-process
courts/default/2024-11/mc410info.pdf,secured-cannot-process
courts/default/2024-11/gv009c.pdf,secured-needs-approval
courts/default/2024-11/dv145c.pdf,secured-needs-approval
courts/default/2024-11/fw002.pdf,secured-cannot-process
courts/default/2024-11/dv630v.pdf,secured-needs-approval
courts/default/2024-11/fw003.pdf,secured-cannot-process
courts/default/2024-11/jv222s.pdf,secured-needs-approval
courts/default/2024-11/dv830s.pdf,secured-needs-approval
courts/default/2024-11/fw010gc.pdf,secured-cannot-process
courts/default/2024-11/jv258v.pdf,secured-needs-approval
courts/default/2024-11/fl912.pdf,secured-cannot-process
courts/default/2024-11/jv688.pdf,secured-cannot-process
courts/default/2024-11/sc225a.pdf,secured-cannot-process
courts/default/2024-11/jv625s.pdf,secured-needs-approval
courts/default/2024-11/dv105av.pdf,secured-needs-approval
courts/default/2024-11/gc365.pdf,secured-cannot-process
courts/default/2024-11/ea115c.pdf,secured-cannot-process
courts/default/2024-11/civ161.pdf,secured-cannot-process
courts/default/2024-11/jv461.pdf,secured-cannot-process
courts/default/2024-11/jv475.pdf,secured-cannot-process
courts/default/2024-11/jv330s.pdf,secured-needs-approval
courts/default/2024-11/fl684t.pdf,secured-needs-approval
courts/default/2024-11/ch600.pdf,secured-cannot-process
courts/default/2024-11/cr200.pdf,secured-cannot-process
courts/default/2024-11/jv050infos.pdf,secured-cannot-process
courts/default/2024-11/dv700infoc.pdf,secured-needs-approval
courts/default/2024-11/fl666s.pdf,secured-needs-approval
courts/default/2024-11/sc200.pdf,secured-cannot-process
courts/default/2024-11/fw005s.pdf,secured-needs-approval
courts/default/2024-11/adopt220.pdf,secured-cannot-process
courts/default/2024-11/de172.pdf,secured-cannot-process
courts/default/2024-11/gc210pk.pdf,secured-needs-approval
courts/default/2024-11/fl110k.pdf,secured-needs-approval
courts/default/2024-11/dv700infot.pdf,secured-needs-approval
courts/default/2024-11/de166.pdf,secured-cannot-process
courts/default/2024-11/ch165c.pdf,secured-needs-approval
courts/default/2024-11/de120ma.pdf,secured-cannot-process
courts/default/2024-11/fl319.pdf,secured-cannot-process
courts/default/2024-11/cr115k.pdf,secured-needs-approval
courts/default/2024-11/gc211.pdf,secured-cannot-process
courts/default/2024-11/cr117c.pdf,secured-needs-approval
courts/default/2024-11/ea800c.pdf,secured-needs-approval
courts/default/2024-11/jv501.pdf,secured-cannot-process
courts/default/2024-11/cr412.pdf,secured-cannot-process
courts/default/2024-11/gv250.pdf,secured-cannot-process
courts/default/2024-11/fl325.pdf,secured-cannot-process
courts/default/2024-11/fl940k.pdf,secured-needs-approval
courts/default/2024-11/cm181.pdf,secured-cannot-process
courts/default/2024-11/jv298.pdf,secured-cannot-process
courts/default/2024-11/dv108v.pdf,secured-needs-approval
courts/default/2024-11/ea715.pdf,secured-cannot-process
courts/default/2024-11/fl480.pdf,secured-cannot-process
courts/default/2024-11/efs006.pdf,secured-cannot-process
courts/default/2024-11/cr321s.pdf,secured-needs-approval
courts/default/2024-11/la450k.pdf,secured-cannot-process
courts/default/2024-11/cr604.pdf,secured-cannot-process
courts/default/2024-11/ch130k.pdf,secured-needs-approval
courts/default/2024-11/nc400.pdf,secured-cannot-process
courts/default/2024-11/ud106.pdf,secured-cannot-process
courts/default/2024-11/gv720.pdf,secured-cannot-process
courts/default/2024-11/cr162.pdf,secured-cannot-process
courts/default/2024-11/dv125s.pdf,secured-needs-approval
courts/default/2024-11/ra015c.pdf,secured-needs-approval
courts/default/2024-11/ch210.pdf,secured-cannot-process
courts/default/2024-11/care110s.pdf,secured-needs-approval
courts/default/2024-11/mc500.pdf,secured-cannot-process
courts/default/2024-11/mc1000.pdf,secured-cannot-process
courts/default/2024-11/jv918.pdf,secured-cannot-process
courts/default/2024-11/care111s.pdf,secured-needs-approval
courts/default/2024-11/gc405ap.pdf,secured-cannot-process
courts/default/2024-11/ejt005.pdf,secured-cannot-process
courts/default/2024-11/cr141infok.pdf,secured-needs-approval
courts/default/2024-11/fl626s.pdf,secured-needs-approval
courts/default/2024-11/mc510.pdf,secured-cannot-process
courts/default/2024-11/gc248c.pdf,secured-cannot-process
courts/default/2024-11/fl686.pdf,secured-cannot-process
courts/default/2024-11/dv630.pdf,secured-cannot-process
courts/default/2024-11/fl150k.pdf,secured-cannot-process
courts/default/2024-11/fl692.pdf,secured-cannot-process
courts/default/2024-11/wv120infos.pdf,secured-needs-approval
courts/default/2024-11/app001infos.pdf,secured-needs-approval
courts/default/2024-11/cr320s.pdf,secured-needs-approval
courts/default/2024-11/fl645.pdf,secured-cannot-process
courts/default/2024-11/dv200c.pdf,secured-needs-approval
courts/default/2024-11/app005.pdf,secured-cannot-process
courts/default/2024-11/nc410.pdf,secured-cannot-process
courts/default/2024-11/gv730.pdf,secured-cannot-process
courts/default/2024-11/ud116.pdf,secured-cannot-process
courts/default/2024-11/fl651.pdf,secured-cannot-process
courts/default/2024-11/cr600.pdf,secured-cannot-process
courts/default/2024-11/wv715.pdf,secured-cannot-process
courts/default/2024-11/fl410c.pdf,secured-needs-approval
courts/default/2024-11/gv030k.pdf,secured-needs-approval
courts/default/2024-11/ejt022a.pdf,secured-cannot-process
courts/default/2024-11/gc112a2.pdf,secured-cannot-process
courts/default/2024-11/fl490.pdf,secured-cannot-process
courts/default/2024-11/fw012s.pdf,secured-needs-approval
courts/default/2024-11/fl955infos.pdf,secured-needs-approval
courts/default/2024-11/jv539.pdf,secured-cannot-process
courts/default/2024-11/ea100k.pdf,secured-needs-approval
courts/default/2024-11/jv214infos.pdf,secured-cannot-process
courts/default/2024-11/fl309.pdf,secured-cannot-process
courts/default/2024-11/fl321.pdf,secured-cannot-process
courts/default/2024-11/cr416.pdf,secured-cannot-process
courts/default/2024-11/jv505.pdf,secured-cannot-process
courts/default/2024-11/civ011.pdf,secured-cannot-process
courts/default/2024-11/cr402.pdf,secured-cannot-process
courts/default/2024-11/fl335.pdf,secured-cannot-process
courts/default/2024-11/mil020.pdf,secured-cannot-process
courts/default/2024-11/gc215.pdf,secured-cannot-process
courts/default/2024-11/fl810c.pdf,secured-cannot-process
courts/default/2024-11/mil183.pdf,secured-cannot-process
courts/default/2024-11/adopt230.pdf,secured-cannot-process
courts/default/2024-11/md109.pdf,secured-cannot-process
courts/default/2024-11/fl688s.pdf,secured-needs-approval
courts/default/2024-11/ea116k.pdf,secured-needs-approval
courts/default/2024-11/ch170k.pdf,secured-needs-approval
courts/default/2024-11/jv471.pdf,secured-cannot-process
courts/default/2024-11/gc341s.pdf,secured-needs-approval
courts/default/2024-11/civ165.pdf,secured-cannot-process
courts/default/2024-11/dv165s.pdf,secured-needs-approval
courts/default/2024-11/ch176.pdf,secured-cannot-process
courts/default/2024-11/ch610.pdf,secured-cannot-process
courts/default/2024-11/cr210.pdf,secured-cannot-process
courts/default/2024-11/gc361.pdf,secured-cannot-process
courts/default/2024-11/fl260s.pdf,secured-cannot-process
courts/default/2024-11/cr2901.pdf,secured-needs-approval
courts/default/2024-11/care107s.pdf,secured-needs-approval
courts/default/2024-11/ea315.pdf,secured-cannot-process
courts/default/2024-11/disc003.pdf,secured-cannot-process
courts/default/2024-11/jv129.pdf,secured-cannot-process
courts/default/2024-11/fl328c.pdf,secured-cannot-process
courts/default/2024-11/cd200.pdf,secured-cannot-process
courts/default/2024-11/rec002r.pdf,secured-cannot-process
courts/default/2024-11/subp002.pdf,secured-cannot-process
courts/default/2024-11/fw007.pdf,secured-cannot-process
courts/default/2024-11/jv667.pdf,secured-cannot-process
courts/default/2024-11/jv255c.pdf,secured-needs-approval
courts/default/2024-11/jv100.pdf,secured-cannot-process
courts/default/2024-11/dv830v.pdf,secured-needs-approval
courts/default/2024-11/jv672.pdf,secured-cannot-process
courts/default/2024-11/ea320info.pdf,secured-cannot-process
courts/default/2024-11/fw006.pdf,secured-cannot-process
courts/default/2024-11/dv630s.pdf,secured-needs-approval
courts/default/2024-11/dv900k.pdf,secured-needs-approval
courts/default/2024-11/fw012.pdf,secured-cannot-process
courts/default/2024-11/jv257k.pdf,secured-needs-approval
courts/default/2024-11/ch200v.pdf,secured-needs-approval
courts/default/2024-11/jv128.pdf,secured-cannot-process
courts/default/2024-11/disc002.pdf,secured-cannot-process
courts/default/2024-11/jv290infoc.pdf,secured-needs-approval
courts/default/2024-11/ea300.pdf,secured-cannot-process
courts/default/2024-11/sum130c.pdf,secured-cannot-process
courts/default/2024-11/jv535info.pdf,secured-cannot-process
courts/default/2024-11/rc200.pdf,secured-cannot-process
courts/default/2024-11/fl478infok.pdf,secured-cannot-process
courts/default/2024-11/sv720.pdf,secured-cannot-process
courts/default/2024-11/ch177.pdf,secured-cannot-process
courts/default/2024-11/gc340v.pdf,secured-needs-approval
courts/default/2024-11/jv126s.pdf,secured-cannot-process
courts/default/2024-11/fl240.pdf,secured-cannot-process
courts/default/2024-11/tr310o.pdf,secured-cannot-process
courts/default/2024-11/gc360.pdf,secured-cannot-process
courts/default/2024-11/fl309s.pdf,secured-cannot-process
courts/default/2024-11/civ170.pdf,secured-cannot-process
courts/default/2024-11/jv470.pdf,secured-cannot-process
courts/default/2024-11/jv330v.pdf,secured-needs-approval
courts/default/2024-11/gc348.pdf,secured-cannot-process
courts/default/2024-11/dv105as.pdf,secured-needs-approval
courts/default/2024-11/fl611c.pdf,secured-needs-approval
courts/default/2024-11/adopt225.pdf,secured-cannot-process
courts/default/2024-11/ea116.pdf,secured-cannot-process
courts/default/2024-11/jv050infov.pdf,secured-cannot-process
courts/default/2024-11/fl611t.pdf,secured-needs-approval
courts/default/2024-11/sv250.pdf,secured-cannot-process
courts/default/2024-11/fl666v.pdf,secured-needs-approval
courts/default/2024-11/jv510.pdf,secured-cannot-process
courts/default/2024-11/gc510s.pdf,secured-cannot-process
courts/default/2024-11/cr403.pdf,secured-cannot-process
courts/default/2024-11/civ010.pdf,secured-cannot-process
courts/default/2024-11/ea315c.pdf,secured-needs-approval
courts/default/2024-11/fl334.pdf,secured-cannot-process
courts/default/2024-11/dv105t.pdf,secured-needs-approval
courts/default/2024-11/fl320.pdf,secured-cannot-process
courts/default/2024-11/cr417.pdf,secured-cannot-process
courts/default/2024-11/fl308.pdf,secured-cannot-process
courts/default/2024-11/dv105c.pdf,secured-needs-approval
courts/default/2024-11/tr300.pdf,secured-cannot-process
courts/default/2024-11/cr160s.pdf,secured-needs-approval
courts/default/2024-11/ea250c.pdf,secured-needs-approval
courts/default/2024-11/jv538.pdf,secured-cannot-process
courts/default/2024-11/dv108s.pdf,secured-needs-approval
courts/default/2024-11/fl485.pdf,secured-cannot-process
courts/default/2024-11/gv200infok.pdf,secured-needs-approval
courts/default/2024-11/adopt210s.pdf,secured-needs-approval
courts/default/2024-11/wv700.pdf,secured-cannot-process
courts/default/2024-11/jv219s.pdf,secured-needs-approval
courts/default/2024-11/jv537s.pdf,secured-cannot-process
courts/default/2024-11/cr601.pdf,secured-cannot-process
courts/default/2024-11/sc104cv.pdf,secured-needs-approval
courts/default/2024-11/app010.pdf,secured-cannot-process
courts/default/2024-11/fl348s.pdf,secured-cannot-process
courts/default/2024-11/fl650.pdf,secured-cannot-process
courts/default/2024-11/dv180.pdf,secured-cannot-process
courts/default/2024-11/app004.pdf,secured-cannot-process
courts/default/2024-11/cr173.pdf,secured-cannot-process
courts/default/2024-11/dv125v.pdf,secured-needs-approval
courts/default/2024-11/fl678.pdf,secured-cannot-process
courts/default/2024-11/nc500info.pdf,secured-cannot-process
courts/default/2024-11/dv200infoc.pdf,secured-cannot-process
courts/default/2024-11/gv620k.pdf,secured-cannot-process
courts/default/2024-11/fl693.pdf,secured-cannot-process
courts/default/2024-11/fl687.pdf,secured-cannot-process
courts/default/2024-11/ea260.pdf,secured-cannot-process
courts/default/2024-11/ejt004.pdf,secured-cannot-process
courts/default/2024-11/sh032.pdf,secured-cannot-process
courts/default/2024-11/care110v.pdf,secured-needs-approval
courts/default/2024-11/adopt230s.pdf,secured-needs-approval
courts/default/2024-11/sv130.pdf,secured-cannot-process
courts/default/2024-11/sh030.pdf,secured-cannot-process
courts/default/2024-11/fl625k.pdf,secured-needs-approval
courts/default/2024-11/sv120info.pdf,secured-cannot-process
courts/default/2024-11/efs005jvs.pdf,secured-needs-approval
courts/default/2024-11/care110c.pdf,secured-needs-approval
courts/default/2024-11/fl685.pdf,secured-cannot-process
courts/default/2024-11/at175.pdf,secured-cannot-process
courts/default/2024-11/sc104cc.pdf,secured-cannot-process
courts/default/2024-11/dv800.pdf,secured-cannot-process
courts/default/2024-11/dv125c.pdf,secured-needs-approval
courts/default/2024-11/tr100.pdf,secured-cannot-process
courts/default/2024-11/ra015s.pdf,secured-needs-approval
courts/default/2024-11/jv710.pdf,secured-cannot-process
courts/default/2024-11/cr603.pdf,secured-cannot-process
courts/default/2024-11/app012.pdf,secured-cannot-process
courts/default/2024-11/cr165.pdf,secured-cannot-process
courts/default/2024-11/ud101.pdf,secured-cannot-process
courts/default/2024-11/ud115.pdf,secured-cannot-process
courts/default/2024-11/dv200infov.pdf,secured-needs-approval
courts/default/2024-11/jv110s.pdf,secured-needs-approval
courts/default/2024-11/fl120.pdf,secured-cannot-process
courts/default/2024-11/fl646.pdf,secured-cannot-process
courts/default/2024-11/app006.pdf,secured-cannot-process
courts/default/2024-11/jv540s.pdf,secured-cannot-process
courts/default/2024-11/gdc001k.pdf,secured-needs-approval
courts/default/2024-11/wv716.pdf,secured-cannot-process
courts/default/2024-11/dv530info.pdf,secured-needs-approval
courts/default/2024-11/gv250k.pdf,secured-needs-approval
courts/default/2024-11/gc112a1.pdf,secured-cannot-process
courts/default/2024-11/dv520info.pdf,secured-needs-approval
courts/default/2024-11/fl191v.pdf,secured-cannot-process
courts/default/2024-11/cr117s.pdf,secured-needs-approval
courts/default/2024-11/ea800s.pdf,secured-needs-approval
courts/default/2024-11/sv800info.pdf,secured-cannot-process
courts/default/2024-11/fl478.pdf,secured-cannot-process
courts/default/2024-11/dv105a.pdf,secured-cannot-process
courts/default/2024-11/jv274.pdf,secured-cannot-process
courts/default/2024-11/fl336.pdf,secured-cannot-process
courts/default/2024-11/cr401.pdf,secured-cannot-process
courts/default/2024-11/fl450.pdf,secured-cannot-process
courts/default/2024-11/jv214a.pdf,secured-cannot-process
courts/default/2024-11/dv170k.pdf,secured-needs-approval
courts/default/2024-11/jv260.pdf,secured-cannot-process
courts/default/2024-11/fl322.pdf,secured-cannot-process
courts/default/2024-11/dv105v.pdf,secured-needs-approval
courts/default/2024-11/fl611v.pdf,secured-needs-approval
courts/default/2024-11/fl666t.pdf,secured-needs-approval
courts/default/2024-11/fw001info.pdf,secured-cannot-process
courts/default/2024-11/fl281.pdf,secured-cannot-process
courts/default/2024-11/jv050infoc.pdf,secured-cannot-process
courts/default/2024-11/jv297s.pdf,secured-cannot-process
courts/default/2024-11/ea100.pdf,secured-cannot-process
courts/default/2024-11/de161.pdf,secured-cannot-process
courts/default/2024-11/dv700infos.pdf,secured-needs-approval
courts/default/2024-11/fl666c.pdf,secured-needs-approval
courts/default/2024-11/ea115s.pdf,secured-needs-approval
courts/default/2024-11/gc340c.pdf,secured-cannot-process
courts/default/2024-11/icwa020s.pdf,secured-needs-approval
courts/default/2024-11/th110.pdf,secured-cannot-process
courts/default/2024-11/jv330c.pdf,secured-needs-approval
courts/default/2024-11/jv328.pdf,secured-cannot-process
courts/default/2024-11/gc362.pdf,secured-cannot-process
courts/default/2024-11/jv300.pdf,secured-cannot-process
courts/default/2024-11/jv466.pdf,secured-cannot-process
courts/default/2024-11/ch175.pdf,secured-cannot-process
courts/default/2024-11/fl684s.pdf,secured-needs-approval
courts/default/2024-11/jv472.pdf,secured-cannot-process
courts/default/2024-11/fl530.pdf,secured-cannot-process
courts/default/2024-11/gc410.pdf,secured-cannot-process
courts/default/2024-11/jv501s.pdf,secured-cannot-process
courts/default/2024-11/jv060infok.pdf,secured-needs-approval
courts/default/2024-11/jv290infov.pdf,secured-needs-approval
courts/default/2024-11/fl145s.pdf,secured-needs-approval
courts/default/2024-11/sum110.pdf,secured-cannot-process
courts/default/2024-11/ea316.pdf,secured-cannot-process
courts/default/2024-11/subp001.pdf,secured-cannot-process
courts/default/2024-11/gv109.pdf,secured-cannot-process
courts/default/2024-11/ch715c.pdf,secured-cannot-process
courts/default/2024-11/jv255v.pdf,secured-needs-approval
courts/default/2024-11/dv830c.pdf,secured-needs-approval
courts/default/2024-11/fw010.pdf,secured-cannot-process
courts/default/2024-11/subp015.pdf,secured-cannot-process
courts/default/2024-11/ch200c.pdf,secured-needs-approval
courts/default/2024-11/gv120.pdf,secured-cannot-process
courts/default/2024-11/pos010.pdf,secured-cannot-process
courts/default/2024-11/jv665.pdf,secured-cannot-process
courts/default/2024-11/dv145s.pdf,secured-needs-approval
courts/default/2024-11/fw011.pdf,secured-cannot-process
courts/default/2024-11/fw005.pdf,secured-cannot-process
courts/default/2024-11/dv400infok.pdf,secured-needs-approval
courts/default/2024-11/gc224s.pdf,secured-cannot-process
courts/default/2024-11/fl304info.pdf,secured-cannot-process
courts/default/2024-11/fl314info.pdf,secured-cannot-process
courts/default/2024-11/disc001.pdf,secured-cannot-process
courts/default/2024-11/jv259c.pdf,secured-needs-approval
courts/default/2024-11/ch160.pdf,secured-cannot-process
courts/default/2024-11/dv112s.pdf,secured-cannot-process
courts/default/2024-11/gc363.pdf,secured-cannot-process
courts/default/2024-11/ch800infok.pdf,secured-needs-approval
courts/default/2024-11/fl685v.pdf,secured-cannot-process
courts/default/2024-11/gc120a.pdf,secured-cannot-process
courts/default/2024-11/fw001infoc.pdf,secured-cannot-process
courts/default/2024-11/ra020k.pdf,secured-needs-approval
courts/default/2024-11/ea115.pdf,secured-cannot-process
courts/default/2024-11/gv116c.pdf,secured-needs-approval
courts/default/2024-11/de160.pdf,secured-cannot-process
courts/default/2024-11/fl810v.pdf,secured-needs-approval
courts/default/2024-11/fl305s.pdf,secured-cannot-process
courts/default/2024-11/fl280.pdf,secured-cannot-process
courts/default/2024-11/de174.pdf,secured-cannot-process
courts/default/2024-11/fl240s.pdf,secured-needs-approval
courts/default/2024-11/fl445.pdf,secured-cannot-process
courts/default/2024-11/fl323.pdf,secured-cannot-process
courts/default/2024-11/fl337.pdf,secured-cannot-process
courts/default/2024-11/cr400.pdf,secured-cannot-process
courts/default/2024-11/fl190s.pdf,secured-needs-approval
courts/default/2024-11/cd160.pdf,secured-cannot-process
courts/default/2024-11/jv249.pdf,secured-cannot-process
courts/default/2024-11/ra010.pdf,secured-cannot-process
courts/default/2024-11/fl410v.pdf,secured-needs-approval
courts/default/2024-11/vl110.pdf,secured-cannot-process
courts/default/2024-11/icwa030.pdf,secured-cannot-process
courts/default/2024-11/dv109c.pdf,secured-needs-approval
courts/default/2024-11/em115.pdf,secured-cannot-process
courts/default/2024-11/cr170.pdf,secured-cannot-process
courts/default/2024-11/adopt050infos.pdf,secured-needs-approval
courts/default/2024-11/app007.pdf,secured-cannot-process
courts/default/2024-11/app013.pdf,secured-cannot-process
courts/default/2024-11/cr602.pdf,secured-cannot-process
courts/default/2024-11/dv715v.pdf,secured-needs-approval
courts/default/2024-11/ud100.pdf,secured-cannot-process
courts/default/2024-11/jv595info.pdf,secured-needs-approval
courts/default/2024-11/fw016gc.pdf,secured-cannot-process
courts/default/2024-11/gc015.pdf,secured-cannot-process
courts/default/2024-11/dv815.pdf,secured-cannot-process
courts/default/2024-11/dv200v.pdf,secured-needs-approval
courts/default/2024-11/tr115.pdf,secured-cannot-process
courts/default/2024-11/de300s.pdf,secured-needs-approval
courts/default/2024-11/fl684.pdf,secured-cannot-process
courts/default/2024-11/bmd001a.pdf,secured-cannot-process
courts/default/2024-11/care111f.pdf,secured-needs-approval
courts/default/2024-11/dv140.pdf,secured-cannot-process
courts/default/2024-11/at160.pdf,secured-cannot-process
courts/default/2024-11/fl344s.pdf,secured-needs-approval
courts/default/2024-11/sh025.pdf,secured-cannot-process
courts/default/2024-11/gc248v.pdf,secured-needs-approval
courts/default/2024-11/de265.pdf,secured-cannot-process
courts/default/2024-11/fl191.pdf,secured-cannot-process
courts/default/2024-11/gc405ph2.pdf,secured-cannot-process
courts/default/2024-11/efs005cv.pdf,secured-cannot-process
courts/default/2024-11/fl340k.pdf,secured-needs-approval
courts/default/2024-11/fl342c.pdf,secured-needs-approval
courts/default/2024-11/rc310.pdf,secured-cannot-process
courts/default/2024-11/sc103.pdf,secured-cannot-process
courts/default/2024-11/sv630.pdf,secured-cannot-process
courts/default/2024-11/wv200.pdf,secured-cannot-process
courts/default/2024-11/mc410k.pdf,secured-needs-approval
courts/default/2024-11/fl634.pdf,secured-cannot-process
courts/default/2024-11/ea715c.pdf,secured-cannot-process
courts/default/2024-11/cr117.pdf,secured-cannot-process
courts/default/2024-11/jv530s.pdf,secured-needs-approval
courts/default/2024-11/gc405d.pdf,secured-cannot-process
courts/default/2024-11/fl620.pdf,secured-cannot-process
courts/default/2024-11/app060.pdf,secured-cannot-process
courts/default/2024-11/ea200c.pdf,secured-needs-approval
courts/default/2024-11/th200.pdf,secured-cannot-process
courts/default/2024-11/sc100info.pdf,secured-cannot-process
courts/default/2024-11/gc400c8.pdf,secured-cannot-process
courts/default/2024-11/fl600c.pdf,secured-needs-approval
courts/default/2024-11/mc005.pdf,secured-cannot-process
courts/default/2024-11/fl393.pdf,secured-cannot-process
courts/default/2024-11/fl250c.pdf,secured-needs-approval
courts/default/2024-11/dv160info.pdf,secured-cannot-process
courts/default/2024-11/mc011.pdf,secured-cannot-process
courts/default/2024-11/fl350.pdf,secured-cannot-process
courts/default/2024-11/jv212.pdf,secured-cannot-process
courts/default/2024-11/cr301.pdf,secured-cannot-process
courts/default/2024-11/jv574.pdf,secured-cannot-process
courts/default/2024-11/ej190.pdf,secured-cannot-process
courts/default/2024-11/cr188s.pdf,secured-needs-approval
courts/default/2024-11/em100infos.pdf,secured-cannot-process
courts/default/2024-11/dv175v.pdf,secured-needs-approval
courts/default/2024-11/ch715.pdf,secured-cannot-process
courts/default/2024-11/dv100k.pdf,secured-needs-approval
courts/default/2024-11/int300ct.pdf,secured-needs-approval
courts/default/2024-11/fl344.pdf,secured-cannot-process
courts/default/2024-11/jv206.pdf,secured-cannot-process
courts/default/2024-11/fl330info.pdf,secured-cannot-process
courts/default/2024-11/icwa080.pdf,secured-cannot-process
courts/default/2024-11/jv548.pdf,secured-cannot-process
courts/default/2024-11/care060info.pdf,secured-cannot-process
courts/default/2024-11/gc400ni.pdf,secured-cannot-process
courts/default/2024-11/ea600.pdf,secured-cannot-process
courts/default/2024-11/fl323infos.pdf,secured-cannot-process
courts/default/2024-11/fw008gc.pdf,secured-cannot-process
courts/default/2024-11/efs050d.pdf,secured-cannot-process
courts/default/2024-11/app016s.pdf,secured-cannot-process
courts/default/2024-11/fl661info.pdf,secured-cannot-process
courts/default/2024-11/fl180c.pdf,secured-needs-approval
courts/default/2024-11/ch800s.pdf,secured-needs-approval
courts/default/2024-11/dv116k.pdf,secured-needs-approval
courts/default/2024-11/ch730k.pdf,secured-needs-approval
courts/default/2024-11/jv400.pdf,secured-cannot-process
courts/default/2024-11/civ100.pdf,secured-cannot-process
courts/default/2024-11/jv822s.pdf,secured-needs-approval
courts/default/2024-11/dv815k.pdf,secured-needs-approval
courts/default/2024-11/jv121s.pdf,secured-cannot-process
courts/default/2024-11/fl230.pdf,secured-cannot-process
courts/default/2024-11/gc310.pdf,secured-cannot-process
courts/default/2024-11/wg002v.pdf,secured-needs-approval
courts/default/2024-11/ch250v.pdf,secured-needs-approval
courts/default/2024-11/fl478k.pdf,secured-cannot-process
courts/default/2024-11/jv272v.pdf,secured-needs-approval
courts/default/2024-11/tr210.pdf,secured-cannot-process
courts/default/2024-11/fl211c.pdf,secured-needs-approval
courts/default/2024-11/jv419a.pdf,secured-cannot-process
courts/default/2024-11/de305.pdf,secured-cannot-process
courts/default/2024-11/jv825.pdf,secured-cannot-process
courts/default/2024-11/care101v.pdf,secured-needs-approval
courts/default/2024-11/adr100.pdf,secured-cannot-process
courts/default/2024-11/dal001v.pdf,secured-cannot-process
courts/default/2024-11/jv352infos.pdf,secured-needs-approval
courts/default/2024-11/gc310v.pdf,secured-needs-approval
courts/default/2024-11/gc112.pdf,secured-cannot-process
courts/default/2024-11/epo002c.pdf,secured-needs-approval
courts/default/2024-11/jv463s.pdf,secured-needs-approval
courts/default/2024-11/gv620.pdf,secured-cannot-process
courts/default/2024-11/nc500.pdf,secured-cannot-process
courts/default/2024-11/ch120k.pdf,secured-needs-approval
courts/default/2024-11/care100s.pdf,secured-needs-approval
courts/default/2024-11/adr101.pdf,secured-cannot-process
courts/default/2024-11/gv700s.pdf,secured-needs-approval
courts/default/2024-11/gc405sum.pdf,secured-cannot-process
courts/default/2024-11/fl322s.pdf,secured-cannot-process
courts/default/2024-11/dv720.pdf,secured-cannot-process
courts/default/2024-11/de310.pdf,secured-cannot-process
courts/default/2024-11/de121ma.pdf,secured-cannot-process
courts/default/2024-11/wg003s.pdf,secured-needs-approval
courts/default/2024-11/ch175c.pdf,secured-needs-approval
courts/default/2024-11/tr205.pdf,secured-cannot-process
courts/default/2024-11/jv415.pdf,secured-cannot-process
courts/default/2024-11/cr410k.pdf,secured-needs-approval
courts/default/2024-11/jv367.pdf,secured-cannot-process
courts/default/2024-11/jv401.pdf,secured-cannot-process
courts/default/2024-11/dv120infoc.pdf,secured-needs-approval
courts/default/2024-11/fl594.pdf,secured-cannot-process
courts/default/2024-11/dv180c.pdf,secured-cannot-process
courts/default/2024-11/dv120infot.pdf,secured-needs-approval
courts/default/2024-11/fw003s.pdf,secured-needs-approval
courts/default/2024-11/dv250.pdf,secured-cannot-process
courts/default/2024-11/fl580.pdf,secured-cannot-process
courts/default/2024-11/jv635s.pdf,secured-needs-approval
courts/default/2024-11/dal012.pdf,secured-cannot-process
courts/default/2024-11/mc410infos.pdf,secured-needs-approval
courts/default/2024-11/fl694c.pdf,secured-needs-approval
courts/default/2024-11/dal006.pdf,secured-cannot-process
courts/default/2024-11/fl300infov.pdf,secured-needs-approval
courts/default/2024-11/dv600c.pdf,secured-needs-approval
courts/default/2024-11/sv200info.pdf,secured-cannot-process
courts/default/2024-11/fl345.pdf,secured-cannot-process
courts/default/2024-11/nc110.pdf,secured-cannot-process
courts/default/2024-11/ch700.pdf,secured-cannot-process
courts/default/2024-11/cr300.pdf,secured-cannot-process
courts/default/2024-11/jv213.pdf,secured-cannot-process
courts/default/2024-11/jv575.pdf,secured-cannot-process
courts/default/2024-11/ej185.pdf,secured-cannot-process
courts/default/2024-11/gc400ap.pdf,secured-cannot-process
courts/default/2024-11/gc400a1.pdf,secured-cannot-process
courts/default/2024-11/icwa042.pdf,secured-cannot-process
courts/default/2024-11/sc300.pdf,secured-cannot-process
courts/default/2024-11/fl335infoc.pdf,secured-needs-approval
courts/default/2024-11/ej152.pdf,secured-cannot-process
courts/default/2024-11/mc010.pdf,secured-cannot-process
courts/default/2024-11/adopt320.pdf,secured-cannot-process
courts/default/2024-11/fl392.pdf,secured-cannot-process
courts/default/2024-11/cr409s.pdf,secured-needs-approval
courts/default/2024-11/la400.pdf,secured-cannot-process
courts/default/2024-11/jv268c.pdf,secured-needs-approval
courts/default/2024-11/gc400c9.pdf,secured-cannot-process
courts/default/2024-11/fl100k.pdf,secured-needs-approval
courts/default/2024-11/nc312.pdf,secured-cannot-process
courts/default/2024-11/sv716c.pdf,secured-cannot-process
courts/default/2024-11/dv820s.pdf,secured-needs-approval
courts/default/2024-11/icwa010a.pdf,secured-cannot-process
courts/default/2024-11/fw011gc.pdf,secured-cannot-process
courts/default/2024-11/fl635.pdf,secured-cannot-process
courts/default/2024-11/cr102.pdf,secured-cannot-process
courts/default/2024-11/wg026.pdf,secured-cannot-process
courts/default/2024-11/de270.pdf,secured-cannot-process
courts/default/2024-11/dv505infok.pdf,secured-needs-approval
courts/default/2024-11/fl190.pdf,secured-cannot-process
courts/default/2024-11/fl343s.pdf,secured-needs-approval
courts/default/2024-11/dv130.pdf,secured-cannot-process
courts/default/2024-11/fl192.pdf,secured-needs-approval
courts/default/2024-11/gc405ph1.pdf,secured-cannot-process
courts/default/2024-11/fl120k.pdf,secured-needs-approval
courts/default/2024-11/sc114.pdf,secured-cannot-process
courts/default/2024-11/sc100.pdf,secured-cannot-process
courts/default/2024-11/wg024.pdf,secured-cannot-process
courts/default/2024-11/fl810.pdf,secured-cannot-process
courts/default/2024-11/at138.pdf,secured-cannot-process
courts/default/2024-11/gv030.pdf,secured-cannot-process
courts/default/2024-11/gc405g.pdf,secured-cannot-process
courts/default/2024-11/ch200infok.pdf,secured-needs-approval
courts/default/2024-11/sv800.pdf,secured-cannot-process
courts/default/2024-11/fl145.pdf,secured-cannot-process
courts/default/2024-11/dv530infok.pdf,secured-needs-approval
courts/default/2024-11/gc065.pdf,secured-cannot-process
courts/default/2024-11/fl330infok.pdf,secured-needs-approval
courts/default/2024-11/cr100.pdf,secured-cannot-process
courts/default/2024-11/jv750s.pdf,secured-cannot-process
courts/default/2024-11/jv300s.pdf,secured-cannot-process
courts/default/2024-11/gc110p.pdf,secured-cannot-process
courts/default/2024-11/jv615s.pdf,secured-cannot-process
courts/default/2024-11/jv245s.pdf,secured-needs-approval
courts/default/2024-11/jv749.pdf,secured-cannot-process
courts/default/2024-11/mc012.pdf,secured-cannot-process
courts/default/2024-11/ej150.pdf,secured-cannot-process
courts/default/2024-11/fl335infov.pdf,secured-needs-approval
courts/default/2024-11/fl390.pdf,secured-cannot-process
courts/default/2024-11/gc400a3.pdf,secured-cannot-process
courts/default/2024-11/wv716k.pdf,secured-cannot-process
courts/default/2024-11/ser001s.pdf,secured-needs-approval
courts/default/2024-11/jv268v.pdf,secured-needs-approval
courts/default/2024-11/icwa040.pdf,secured-cannot-process
courts/default/2024-11/ch716.pdf,secured-cannot-process
courts/default/2024-11/jv357s.pdf,secured-cannot-process
courts/default/2024-11/jv205.pdf,secured-cannot-process
courts/default/2024-11/fl347.pdf,secured-cannot-process
courts/default/2024-11/fl329infos.pdf,secured-cannot-process
courts/default/2024-11/dv500infot.pdf,secured-needs-approval
courts/default/2024-11/fl421.pdf,secured-cannot-process
courts/default/2024-11/ch116k.pdf,secured-needs-approval
courts/default/2024-11/icwa030a.pdf,secured-cannot-process
courts/default/2024-11/fl435.pdf,secured-cannot-process
courts/default/2024-11/cr302.pdf,secured-cannot-process
courts/default/2024-11/dv250v.pdf,secured-needs-approval
courts/default/2024-11/cd110.pdf,secured-cannot-process
courts/default/2024-11/fl300infoc.pdf,secured-needs-approval
courts/default/2024-11/dv600v.pdf,secured-needs-approval
courts/default/2024-11/dv500infoc.pdf,secured-needs-approval
courts/default/2024-11/dal010.pdf,secured-cannot-process
courts/default/2024-11/jv212s.pdf,secured-needs-approval
courts/default/2024-11/mc600.pdf,secured-cannot-process
courts/default/2024-11/efs050p.pdf,secured-cannot-process
courts/default/2024-11/jury010.pdf,secured-cannot-process
courts/default/2024-11/dv180v.pdf,secured-cannot-process
courts/default/2024-11/jv326info.pdf,secured-needs-approval
courts/default/2024-11/gv720s.pdf,secured-needs-approval
courts/default/2024-11/ch175v.pdf,secured-needs-approval
courts/default/2024-11/gc313.pdf,secured-cannot-process
courts/default/2024-11/jv417.pdf,secured-cannot-process
courts/default/2024-11/ch100k.pdf,secured-needs-approval
courts/default/2024-11/ch110.pdf,secured-cannot-process
courts/default/2024-11/jv403.pdf,secured-cannot-process
courts/default/2024-11/fl541.pdf,secured-cannot-process
courts/default/2024-11/jv365.pdf,secured-cannot-process
courts/default/2024-11/jv050info.pdf,secured-cannot-process
courts/default/2024-11/dv115s.pdf,secured-needs-approval
courts/default/2024-11/dv400s.pdf,secured-cannot-process
courts/default/2024-11/dv115infoc.pdf,secured-needs-approval
courts/default/2024-11/fw006gcs.pdf,secured-cannot-process
courts/default/2024-11/pld050.pdf,secured-cannot-process
courts/default/2024-11/fl840v.pdf,secured-needs-approval
courts/default/2024-11/fl355s.pdf,secured-cannot-process
courts/default/2024-11/fl970.pdf,secured-cannot-process
courts/default/2024-11/jv195s.pdf,secured-needs-approval
courts/default/2024-11/mc358.pdf,secured-cannot-process
courts/default/2024-11/fl107infos.pdf,secured-cannot-process
courts/default/2024-11/adr103.pdf,secured-cannot-process
courts/default/2024-11/jv826.pdf,secured-cannot-process
courts/default/2024-11/jv615.pdf,secured-cannot-process
courts/default/2024-11/ea100infov.pdf,secured-needs-approval
courts/default/2024-11/gc111.pdf,secured-cannot-process
courts/default/2024-11/jv173.pdf,secured-cannot-process
courts/default/2024-11/app103.pdf,secured-cannot-process
courts/default/2024-11/cp105.pdf,secured-cannot-process
courts/default/2024-11/fl329info.pdf,secured-cannot-process
courts/default/2024-11/gc310c.pdf,secured-cannot-process
courts/default/2024-11/ch710k.pdf,secured-cannot-process
courts/default/2024-11/jv600.pdf,secured-cannot-process
courts/default/2024-11/dv840v.pdf,secured-needs-approval
courts/default/2024-11/jv172.pdf,secured-cannot-process
courts/default/2024-11/gc110.pdf,secured-cannot-process
courts/default/2024-11/adr102.pdf,secured-cannot-process
courts/default/2024-11/fl142s.pdf,secured-needs-approval
courts/default/2024-11/care101c.pdf,secured-needs-approval
courts/default/2024-11/dal001c.pdf,secured-cannot-process
courts/default/2024-11/jv270k.pdf,secured-needs-approval
courts/default/2024-11/fl180v.pdf,secured-needs-approval
courts/default/2024-11/fl540.pdf,secured-needs-approval
courts/default/2024-11/jv402.pdf,secured-cannot-process
courts/default/2024-11/dv800infov.pdf,secured-needs-approval
courts/default/2024-11/wg002c.pdf,secured-cannot-process
courts/default/2024-11/jv364.pdf,secured-cannot-process
courts/default/2024-11/gc312.pdf,secured-cannot-process
courts/default/2024-11/jv272c.pdf,secured-needs-approval
courts/default/2024-11/jv416.pdf,secured-cannot-process
courts/default/2024-11/ch250c.pdf,secured-cannot-process
courts/default/2024-11/fl663k.pdf,secured-needs-approval
courts/default/2024-11/de111.pdf,secured-cannot-process
courts/default/2024-11/fl115s.pdf,secured-needs-approval
courts/default/2024-11/dal005.pdf,secured-cannot-process
courts/default/2024-11/de147s.pdf,secured-cannot-process
courts/default/2024-11/jv238.pdf,secured-cannot-process
courts/default/2024-11/dv175c.pdf,secured-needs-approval
courts/default/2024-11/ej186.pdf,secured-cannot-process
courts/default/2024-11/jv210.pdf,secured-cannot-process
courts/default/2024-11/fl346.pdf,secured-cannot-process
courts/default/2024-11/jv140s.pdf,secured-cannot-process
courts/default/2024-11/fl420.pdf,secured-cannot-process
courts/default/2024-11/fl250v.pdf,secured-needs-approval
courts/default/2024-11/jv589.pdf,secured-cannot-process
courts/default/2024-11/ch100infos.pdf,secured-needs-approval
courts/default/2024-11/fl600v.pdf,secured-needs-approval
courts/default/2024-11/gc400a2.pdf,secured-cannot-process
courts/default/2024-11/gv100info.pdf,secured-cannot-process
courts/default/2024-11/fl391.pdf,secured-cannot-process
courts/default/2024-11/fl800s.pdf,secured-needs-approval
courts/default/2024-11/ea109c.pdf,secured-needs-approval
courts/default/2024-11/jv748.pdf,secured-cannot-process
courts/default/2024-11/gc070.pdf,secured-cannot-process
courts/default/2024-11/fl150.pdf,secured-cannot-process
courts/default/2024-11/cr101.pdf,secured-cannot-process
courts/default/2024-11/gv025.pdf,secured-cannot-process
courts/default/2024-11/cr415info.pdf,secured-cannot-process
courts/default/2024-11/dv570k.pdf,secured-needs-approval
courts/default/2024-11/jv760.pdf,secured-cannot-process
courts/default/2024-11/gc405f.pdf,secured-cannot-process
courts/default/2024-11/nc311.pdf,secured-cannot-process
courts/default/2024-11/dv120k.pdf,secured-needs-approval
courts/default/2024-11/fl144.pdf,secured-cannot-process
courts/default/2024-11/cr115.pdf,secured-cannot-process
courts/default/2024-11/icwa100info.pdf,secured-needs-approval
courts/default/2024-11/fl342a.pdf,secured-cannot-process
courts/default/2024-11/wg025.pdf,secured-cannot-process
courts/default/2024-11/at105.pdf,secured-cannot-process
courts/default/2024-11/fl342v.pdf,secured-needs-approval
courts/default/2024-11/dv125.pdf,secured-cannot-process
courts/default/2024-11/ea315info.pdf,secured-cannot-process
courts/default/2024-11/dv109.pdf,secured-cannot-process
courts/default/2024-11/wg035.pdf,secured-cannot-process
courts/default/2024-11/wg021.pdf,secured-cannot-process
courts/default/2024-11/sc105.pdf,secured-cannot-process
courts/default/2024-11/wg009.pdf,secured-cannot-process
courts/default/2024-11/at115.pdf,secured-cannot-process
courts/default/2024-11/care116c.pdf,secured-needs-approval
courts/default/2024-11/mc201.pdf,secured-cannot-process
courts/default/2024-11/fl155s.pdf,secured-needs-approval
courts/default/2024-11/jv245v.pdf,secured-needs-approval
courts/default/2024-11/ud110h.pdf,secured-cannot-process
courts/default/2024-11/gv009.pdf,secured-cannot-process
courts/default/2024-11/dv820c.pdf,secured-needs-approval
courts/default/2024-11/gc240k.pdf,secured-needs-approval
courts/default/2024-11/cr111.pdf,secured-cannot-process
courts/default/2024-11/gc060.pdf,secured-cannot-process
courts/default/2024-11/fl590a.pdf,secured-cannot-process
courts/default/2024-11/fl626.pdf,secured-cannot-process
courts/default/2024-11/gc405b.pdf,secured-cannot-process
courts/default/2024-11/fl632.pdf,secured-cannot-process
courts/default/2024-11/ser001.pdf,secured-cannot-process
courts/default/2024-11/jv599.pdf,secured-cannot-process
courts/default/2024-11/gc400a6.pdf,secured-cannot-process
courts/default/2024-11/cr409c.pdf,secured-cannot-process
courts/default/2024-11/jv792s.pdf,secured-needs-approval
courts/default/2024-11/ser001v.pdf,secured-needs-approval
courts/default/2024-11/ej155.pdf,secured-cannot-process
courts/default/2024-11/care050infov.pdf,secured-needs-approval
courts/default/2024-11/fl395.pdf,secured-cannot-process
courts/default/2024-11/ser001a.pdf,secured-cannot-process
courts/default/2024-11/dv600s.pdf,secured-cannot-process
courts/default/2024-11/dal015.pdf,secured-cannot-process
courts/default/2024-11/dv250s.pdf,secured-needs-approval
courts/default/2024-11/jv228.pdf,secured-cannot-process
courts/default/2024-11/dal001.pdf,secured-cannot-process
courts/default/2024-11/icwa030s.pdf,secured-needs-approval
courts/default/2024-11/mc410infoc.pdf,secured-needs-approval
courts/default/2024-11/jv265c.pdf,secured-needs-approval
courts/default/2024-11/jv200.pdf,secured-cannot-process
courts/default/2024-11/fl342.pdf,secured-cannot-process
courts/default/2024-11/jv214.pdf,secured-cannot-process
courts/default/2024-11/fl356.pdf,secured-cannot-process
courts/default/2024-11/dv800v.pdf,secured-needs-approval
courts/default/2024-11/fl694s.pdf,secured-cannot-process
courts/default/2024-11/ej182.pdf,secured-cannot-process
courts/default/2024-11/gc510.pdf,secured-cannot-process
courts/default/2024-11/jv572.pdf,secured-cannot-process
courts/default/2024-11/jv141s.pdf,secured-needs-approval
courts/default/2024-11/fl430.pdf,secured-cannot-process
courts/default/2024-11/dv180s.pdf,secured-cannot-process
courts/default/2024-11/sc500a.pdf,secured-cannot-process
courts/default/2024-11/gv720v.pdf,secured-needs-approval
courts/default/2024-11/clets001.pdf,secured-cannot-process
courts/default/2024-11/jury001.pdf,secured-cannot-process
courts/default/2024-11/dv120infos.pdf,secured-needs-approval
courts/default/2024-11/de115.pdf,secured-cannot-process
courts/default/2024-11/app015info.pdf,secured-cannot-process
courts/default/2024-11/jv412.pdf,secured-cannot-process
courts/default/2024-11/fw008gcs.pdf,secured-needs-approval
courts/default/2024-11/wg003c.pdf,secured-needs-approval
courts/default/2024-11/ch175s.pdf,secured-needs-approval
courts/default/2024-11/dv115v.pdf,secured-needs-approval
courts/default/2024-11/ch115.pdf,secured-cannot-process
courts/default/2024-11/dv160k.pdf,secured-needs-approval
courts/default/2024-11/jv406.pdf,secured-cannot-process
courts/default/2024-11/fl210v.pdf,secured-needs-approval
courts/default/2024-11/gv800.pdf,secured-cannot-process
courts/default/2024-11/fl640v.pdf,secured-needs-approval
courts/default/2024-11/fl107infov.pdf,secured-needs-approval
courts/default/2024-11/adr106.pdf,secured-cannot-process
courts/default/2024-11/int100info.pdf,secured-cannot-process
courts/default/2024-11/gv700c.pdf,secured-cannot-process
courts/default/2024-11/dv900.pdf,secured-cannot-process
courts/default/2024-11/fw016gcs.pdf,secured-needs-approval
courts/default/2024-11/app109e.pdf,secured-cannot-process
courts/default/2024-11/jv253v.pdf,secured-needs-approval
courts/default/2024-11/ud105s.pdf,secured-needs-approval
courts/default/2024-11/jv176.pdf,secured-cannot-process
courts/default/2024-11/ea100infos.pdf,secured-needs-approval
courts/default/2024-11/int140.pdf,secured-needs-approval
courts/default/2024-11/jv610.pdf,secured-cannot-process
courts/default/2024-11/fl285s.pdf,secured-cannot-process
courts/default/2024-11/app106.pdf,secured-cannot-process
courts/default/2024-11/jv550s.pdf,secured-needs-approval
courts/default/2024-11/app016gcs.pdf,secured-needs-approval
courts/default/2024-11/jv100s.pdf,secured-needs-approval
courts/default/2024-11/gc100.pdf,secured-cannot-process
courts/default/2024-11/app107.pdf,secured-cannot-process
courts/default/2024-11/gc101.pdf,secured-cannot-process
courts/default/2024-11/ud104a.pdf,secured-cannot-process
courts/default/2024-11/gc115.pdf,secured-cannot-process
courts/default/2024-11/jv177.pdf,secured-cannot-process
courts/default/2024-11/jv611.pdf,secured-cannot-process
courts/default/2024-11/dv210v.pdf,secured-needs-approval
courts/default/2024-11/jv101a.pdf,secured-cannot-process
courts/default/2024-11/dv901.pdf,secured-cannot-process
courts/default/2024-11/gc400dist.pdf,secured-cannot-process
courts/default/2024-11/de310s.pdf,secured-needs-approval
courts/default/2024-11/care101f.pdf,secured-needs-approval
courts/default/2024-11/fl313infok.pdf,secured-needs-approval
courts/default/2024-11/jv596info.pdf,secured-cannot-process
courts/default/2024-11/fl960.pdf,secured-cannot-process
courts/default/2024-11/jv822.pdf,secured-cannot-process
courts/default/2024-11/adr107.pdf,secured-cannot-process
courts/default/2024-11/jv361.pdf,secured-cannot-process
courts/default/2024-11/fl683v.pdf,secured-needs-approval
courts/default/2024-11/nc400info.pdf,secured-needs-approval
courts/default/2024-11/ch100.pdf,secured-cannot-process
courts/default/2024-11/jv820k.pdf,secured-cannot-process
courts/default/2024-11/ch800c.pdf,secured-needs-approval
courts/default/2024-11/fl180s.pdf,secured-cannot-process
courts/default/2024-11/jv205s.pdf,secured-cannot-process
courts/default/2024-11/sc202a.pdf,secured-cannot-process
courts/default/2024-11/fl592.pdf,secured-cannot-process
courts/default/2024-11/fl323infoc.pdf,secured-needs-approval
courts/default/2024-11/ea200infok.pdf,secured-needs-approval
courts/default/2024-11/sc500.pdf,secured-cannot-process
courts/default/2024-11/fl357.pdf,secured-cannot-process
courts/default/2024-11/jv215.pdf,secured-cannot-process
courts/default/2024-11/jv573.pdf,secured-cannot-process
courts/default/2024-11/jv567.pdf,secured-cannot-process
courts/default/2024-11/gc505.pdf,secured-cannot-process
courts/default/2024-11/fl343.pdf,secured-cannot-process
courts/default/2024-11/cd100.pdf,secured-cannot-process
courts/default/2024-11/jv229.pdf,secured-cannot-process
courts/default/2024-11/em100infoc.pdf,secured-cannot-process
courts/default/2024-11/jv510a.pdf,secured-cannot-process
courts/default/2024-11/jv270info.pdf,secured-needs-approval
courts/default/2024-11/fl800v.pdf,secured-needs-approval
courts/default/2024-11/wv715c.pdf,secured-cannot-process
courts/default/2024-11/jv598.pdf,secured-cannot-process
courts/default/2024-11/icwa050.pdf,secured-cannot-process
courts/default/2024-11/gv020.pdf,secured-cannot-process
courts/default/2024-11/fl155.pdf,secured-cannot-process
courts/default/2024-11/gc075.pdf,secured-cannot-process
courts/default/2024-11/nc300.pdf,secured-cannot-process
courts/default/2024-11/fl141.pdf,secured-cannot-process
courts/default/2024-11/cr110.pdf,secured-cannot-process
courts/default/2024-11/gc405c.pdf,secured-cannot-process
courts/default/2024-11/fl627.pdf,secured-cannot-process
courts/default/2024-11/cr138.pdf,secured-cannot-process
courts/default/2024-11/ch800info.pdf,secured-cannot-process
courts/default/2024-11/dv120.pdf,secured-cannot-process
courts/default/2024-11/fl196.pdf,secured-needs-approval
courts/default/2024-11/fl182.pdf,secured-cannot-process
courts/default/2024-11/wg008.pdf,secured-cannot-process
courts/default/2024-11/wg020.pdf,secured-cannot-process
courts/default/2024-11/sc104.pdf,secured-cannot-process
courts/default/2024-11/fl800.pdf,secured-cannot-process
courts/default/2024-11/dv108.pdf,secured-cannot-process
courts/default/2024-11/fl270s.pdf,secured-cannot-process
courts/default/2024-11/jv798.pdf,secured-cannot-process
courts/default/2024-11/mc202.pdf,secured-cannot-process
courts/default/2024-11/de260.pdf,secured-cannot-process
courts/default/2024-11/fl180.pdf,secured-cannot-process
courts/default/2024-11/sv715k.pdf,secured-cannot-process
courts/default/2024-11/ra010k.pdf,secured-needs-approval
courts/default/2024-11/cr106.pdf,secured-cannot-process
courts/default/2024-11/fl157.pdf,secured-cannot-process
courts/default/2024-11/fl625.pdf,secured-cannot-process
courts/default/2024-11/gc405a.pdf,secured-cannot-process
courts/default/2024-11/cr112.pdf,secured-cannot-process
courts/default/2024-11/gc400a5.pdf,secured-cannot-process
courts/default/2024-11/fl800c.pdf,secured-cannot-process
courts/default/2024-11/ea109s.pdf,secured-needs-approval
courts/default/2024-11/ch100infoc.pdf,secured-needs-approval
courts/default/2024-11/fl396.pdf,secured-cannot-process
courts/default/2024-11/adopt330.pdf,secured-cannot-process
courts/default/2024-11/gc400ac.pdf,secured-cannot-process
courts/default/2024-11/ej156.pdf,secured-cannot-process
courts/default/2024-11/dal002.pdf,secured-cannot-process
courts/default/2024-11/la400k.pdf,secured-cannot-process
courts/default/2024-11/gc400nl.pdf,secured-cannot-process
courts/default/2024-11/ch115v.pdf,secured-needs-approval
courts/default/2024-11/jv571.pdf,secured-cannot-process
courts/default/2024-11/fl355.pdf,secured-cannot-process
courts/default/2024-11/jv130info.pdf,secured-cannot-process
courts/default/2024-11/nc100.pdf,secured-cannot-process
courts/default/2024-11/ch160k.pdf,secured-needs-approval
courts/default/2024-11/ch710.pdf,secured-cannot-process
courts/default/2024-11/fl341.pdf,secured-cannot-process
courts/default/2024-11/ej195.pdf,secured-cannot-process
courts/default/2024-11/jv565.pdf,secured-cannot-process
courts/default/2024-11/dv175s.pdf,secured-needs-approval
courts/default/2024-11/em100infov.pdf,secured-cannot-process
courts/default/2024-11/ea309v.pdf,secured-needs-approval
courts/default/2024-11/fl323infov.pdf,secured-needs-approval
courts/default/2024-11/jury002.pdf,secured-cannot-process
courts/default/2024-11/fw002s.pdf,secured-cannot-process
courts/default/2024-11/jv464infok.pdf,secured-needs-approval
courts/default/2024-11/fl683c.pdf,secured-needs-approval
courts/default/2024-11/ea110k.pdf,secured-needs-approval
courts/default/2024-11/fl341cz.pdf,secured-cannot-process
courts/default/2024-11/fl676infov.pdf,secured-needs-approval
courts/default/2024-11/tr215.pdf,secured-cannot-process
courts/default/2024-11/ch250s.pdf,secured-needs-approval
courts/default/2024-11/ch116.pdf,secured-cannot-process
courts/default/2024-11/jv405.pdf,secured-cannot-process
courts/default/2024-11/civ105.pdf,secured-cannot-process
courts/default/2024-11/jv363.pdf,secured-cannot-process
courts/default/2024-11/ch800v.pdf,secured-needs-approval
courts/default/2024-11/fl235.pdf,secured-cannot-process
courts/default/2024-11/jv820.pdf,secured-cannot-process
courts/default/2024-11/care101s.pdf,secured-needs-approval
courts/default/2024-11/dal001s.pdf,secured-cannot-process
courts/default/2024-11/adr111.pdf,secured-cannot-process
courts/default/2024-11/dv730.pdf,secured-cannot-process
courts/default/2024-11/mc410.pdf,secured-cannot-process
courts/default/2024-11/de300.pdf,secured-cannot-process
courts/default/2024-11/jv225s.pdf,secured-cannot-process
courts/default/2024-11/gv630.pdf,secured-cannot-process
courts/default/2024-11/app105.pdf,secured-cannot-process
courts/default/2024-11/dv210c.pdf,secured-cannot-process
courts/default/2024-11/jv800k.pdf,secured-cannot-process
courts/default/2024-11/jv175.pdf,secured-cannot-process
courts/default/2024-11/app110.pdf,secured-cannot-process
courts/default/2024-11/fl358s.pdf,secured-cannot-process
courts/default/2024-11/epo001k.pdf,secured-needs-approval
courts/default/2024-11/sv115info.pdf,secured-cannot-process
courts/default/2024-11/jv174.pdf,secured-cannot-process
courts/default/2024-11/jv253c.pdf,secured-needs-approval
courts/default/2024-11/app104.pdf,secured-cannot-process
courts/default/2024-11/jv251k.pdf,secured-needs-approval
courts/default/2024-11/sh020info.pdf,secured-cannot-process
courts/default/2024-11/fl640c.pdf,secured-needs-approval
courts/default/2024-11/fl210c.pdf,secured-cannot-process
courts/default/2024-11/fl107infoc.pdf,secured-needs-approval
courts/default/2024-11/de315.pdf,secured-cannot-process
courts/default/2024-11/care100v.pdf,secured-needs-approval
courts/default/2024-11/adr110.pdf,secured-cannot-process
courts/default/2024-11/adr104.pdf,secured-cannot-process
courts/default/2024-11/fl355c.pdf,secured-cannot-process
courts/default/2024-11/gc314.pdf,secured-cannot-process
courts/default/2024-11/fl341as.pdf,secured-cannot-process
courts/default/2024-11/dv115infos.pdf,secured-needs-approval
courts/default/2024-11/civ110.pdf,secured-cannot-process
courts/default/2024-11/jv410.pdf,secured-cannot-process
courts/default/2024-11/ch117.pdf,secured-cannot-process
courts/default/2024-11/jv362.pdf,secured-cannot-process
courts/default/2024-11/jv120s.pdf,secured-cannot-process
courts/default/2024-11/fl220.pdf,secured-cannot-process
courts/default/2024-11/wg003v.pdf,secured-needs-approval
courts/default/2024-11/jv438.pdf,secured-cannot-process
courts/default/2024-11/dv505info.pdf,secured-needs-approval
courts/default/2024-11/tr200.pdf,secured-cannot-process
courts/default/2024-11/dv115c.pdf,secured-cannot-process
courts/default/2024-11/ea610.pdf,secured-cannot-process
courts/default/2024-11/care120c.pdf,secured-needs-approval
courts/default/2024-11/fl585.pdf,secured-cannot-process
courts/default/2024-11/gv720c.pdf,secured-needs-approval
courts/default/2024-11/cp10.pdf,secured-cannot-process
courts/default/2024-11/wv600.pdf,secured-cannot-process
courts/default/2024-11/md140.pdf,secured-cannot-process
courts/default/2024-11/tr300o.pdf,secured-cannot-process
courts/default/2024-11/gc260.pdf,secured-cannot-process
courts/default/2024-11/fl340.pdf,secured-cannot-process
courts/default/2024-11/dv500infos.pdf,secured-needs-approval
courts/default/2024-11/jv570.pdf,secured-cannot-process
courts/default/2024-11/ej180.pdf,secured-cannot-process
courts/default/2024-11/dv101k.pdf,secured-needs-approval
courts/default/2024-11/jv216.pdf,secured-cannot-process
courts/default/2024-11/jv265v.pdf,secured-needs-approval
courts/default/2024-11/icwa090.pdf,secured-cannot-process
courts/default/2024-11/mc410infov.pdf,secured-needs-approval
courts/default/2024-11/dv800c.pdf,secured-needs-approval
courts/default/2024-11/gc248.pdf,secured-cannot-process
courts/default/2024-11/adopt325.pdf,secured-cannot-process
courts/default/2024-11/ej157.pdf,secured-cannot-process
courts/default/2024-11/jv459a.pdf,secured-cannot-process
courts/default/2024-11/ser001c.pdf,secured-cannot-process
courts/default/2024-11/adopt331.pdf,secured-cannot-process
courts/default/2024-11/fl397.pdf,secured-cannot-process
courts/default/2024-11/gc400a4.pdf,secured-cannot-process
courts/default/2024-11/adopt216s.pdf,secured-cannot-process
courts/default/2024-11/fl676v.pdf,secured-needs-approval
courts/default/2024-11/care050infoc.pdf,secured-needs-approval
courts/default/2024-11/jv245c.pdf,secured-needs-approval
courts/default/2024-11/cr113.pdf,secured-cannot-process
courts/default/2024-11/jv531s.pdf,secured-needs-approval
courts/default/2024-11/dv820v.pdf,secured-needs-approval
courts/default/2024-11/fl630.pdf,secured-cannot-process
courts/default/2024-11/fl618.pdf,secured-cannot-process
courts/default/2024-11/th210.pdf,secured-cannot-process
courts/default/2024-11/ea200.pdf,secured-cannot-process
courts/default/2024-11/de275.pdf,secured-cannot-process
courts/default/2024-11/fl195.pdf,secured-cannot-process
courts/default/2024-11/fl341k.pdf,secured-cannot-process
courts/default/2024-11/rc300.pdf,secured-cannot-process
courts/default/2024-11/gv716v.pdf,secured-needs-approval
courts/default/2024-11/sv620.pdf,secured-cannot-process
courts/default/2024-11/sc107.pdf,secured-cannot-process
courts/default/2024-11/jv618s.pdf,secured-needs-approval
courts/default/2024-11/wg023.pdf,secured-cannot-process
courts/default/2024-10/vantage_1034555_amd05-fe.pdf,secured-cannot-process
courts/default/2024-10/charlesmsalter_1034607_amd04-fe.pdf,secured-cannot-process
courts/default/2024-10/tr225.pdf,secured-cannot-process
courts/default/2024-10/aac_lpa-68295_amd01-fe.pdf,secured-cannot-process
courts/default/2024-10/lpa-staples-ma201705-amendment5.pdf,secured-cannot-process
courts/default/2024-10/lpa-response-technologies-ma200912-amendment-11.pdf,secured-cannot-process
courts/default/2024-10/access-fairness-q-a-responding.pdf,secured-needs-approval
courts/default/2024-10/isc_lpa-68299_amd01-fe.pdf,secured-cannot-process
courts/default/2024-10/lassen-qfs-q2-1314.pdf,secured-cannot-process
courts/default/2024-10/ventura-qfs-q4-1213.pdf,secured-cannot-process
courts/default/2024-10/lpa-ma-2022-05-ulg-updated-7-25-22.pdf,secured-needs-approval
courts/default/2024-10/vitac-corp-ma-sf202102-a1-fully-executed.pdf,secured-needs-approval
courts/default/2024-10/ventura-qfs-q2-1314.pdf,secured-cannot-process
courts/default/2024-10/tr220.pdf,secured-cannot-process
courts/default/2024-10/cvcs_1034581_amd04-fe.pdf,secured-cannot-process
courts/default/2024-10/tr235.pdf,secured-cannot-process
courts/default/2024-10/humanscale-corporation-ma-sf202101-amendment-2.pdf,secured-needs-approval
courts/default/2024-10/netronix_lpa-68302_amd01-fe.pdf,secured-cannot-process
courts/default/2024-10/yuba-qfs-q2-1314.pdf,secured-cannot-process
courts/default/2024-10/lpa-adp-ma202201.pdf,secured-needs-approval
courts/default/2024-10/lpa-siemens-ma401001-amendment-5.pdf.pdf,secured-needs-approval
courts/default/2024-10/lpa-kennedy-ma-sf201901.pdf,secured-needs-approval
courts/default/2024-10/qfs-1516-q1-siskiyou.pdf,secured-cannot-process
courts/default/2024-10/16-84.pdf,secured-cannot-process
courts/default/2024-10/bofa_banking_master_agreement_ma200307_amd_9.pdf,secured-needs-approval
courts/default/2024-10/lpa-adp-sample_pay_statement.pdf,secured-cannot-process
courts/default/2024-10/justiceav_1034501_amd04-fe.pdf,secured-cannot-process
courts/default/2024-10/lpa-unisys-emc-ma-201303.pdf,secured-cannot-process
courts/default/2024-10/el_dorado-qfs-q2-1314.pdf,secured-cannot-process
courts/default/2024-10/linkus_1034184_amd05-fe.pdf,secured-cannot-process
courts/default/2024-10/shenmilsomwilke_1034963_amd05-fe.pdf,secured-cannot-process
courts/default/2024-10/mek-enterprises-ma-87180-a1-exp-11-27-24.pdf,secured-cannot-process
courts/default/2024-10/el-dorado-qfs-q4-1213.pdf,secured-cannot-process
courts/default/2024-10/lpa-ma201707-astrophysics.pdf,secured-cannot-process
courts/default/2024-10/qfs-q4-1415-imperial.pdf,secured-cannot-process
courts/default/2024-10/lpa-ma-2017-16-justice-systems.pdf,secured-cannot-process
courts/default/2024-10/imperial-qfs-q4-1213.pdf,secured-cannot-process
courts/default/2024-10/exhibitone_1034489_amd05-fe.pdf,secured-cannot-process
courts/default/2024-10/imperial-qfs-q2-1314.pdf,secured-cannot-process
courts/default/2024-10/05-calaveras-fy-22-23-q4-qfs.pdf,secured-cannot-process
courts/default/2024-10/lpa-ma-2017-11-journal-technologies.pdf,secured-cannot-process
courts/default/2024-10/vantage_1034555_amd04-fe.pdf,secured-cannot-process
courts/default/2024-10/kern-qfs-q4-1213.pdf,secured-cannot-process
courts/default/2024-10/lpa-ma-2022-02-courtscribes.pdf,secured-needs-approval
courts/default/2024-10/cvcs_1034581_amd05-fe.pdf,secured-cannot-process
courts/default/2024-10/lpa-staples-contract-and-commercial-llc-ma-2022-06-amendment-1-fully-executed.pdf,secured-needs-approval
courts/default/2024-10/lpa-ma201708-ceia.pdf,secured-cannot-process
courts/default/2024-10/lpa-staples-contract-commercial-llc-ma-2022-06-amendment-2-fully-executed.pdf,secured-needs-approval
courts/default/2024-10/mek_lpa-87180_trk03_amd02-fe.pdf,secured-cannot-process
courts/default/2024-10/futures-commission-final-report.pdf,secured-cannot-process
courts/default/2024-10/tr210.pdf,secured-cannot-process
courts/default/2024-10/jcc_job_application.pdf,secured-cannot-process
courts/default/2024-10/tr205.pdf,secured-cannot-process
courts/default/2024-10/lpa-ibm-ma-201402.pdf,secured-cannot-process
courts/default/2024-10/16-10.pdf,secured-cannot-process
courts/default/2024-10/assi_lpa-68298_amd01-fe.pdf,secured-cannot-process
courts/default/2024-10/qfs-1516-q1-sonoma.pdf,secured-cannot-process
courts/default/2024-10/qfs-1516-q1-sierra.pdf,secured-cannot-process
courts/default/2024-10/qfs-q4-1415-modoc.pdf,secured-cannot-process
courts/default/2024-10/shenmilsomwilke_1034963_amd04-fe.pdf,secured-cannot-process
courts/default/2024-10/linkus_1034184_amd04-fe.pdf,secured-cannot-process
courts/default/2024-10/ies_1034309_amd03-fe.pdf,secured-cannot-process
courts/default/2024-10/justiceav_1034501_amd05-fe.pdf,secured-cannot-process
courts/default/2024-10/tr215.pdf,secured-cannot-process
courts/default/2024-10/qfs-q4-1415-el-dorado.pdf,secured-cannot-process
courts/default/2024-10/tr200.pdf,secured-cannot-process
private/courts/interim_policy_trial_courts_3rd_party_use.pdf,secured-cannot-process
private/courts/2024-08/futures-commission-final-report.pdf,secured-cannot-process
private/courts/2024-08/jury001.pdf,secured-cannot-process
private/courts/2024-08/jury002.pdf,secured-cannot-process
private/courts/2025-06/tr320v.pdf,secured-needs-approval
private/courts/2025-06/tr320c.pdf,secured-needs-approval
private/courts/2025-06/Tasty Time MA-SAC2024-02 FE.pdf,secured-cannot-process
private/courts/2025-06/cr320k.pdf,secured-needs-approval
private/courts/2025-06/rt120info.pdf,secured-cannot-process
private/courts/2025-06/adopt203.pdf,secured-cannot-process
private/courts/2025-06/rt100.pdf,secured-cannot-process
private/courts/2025-06/rt115.pdf,secured-cannot-process
private/courts/2025-06/jv132v.pdf,secured-needs-approval
private/courts/2025-06/adopt200.pdf,secured-cannot-process
private/courts/2025-06/rt116.pdf,secured-cannot-process
private/courts/2025-06/care102.pdf,secured-cannot-process
private/courts/2025-06/adopt210.pdf,secured-cannot-process
private/courts/2025-06/Tasty Time MA-SAC2024-02-LPA-User-Instructions.pdf,secured-cannot-process
private/courts/2025-06/rt109.pdf,secured-cannot-process
private/courts/2025-06/rt120.pdf,secured-cannot-process
private/courts/2025-06/cr320c.pdf,secured-needs-approval
private/courts/2025-06/cr320v.pdf,secured-needs-approval
private/courts/2025-06/cr321v.pdf,secured-needs-approval
private/courts/2025-06/care118.pdf,secured-cannot-process
private/courts/2025-06/cr321c.pdf,secured-needs-approval
private/courts/2025-06/rt130.pdf,secured-cannot-process
private/courts/2025-06/care119.pdf,secured-cannot-process
private/courts/2025-06/cr164.pdf,secured-cannot-process
private/courts/2025-06/VITAC Corp MA-SF202102 A2 FE.pdf,secured-cannot-process
private/courts/2025-06/tr320k.pdf,secured-needs-approval
private/courts/2025-06/mil100v_0.pdf,secured-needs-approval
private/courts/2025-06/rt100info.pdf,secured-cannot-process
private/courts/2025-08/tr235.pdf,secured-cannot-process
private/courts/2025-09/sc136infoc.pdf,secured-needs-approval
private/courts/2025-09/adopt215s.pdf,secured-needs-approval
private/courts/2025-09/sc136infov.pdf,secured-needs-approval
private/courts/2025-09/care060infos.pdf,secured-needs-approval
private/courts/2025-09/care060infov.pdf,secured-needs-approval
private/courts/2025-09/care060infoc.pdf,secured-needs-approval
private/courts/2025-09/cr101k.pdf,secured-needs-approval
private/courts/2025-09/fl411v.pdf,secured-needs-approval
private/courts/2025-09/cr101v.pdf,secured-needs-approval
private/courts/2025-09/fl411c.pdf,secured-needs-approval
private/courts/2025-09/ej140infov.pdf,secured-needs-approval
private/courts/2025-09/care100cm.pdf,secured-needs-approval
private/courts/2025-09/ej140infoc.pdf,secured-needs-approval
private/courts/2025-09/care050infof.pdf,secured-needs-approval
private/courts/2025-09/care100t.pdf,secured-needs-approval
private/courts/2025-09/jv249c.pdf,secured-needs-approval
private/courts/2025-09/jv249v.pdf,secured-needs-approval
private/courts/2025-09/adopt200s.pdf,secured-needs-approval
private/courts/2025-09/care060infok.pdf,secured-needs-approval
private/courts/2025-07/app015infov.pdf,secured-needs-approval
private/courts/2025-07/sc108a.pdf,secured-cannot-process
private/courts/2025-07/adopt050info.pdf,secured-cannot-process
private/courts/2025-07/sc104c.pdf,secured-cannot-process
private/courts/2025-07/wv110v.pdf,secured-needs-approval
private/courts/2025-07/care103v.pdf,secured-needs-approval
private/courts/2025-07/rt100infos.pdf,secured-needs-approval
private/courts/2025-07/cr321.pdf,secured-cannot-process
private/courts/2025-07/sc200info.pdf,secured-cannot-process
private/courts/2025-07/sc112a.pdf,secured-cannot-process
private/courts/2025-07/wv130v.pdf,secured-needs-approval
private/courts/2025-07/wv100infov.pdf,secured-needs-approval
private/courts/2025-07/gc079.pdf,secured-cannot-process
private/courts/2025-07/fl165.pdf,secured-cannot-process
private/courts/2025-07/sc120.pdf,secured-cannot-process
private/courts/2025-07/wg004.pdf,secured-cannot-process
private/courts/2025-07/sc108.pdf,secured-cannot-process
private/courts/2025-07/jv792.pdf,secured-cannot-process
private/courts/2025-07/fl313info.pdf,secured-cannot-process
private/courts/2025-07/dv300v.pdf,secured-needs-approval
private/courts/2025-07/sc105a.pdf,secured-cannot-process
private/courts/2025-07/sc290.pdf,secured-cannot-process
private/courts/2025-07/tr321c.pdf,secured-needs-approval
private/courts/2025-07/app001info.pdf,secured-cannot-process
private/courts/2025-07/tr321v.pdf,secured-needs-approval
private/courts/2025-07/fw015infov.pdf,secured-needs-approval
private/courts/2025-07/civ050.pdf,secured-cannot-process
private/courts/2025-07/mil100.pdf,secured-cannot-process
private/courts/2025-07/tr235.pdf,secured-cannot-process
private/courts/2025-07/wv120info.pdf,secured-cannot-process
private/courts/2025-07/adopt310.pdf,secured-cannot-process
private/courts/2025-07/ch100infok.pdf,secured-needs-approval
private/courts/2025-07/wv109k.pdf,secured-needs-approval
private/courts/2025-07/gc080.pdf,secured-cannot-process
private/courts/2025-07/jv790.pdf,secured-cannot-process
private/courts/2025-07/fl341b.pdf,secured-cannot-process
private/courts/2025-07/wg002.pdf,secured-cannot-process
private/courts/2025-07/wv100c.pdf,secured-needs-approval
private/courts/2025-07/care100.pdf,secured-cannot-process
private/courts/2025-07/wg030v.pdf,secured-needs-approval
private/courts/2025-07/app001infok.pdf,secured-needs-approval
private/courts/2025-07/wv120v.pdf,secured-needs-approval
private/courts/2025-07/fl312.pdf,secured-cannot-process
private/courts/2025-07/fl306.pdf,secured-cannot-process
private/courts/2025-07/wv120.pdf,secured-cannot-process
private/courts/2025-07/sc223.pdf,secured-cannot-process
private/courts/2025-07/jv132.pdf,secured-cannot-process
private/courts/2025-07/sc222.pdf,secured-cannot-process
private/courts/2025-07/wv109.pdf,secured-cannot-process
private/courts/2025-07/care103.pdf,secured-cannot-process
private/courts/2025-07/ch120infos.pdf,secured-needs-approval
private/courts/2025-07/wv116v.pdf,secured-needs-approval
private/courts/2025-07/adopt215.pdf,secured-cannot-process
private/courts/2025-07/gc080ma.pdf,secured-cannot-process
private/courts/2025-07/sc200infov.pdf,secured-needs-approval
private/courts/2025-07/wv120c.pdf,secured-needs-approval
private/courts/2025-07/wv100v.pdf,secured-needs-approval
private/courts/2025-07/cr162s.pdf,secured-needs-approval
private/courts/2025-07/fl300.pdf,secured-cannot-process
private/courts/2025-07/sc225.pdf,secured-cannot-process
private/courts/2025-07/ch120infov.pdf,secured-needs-approval
private/courts/2025-07/gc079ma.pdf,secured-cannot-process
private/courts/2025-07/tr321.pdf,secured-cannot-process
private/courts/2025-07/sc152.pdf,secured-cannot-process
private/courts/2025-07/sc150.pdf,secured-cannot-process
private/courts/2025-07/gc035.pdf,secured-cannot-process
private/courts/2025-07/care050info.pdf,secured-cannot-process
private/courts/2025-07/cr161k.pdf,secured-needs-approval
private/courts/2025-07/de154.pdf,secured-cannot-process
private/courts/2025-07/cr102v.pdf,secured-needs-approval
private/courts/2025-07/ch120infoc.pdf,secured-needs-approval
private/courts/2025-07/wv130.pdf,secured-cannot-process
private/courts/2025-07/fw015info.pdf,secured-cannot-process
private/courts/2025-07/fl411 .pdf,secured-cannot-process
private/courts/2025-07/cr162k.pdf,secured-needs-approval
private/courts/2025-07/rt120infos.pdf,secured-needs-approval
private/courts/2025-07/wv115.pdf,secured-cannot-process
private/courts/2025-07/gc367.pdf,secured-cannot-process
private/courts/2025-07/dv305v.pdf,secured-needs-approval
private/courts/2025-07/wv100.pdf,secured-cannot-process
private/courts/2025-07/gc399.pdf,secured-cannot-process
private/courts/2025-07/ej140info.pdf,secured-cannot-process
private/courts/2025-07/Humanscale MA-SF2024-01-FE.pdf,secured-cannot-process
private/courts/2025-07/wv100info.pdf,secured-cannot-process
private/courts/2025-07/wv120infov.pdf,secured-needs-approval
private/courts/2025-07/app001infov.pdf,secured-needs-approval
private/courts/2025-07/cr161s.pdf,secured-needs-approval
private/courts/2025-07/wv116.pdf,secured-cannot-process
private/courts/2025-07/wg004v.pdf,secured-needs-approval
private/courts/2025-07/adopt230.pdf,secured-cannot-process
private/courts/2025-07/cr102k.pdf,secured-needs-approval
private/courts/2025-07/wv115v.pdf,secured-needs-approval
private/courts/2025-07/fl320.pdf,secured-cannot-process
private/courts/2025-07/rt120infov.pdf,secured-needs-approval
private/courts/2025-07/wv110.pdf,secured-cannot-process
private/courts/2025-07/ch120infok.pdf,secured-needs-approval
private/courts/2025-07/fl314info.pdf,secured-cannot-process
private/courts/2025-07/jv249.pdf,secured-cannot-process
private/courts/2025-07/care060info.pdf,secured-cannot-process
private/courts/2025-07/fl320info.pdf,secured-cannot-process
private/courts/2025-07/wv610.pdf,secured-cannot-process
private/courts/2025-07/wg002v.pdf,secured-needs-approval
private/courts/2025-07/wv610v.pdf,secured-needs-approval
private/courts/2025-07/dv500infov.pdf,secured-needs-approval
private/courts/2025-07/cr102.pdf,secured-cannot-process
private/courts/2025-07/wg030.pdf,secured-cannot-process
private/courts/2025-07/fl145.pdf,secured-cannot-process
private/courts/2025-07/jv239.pdf,secured-cannot-process
private/courts/2025-07/app015infok.pdf,secured-needs-approval
private/courts/2025-07/ser001av.pdf,secured-needs-approval
private/courts/2025-07/wg022v.pdf,secured-needs-approval
private/courts/2025-07/care103k.pdf,secured-needs-approval
private/courts/2025-07/ch100infos.pdf,secured-needs-approval
private/courts/2025-07/sc136info.pdf,secured-cannot-process
private/courts/2025-07/cr101.pdf,secured-cannot-process
private/courts/2025-07/sc105.pdf,secured-cannot-process
private/courts/2025-07/fw015infok.pdf,secured-needs-approval
private/courts/2025-07/ser001a.pdf,secured-cannot-process
private/courts/2025-07/app015info.pdf,secured-cannot-process
private/courts/2025-07/int140.pdf,secured-cannot-process
private/courts/2025-07/ch120info.pdf,secured-cannot-process
private/courts/2025-07/fl343.pdf,secured-cannot-process
private/courts/2025-07/cr110.pdf,secured-cannot-process
private/courts/2025-07/wv109v.pdf,secured-needs-approval
private/courts/2025-07/wg022.pdf,secured-cannot-process
private/courts/2025-07/cr112.pdf,secured-cannot-process
private/courts/2025-07/fl340.pdf,secured-cannot-process
private/courts/2025-07/fl142.pdf,secured-cannot-process
private/courts/file/wv716v.pdf,secured-needs-approval
private/courts/file/stanislaus-newmodesto-overview-presentation.pdf,secured-needs-approval
private/courts/file/itac-20180620-rps-notice-public.pdf,secured-cannot-process
private/courts/file/bof1026.pdf,secured-needs-approval
private/courts/file/rapiscan-lpa-84377-extension-amendment-1.pdf,secured-cannot-process
private/courts/file/cerida_123592-pe_original.pdf,secured-needs-approval
private/courts/file/itac-20180122-rps-agenda-public.pdf,secured-cannot-process
private/courts/file/bof1025.pdf,secured-needs-approval
private/courts/file/sv715v.pdf,secured-needs-approval
private/courts/file/interim_policy_trial_courts_3rd_party_use_0.pdf,secured-cannot-process
private/courts/file/bof1022.pdf,secured-needs-approval
private/courts/file/point-security-lpa-84376-extension-amendment-1.pdf,secured-cannot-process
private/courts/file/bof1023.pdf,secured-needs-approval
private/courts/file/cr409infov.pdf,secured-needs-approval
private/courts/file/fl192v.pdf,secured-needs-approval
private/courts/file/astrophysics-lpa-84372-extension-amendment-1.pdf,secured-cannot-process
private/courts/file/jv247.pdf,secured-cannot-process
private/courts/file/gv115v.pdf,secured-needs-approval
private/courts/file/ch716v.pdf,secured-needs-approval
private/courts/file/title-iv-d-ab1058-child-support-commissioner-and-family-law-facilitator-program-grant-manual-fy2025.pdf,secured-needs-approval
private/courts/file/itac-20180122-rps-notice-public.pdf,secured-cannot-process
private/courts/file/gc342.pdf,secured-cannot-process
private/courts/file/jv245pdf.pdf,secured-cannot-process
private/courts/file/gv620v.pdf,secured-needs-approval
private/courts/file/cerida_123592-pe_original_0.pdf,secured-needs-approval
private/courts/file/gun-violence-emergency-protective-order-clets-egv.pdf,secured-needs-approval
private/courts/file/ceia-lpa-84374-extension-amendment-1.pdf,secured-cannot-process
private/courts/file/futures-commission-final-report_0.pdf,secured-cannot-process
private/courts/file/ch715v.pdf,secured-needs-approval
private/courts/file/sum130v.pdf,secured-needs-approval
private/courts/file/itac-20181106-rps-notice-agenda-public.pdf,secured-cannot-process
private/courts/file/ab_1058_program_timekeeping_fact_sheet_021523.pdf,secured-needs-approval
private/courts/file/futures-commission-final-report.pdf,secured-cannot-process
private/courts/file/ea100infoc.pdf,secured-needs-approval
private/courts/file/peninsula-ma-sf2025-01-fe-expires-september-30-2027.pdf,secured-cannot-process
private/courts/file/itac-20171115-rps-minutes-public.pdf,secured-cannot-process
private/courts/file/sv716v.pdf,secured-needs-approval
private/courts/file/lapitf-20190122-materials-draft-vri-report.pdf,secured-cannot-process
private/courts/file/ea715v.pdf,secured-needs-approval
private/courts/file/itac-20180126-rps-minutes-public.pdf,secured-cannot-process
private/courts/file/interim_policy_trial_courts_3rd_party_use.pdf,secured-cannot-process
private/courts/file/wv715v.pdf,secured-needs-approval
private/courts/file/searchpros-ma-sf2024-03-fully-executed.pdf,secured-needs-approval
private/courts/file/itac-20180621-rps-agenda-public.pdf,secured-cannot-process
private/courts/file/gv700v.pdf,secured-needs-approval
private/courts/file/cr409v.pdf,secured-needs-approval
private/courts/file/jbwcp-20170710-materials.pdf,secured-cannot-process
private/courts/solicitation-request-document/lss-2023-16-sb-attachment-6b-std205.pdf,secured-cannot-process
private/courts/solicitation-request-document/refm-2016-27-bd-attach-2-scope-work-revision-1.pdf,secured-cannot-process
private/courts/solicitation-request-document/ent-itarchitecture-rfp-attach4.pdf,secured-cannot-process
private/courts/solicitation-request-document/scanning-reprographic-rfp-qna.pdf,secured-cannot-process
private/courts/solicitation-request-document/ccmsrfp-attb.pdf,secured-needs-approval
private/courts/solicitation-request-document/jip-2019-05-dm-addendum-1.pdf,secured-cannot-process
private/courts/solicitation-request-document/refm-2016-28-sm-attachment-15-internal-background-check-policy.pdf,secured-cannot-process
private/courts/solicitation-request-document/ecm-rfp-appj.pdf,secured-cannot-process
private/courts/solicitation-request-document/hrs-03-13-ss-attachment-1-admin-rules.pdf,secured-cannot-process
private/courts/solicitation-request-document/ocr23-152rb-attach-6b-std205.pdf,secured-cannot-process
private/courts/solicitation-request-document/it23-153rb-attach-6b-std205.pdf,secured-cannot-process
private/courts/solicitation-request-document/ecm_add_1_appendix_f_search_requirements.pdf,secured-cannot-process
private/courts/solicitation-request-document/orefm-2013-06-cc-attachment-h.pdf,secured-cannot-process
private/courts/solicitation-request-document/rfqfs202205mb-attach-5b-payee-data-record-supplement.pdf,secured-cannot-process
private/courts/solicitation-request-document/request-proposal-rfp-maps-2025-04-rp_1.pdf,secured-needs-approval
private/courts/solicitation-request-document/cfcc-2016-08-lv-attachment-1.pdf,secured-cannot-process
private/courts/solicitation-request-document/cfcc-2019-08-ms-attachment-4-general-certifications.pdf,secured-cannot-process
private/courts/solicitation-request-document/flrgp_attd.pdf,secured-cannot-process
private/courts/solicitation-request-document/repjuvdep-sc-rfp-qa.pdf,secured-cannot-process
private/courts/solicitation-request-document/attachment4-priceproposalform.pdf,secured-cannot-process
private/courts/solicitation-request-document/ogc-adr-01b-lm-attachment-1-administrative-rules-governing-rfps.pdf,secured-cannot-process
private/courts/solicitation-request-document/jbcp-2013-03-br-pre-qual-san-joaquain-juvenile-gc-list.pdf,secured-cannot-process
private/courts/solicitation-request-document/fin-201505-ml-addendum-1.pdf,secured-cannot-process
private/courts/solicitation-request-document/lss-18-48-rb-attach-6-form-204.pdf,secured-needs-approval
private/courts/solicitation-request-document/jbcp-2015-09-br-attachment-5-payee-data-record.pdf,secured-cannot-process
private/courts/solicitation-request-document/ccmsrfp-add2.pdf,secured-cannot-process
private/courts/solicitation-request-document/perfrel-rfp.pdf,secured-cannot-process
private/courts/solicitation-request-document/fs-2020-07-rl-response-questions.pdf,secured-needs-approval
private/courts/solicitation-request-document/cfcc-012414-acdr-cf-attachment-1-admin-rules.pdf,secured-cannot-process
private/courts/solicitation-request-document/fso-2018-06-jmg_attach_d_to_std_agmt_judicial_council_tool_control_policy.pdf,secured-cannot-process
private/courts/solicitation-request-document/asu-au-006-lm-attachment-5-submission-form-technical-proposal.pdf,secured-cannot-process
private/courts/solicitation-request-document/asu-au-006-lm-attachment-3-vendors-acceptance-terms-and-conditions.pdf,secured-cannot-process
private/courts/solicitation-request-document/jbcp-2015-10-jmg-payee-data-record-form.pdf,secured-cannot-process
private/courts/solicitation-request-document/cfcc-2022-02-tq-attachment-1-admin-rules.pdf,secured-needs-approval
private/courts/solicitation-request-document/elearn-rfp_0.pdf,secured-cannot-process
private/courts/solicitation-request-document/2022-37-dm-attachment-1-administrative-rules.pdf,secured-cannot-process
private/courts/solicitation-request-document/hr-lv-112015-intent-award.pdf,secured-cannot-process
private/courts/solicitation-request-document/feltrial-rfp-award.pdf,secured-cannot-process
private/courts/solicitation-request-document/3dca-17-18-10-attachment-4-payee-data-record.pdf,secured-cannot-process
private/courts/solicitation-request-document/it-072414-wxrp-cf_request-proposals.pdf,secured-cannot-process
private/courts/solicitation-request-document/bs-2020-11-dm-qa.pdf,secured-cannot-process
private/courts/solicitation-request-document/fin-2020-21-cd-addendum-3.pdf,secured-needs-approval
private/courts/solicitation-request-document/cfcc-2016-12lb-attachment-9-conflict-interest-cert.pdf,secured-cannot-process
private/courts/solicitation-request-document/fso-2018-17-jr-rfqp.pdf,secured-cannot-process
private/courts/solicitation-request-document/cfcc-12-13-lm-table-contents.pdf,secured-cannot-process
private/courts/solicitation-request-document/jcc-2018-01-cd-ifb-moving-services-sacramento.pdf,secured-cannot-process
private/courts/solicitation-request-document/rfpfs202124al-attach-std205-payee-supplement.pdf,secured-cannot-process
private/courts/solicitation-request-document/icwa-curriculum-rfp-attach2.pdf,secured-cannot-process
private/courts/solicitation-request-document/it-opd-18-46-rb-attachment-6-payee-data.pdf,secured-needs-approval
private/courts/solicitation-request-document/ifb-isd-050516-aa-attachment-7-payee-data-record.pdf,secured-cannot-process
private/courts/solicitation-request-document/addendum4.pdf,secured-cannot-process
private/courts/solicitation-request-document/refm-2016-04-jp-bidderquestions.pdf,secured-cannot-process
private/courts/solicitation-request-document/cfcc24-187rb-attach-7-std205pdf.pdf,secured-cannot-process
private/courts/solicitation-request-document/rfpfs202214mb-attach-8b-payee-data-record-supplement.pdf,secured-cannot-process
private/courts/solicitation-request-document/qamtccpor-rfp-attachlist.pdf,secured-cannot-process
private/courts/solicitation-request-document/std205_1.pdf,secured-cannot-process
private/courts/solicitation-request-document/titleinsurance-escrowservice-rfp-attacha.pdf,secured-cannot-process
private/courts/solicitation-request-document/fso-2018-23-jr-notice-answer-questions.pdf,secured-cannot-process
private/courts/solicitation-request-document/cfcc-13-10-rb-cfcc-13-10-rb-marin-dependency-representation-attach-4-marin-scope-services.pdf,secured-cannot-process
private/courts/solicitation-request-document/cfcc-03-12-lm-table-contents.pdf,secured-cannot-process
private/courts/solicitation-request-document/ent-itarchitecture-rfp-intent.pdf,secured-cannot-process
private/courts/solicitation-request-document/creldabuseneeds-notice.pdf,secured-cannot-process
private/courts/solicitation-request-document/cjer-122013-oscs-cf-attachment-7-pricing-form.pdf,secured-cannot-process
private/courts/solicitation-request-document/addendum2-occm-2011-13-gs.pdf,secured-cannot-process
private/courts/solicitation-request-document/cjer-122013-oscs-cf-attachment-5-darfur.pdf,secured-cannot-process
private/courts/solicitation-request-document/cfcc-2019-16-cd-rfp-qa.pdf,secured-cannot-process
private/courts/solicitation-request-document/ifb-isd-06012017-aa-attachment-10-payee-data-record.pdf,secured-cannot-process
private/courts/solicitation-request-document/it-2020-64-rb-exhibit-h-sample-request-offer.pdf,secured-cannot-process
private/courts/solicitation-request-document/refm-2016-16-bd-rfp.pdf,secured-cannot-process
private/courts/solicitation-request-document/archrelsvccapproj-rfq-contract.pdf,secured-cannot-process
private/courts/solicitation-request-document/statebasedcs-rfp-att1.pdf,secured-cannot-process
private/courts/solicitation-request-document/fs-2021-attachment-06b-std205.pdf,secured-cannot-process
private/courts/solicitation-request-document/datacomm-projectmanagement-rfp-attach4.pdf,secured-cannot-process
private/courts/solicitation-request-document/asu-au-006-lm-table-contents.pdf,secured-cannot-process
private/courts/solicitation-request-document/cfcc-2018-09-cd-q.pdf,secured-cannot-process
private/courts/solicitation-request-document/asu-td-012-lm-attachment-6-submission-form-cost-proposal.pdf,secured-cannot-process
private/courts/solicitation-request-document/hcrc-ccs-17-22rb-attachment-6-payee-data.pdf,secured-cannot-process
private/courts/solicitation-request-document/hr-2013-01-rb-jbwc-tpa-attachment-4-vendor-payee-data.pdf,secured-cannot-process
private/courts/solicitation-request-document/pilotdesign-shriver-rfp.pdf,secured-cannot-process
private/courts/solicitation-request-document/calcjcduicoststudy-rfp-list.pdf,secured-cannot-process
private/courts/solicitation-request-document/oocmarchitect-engineer-rfq-legal.pdf,secured-cannot-process
private/courts/solicitation-request-document/cjs-2018-05-cd-rfp-study-veterans-needs.pdf,secured-cannot-process
private/courts/solicitation-request-document/cfcc-2012-02-rb-questions-and-answers.pdf,secured-cannot-process
private/courts/solicitation-request-document/ccjcrtc-rfp-attach3.pdf,secured-cannot-process
private/courts/solicitation-request-document/attachment-1-lss-2025-08-dm-administrative-rules.pdf,secured-cannot-process
private/courts/solicitation-request-document/jbcp-2015-02-br_attachment-5-payee-data-record.pdf,secured-cannot-process
private/courts/solicitation-request-document/refm-2014-04-jmg-master-agreement.pdf,secured-cannot-process
private/courts/solicitation-request-document/eval-famfinding-pilotcounties-rfp-attach4.pdf,secured-cannot-process
private/courts/solicitation-request-document/cpas-201101-rb-addendum-3-attachment-10-english-proficiency-oral-performance-evaluation-guide.pdf,secured-cannot-process
private/courts/solicitation-request-document/cdupmcjcp-rfp-cancel.pdf,secured-cannot-process
private/courts/solicitation-request-document/rfp-fs-2020-15-bd.pdf,secured-needs-approval
private/courts/solicitation-request-document/asu-au-006-lm-rfp.pdf,secured-cannot-process
private/courts/solicitation-request-document/os-20150901-rapiscan-jr-non-cost-scores.pdf,secured-cannot-process
private/courts/solicitation-request-document/lss-2025-08-dm-qa.pdf,secured-cannot-process
private/courts/solicitation-request-document/adr-032814-rb-addendum-1.pdf,secured-cannot-process
private/courts/solicitation-request-document/asu-td-012-lm-q.pdf,secured-cannot-process
private/courts/solicitation-request-document/nativeamerican-justice2-rfp-list.pdf,secured-cannot-process
private/courts/solicitation-request-document/coa2d-1-2014-document-shredding-revision_1-request-proposal.pdf,secured-cannot-process
private/courts/solicitation-request-document/hr-2013-01-rb-questions-and-answers.pdf,secured-cannot-process
private/courts/solicitation-request-document/fs-2017-01-bd-rfp.pdf,secured-cannot-process
private/courts/solicitation-request-document/itso-11-13-lm-attachment-4-conflict-interest-certification-form.pdf,secured-cannot-process
private/courts/solicitation-request-document/admin-2017-10-ml-public-opening-cost-proposals.pdf,secured-cannot-process
private/courts/solicitation-request-document/attachment-1-administrative-rules-rfp-cfcc-2024-03-dm.pdf,secured-cannot-process
private/courts/solicitation-request-document/hr-2017-08-lv-eap-attachment-2-standard-terms-and-conditions.pdf,secured-cannot-process
private/courts/solicitation-request-document/fin-2020-21-cd-addendum-2.pdf,secured-needs-approval
private/courts/solicitation-request-document/fs-2020-04-bd-notice-intent-award.pdf,secured-needs-approval
private/courts/solicitation-request-document/familyfunding-toolkit-rfp.pdf,secured-cannot-process
private/courts/solicitation-request-document/os-20150901-smiths-jr-notice-cancellation.pdf,secured-cannot-process
private/courts/solicitation-request-document/cfcc-031814-lcdr-cf_att-6_darfur.pdf,secured-cannot-process
private/courts/solicitation-request-document/cfcc-2016-12lb-qna.pdf,secured-cannot-process
private/courts/solicitation-request-document/fso-2018-08-jr-attachment-d-sample-idiq-agreement.pdf,secured-cannot-process
private/courts/solicitation-request-document/hrso-04-13-ss-attachment-5-darfur-cert.pdf,secured-cannot-process
private/courts/solicitation-request-document/photoserv-rfq-intent-njo.pdf,secured-cannot-process
private/courts/solicitation-request-document/orefm-2013-06-cc-rfp-real-estate-appraisal-services.pdf,secured-cannot-process
private/courts/solicitation-request-document/fs-2017-01-bd-questions-all-firms.pdf,secured-cannot-process
private/courts/solicitation-request-document/cfcc-13-13-lm-attachment-4-general-certifications-form.pdf,secured-cannot-process
private/courts/solicitation-request-document/cfcc-031814-lcdr-cf_content.pdf,secured-cannot-process
private/courts/solicitation-request-document/lss-2019-15-cd-qa-site-catering-san-francisco.pdf,secured-cannot-process
private/courts/solicitation-request-document/rfp-fs-2023-05-xc-attach-7b-payee-data-record-supplement.pdf,secured-cannot-process
private/courts/solicitation-request-document/ccmsrfp-add3.pdf,secured-cannot-process
private/courts/solicitation-request-document/rfp-it-2022-38-dm-site-data-storage.pdf,secured-cannot-process
private/courts/solicitation-request-document/cfcc-sandiego-dependencyrep-rfp-bidqna.pdf,secured-cannot-process
private/courts/solicitation-request-document/tcas-2021-02-aj-attachment-2-jcc-standard-terms-and-conditions.pdf,secured-needs-approval
private/courts/solicitation-request-document/asu-td-012-lm-attachment-2-aoc-standard-terms-and-conditions.pdf,secured-cannot-process
private/courts/solicitation-request-document/cfcc-2016-16-rbb-attachment-6-payee-data-record.pdf,secured-cannot-process
private/courts/solicitation-request-document/formtrans-add2.pdf,secured-cannot-process
private/courts/solicitation-request-document/rfp-fs-2020-15-bd-form-submission-questions-addendum-1.pdf,secured-needs-approval
private/courts/solicitation-request-document/jbwcp-2019-08-dm-intent-award.pdf,secured-cannot-process
private/courts/solicitation-request-document/request-proposal-rfp-maps-2025-04-rp_0.pdf,secured-needs-approval
private/courts/solicitation-request-document/cosso-02-14-lm-rfp.pdf,secured-cannot-process
private/courts/solicitation-request-document/cfcc-2022-01-sb-attachment-6b-std205.pdf,secured-cannot-process
private/courts/solicitation-request-document/addendum3-occm-2011-13-gs.pdf,secured-cannot-process
private/courts/solicitation-request-document/vps_rfp_qna.pdf,secured-cannot-process
private/courts/solicitation-request-document/cfcc-201103-rb-attachment-5-darfur-contracting-act-certification.pdf,secured-cannot-process
private/courts/solicitation-request-document/asu-au-006-lm-attachment-7-conflict-interest-certification-form.pdf,secured-cannot-process
private/courts/solicitation-request-document/orefm-2013-06-cc-attachment-i.pdf,secured-cannot-process
private/courts/solicitation-request-document/fso-2018-06-jmg_attach_k_to_std_agmt_security_badging_policy.pdf,secured-cannot-process
private/courts/solicitation-request-document/ifb-fs-2025-06-el-attachment-administrative-rules-governing-ifbs-finalpdf.pdf,secured-needs-approval
private/courts/solicitation-request-document/rfp-cfcc-2012-01-rb-attachment-5-payee-data-record-form.pdf,secured-cannot-process
private/courts/solicitation-request-document/jbcp-2016-02-br-rfq-p-cmr-new-mid-county-civil-courthouse.pdf,secured-cannot-process
private/courts/solicitation-request-document/it-2020-64-rb-attach-6-payee-data-record-std204.pdf,secured-needs-approval
private/courts/solicitation-request-document/ecm-rfp-appk.pdf,secured-cannot-process
private/courts/solicitation-request-document/cjer-2018-02-dm-attachment-1-administrative-rules-governing-rfps-it-goods_services.pdf,secured-cannot-process
private/courts/solicitation-request-document/fso-2018-23-jr-attachment-administrative-rules.pdf,secured-cannot-process
private/courts/solicitation-request-document/rfpfs202204mb-attach-9b-std205-payee-supplement.pdf,secured-cannot-process
private/courts/solicitation-request-document/dpmccpor-rfp-attd.pdf,secured-cannot-process
private/courts/solicitation-request-document/orefm-2014-01-jmg-rfp.pdf,secured-cannot-process
private/courts/solicitation-request-document/cfcc-2022-43-dm-intent-award.pdf,secured-cannot-process
private/courts/solicitation-request-document/fin-201505-ml-notice-intent-award.pdf,secured-cannot-process
private/courts/solicitation-request-document/cfcc-13-13-lm-attachment-7-payee-data-record-form.pdf,secured-cannot-process
private/courts/solicitation-request-document/cpas-201102-rb-attachment-4-vendor-payee-data.pdf,secured-cannot-process
private/courts/solicitation-request-document/refm-2016-27-bd-attach-2-scope-work-revision-2.pdf,secured-cannot-process
private/courts/solicitation-request-document/ifb-isd-018267-aa-attachment-7-payee-data-record.pdf,secured-cannot-process
private/courts/solicitation-request-document/cfcc-2018-02-cd-q.pdf,secured-cannot-process
private/courts/solicitation-request-document/ccmsrfp-atta.pdf,secured-cannot-process
private/courts/solicitation-request-document/orefm-2013-jmg-04-legal-agreement.pdf,secured-cannot-process
private/courts/solicitation-request-document/rfp-lss-2025-09-dm-catering-sf-addendum-1.pdf,secured-cannot-process
private/courts/solicitation-request-document/cjer-122013-oscs-cf-attachment-1-admin-rules.pdf,secured-cannot-process
private/courts/solicitation-request-document/juvedumeds-rfp-attach1.pdf,secured-cannot-process
private/courts/solicitation-request-document/juvdepctassess-rfp-intent.pdf,secured-cannot-process
private/courts/solicitation-request-document/cfcc-201501-jr-attachment-2.pdf,secured-cannot-process
private/courts/solicitation-request-document/hr-2020-24-cd-notice-intent-award.pdf,secured-needs-approval
private/courts/solicitation-request-document/cosso-2018-01-language-access-ca-courts-psk-attachment-6.pdf,secured-needs-approval
private/courts/solicitation-request-document/cfcc-03-12-lm-attachment-1-administrative-rules-governing-rfps.pdf,secured-cannot-process
private/courts/solicitation-request-document/ifb-it-2023-10-sb-addendum-1.pdf,secured-needs-approval
private/courts/solicitation-request-document/tcas-sapc-2016-01-ml-public-opening-cost-proposals.pdf,secured-cannot-process
private/courts/solicitation-request-document/cfcc-2016-08-lv-attachment-2.pdf,secured-cannot-process
private/courts/solicitation-request-document/cjer-030614-oscsf-cf-rfp.pdf,secured-cannot-process
private/courts/solicitation-request-document/it-072414-wxrp-cf_attachment-1-administrative-rules.pdf,secured-cannot-process
private/courts/solicitation-request-document/it-2021-17-dm-intent-award.pdf,secured-cannot-process
private/courts/solicitation-request-document/familyfunding-toolkit-rfp-list.pdf,secured-cannot-process
private/courts/solicitation-request-document/cdupmcjcp-rfp.pdf,secured-cannot-process
private/courts/solicitation-request-document/scanning-reprographic-rfp.pdf,secured-cannot-process
private/courts/solicitation-request-document/tibco-dataint-rfp.pdf,secured-cannot-process
private/courts/solicitation-request-document/it-072414-wxrp-cf_attachment-4-certifictions-form.pdf,secured-cannot-process
private/courts/solicitation-request-document/ccmsrfp-add1.pdf,secured-needs-approval
private/courts/solicitation-request-document/cjer-030614-oscsf-cf_notice-intent-award.pdf,secured-cannot-process
private/courts/solicitation-request-document/cfcc-2016-06-rbb-attachment-6-payee-data-record.pdf,secured-cannot-process
private/courts/solicitation-request-document/jbcp-2016-03-jt-addendum-2-rfp-modification.pdf,secured-cannot-process
private/courts/solicitation-request-document/repjuvdep-larfp.pdf,secured-cannot-process
private/courts/solicitation-request-document/rfp-jcc-2023-11-sb_attachment-6b_std205.pdf,secured-cannot-process
private/courts/solicitation-request-document/docmanage-statewide-rfp-attach4.pdf,secured-cannot-process
private/courts/solicitation-request-document/orfem-2012-04-cc-notice-intent.pdf,secured-cannot-process
private/courts/solicitation-request-document/titleescrow-rfp-questions.pdf,secured-cannot-process
private/courts/solicitation-request-document/cfcc-031814-lcdr-cf_att-7_certifications.pdf,secured-cannot-process
private/courts/solicitation-request-document/pubprivpart-rfp-attd.pdf,secured-cannot-process
private/courts/solicitation-request-document/cfcc-2018-07-cd-notice-intent-award.pdf,secured-cannot-process
private/courts/solicitation-request-document/hr-lv-112015-attachment-4-general-certification.pdf,secured-cannot-process
private/courts/solicitation-request-document/fs-2019-11-bd-rfp-addendum-1.pdf,secured-needs-approval
private/courts/solicitation-request-document/creldabuseneeds-rfp-intent.pdf,secured-cannot-process
private/courts/solicitation-request-document/tibco-dataint-rfp-qna.pdf,secured-cannot-process
private/courts/solicitation-request-document/cfcc-2022-11-lv-attachment-7-payee-data-record-205.pdf,secured-cannot-process
private/courts/solicitation-request-document/cfcc-08-12-lm-attachment-4-scope-services-san-luis-obispo-county.pdf,secured-cannot-process
private/courts/solicitation-request-document/icwa-curriculumdev-rfp-qna.pdf,secured-cannot-process
private/courts/solicitation-request-document/4-2-13-14-07-lm-rfp.pdf,secured-cannot-process
private/courts/solicitation-request-document/cfcc-12-13-lm-notice-cancellation.pdf,secured-cannot-process
private/courts/solicitation-request-document/cfcc-10-11-lm-attachment-5-darfur-contracting-certification.pdf,secured-cannot-process
private/courts/solicitation-request-document/rfp-hr-2021-29-dm-attachment-1-administrative-rules-governing-rfps-non-it-services.pdf,secured-cannot-process
private/courts/solicitation-request-document/cos-odp-201604-psk-attachment-11.pdf,secured-cannot-process
private/courts/solicitation-request-document/facconpp-rfp-vdf.pdf,secured-cannot-process
private/courts/solicitation-request-document/jcc-2019-04-dm-intent-award.pdf,secured-cannot-process
private/courts/solicitation-request-document/basissap-rfp-attach4.pdf,secured-cannot-process
private/courts/solicitation-request-document/icwa-curriculum-rfp-attach1.pdf,secured-cannot-process
private/courts/solicitation-request-document/hollister-rfq-attachg.pdf,secured-cannot-process
private/courts/solicitation-request-document/fso-2020-04-bd-attach-d-std-agmt-judicial-council-tool-control-policy.pdf,secured-cannot-process
private/courts/solicitation-request-document/hrso-04-13-ss-attachment-2-agreement-terms-and-conditions.pdf,secured-cannot-process
private/courts/solicitation-request-document/asu-td-005-nn-intent-award.pdf,secured-cannot-process
private/courts/solicitation-request-document/guidecaserfp.pdf,secured-cannot-process
private/courts/solicitation-request-document/titleinsurance-escrowservice-rfp-attachb.pdf,secured-cannot-process
private/courts/solicitation-request-document/cfcc-2018-04-rfp-2018-ca-veterans-summit.pdf,secured-cannot-process
private/courts/solicitation-request-document/it-2022-44-dm-qa.pdf,secured-cannot-process
private/courts/solicitation-request-document/ogc-adr-01b-lm-attachment-6-conflict-interest.pdf,secured-cannot-process
private/courts/solicitation-request-document/ccjcrtc-rfp-attach1.pdf,secured-cannot-process
private/courts/solicitation-request-document/cfcc-13-13-lm-notice-award.pdf,secured-cannot-process
private/courts/solicitation-request-document/cfcc-2022-11-lv-attachment-9-dvbe-declaration.pdf,secured-needs-approval
private/courts/solicitation-request-document/cfcc-2016-15-rbb-attachment-6-payee-data-record.pdf,secured-cannot-process
private/courts/solicitation-request-document/statebasedcs-rfp-att2.pdf,secured-cannot-process
private/courts/solicitation-request-document/cos-odp-201604-psk-attachment-8.pdf,secured-cannot-process
private/courts/solicitation-request-document/cpas-201101-rb-addendum-3-attachment-2-terms-and-conditions.pdf,secured-cannot-process
private/courts/solicitation-request-document/bsadocman-rfp-attach4.pdf,secured-cannot-process
private/courts/solicitation-request-document/formtrans_att_e_contract_exceptions_form.pdf,secured-cannot-process
private/courts/solicitation-request-document/cfcc-2020-25-cd-producing-training-webinars-domestic-violence-and-tribal-courts.pdf,secured-needs-approval
private/courts/solicitation-request-document/bsadocman-rfp.pdf,secured-cannot-process
private/courts/solicitation-request-document/cfcc-02-16-lv-qa.pdf,secured-cannot-process
private/courts/solicitation-request-document/sdmanager-cms-rfp-attach4.pdf,secured-cannot-process
private/courts/solicitation-request-document/datacomm-projectmanagement-rfp-qna.pdf,secured-cannot-process
private/courts/solicitation-request-document/cfcc-201701-ml-rfi.pdf,secured-cannot-process
private/courts/solicitation-request-document/fso-2018-23-jr-attachment-f-payee-data-record.pdf,secured-needs-approval
private/courts/solicitation-request-document/qamtccpor-rfp-attach4.pdf,secured-cannot-process
private/courts/solicitation-request-document/ogc-adr-03-nn-rfp.pdf,secured-cannot-process
private/courts/solicitation-request-document/bsadocman-rfp-list.pdf,secured-cannot-process
private/courts/solicitation-request-document/conffacilserv-rfp-attachd.pdf,secured-cannot-process
private/courts/solicitation-request-document/cos-odp-201604-psk-attachment-9.pdf,secured-cannot-process
private/courts/solicitation-request-document/fso-2020-04-bd-attach-k-std-agmt-security-badging-policy.pdf,secured-cannot-process
private/courts/solicitation-request-document/cscscodrfp.pdf,secured-cannot-process
private/courts/solicitation-request-document/statebasedcs-rfp-att3.pdf,secured-cannot-process
private/courts/solicitation-request-document/ogc-adr-01a-lm-attachment-6-conflict-interest.pdf,secured-cannot-process
private/courts/solicitation-request-document/hcrc-ss-052015-notice-intent-award.pdf,secured-cannot-process
private/courts/solicitation-request-document/asu-au-006-lm-attachment-1-administrative-rules-governing-rfps.pdf,secured-cannot-process
private/courts/solicitation-request-document/judicial-council-fy2017-18-gasb-75-summary.pdf,secured-needs-approval
private/courts/solicitation-request-document/cfcc-2020-67-rb-attach-6-payee-data.pdf,secured-cannot-process
private/courts/solicitation-request-document/bap24-166rb-attach-7-std-205.pdf,secured-cannot-process
private/courts/solicitation-request-document/idiq-archengservice-rfp-interviewsched.pdf,secured-cannot-process
private/courts/solicitation-request-document/titleinsurance-escrowservice-rfp-attachc.pdf,secured-cannot-process
private/courts/solicitation-request-document/orefm-2012-04-cc-attachment-b-administrative-rules-governing-request.pdf,secured-cannot-process
private/courts/solicitation-request-document/it-2023-04-lv-attachment-3a-std205.pdf,secured-cannot-process
private/courts/solicitation-request-document/rfp-cfcc-2023-61-dm-intent-award.pdf,secured-cannot-process
private/courts/solicitation-request-document/ifb-it-3770-aa-attachment-8-std204-payeedatarecord.pdf,secured-cannot-process
private/courts/solicitation-request-document/attachment2-listofparkingfacilities.pdf,secured-cannot-process
private/courts/solicitation-request-document/cos-odp-201604-psk-attachment-10.pdf,secured-cannot-process
private/courts/solicitation-request-document/cjer-2015-03-lv-notice-cancellation.pdf,secured-cannot-process
private/courts/solicitation-request-document/callcenter-services-rfq-qna.pdf,secured-cannot-process
private/courts/solicitation-request-document/fso-2020-04-bd-rfq-window-washing.pdf,secured-needs-approval
private/courts/solicitation-request-document/addendum1-occm-2011-13-gs.pdf,secured-cannot-process
private/courts/solicitation-request-document/attachment-admin-rules.pdf,secured-cannot-process
private/courts/solicitation-request-document/attachment-6-vendor-data-record-form.pdf,secured-cannot-process
private/courts/solicitation-request-document/it-2022-38-dm-attachment-6a-std204.pdf,secured-needs-approval
private/courts/solicitation-request-document/ogc-adr-01b-lm-attachment-5-darfur-contracting-certification.pdf,secured-cannot-process
private/courts/solicitation-request-document/rfp-cfcc-nacjp-attach4.pdf,secured-cannot-process
private/courts/solicitation-request-document/cfcc-012414-acdr-cf-attachment-3-acceptance-ts-cs.pdf,secured-cannot-process
private/courts/solicitation-request-document/cip-2022-39-dm-attachment-5b-std205.pdf,secured-cannot-process
private/courts/solicitation-request-document/callcenter-services-rfq.pdf,secured-cannot-process
private/courts/solicitation-request-document/bsadocman-rfp-qna.pdf,secured-cannot-process
private/courts/solicitation-request-document/rfp-hr-2023-02-lv-attachment-2-standard-terms-and-conditions.pdf,secured-needs-approval
private/courts/solicitation-request-document/admin-2018-04-lb-notice-intent-award.pdf,secured-cannot-process
private/courts/solicitation-request-document/ogc-adr-01b-lm-appendix-b-acceptance-work.pdf,secured-cannot-process
private/courts/solicitation-request-document/jbcp-2013-01-br-attachment-g-general-cond.pdf,secured-cannot-process
private/courts/solicitation-request-document/rfp-fs-2023-09-xc-attach-c-consulting-idiq-master-agreement.pdf,secured-needs-approval
private/courts/solicitation-request-document/rfp-it-2023-50-attachment-1-administrative-rules.pdf,secured-cannot-process
private/courts/solicitation-request-document/cfcc-08-12-lm-attachment-1-administrative-rules-governing-rfps.pdf,secured-cannot-process
private/courts/solicitation-request-document/construct-riskdesign-sanjosefamcenter-rfq-attachg.pdf,secured-cannot-process
private/courts/solicitation-request-document/formtrans-add1.pdf,secured-cannot-process
private/courts/solicitation-request-document/maps-2015-04-ps-attachment-6-payee-data-record.pdf,secured-cannot-process
private/courts/solicitation-request-document/tcas-2021-02-aj-attachment-11-dvbe-bidder-declaration.pdf,secured-needs-approval
private/courts/solicitation-request-document/cip-2022-39-dm-intent-award.pdf,secured-cannot-process
private/courts/solicitation-request-document/cfcc-2019-19-cd-rfp-language-access-california-courts.pdf,secured-needs-approval
private/courts/solicitation-request-document/ifb-isd-1272018-aa-attachment-7-payeedatarecord204.pdf,secured-needs-approval
private/courts/solicitation-request-document/orefm-2013-06-cc-attachment-j.pdf,secured-cannot-process
private/courts/solicitation-request-document/tempserv-rfp_att_a_administrative_rules_governing_rfps.pdf,secured-cannot-process
private/courts/solicitation-request-document/cfcc-03-12-lm-appendix-sb-78-non-it-agreements.pdf,secured-cannot-process
private/courts/solicitation-request-document/ecm-rfp-apph.pdf,secured-cannot-process
private/courts/solicitation-request-document/confplansvcs-rfp.pdf,secured-cannot-process
private/courts/solicitation-request-document/ogc-adr-04-nn-attachment-1-rfp-administrative-rules.pdf,secured-cannot-process
private/courts/solicitation-request-document/cfcc-2022-34-dm-intent-award-cancellation-notice.pdf,secured-cannot-process
private/courts/solicitation-request-document/cpas-201101-rb-attachment-4-vendor-payee-data.pdf,secured-cannot-process
private/courts/solicitation-request-document/fireprot-rfp-payeedata.pdf,secured-cannot-process
private/courts/solicitation-request-document/ifb-isd-018355-aa-attachment-7-payee-data-record.pdf,secured-cannot-process
private/courts/solicitation-request-document/fso-2018-17-jr-attachment-1-sample-cmr-agreement.pdf,secured-cannot-process
private/courts/solicitation-request-document/joborder-contract1010-rfp-listattend.pdf,secured-cannot-process
private/courts/solicitation-request-document/ccjcrtc-rfp-attachlist.pdf,secured-cannot-process
private/courts/solicitation-request-document/rfp-fs-2022-01-mb-attach-g2-payee-data-record-supplement.pdf,secured-cannot-process
private/courts/solicitation-request-document/rfp-it-2020-64-rb-it-consulting-managed-services.pdf,secured-cannot-process
private/courts/solicitation-request-document/efilingdeploy-rfp.pdf,secured-cannot-process
private/courts/solicitation-request-document/asu-dc-007-nn-attachment-1-admin-rules-non-it-services.pdf,secured-cannot-process
private/courts/solicitation-request-document/jcc-2019-01-cd-ifb-addendum-1.pdf,secured-cannot-process
private/courts/solicitation-request-document/cfcc-201103-rb-questions-and-answers.pdf,secured-cannot-process
private/courts/solicitation-request-document/ifb-isd-10242016-aa-attachment-7-payee-data-record.pdf,secured-cannot-process
private/courts/solicitation-request-document/rfp-realestatereloconsultantscvs-short-list.pdf,secured-cannot-process
private/courts/solicitation-request-document/cfcc-031814-lcdr-cf_rfp_add-1.pdf,secured-cannot-process
private/courts/solicitation-request-document/hr-lv-112015-attachment-3-proposers-acceptance.pdf,secured-cannot-process
private/courts/solicitation-request-document/intent-award.pdf,secured-cannot-process
private/courts/solicitation-request-document/elearn-rfp-intent.pdf,secured-cannot-process
private/courts/solicitation-request-document/cjer-hb-0712-lm-rfp.pdf,secured-cannot-process
private/courts/solicitation-request-document/it-2021-30-dm-attachment-1-administrative-rules-it-goods.pdf,secured-cannot-process
private/courts/solicitation-request-document/rfp-fs-2021-01-mb-attachment-i-std205-payee-data-record-supplement.pdf,secured-cannot-process
private/courts/solicitation-request-document/juvedumeds-rfp-award.pdf,secured-cannot-process
private/courts/solicitation-request-document/nativeamerican-justice2-rfp.pdf,secured-cannot-process
private/courts/solicitation-request-document/it-2021-17-dm-qa.pdf,secured-cannot-process
private/courts/solicitation-request-document/tcas-2021-02-aj-attachment-5-small-business-declaration.pdf,secured-needs-approval
private/courts/solicitation-request-document/cjer-030614-oscsf-cf-attachment-7-pricing-form.pdf,secured-cannot-process
private/courts/solicitation-request-document/cjs-2017-08-ml-technical-scores.pdf,secured-cannot-process
private/courts/solicitation-request-document/refm-2016-04-jp-intentbidderslistings-updated.pdf,secured-cannot-process
private/courts/solicitation-request-document/ogc-adr-01b-lm-q.pdf,secured-cannot-process
private/courts/solicitation-request-document/maps-2015-04-ps-intent-award.pdf,secured-cannot-process
private/courts/solicitation-request-document/cfcc-2018-11-cd-attachment-9-unruh-and-feha-certification.pdf,secured-cannot-process
private/courts/solicitation-request-document/analystsupport-ccmsv3t-rfp-addendum1.pdf,secured-cannot-process
private/courts/solicitation-request-document/rfpfs202211mb-attach-8b-payee-data-record-supplement.pdf,secured-cannot-process
private/courts/solicitation-request-document/formtrans_translation_rfp_cfcc_0108_rb.pdf,secured-cannot-process
private/courts/solicitation-request-document/rfp-jbwcp-2019-08-dm-claims-auditing-services.pdf,secured-cannot-process
private/courts/solicitation-request-document/rfp-fs-2021-13-al-attach-8b-payee-data-record-supplement.pdf,secured-cannot-process
private/courts/solicitation-request-document/it-2018-05-lb-attachment-6-payeedatarecord204.pdf,secured-needs-approval
private/courts/solicitation-request-document/rfp-ocr-2023-25-lv-attachment-1-administrative-rules-governing-rfps.pdf,secured-needs-approval
private/courts/solicitation-request-document/it-2021-01-lb-qa.pdf,secured-cannot-process
private/courts/solicitation-request-document/rfp-fs-2021-20-jp-attachment-9-payee-data-record-std205.pdf,secured-cannot-process
private/courts/solicitation-request-document/jbcp-2014-02-br-attachment-5-payee-data-record.pdf,secured-cannot-process
private/courts/solicitation-request-document/ogc-adr-03-nn-appendix-sb-78-non-it-agreements.pdf,secured-cannot-process
private/courts/solicitation-request-document/asu-au-006-lm-notice-intent-award.pdf,secured-cannot-process
private/courts/solicitation-request-document/cfcc-2016-13-rbb-attachment-6-payee-data-record.pdf,secured-cannot-process
private/courts/solicitation-request-document/fso-2018-17-jr-notice-short-list555.pdf,secured-cannot-process
private/courts/solicitation-request-document/cfcc-2021-02-lv-request-proposal.pdf,secured-needs-approval
private/courts/solicitation-request-document/duiweb_add2.pdf,secured-cannot-process
private/courts/solicitation-request-document/cjer92013-lv-notice-award.pdf,secured-cannot-process
private/courts/solicitation-request-document/tcweb-implement-rfp-add1.pdf,secured-cannot-process
private/courts/solicitation-request-document/hr-2013-01-rb-jbwc-tpa-intent-award.pdf,secured-cannot-process
private/courts/solicitation-request-document/analystsupport-ccmsv3t-rfp-list.pdf,secured-cannot-process
private/courts/solicitation-request-document/ccmsrfp-add4.pdf,secured-cannot-process
private/courts/solicitation-request-document/fs-2018-13-bd-attachment-1-admin-rules-governing-rfps.pdf,secured-cannot-process
private/courts/solicitation-request-document/lss-2023-07-lv-attachment-7-unruh-and-feha-certification.pdf,secured-cannot-process
private/courts/solicitation-request-document/refm-2016-27-bd-request-proposal-revision-9.pdf,secured-cannot-process
private/courts/solicitation-request-document/rfp-2022-37-dm-audit.pdf,secured-cannot-process
private/courts/solicitation-request-document/jbwcp-2019-06-dm-actuarial-consulting-services-rfp.pdf,secured-cannot-process
private/courts/solicitation-request-document/ogc-adr-01b-lm-attachment-3-proposers-acceptance-terms-and-conditions.pdf,secured-cannot-process
private/courts/solicitation-request-document/rfp-cfcc-2024-43-sb_intent-award.pdf,secured-needs-approval
private/courts/solicitation-request-document/cjer-122013-oscs-cf-request-proposals.pdf,secured-cannot-process
private/courts/solicitation-request-document/elearn-rfp-qa.pdf,secured-cannot-process
private/courts/solicitation-request-document/titleinsurance-escrowservice-rfp-attachg.pdf,secured-cannot-process
private/courts/solicitation-request-document/basissap-rfp-attach1.pdf,secured-cannot-process
private/courts/solicitation-request-document/cfcc-2022-11-lv-attachment-1-administrative-rules.pdf,secured-needs-approval
private/courts/solicitation-request-document/icwa-curriculum-rfp-attach4.pdf,secured-cannot-process
private/courts/solicitation-request-document/cosso-02-14-lm-attachment-5-darfur-certification-form.pdf,secured-cannot-process
private/courts/solicitation-request-document/cfcc-12-13-lm-rfp.pdf,secured-cannot-process
private/courts/solicitation-request-document/cfcc-2023-47-dm-attachment-6b-std205.pdf,secured-cannot-process
private/courts/solicitation-request-document/jip-2019-05-dm-qa.pdf,secured-cannot-process
private/courts/solicitation-request-document/ccjcrtc-rfp-attach4.pdf,secured-cannot-process
private/courts/solicitation-request-document/refm-2016-02-jt-addendum-1.pdf,secured-cannot-process
private/courts/solicitation-request-document/eval-famfinding-pilotcounties-rfp-attach3.pdf,secured-cannot-process
private/courts/solicitation-request-document/fso-2018-08-jr-rfp.pdf,secured-cannot-process
private/courts/solicitation-request-document/cfcc-08-12-lm-notice-intent-award.pdf,secured-cannot-process
private/courts/solicitation-request-document/orefm-2013-jmg-04-bidders-list.pdf,secured-needs-approval
private/courts/solicitation-request-document/guidejuvdelperf-rfp-attach4.pdf,secured-cannot-process
private/courts/solicitation-request-document/materialtest-inspection-rfp-qna.pdf,secured-cannot-process
private/courts/solicitation-request-document/datacomm-projectmanagement-rfp-attach2.pdf,secured-cannot-process
private/courts/solicitation-request-document/rfp-cfcc-2022-43-dm-juvenile-training-series.pdf,secured-cannot-process
private/courts/solicitation-request-document/costestimating-rfp-intent.pdf,secured-cannot-process
private/courts/solicitation-request-document/rfp-fs-2021-21-ko-attachment-i-std205.pdf,secured-cannot-process
private/courts/solicitation-request-document/asu-au-006-lm-q.pdf,secured-cannot-process
private/courts/solicitation-request-document/fs-2017-02-bd-attachment-5-admin-rules-governing-rfps.pdf,secured-cannot-process
private/courts/solicitation-request-document/newlbcourt-rfq2-add2.pdf,secured-cannot-process
private/courts/solicitation-request-document/jbcp-2016-01-jmg-attachment-project-description.pdf,secured-cannot-process
private/courts/solicitation-request-document/thirdpartyclaims-rfp-add1.pdf,secured-cannot-process
private/courts/solicitation-request-document/scanning-reprographic-rfp-legal.pdf,secured-cannot-process
private/courts/solicitation-request-document/adr-032814-rb-translation-videos-attachment-6-vendor-payee-data.pdf,secured-cannot-process
private/courts/solicitation-request-document/bsadocman-rfp-attach1.pdf,secured-cannot-process
private/courts/solicitation-request-document/conffacilserv-rfp-attacha.pdf,secured-cannot-process
private/courts/solicitation-request-document/itso-11-13-lm-intent-award.pdf,secured-cannot-process
private/courts/solicitation-request-document/rfp-it-2022-38a-dm-qa.pdf,secured-cannot-process
private/courts/solicitation-request-document/cfcc-2018-03-cd-2018-ca-homeless-court-summit.pdf,secured-cannot-process
private/courts/solicitation-request-document/preconstsvc-rfp.pdf,secured-cannot-process
private/courts/solicitation-request-document/hr-hrems-2017-03-ml-technical-proposal-non-cost-scores.pdf,secured-cannot-process
private/courts/solicitation-request-document/cdupmcjcp-rfp-qna.pdf,secured-cannot-process
private/courts/solicitation-request-document/qamtccpor-rfp-attach1.pdf,secured-cannot-process
private/courts/solicitation-request-document/rfp-hr-2023-54-dm-intent-award.pdf,secured-cannot-process
private/courts/solicitation-request-document/fso-2018-06-jmg_attach_e_to_std_agmt_judicial_council_background_check_policy.pdf,secured-cannot-process
private/courts/solicitation-request-document/cfcc-2021-26-cd-attachment-1-administrative-rules-governing.pdf,secured-cannot-process
private/courts/solicitation-request-document/cpas-201101-rb-attachment-1-admin-rules.pdf,secured-cannot-process
private/courts/solicitation-request-document/eval-famfinding-pilotcounties-rfp-attach2.pdf,secured-cannot-process
private/courts/solicitation-request-document/cjer-030614-oscsf-cf-attachment-2-ts-cs.pdf,secured-cannot-process
private/courts/solicitation-request-document/rfp-fs-2020-07-rl-notice-intent-award.pdf,secured-needs-approval
private/courts/solicitation-request-document/fs-2018-12-bd-attach-h-payee-data-record.pdf,secured-needs-approval
private/courts/solicitation-request-document/ctintexam-rfp-attd.pdf,secured-cannot-process
private/courts/solicitation-request-document/cfcc-2018-09-cd-attachment-6-payee-data-record.pdf,secured-needs-approval
private/courts/solicitation-request-document/list-attachments.pdf,secured-cannot-process
private/courts/solicitation-request-document/coa1d-021717-ml-notice-intent-award.pdf,secured-cannot-process
private/courts/solicitation-request-document/attachment-2-contract-terms.pdf,secured-cannot-process
private/courts/solicitation-request-document/rfp-cfcc-2022-43-dm-attachment-7-std205.pdf,secured-cannot-process
private/courts/solicitation-request-document/it-2023-10-sb-audio-conference-attachment-6-std205.pdf,secured-cannot-process
private/courts/solicitation-request-document/titleinsurance-escrowservice-rfp-attachf.pdf,secured-cannot-process
private/courts/solicitation-request-document/titleescrow-relatedservice-rfp-shortlist.pdf,secured-cannot-process
private/courts/solicitation-request-document/rfp_cfcc0211lm-award.pdf,secured-cannot-process
private/courts/solicitation-request-document/jbcp-2015-05-jmg-rfp.pdf,secured-cannot-process
private/courts/solicitation-request-document/rfp-cfcc-nacjp-attach1.pdf,secured-cannot-process
private/courts/solicitation-request-document/fin-2020-21-cd-addendum-4.pdf,secured-cannot-process
private/courts/solicitation-request-document/4-2-13-14-07-lm-attachment-5-darfur-act-contracting-certification-form.pdf,secured-cannot-process
private/courts/solicitation-request-document/manprocfair-rfp.pdf,secured-cannot-process
private/courts/solicitation-request-document/bpr-rfp-att_a_admin_rules.pdf,secured-cannot-process
private/courts/solicitation-request-document/cosso-02-14-lm-table-contents.pdf,secured-cannot-process
private/courts/solicitation-request-document/ccmsrfp-add5.pdf,secured-cannot-process
private/courts/solicitation-request-document/duiweb_add3.pdf,secured-cannot-process
private/courts/solicitation-request-document/hr-2017-08-lv-eap-attachment-6-vendor-payee-data-record.pdf,secured-cannot-process
private/courts/solicitation-request-document/cfcc-02-16-lv-rfp-statewidetranslation-services.pdf,secured-cannot-process
private/courts/solicitation-request-document/rfp-fs-2019-07-dgf-notice-intent-award.pdf,secured-needs-approval
private/courts/solicitation-request-document/cfcc-2018-08-cd-attachment-6-payee-data-record.pdf,secured-needs-approval
private/courts/solicitation-request-document/hr-2024-01-dm-intent-award.pdf,secured-cannot-process
private/courts/solicitation-request-document/attachment-1-admin-rules-rfp-non-it-services.pdf,secured-cannot-process
private/courts/solicitation-request-document/tempserv-rfp_att_h_proposer_certification_form.pdf,secured-cannot-process
private/courts/solicitation-request-document/tcas-2021-01-ms-questions-and-answers-updated.pdf,secured-needs-approval
private/courts/solicitation-request-document/tcas-2021-02-aj-hcm-rfp.pdf,secured-cannot-process
private/courts/solicitation-request-document/rfp-cfcc-2016-12lb-rfp.pdf,secured-cannot-process
private/courts/solicitation-request-document/hr-tc-2016-04-ml-qa.pdf,secured-cannot-process
private/courts/solicitation-request-document/asu-td-012-lm-attachment-3-vendors-acceptance-terms-and-conditions.pdf,secured-cannot-process
private/courts/solicitation-request-document/fs-2018-18-rp-attach-f-payee-data-record.pdf,secured-needs-approval
private/courts/solicitation-request-document/confaudio-rfp-attd.pdf,secured-cannot-process
private/courts/solicitation-request-document/cfcc-2019-08-ms-questions-and-answers.pdf,secured-cannot-process
private/courts/solicitation-request-document/cjer-2022-40-dm-attachment-5b-std205.pdf,secured-cannot-process
private/courts/solicitation-request-document/rfp-lss-2023-07-lv-site-catering-san-francisco.pdf,secured-needs-approval
private/courts/solicitation-request-document/fs-2018-26-bd-rfp.pdf,secured-cannot-process
private/courts/solicitation-request-document/costestimating_rfqpayee.pdf,secured-cannot-process
private/courts/solicitation-request-document/dpmccpor-rfp-attb.pdf,secured-cannot-process
private/courts/solicitation-request-document/fs-2018-14-rp-attach-5-payee-data-record.pdf,secured-needs-approval
private/courts/solicitation-request-document/cfcc-03-12-lm-attachment-5-darfur-contracting-certification.pdf,secured-cannot-process
private/courts/solicitation-request-document/cfcc-2022-01-sb-attachment-1.pdf,secured-cannot-process
private/courts/solicitation-request-document/rfp-hotel-room-block-only-tcpjac.pdf,secured-cannot-process
private/courts/solicitation-request-document/fin-201505-ml-rfp-actuarial-services-gasb-43-45-compliance.pdf,secured-cannot-process
private/courts/solicitation-request-document/fso-2018-23-jr-rfp.pdf,secured-cannot-process
private/courts/solicitation-request-document/it-2019-10-lb-question-answers.pdf,secured-cannot-process
private/courts/solicitation-request-document/publish-rfp-list.pdf,secured-cannot-process
private/courts/solicitation-request-document/std205.pdf,secured-cannot-process
private/courts/solicitation-request-document/cos-odp-201504-jr-attachment-8.pdf,secured-cannot-process
private/courts/solicitation-request-document/fso-2017-21-hn-attach-18-mandatory-min-requirements.pdf,secured-cannot-process
private/courts/solicitation-request-document/cfcc-2022-08-sb-attachment-6a-std204.pdf,secured-needs-approval
private/courts/solicitation-request-document/rfp-fs-2021-05-mb-attachment-k-std205-payee-data-record-supplement.pdf,secured-cannot-process
private/courts/solicitation-request-document/revisedattachment5-standardagreement.pdf,secured-cannot-process
private/courts/solicitation-request-document/cfcc-2018-05-lv-qa.pdf,secured-cannot-process
private/courts/solicitation-request-document/ogc-adr-01a-lm-table-contents.pdf,secured-cannot-process
private/courts/solicitation-request-document/42-rfp-13-14-06_mechanical-hvac_attachment-4_general-certifications.pdf,secured-cannot-process
private/courts/solicitation-request-document/cfcc-2021-04-lv-rfp.pdf,secured-needs-approval
private/courts/solicitation-request-document/calcjcduicoststudy-rfp-intent.pdf,secured-cannot-process
private/courts/solicitation-request-document/cosso-02-14-lm-attachment-1-administrative-rules-governing-rfps.pdf,secured-cannot-process
private/courts/solicitation-request-document/asu-dc-007-nn-intent-award-revised-march-23-2012.pdf,secured-cannot-process
private/courts/solicitation-request-document/publish-rfp.pdf,secured-cannot-process
private/courts/solicitation-request-document/cjcso-1301-rb-calrapp-inter-rater-reliability-attach-2-terms-and-conditions.pdf,secured-cannot-process
private/courts/solicitation-request-document/it-2022-44-dm-intent-award.pdf,secured-cannot-process
private/courts/solicitation-request-document/cfcc-031814-lcdr-cf_att-8_financial_capability.pdf,secured-cannot-process
private/courts/solicitation-request-document/rfp-cfcc-nacjp-qna.pdf,secured-cannot-process
private/courts/solicitation-request-document/tcas-2021-02-aj-attachment-9-unruh-civil-rights-act-and-feha-certification.pdf,secured-needs-approval
private/courts/solicitation-request-document/attachment-4-std-204-payee-data-record.pdf,secured-cannot-process
private/courts/solicitation-request-document/eval-famfinding-pilotcounties-rfp-qna.pdf,secured-cannot-process
private/courts/solicitation-request-document/ogc-adr-03-nn-q.pdf,secured-cannot-process
private/courts/solicitation-request-document/cfcc-012414-acdr-cf-attachment-5-payee-data-record.pdf,secured-cannot-process
private/courts/solicitation-request-document/3dca-17-18-04-attachment-4-payee-data-record.pdf,secured-cannot-process
private/courts/solicitation-request-document/cfcc-032514-pcdr-cf-attachment-9-proposed-caseload.pdf,secured-cannot-process
private/courts/solicitation-request-document/cfcc-2021-26-cd-mental-health-training-and-technical-assistance.pdf,secured-needs-approval
private/courts/solicitation-request-document/duiweb_add1.pdf,secured-cannot-process
private/courts/solicitation-request-document/fso-2017-17-rp-attach-2-standard-agreement.pdf,secured-cannot-process
private/courts/solicitation-request-document/dataexchange-juvprogram-rfp-attach4.pdf,secured-cannot-process
private/courts/solicitation-request-document/jbcp-2014-06-br-attachment-5-payee-data-record.pdf,secured-cannot-process
private/courts/solicitation-request-document/rfp-cfcc-nacjp-attach3.pdf,secured-cannot-process
private/courts/solicitation-request-document/it-072414-wxrp-cf_addendum-1.pdf,secured-cannot-process
private/courts/solicitation-request-document/lss-2019-15-cd-qa-site-catering-san-francisco-071819.pdf,secured-cannot-process
private/courts/solicitation-request-document/bap-2022-07-sb-revised-cover-page.pdf,secured-needs-approval
private/courts/solicitation-request-document/titleinsurance-escrowservice-rfp-attachd.pdf,secured-cannot-process
private/courts/solicitation-request-document/cfcc-2019-08-ms-attachment-8-dvbe-declaration.pdf,secured-cannot-process
private/courts/solicitation-request-document/itso-11-13-lm-attachment-2-contract-terms-and-conditions.pdf,secured-cannot-process
private/courts/solicitation-request-document/rfp-fs-2023-08-ko-rfp.pdf,secured-needs-approval
private/courts/solicitation-request-document/cfcc-22-117rb-attach-6b-std205.pdf,secured-cannot-process
private/courts/solicitation-request-document/jcc-2019-04-dm-qa.pdf,secured-cannot-process
private/courts/solicitation-request-document/jcc-2018-01-cd-notice-intent-award.pdf,secured-cannot-process
private/courts/solicitation-request-document/3dcarfp201401_attachment6_payeedatarecordform.pdf,secured-cannot-process
private/courts/solicitation-request-document/rfp-cfcc-2023-26-lv-attachment-1-administrative-rules.pdf,secured-needs-approval
private/courts/solicitation-request-document/isd-2016-01-rb-technical-scores.pdf,secured-cannot-process
private/courts/solicitation-request-document/refm-2016-16-bd-rfp-attach-3-square-footage-breakdown-spreadsheet.pdf,secured-cannot-process
private/courts/solicitation-request-document/basissap-rfp-attach2.pdf,secured-cannot-process
private/courts/solicitation-request-document/ctintexam_addendum1.pdf,secured-cannot-process
private/courts/solicitation-request-document/hrdrm-17-05-rbb-attachment-6-payee-data-record.pdf,secured-cannot-process
private/courts/solicitation-request-document/refm-2016-02-jt-addendum-2.pdf,secured-cannot-process
private/courts/solicitation-request-document/cfcc-2021-11-lv-attachment-3-proposers-acceptance-terms-and-conditions.pdf,secured-needs-approval
private/courts/solicitation-request-document/ppm-application-rfi.pdf,secured-cannot-process
private/courts/solicitation-request-document/cfcc-032514-pcdr-cf-attachment-4-scope-services.pdf,secured-cannot-process
private/courts/solicitation-request-document/famlawworkres-rfp-award.pdf,secured-cannot-process
private/courts/solicitation-request-document/rfp-pa-2025-10-dm-qa-pre-proposal.pdf,secured-cannot-process
private/courts/solicitation-request-document/cfcc-2021-26-cd-intent-award.pdf,secured-needs-approval
private/courts/solicitation-request-document/it-2018-42-rb-attachment-6-payee-data.pdf,secured-cannot-process
private/courts/solicitation-request-document/bs-2018-03-dm-addendum-1-extend-rfp-due-date.pdf,secured-cannot-process
private/courts/solicitation-request-document/tempstaff-rfp.pdf,secured-cannot-process
private/courts/solicitation-request-document/adr-032814-rb-questions-and-answers.pdf,secured-cannot-process
private/courts/solicitation-request-document/datacomm-projectmanagement-rfp-attach1.pdf,secured-cannot-process
private/courts/solicitation-request-document/qamtccpor-rfp-attach3.pdf,secured-cannot-process
private/courts/solicitation-request-document/42-rfp-13-14-04_housekeeping-janitorial-attachment-6_payee-data-record.pdf,secured-cannot-process
private/courts/solicitation-request-document/bsadocman-rfp-attach2.pdf,secured-cannot-process
private/courts/solicitation-request-document/rfp-cfcc-2022-04-lv-fddrp.pdf,secured-needs-approval
private/courts/solicitation-request-document/tcas-2023-01-aj-attachment-1-administrative-rules-governing-rfps.pdf,secured-needs-approval
private/courts/solicitation-request-document/statebasedcs-rfp-att4.pdf,secured-cannot-process
private/courts/solicitation-request-document/statebasedcs-rfp-att5.pdf,secured-cannot-process
private/courts/solicitation-request-document/conffacilserv-rfp-attachb.pdf,secured-cannot-process
private/courts/solicitation-request-document/adr-032814-rb-translation-videos-attachment-2-terms-and-conditions.pdf,secured-cannot-process
private/courts/solicitation-request-document/bsadocman-rfp-attach3.pdf,secured-cannot-process
private/courts/solicitation-request-document/titleescrow-rfp.pdf,secured-cannot-process
private/courts/solicitation-request-document/qamtccpor-rfp-attach2.pdf,secured-cannot-process
private/courts/solicitation-request-document/rfp-it-2023-50-dm-cancellation-notice.pdf,secured-cannot-process
private/courts/solicitation-request-document/appcourtclass-rfp-add1.pdf,secured-cannot-process
private/courts/solicitation-request-document/cfcc-2019-08-ms-attachment-2-standard-terms-and-conditions.pdf,secured-cannot-process
private/courts/solicitation-request-document/it-2018-06-lb-attachment-6-payeedatarecord204.pdf,secured-needs-approval
private/courts/solicitation-request-document/eval-famfinding-pilotcounties-rfp-attach1.pdf,secured-cannot-process
private/courts/solicitation-request-document/asu-td-005-nn-addendum-1.pdf,secured-cannot-process
private/courts/solicitation-request-document/rfqoccm-2009-09-jmglegalagreementpublished_01-29-10.pdf,secured-cannot-process
private/courts/solicitation-request-document/cfcc-201103-rb-attachment-6-no-conflict-interest-certification.pdf,secured-cannot-process
private/courts/solicitation-request-document/cfcc-2022-33-dm-qa.pdf,secured-cannot-process
private/courts/solicitation-request-document/cfcc-2016-10-rbb-attachment-6-payee-data-record.pdf,secured-cannot-process
private/courts/solicitation-request-document/fso-2018-17-jr-answers-question.pdf,secured-cannot-process
private/courts/solicitation-request-document/jbcp-2015-11-jt-attach-rfp-propertyclaimsadmin.pdf,secured-cannot-process
private/courts/solicitation-request-document/cfcc-2023-45-dm-intent-award-cancellation-notice.pdf,secured-cannot-process
private/courts/solicitation-request-document/cacpe-rfp-add1.pdf,secured-cannot-process
private/courts/solicitation-request-document/refm-2016-02-jt-payee-data-record.pdf,secured-cannot-process
private/courts/solicitation-request-document/lss-2023-07-lv-attachment-6b-payee-data-record-supplement-205.pdf,secured-cannot-process
private/courts/solicitation-request-document/commcorrections-ebp-rfp.pdf,secured-cannot-process
private/courts/solicitation-request-document/titleinsurance-escrowservice-rfp-attache.pdf,secured-cannot-process
private/courts/solicitation-request-document/ifb-isd-041015-aa-attachment-7-std204-payee-data-record.pdf,secured-cannot-process
private/courts/solicitation-request-document/jbcp-2016-02-br-attachment-5-payee-data-record-204a.pdf,secured-cannot-process
private/courts/solicitation-request-document/rfp-cfcc-nacjp-attach2.pdf,secured-cannot-process
private/courts/solicitation-request-document/asu-td-012-lm-attachment-1-administrative-rules-governing-rfps.pdf,secured-cannot-process
private/courts/solicitation-request-document/it-072414-wxrp-cf_attachment-5-small-bus-declaration.pdf,secured-cannot-process
private/courts/solicitation-request-document/zoom-enterprise-licensing-ifb-it-2021-22-dm.pdf,secured-cannot-process
private/courts/solicitation-request-document/lss-2019-17-cd-qa.pdf,secured-cannot-process
private/courts/solicitation-request-document/coa2d-1-2014-attachment-3-darfur-contracting-act.pdf,secured-cannot-process
private/courts/solicitation-request-document/cjcso-1301-rb-calrapp-inter-rater-reliability-attach-4-vendor-payee-data.pdf,secured-cannot-process
private/courts/solicitation-request-document/cfcc-2022-03-lb-attachment-6b-std205.pdf,secured-cannot-process
private/courts/solicitation-request-document/fs-2017-18-bd-rfp-1.pdf,secured-cannot-process
private/courts/solicitation-request-document/oers-201101-rb-attachment-4-vendor-payee-data.pdf,secured-cannot-process
private/courts/solicitation-request-document/hr-2017-08-lv-eap-questions-and-answers.pdf,secured-cannot-process
private/courts/solicitation-request-document/rfp-fs-2020-08-al-attachment-11-price-proposal-worksheet.pdf,secured-needs-approval
private/courts/solicitation-request-document/jbcp-2014-02-br-cmr-rfqp-imperial.pdf,secured-cannot-process
private/courts/solicitation-request-document/attachment5-standardagreement.pdf,secured-cannot-process
private/courts/solicitation-request-document/guidecaserfp-attd.pdf,secured-cannot-process
private/courts/solicitation-request-document/cfcc-2020-12-dm-attachment-1-administrative-rules.pdf,secured-cannot-process
private/courts/solicitation-request-document/fso-2018-22-jp_cmr-el-centro-attachment-5-payee-data-record.pdf,secured-needs-approval
private/courts/solicitation-request-document/lsd-2017-36-rb-attachment-4-payee-data-record.pdf,secured-cannot-process
private/courts/solicitation-request-document/cfcc-2024-03-dm-intent-award.pdf,secured-cannot-process
private/courts/solicitation-request-document/tcas-2021-02-aj-attachment-4-general-certifications-form.pdf,secured-needs-approval
private/courts/solicitation-request-document/it-opd-18-47-rb-notice-intent-award.pdf,secured-cannot-process
private/courts/solicitation-request-document/jbcp-2015-11-jt-intent-award.pdf,secured-cannot-process
private/courts/solicitation-request-document/dpmccpor-rfp-atta.pdf,secured-cannot-process
private/courts/solicitation-request-document/3dca-rfo-18-19-06-attachment-6-payee-data-record.pdf,secured-cannot-process
private/courts/solicitation-request-document/cos-odp-201504-jr-attachment-9.pdf,secured-cannot-process
private/courts/solicitation-request-document/std204.pdf,secured-cannot-process
private/courts/solicitation-request-document/cfcc-03-12-lm-appendix-b-acceptance-work.pdf,secured-cannot-process
private/courts/solicitation-request-document/rfp-cfcc-2024-03-dm-qa.pdf,secured-cannot-process
private/courts/solicitation-request-document/os-20150901-astrophysics-jr-qa.pdf,secured-cannot-process
private/courts/solicitation-request-document/4-2-13-14-07-lm-attachment-1-administration-rules-governing-rfps.pdf,secured-cannot-process
private/courts/solicitation-request-document/fso-2020-04-bd-attach-e-std-agmt-judicial-council-background-check-policy.pdf,secured-cannot-process
private/courts/solicitation-request-document/techanalysts-rfp-attach2.pdf,secured-cannot-process
private/courts/solicitation-request-document/occm-2011-19-jmg-questions-and-answers-update.pdf,secured-cannot-process
private/courts/solicitation-request-document/famlawworkres-rfp-intent.pdf,secured-cannot-process
private/courts/solicitation-request-document/perfrel_addendum1.pdf,secured-cannot-process
private/courts/solicitation-request-document/coa2d-1-2014-attachment-7-payee-data-record.pdf,secured-cannot-process
private/courts/solicitation-request-document/fs-2018-15-rp-attach-7-payee-data-record.pdf,secured-needs-approval
private/courts/solicitation-request-document/cfcc-2019-08-ms-attachment-6-payee-data-record.pdf,secured-cannot-process
private/courts/solicitation-request-document/efilingdeploy-rfp-attach2.pdf,secured-cannot-process
private/courts/solicitation-request-document/attachment-1-administrative-rules-governing.pdf,secured-cannot-process
private/courts/solicitation-request-document/rfp-fs-2022-08-xc-attachment-h-sup-payee_data_record.pdf,secured-cannot-process
private/courts/solicitation-request-document/tvsignal-services-rfp-qna.pdf,secured-cannot-process
private/courts/solicitation-request-document/revisedpage3rfptitle.pdf,secured-cannot-process
private/courts/solicitation-request-document/rfp-cfcc22-119rb-a6-std205.pdf,secured-cannot-process
private/courts/solicitation-request-document/cfcc-18-49-rb-rfp-attach-6-payee-data-form.pdf,secured-cannot-process
private/courts/solicitation-request-document/fs-2018-12-bd-attach-d-standard-form-agreement.pdf,secured-cannot-process
private/courts/solicitation-request-document/asu-td-012-lm-attachment-4-darfur-contracting-act-certification.pdf,secured-cannot-process
private/courts/solicitation-request-document/addendum1qa.pdf,secured-cannot-process
private/courts/solicitation-request-document/cfcc-012414-acdr-cf-attachment-4-scope-svs-amador.pdf,secured-cannot-process
private/courts/solicitation-request-document/transition-ccmsv3-rfp.pdf,secured-cannot-process
private/courts/solicitation-request-document/rfq-fs-2019-08-bd-notice-intent-award.pdf,secured-needs-approval
private/courts/solicitation-request-document/hr-2020-12-lv-attachment-2-standard-terms-and-conditions.pdf,secured-needs-approval
private/courts/solicitation-request-document/childsupport-review-rfp-attach4.pdf,secured-cannot-process
private/courts/solicitation-request-document/ccjcrtc-rfp-attach2c.pdf,secured-cannot-process
private/courts/solicitation-request-document/scanning-reprographic-rfp-vendorform.pdf,secured-cannot-process
private/courts/solicitation-request-document/casa-rfp-add1.pdf,secured-cannot-process
private/courts/solicitation-request-document/addendum2questionsanswers.pdf,secured-cannot-process
private/courts/solicitation-request-document/ifb-isd-018730-aa-attachment-7-payee-data-record.pdf,secured-cannot-process
private/courts/solicitation-request-document/famlawworkres-rfp.pdf,secured-cannot-process
private/courts/solicitation-request-document/wcm-rfp-att8.pdf,secured-cannot-process
private/courts/solicitation-request-document/orefm-2013-jmg-04-rfp-rev-1.pdf,secured-cannot-process
private/courts/solicitation-request-document/ifb-isd-050214-rb-payee-data-record-204a.pdf,secured-cannot-process
private/courts/solicitation-request-document/scjuvdeprep-rfp.pdf,secured-cannot-process
private/courts/solicitation-request-document/cfcc-2021-91rb-attachment-6-payee-data.pdf,secured-needs-approval
private/courts/solicitation-request-document/cfcc-1403-rb-del-norte-dependency-representation-attachment-5-payee-data-record.pdf,secured-cannot-process
private/courts/solicitation-request-document/rfp-pa-2025-10-dm-qa-submitted.pdf,secured-cannot-process
private/courts/solicitation-request-document/tcas-2021-02-aj-attachment-10-darfur-contracting-act-certification.pdf,secured-needs-approval
private/courts/solicitation-request-document/cfcc-12-13-lm-attachment-5-darfur-certification-form.pdf,secured-cannot-process
private/courts/solicitation-request-document/licagree-rfp-attd.pdf,secured-cannot-process
private/courts/solicitation-request-document/4-2-rfp-13-14-01gw-cancellation.pdf,secured-cannot-process
private/courts/solicitation-request-document/cfcc-2012-03-rb-attachment-4-vendor-payee-data.pdf,secured-cannot-process
private/courts/solicitation-request-document/cfcc-10-13-lm-attachment-4-scope-services.pdf,secured-cannot-process
private/courts/solicitation-request-document/cfcc-2022-43-dm-qa.pdf,secured-cannot-process
private/courts/solicitation-request-document/clik-system-dev-rfp-attach4.pdf,secured-cannot-process
private/courts/solicitation-request-document/evaljustcorps-rfp-att4.pdf,secured-cannot-process
private/courts/solicitation-request-document/cfcc-2020-12-dm-intent-award.pdf,secured-cannot-process
private/courts/solicitation-request-document/payee-data-record_3-2021.pdf,secured-cannot-process
private/courts/solicitation-request-document/itso-11-13-lm-rfp.pdf,secured-cannot-process
private/courts/solicitation-request-document/native-curriculumdev-rfp.pdf,secured-cannot-process
private/courts/solicitation-request-document/ecm-rfp-att3.pdf,secured-cannot-process
private/courts/solicitation-request-document/elearn-rfp-d.pdf,secured-cannot-process
private/courts/solicitation-request-document/cos-odp-201504-jr-attachment-11.pdf,secured-cannot-process
private/courts/solicitation-request-document/cfcc-2016-12lb-attachment-2-jcc-generic-contracting-shriver.pdf,secured-cannot-process
private/courts/solicitation-request-document/cfcc-23-141rb-attach-6a-std205.pdf,secured-cannot-process
private/courts/solicitation-request-document/cjer92013-lv-intent-award.pdf,secured-cannot-process
private/courts/solicitation-request-document/juvcourtuserres-rfp-intent.pdf,secured-cannot-process
private/courts/solicitation-request-document/cfcc-2023-45-dm-qa.pdf,secured-cannot-process
private/courts/solicitation-request-document/cjer-122013-oscs-cf-attachment-4-vendor-payee-data.pdf,secured-cannot-process
private/courts/solicitation-request-document/cfcc-13-10-rb-questions-and-answers.pdf,secured-cannot-process
private/courts/solicitation-request-document/tibco-dataint-rfp-attach2.pdf,secured-cannot-process
private/courts/solicitation-request-document/attachment-9-dvbe-declaration.pdf,secured-needs-approval
private/courts/solicitation-request-document/hrs-03-13-ss-temporary-staffing-services-qanda-final.pdf,secured-cannot-process
private/courts/solicitation-request-document/occm-2012-01-cc-attachment-3.pdf,secured-cannot-process
private/courts/solicitation-request-document/juvdepwebgd-rfp-atte.pdf,secured-cannot-process
private/courts/solicitation-request-document/famlawworkres-rfp-attach3.pdf,secured-cannot-process
private/courts/solicitation-request-document/cfcc-2019-08-ms-attachment-9-dvbe-bidders-declaration.pdf,secured-cannot-process
private/courts/solicitation-request-document/orefm-2012-04-cc-addendum-1-rfqrfp-schedule.pdf,secured-cannot-process
private/courts/solicitation-request-document/cfcc-10-13-lm-addendum-1.pdf,secured-cannot-process
private/courts/solicitation-request-document/cjer-122013-oscs-cf-attachment-2-terms-conditions.pdf,secured-cannot-process
private/courts/solicitation-request-document/asu-dc-008-lm-attachment-4-darfur-contracting-act-certification.pdf,secured-cannot-process
private/courts/solicitation-request-document/elkins-rfp-att2.pdf,secured-cannot-process
private/courts/solicitation-request-document/tibco-dataint-rfp-intent.pdf,secured-cannot-process
private/courts/solicitation-request-document/cjer-hb-0712-lm-attachment-1-administrative-rules-governing-rfps.pdf,secured-cannot-process
private/courts/solicitation-request-document/elkins-rfp-att3.pdf,secured-cannot-process
private/courts/solicitation-request-document/attachment-7-conflict-interest-certification-form.pdf,secured-cannot-process
private/courts/solicitation-request-document/it-2023-58-dm-non-cost-proposals-scores.pdf,secured-cannot-process
private/courts/solicitation-request-document/eniaconsult-rfp-attach4.pdf,secured-cannot-process
private/courts/solicitation-request-document/oers-201101-rb-intent-award-notice-revised.pdf,secured-cannot-process
private/courts/solicitation-request-document/famlawworkres-rfp-attach2.pdf,secured-cannot-process
private/courts/solicitation-request-document/cfcc-08-12-lm-q.pdf,secured-cannot-process
private/courts/solicitation-request-document/orefm-2012-04-cc-attachment-g-standard-agreement.pdf,secured-cannot-process
private/courts/solicitation-request-document/sapc_2013-01-questions-and-answers.pdf,secured-cannot-process
private/courts/solicitation-request-document/occm-2012-01-cc-attachment-2.pdf,secured-cannot-process
private/courts/solicitation-request-document/bs-2018-03-dm-online-course-provider-q.pdf,secured-cannot-process
private/courts/solicitation-request-document/ifb-isd-042015-aa-attachment-7-std204-payee-data-record.pdf,secured-cannot-process
private/courts/solicitation-request-document/statebasedcs-rfp-qna.pdf,secured-cannot-process
private/courts/solicitation-request-document/it-2018-09-lb-questions-answers.pdf,secured-cannot-process
private/courts/solicitation-request-document/manprocfair-rfp-attb.pdf,secured-cannot-process
private/courts/solicitation-request-document/asu-dc-007-nn-qa.pdf,secured-cannot-process
private/courts/solicitation-request-document/tempserv-rfp_att_b2_work_order_form.pdf,secured-cannot-process
private/courts/solicitation-request-document/ecm-rfp-att2.pdf,secured-cannot-process
private/courts/solicitation-request-document/cfcc-sandiego-dependencyrep-rfp-intent.pdf,secured-cannot-process
private/courts/solicitation-request-document/devdraftpol-rfp.pdf,secured-cannot-process
private/courts/solicitation-request-document/cjer-2018-01-dm-attachment-1-administrative-rules.pdf,secured-cannot-process
private/courts/solicitation-request-document/tvsignal-services-rfp-attach2.pdf,secured-cannot-process
private/courts/solicitation-request-document/fso-2018-17-jr-attachment-5-payee-data-record.pdf,secured-needs-approval
private/courts/solicitation-request-document/cfcc-032514-pcdr-cf-attachment-3-acceptance.pdf,secured-cannot-process
private/courts/solicitation-request-document/constman-rfq-vdf.pdf,secured-cannot-process
private/courts/solicitation-request-document/it-2018-09-lb-attachment-6-payeedatarecord204.pdf,secured-needs-approval
private/courts/solicitation-request-document/bsadocman-rfp-award.pdf,secured-cannot-process
private/courts/solicitation-request-document/qa-rfp-lss-2024-01-ac.pdf,secured-cannot-process
private/courts/solicitation-request-document/wcm-rfp-att9.pdf,secured-cannot-process
private/courts/solicitation-request-document/cjer-2018-02-dm-intent-award.pdf,secured-cannot-process
private/courts/solicitation-request-document/tempstaff-rfp-qa.pdf,secured-cannot-process
private/courts/solicitation-request-document/request-proposals-form-questions.pdf,secured-cannot-process
private/courts/solicitation-request-document/cfcc-032514-pcdr-cf-content.pdf,secured-cannot-process
private/courts/solicitation-request-document/pilotdesign-shriver-rfp-attach4.pdf,secured-cannot-process
private/courts/solicitation-request-document/datacollect-collabresearch-rfp-attach4.pdf,secured-cannot-process
private/courts/solicitation-request-document/cfcc-2021-03-lv-rfp.pdf,secured-needs-approval
private/courts/solicitation-request-document/fso-2019-08-bd_attach_k_to_std_agmt_security_badging_policy.pdf,secured-cannot-process
private/courts/solicitation-request-document/ctintexam_qa.pdf,secured-cannot-process
private/courts/solicitation-request-document/web-rfp_intent.pdf,secured-cannot-process
private/courts/solicitation-request-document/ccjcrtc-rfp-attach2b.pdf,secured-cannot-process
private/courts/solicitation-request-document/evalcivinst-rfp-intent.pdf,secured-cannot-process
private/courts/solicitation-request-document/cfcc-012414-acdr-cf-notice-cancellation.pdf,secured-cannot-process
private/courts/solicitation-request-document/lss-2023-07-lv-attachment-3-acceptance-terms-and-conditions.pdf,secured-needs-approval
private/courts/solicitation-request-document/cfcc-16-10-rbb-attachment-6-payee-data-record.pdf,secured-cannot-process
private/courts/solicitation-request-document/wcm-rfp-att5rev.pdf,secured-cannot-process
private/courts/solicitation-request-document/childsupport-review-rfp-list.pdf,secured-cannot-process
private/courts/solicitation-request-document/fs-2018-16-rp-attach-f-payee-data-record.pdf,secured-needs-approval
private/courts/solicitation-request-document/it-opd-18-47-rb-attachment-6-payee-data.pdf,secured-needs-approval
private/courts/solicitation-request-document/fso-2020-04-bd-attach-f-payee-data-record-form.pdf,secured-needs-approval
private/courts/solicitation-request-document/rfp-cfcc22-119rb-a6-std204.pdf,secured-cannot-process
private/courts/solicitation-request-document/cfcc-12-13-lm-attachment-6-payee-data-record-form.pdf,secured-cannot-process
private/courts/solicitation-request-document/cjer-18-44-rb-attachment-6.pdf,secured-needs-approval
private/courts/solicitation-request-document/cfcc-ccw17-23rb-attachment_6-payee_data.pdf,secured-cannot-process
private/courts/solicitation-request-document/photoserv-rfq-attachb.pdf,secured-cannot-process
private/courts/solicitation-request-document/repjuvdep-sc-rfp.pdf,secured-cannot-process
private/courts/solicitation-request-document/judicial-council-fy2018-19-gasb-75-summary.pdf,secured-needs-approval
private/courts/solicitation-request-document/refm-2016-04-jp-bidders-list.pdf,secured-cannot-process
private/courts/solicitation-request-document/efilingdeploy-rfp-attach3.pdf,secured-cannot-process
private/courts/solicitation-request-document/cfcc-13-10-rb-intent-award.pdf,secured-cannot-process
private/courts/solicitation-request-document/it-2021-17-dm-attachment-1-administrative-rules.pdf,secured-cannot-process
private/courts/solicitation-request-document/asu-dc-007-nn-attachment-4-darfur-contracting-act.pdf,secured-cannot-process
private/courts/solicitation-request-document/cfcc-2023-17-sb-attachment-6b-std205.pdf,secured-cannot-process
private/courts/solicitation-request-document/tcweb-implement-rfp-award.pdf,secured-cannot-process
private/courts/solicitation-request-document/rfp-it-2020-64-rb-addendum-4.pdf,secured-cannot-process
private/courts/solicitation-request-document/cfcc-2016-12lb-attachment-6-iran-cert.pdf,secured-cannot-process
private/courts/solicitation-request-document/techanalysts-rfp-attach1.pdf,secured-cannot-process
private/courts/solicitation-request-document/cfcc-14-01-rb-attachment-2-contract-t-and-cs.pdf,secured-cannot-process
private/courts/solicitation-request-document/efilingdeploy-rfp-attach1.pdf,secured-cannot-process
private/courts/solicitation-request-document/cfcc-032514-pcdr-cf-addendum-2.pdf,secured-cannot-process
private/courts/solicitation-request-document/asu-au-006-lm-attachment-6-submission-form-cost-proposal.pdf,secured-cannot-process
private/courts/solicitation-request-document/orefm-2012-04-cc-attachment-f-payee-data-record.pdf,secured-cannot-process
private/courts/solicitation-request-document/childsupport-review-rfp.pdf,secured-cannot-process
private/courts/solicitation-request-document/ogc-adr-04-nn-q.pdf,secured-cannot-process
private/courts/solicitation-request-document/evaljuryservideo-rfp.pdf,secured-cannot-process
private/courts/solicitation-request-document/rfp-cfcc-2023-04-lp-attachment-6b-std205-payee-data-record-supplement.pdf,secured-cannot-process
private/courts/solicitation-request-document/sapc_2013-01-revised-list-participants.pdf,secured-cannot-process
private/courts/solicitation-request-document/cfcc-2020-22-cd-producing-podcast-episodes.pdf,secured-needs-approval
private/courts/solicitation-request-document/casa-rfp-att4.pdf,secured-cannot-process
private/courts/solicitation-request-document/cfcc-2021-23-dm-qa.pdf,secured-cannot-process
private/courts/solicitation-request-document/tcas-2021-03-aj-attachment-1-administrative-rules-governing-rfps.pdf,secured-needs-approval
private/courts/solicitation-request-document/bsu-2013-01-gw-attachment-4-vendor-payee-data.pdf,secured-cannot-process
private/courts/solicitation-request-document/rfp-cfcc-2025-07-dm-addendum-1.pdf,secured-cannot-process
private/courts/solicitation-request-document/os-20150901-smith-jr-qa.pdf,secured-cannot-process
private/courts/solicitation-request-document/it-072414-wxrp-cf_notice_of_intent_to_award.pdf,secured-cannot-process
private/courts/solicitation-request-document/cfcc-012414-acdr-cf-synopsis.pdf,secured-cannot-process
private/courts/solicitation-request-document/std204_1.pdf,secured-cannot-process
private/courts/solicitation-request-document/rfp-fs-2022-07-jp-attachment-h-std205.pdf,secured-cannot-process
private/courts/solicitation-request-document/tempserv-rfp_att_e_pricing_form.pdf,secured-cannot-process
private/courts/solicitation-request-document/formtrans_att_f_payee_data_record.pdf,secured-cannot-process
private/courts/solicitation-request-document/fso-2017-21-hn-attach-5-darfur-certification.pdf,secured-cannot-process
private/courts/solicitation-request-document/ogc-adr-01b-lm-appendix-sb-78-non-it-agreements.pdf,secured-cannot-process
private/courts/solicitation-request-document/hr-2020-12-lv-attachment-1-administrative-rules-governing-rfps.pdf,secured-needs-approval
private/courts/solicitation-request-document/hr-2013-01-rb-jbwc-tpa-attachment-2-terms-cond.pdf,secured-cannot-process
private/courts/solicitation-request-document/hr-2021-09-lv-rfp-diversity-recruiting.pdf,secured-needs-approval
private/courts/solicitation-request-document/amendment-3-superior-court-california-and-staplespdf.pdf,secured-needs-approval
private/courts/solicitation-request-document/rfq-prequalification-elevator-contractors-county-los-angles.pdf,secured-cannot-process
private/courts/solicitation-request-document/cfcc-032514-pcdr-cf-attachment-1-admin-rules.pdf,secured-cannot-process
private/courts/solicitation-request-document/cfcc-03-12-lm-rfp.pdf,secured-cannot-process
private/courts/solicitation-request-document/cjer-2018-01-dm-rfp-sacramento-meeting-space-sacramento.pdf,secured-cannot-process
private/courts/solicitation-request-document/attachment6-courtdarfurcontractingactceritification.pdf,secured-cannot-process
private/courts/solicitation-request-document/ifb-isd-019277-aa-attachment-7-payee-data-record.pdf,secured-cannot-process
private/courts/solicitation-request-document/it-2022-44-dm-attachment-1-administrative-rules-it-goods.pdf,secured-cannot-process
private/courts/solicitation-request-document/cfcc-10-11-lm-qna.pdf,secured-cannot-process
private/courts/solicitation-request-document/hr-2013-01-rb-jbwc-tpa-attachment-1-admin-rules.pdf,secured-cannot-process
private/courts/solicitation-request-document/bsadocman-rfp-intent.pdf,secured-cannot-process
private/courts/solicitation-request-document/wcm-rfp-att10.pdf,secured-cannot-process
private/courts/solicitation-request-document/asu-td-005-nn-qa.pdf,secured-cannot-process
private/courts/solicitation-request-document/fs-2020-07-rl-attachment-g-payee-data-record-form.pdf,secured-needs-approval
private/courts/solicitation-request-document/building-commish-rfp-payee.pdf,secured-cannot-process
private/courts/solicitation-request-document/cjer-030614-oscsf-cf-q.pdf,secured-cannot-process
private/courts/solicitation-request-document/tcas-2020-08-lb-final-questions-answers.pdf,secured-cannot-process
private/courts/solicitation-request-document/fs-2017-20-bd-attach-l-answers-bidder-questions.pdf,secured-cannot-process
private/courts/solicitation-request-document/elkins-rfp.pdf,secured-cannot-process
private/courts/solicitation-request-document/mamlakes-rfp-attb.pdf,secured-cannot-process
private/courts/solicitation-request-document/judicial-council-fye2019-gasb-75-opeb-valuation_la-superior-court.pdf,secured-needs-approval
private/courts/solicitation-request-document/cfcc-10-13-lm-addendum-2.pdf,secured-cannot-process
private/courts/solicitation-request-document/transition-ccmsv3-rfp-attach4.pdf,secured-cannot-process
private/courts/solicitation-request-document/fin-201505-ml-qa-trial-court-opeb-av-report-summary-2014.pdf,secured-cannot-process
private/courts/solicitation-request-document/cfcc-13-13-lm-attachment-2-contract-terms-and-conditions.pdf,secured-cannot-process
private/courts/solicitation-request-document/offsupp-rfp-attf.pdf,secured-cannot-process
private/courts/solicitation-request-document/elkins-rfp-att1.pdf,secured-cannot-process
private/courts/solicitation-request-document/it-2022-38a-dm-attachment-1-administrative-rules.pdf,secured-cannot-process
private/courts/solicitation-request-document/coa1d-021717-ml-questions-and-answers.pdf,secured-cannot-process
private/courts/solicitation-request-document/hr-2021-27-dm-qa.pdf,secured-cannot-process
private/courts/solicitation-request-document/cos-odp-201604-psk-2016-rfp-language-access-ca-courts.pdf,secured-cannot-process
private/courts/solicitation-request-document/bap-2023-19-sb-attachment-6b-std205.pdf,secured-cannot-process
private/courts/solicitation-request-document/cfcc-031814-lcdr-cf_rfp.pdf,secured-cannot-process
private/courts/solicitation-request-document/attachment-ib-rfp-fs-2021-07-bd_std205.pdf,secured-cannot-process
private/courts/solicitation-request-document/evaljustcorps-rfp-add1.pdf,secured-cannot-process
private/courts/solicitation-request-document/maps-202402-ms-attachment4-general-certifications-form.pdf,secured-cannot-process
private/courts/solicitation-request-document/childsupport-guide-rfp-qna.pdf,secured-cannot-process
private/courts/solicitation-request-document/cfcc-2022-34-dm-qa.pdf,secured-cannot-process
private/courts/solicitation-request-document/conffacilserv-rfp-qna.pdf,secured-cannot-process
private/courts/solicitation-request-document/cbsfcdcs-rfp-att5.pdf,secured-cannot-process
private/courts/solicitation-request-document/refm-2016-28-sm-attachment-6-standard-agreement-final.pdf,secured-cannot-process
private/courts/solicitation-request-document/jcc-2019-04-dm-attachment-1-administrative-rules-governing.pdf,secured-cannot-process
private/courts/solicitation-request-document/ifb-jcc-040618-wv-attachment-8-payee-data-form.pdf,secured-needs-approval
private/courts/solicitation-request-document/rfp_cfcc0211lm-qna.pdf,secured-cannot-process
private/courts/solicitation-request-document/cfcc-2018-02-cd-rfp-e-learning-modules.pdf,secured-cannot-process
private/courts/solicitation-request-document/gcfmti-rfp-shortlist-firm.pdf,secured-cannot-process
private/courts/solicitation-request-document/lglsvctcfa.pdf,secured-cannot-process
private/courts/solicitation-request-document/rfp-bluerib-qna.pdf,secured-cannot-process
private/courts/solicitation-request-document/famlawworkres-rfp-attach1.pdf,secured-cannot-process
private/courts/solicitation-request-document/rfp-fs-2022-09-xc-attachment-h-sup-payee_data_record.pdf,secured-cannot-process
private/courts/solicitation-request-document/fs-2019-09-bd-rfp.pdf,secured-needs-approval
private/courts/solicitation-request-document/cfcc-2023-53-dm-attachment-1-administrative-rules.pdf,secured-cannot-process
private/courts/solicitation-request-document/it-2023-46-dm-intent-award.pdf,secured-cannot-process
private/courts/solicitation-request-document/mamlakes-rfp-attc.pdf,secured-cannot-process
private/courts/solicitation-request-document/tcgasbs-rfp-qna.pdf,secured-cannot-process
private/courts/solicitation-request-document/it-2023-46-dm-attachment-6b-std205.pdf,secured-cannot-process
private/courts/solicitation-request-document/fin-201505-ml-attachment-3-proposers-acceptance-terms-and-conditions.pdf,secured-cannot-process
private/courts/solicitation-request-document/fs-2020-07-bd-attachment-administrative-rules-governing-rfps.pdf,secured-needs-approval
private/courts/solicitation-request-document/fs-2019-05-dgf-notice-answer-questions.pdf,secured-needs-approval
private/courts/solicitation-request-document/manprocfair-rfp-add1.pdf,secured-cannot-process
private/courts/solicitation-request-document/occm-2012-01-cc-attachment-1.pdf,secured-cannot-process
private/courts/solicitation-request-document/manprocfair-rfp-atta.pdf,secured-cannot-process
private/courts/solicitation-request-document/devdraftpol-rfp-intent.pdf,secured-cannot-process
private/courts/solicitation-request-document/rfpfs202215_qa.pdf,secured-needs-approval
private/courts/solicitation-request-document/cjer-2018-02-dm-public-bid-opening-cost.pdf,secured-cannot-process
private/courts/solicitation-request-document/rfq-p-fso-2018-11-jmg-attach-5-payeedatarecord-form.pdf,secured-needs-approval
private/courts/solicitation-request-document/refm-2014-08-rb-questions-and-answers.pdf,secured-cannot-process
private/courts/solicitation-request-document/ecm-rfp-att1.pdf,secured-cannot-process
private/courts/solicitation-request-document/adr-032814-rb-translation-videos-attachment-1-admin_rules.pdf,secured-cannot-process
private/courts/solicitation-request-document/ccjcrtc-rfp-intent.pdf,secured-cannot-process
private/courts/solicitation-request-document/ogc-adr-03-nn-table-contents.pdf,secured-cannot-process
private/courts/solicitation-request-document/attachment-4-darfur-contracting-act.pdf,secured-cannot-process
private/courts/solicitation-request-document/hr-2022-10-lv-diversity-recruitiment-services-rfp.pdf,secured-needs-approval
private/courts/solicitation-request-document/archeng_rfq_vform.pdf,secured-cannot-process
private/courts/solicitation-request-document/ogc-adr-01b-lm-cancellation-notice.pdf,secured-cannot-process
private/courts/solicitation-request-document/tvsignal-services-rfp-attach1.pdf,secured-cannot-process
private/courts/solicitation-request-document/rfpfs202310mb-attach-c_master-agreement.pdf,secured-cannot-process
private/courts/solicitation-request-document/cjs-2017-08-ml-rfp-questions-and-answers.pdf,secured-cannot-process
private/courts/solicitation-request-document/ccms-transitionv3-rfp-cancellation-notice.pdf,secured-cannot-process
private/courts/solicitation-request-document/attachment-5-form-submission-technical-proposal-tcpjac.pdf,secured-cannot-process
private/courts/solicitation-request-document/cfcc-14-01-rb-attachment-1-admin-rules.pdf,secured-cannot-process
private/courts/solicitation-request-document/fs-2019-09-bd-attachment-f-payee-data-record.pdf,secured-needs-approval
private/courts/solicitation-request-document/attachment-2-po-tandcs.pdf,secured-cannot-process
private/courts/solicitation-request-document/it-2022-38a-dm-attachment-6a-std204.pdf,secured-needs-approval
private/courts/solicitation-request-document/fs-2017-20-bd-rfp-attach-admin-rules.pdf,secured-cannot-process
private/courts/solicitation-request-document/ifb-isd-017938-aa-attachment-7-payee-data-recoed.pdf,secured-cannot-process
private/courts/solicitation-request-document/refm-2016-27-bd-attach-12-internal-background-check-policy.pdf,secured-cannot-process
private/courts/solicitation-request-document/planrevsanbern-rfp-qna.pdf,secured-cannot-process
private/courts/solicitation-request-document/themissdp-rfp-attach4.pdf,secured-cannot-process
private/courts/solicitation-request-document/ccjcrtc-rfp-attach2a.pdf,secured-cannot-process
private/courts/solicitation-request-document/fin-201505-ml-attachment-5-darfur-contracting-act-certification.pdf,secured-cannot-process
private/courts/solicitation-request-document/occm-2011-19-jmg-rfp-finalv2.pdf,secured-cannot-process
private/courts/solicitation-request-document/vfm-rfp-att1.pdf,secured-cannot-process
private/courts/solicitation-request-document/juvedumeds-rfp-intent.pdf,secured-cannot-process
private/courts/solicitation-request-document/analystsupport-ccmsv3t-rfp-cancel.pdf,secured-cannot-process
private/courts/solicitation-request-document/analystsupport-ccmsv3t-rfp-qna.pdf,secured-cannot-process
private/courts/solicitation-request-document/data-mining-software-rfp-bs-2020-13-dm.pdf,secured-cannot-process
private/courts/solicitation-request-document/tcas-2021-02-aj-attachment-13-employee-counts.pdf,secured-needs-approval
private/courts/solicitation-request-document/orefm-2012-04-cc-rfqrfp-shortlist.pdf,secured-cannot-process
private/courts/solicitation-request-document/hr-2019-03-lb-qa-final.pdf,secured-cannot-process
private/courts/solicitation-request-document/it23-153rb-managed-service-desk-support-technical-scores.pdf,secured-needs-approval
private/courts/solicitation-request-document/rfp-cfcc-2024-48-sb-qa.pdf,secured-needs-approval
private/courts/solicitation-request-document/attachment1-courtadminrulesfornon-itservicesrfps.pdf,secured-cannot-process
private/courts/solicitation-request-document/tcas-2021-02-aj-attachment-6-payee-data-record.pdf,secured-needs-approval
private/courts/solicitation-request-document/fs-2017-02-bd-answers-questions.pdf,secured-cannot-process
private/courts/solicitation-request-document/vps_rfp_addendum.pdf,secured-cannot-process
private/courts/solicitation-request-document/ifb-fin010111ck-attachment-7-payee-data-record.pdf,secured-cannot-process
private/courts/solicitation-request-document/joborder-contract1010-rfp-answers.pdf,secured-cannot-process
private/courts/solicitation-request-document/docmanage-capture-rfi-qna.pdf,secured-cannot-process
private/courts/solicitation-request-document/native-curriculumdev-rfp-cancel.pdf,secured-cannot-process
private/courts/solicitation-request-document/photoserv-rfq-attacha.pdf,secured-cannot-process
private/courts/solicitation-request-document/realestappserv-rfp-sample.pdf,secured-cannot-process
private/courts/solicitation-request-document/fin032811ck-addendum-1-attachment-7-payee-data-record-form.pdf,secured-cannot-process
private/courts/solicitation-request-document/cjer-hb-0712-lm-attachment-5-darfur-contracting-certification.pdf,secured-cannot-process
private/courts/solicitation-request-document/cfcc-2023-47-dm-intent-award.pdf,secured-cannot-process
private/courts/solicitation-request-document/statewide-translation11-rfp-attachf.pdf,secured-cannot-process
private/courts/solicitation-request-document/ogc-adr-03-nn-attachment-1-rfp-administrative-rules.pdf,secured-cannot-process
private/courts/solicitation-request-document/sejuvdepct-qdata-rfp-list.pdf,secured-cannot-process
private/courts/solicitation-request-document/jbcp-2016-01-jmg-rfq-list-attendees.pdf,secured-needs-approval
private/courts/solicitation-request-document/qamtccpor-rfp-qna.pdf,secured-cannot-process
private/courts/solicitation-request-document/rfpfs202212ko-attach-e-payee-data-record.pdf,secured-needs-approval
private/courts/solicitation-request-document/ccfc-201501-jr-notice-intent-award.pdf,secured-cannot-process
private/courts/solicitation-request-document/basissap-rfp.pdf,secured-cannot-process
private/courts/solicitation-request-document/lss-2025-09-dm-catering-sf-addendum-1.pdf,secured-cannot-process
private/courts/solicitation-request-document/rfp-cfcc-2023-26-lv-attachment-4-general-certifications-form.pdf,secured-needs-approval
private/courts/solicitation-request-document/juvcourtuserres-rfp-qna.pdf,secured-cannot-process
private/courts/solicitation-request-document/efilingdeploy-rfp-attach4.pdf,secured-cannot-process
private/courts/solicitation-request-document/adminctintexam-rfp-attd.pdf,secured-cannot-process
private/courts/solicitation-request-document/knowledgecenterdesign-rfp-attach4.pdf,secured-cannot-process
private/courts/solicitation-request-document/cfcc-2017-13-lb-questions-answers.pdf,secured-cannot-process
private/courts/solicitation-request-document/fin-2020-21-cd-notice-intent-award.pdf,secured-needs-approval
private/courts/solicitation-request-document/cfcc-02-16-lv-attachment-1-administrative-rules-governing-rfps.pdf,secured-cannot-process
private/courts/solicitation-request-document/orefm-2012-04-cc-addendum-2-respons-questions.pdf,secured-cannot-process
private/courts/solicitation-request-document/cfcc-2016-09-rbb-attachment-6-payee-data-record.pdf,secured-cannot-process
private/courts/solicitation-request-document/techanalysts-rfp-attach4.pdf,secured-cannot-process
private/courts/solicitation-request-document/fs-2019-09-bd-rfp-addendum-3.pdf,secured-needs-approval
private/courts/solicitation-request-document/cscscodappd.pdf,secured-needs-approval
private/courts/solicitation-request-document/com-lsd-201504-jr-notice-cancellation.pdf,secured-cannot-process
private/courts/solicitation-request-document/fin-201505-ml-attachment-7-iran-contracting-act-certification.pdf,secured-cannot-process
private/courts/solicitation-request-document/rfp-cfcc-2023-26-lv-attachment-7-unruh-and-feha-certification.pdf,secured-needs-approval
private/courts/solicitation-request-document/cfcc-02-16-lv-attachment-6-payee-data-record-form.pdf,secured-cannot-process
private/courts/solicitation-request-document/ergoassess-rfp-attache.pdf,secured-cannot-process
private/courts/solicitation-request-document/ccjcrtc-rfp-attach2e.pdf,secured-cannot-process
private/courts/solicitation-request-document/bap-2020-14-dm-attachment-1-administrative-rules-governing-rfps.pdf,secured-cannot-process
private/courts/solicitation-request-document/familyfunding-toolkit-rfp-award.pdf,secured-cannot-process
private/courts/solicitation-request-document/rfp-site-catering-san-francisco.pdf,secured-cannot-process
private/courts/solicitation-request-document/formtrans-qa.pdf,secured-cannot-process
private/courts/solicitation-request-document/it-2019-01-bd-rfi.pdf,secured-cannot-process
private/courts/solicitation-request-document/cfcc-2021-11-lv-attachment-8-dvbe-declaration.pdf,secured-needs-approval
private/courts/solicitation-request-document/childsupport-review-rfp-attach2.pdf,secured-cannot-process
private/courts/solicitation-request-document/tcas-2021-02-aj-attachment-8-iran-contracting-act-certification.pdf,secured-needs-approval
private/courts/solicitation-request-document/maps-2015-04-ps-attachment-1-admin-rules.pdf,secured-cannot-process
private/courts/solicitation-request-document/itso-2022-03-sb-attachment-6b-std205.pdf,secured-cannot-process
private/courts/solicitation-request-document/tcworkmeth-rfp-attach4.pdf,secured-cannot-process
private/courts/solicitation-request-document/cjer-030614-oscsf-cf-attachment-6-certifications.pdf,secured-cannot-process
private/courts/solicitation-request-document/cfcc-012414-acdr-cf-appendix-jcats-scrn-shot.pdf,secured-cannot-process
private/courts/solicitation-request-document/asu-au-009-rb-attachment-2-aoc-standard-terms-and-conditions-contract-dv.pdf,secured-cannot-process
private/courts/solicitation-request-document/lso-2019-12-cd-notice-intent-award.pdf,secured-cannot-process
private/courts/solicitation-request-document/fso-2018-09-jr-attachment-f-payee-data-record.pdf,secured-needs-approval
private/courts/solicitation-request-document/jbwcp-2019-06-dm-attachment-1-administrative-rules-governing-rfps.pdf,secured-cannot-process
private/courts/solicitation-request-document/cfcc-2021-11-lv-attachment-1-administrative-rules-governing-rfps.pdf,secured-needs-approval
private/courts/solicitation-request-document/scanning-reprographic-rfp-pricing.pdf,secured-cannot-process
private/courts/solicitation-request-document/tvsignal-services-rfp-attach5.pdf,secured-cannot-process
private/courts/solicitation-request-document/os-20150901-ceia-jr-qa.pdf,secured-cannot-process
private/courts/solicitation-request-document/evaljustcorps-rfp-att2.pdf,secured-cannot-process
private/courts/solicitation-request-document/commcorrections-ebp-rfp-attach4.pdf,secured-cannot-process
private/courts/solicitation-request-document/licagree-rfp-attb.pdf,secured-cannot-process
private/courts/solicitation-request-document/feltrial-rfp-supsummary.pdf,secured-cannot-process
private/courts/solicitation-request-document/fso-2018-23-jr-notice-cancel.pdf,secured-cannot-process
private/courts/solicitation-request-document/sapc_2013-01-jmg-legal-agreement-01-15-13.pdf,secured-cannot-process
private/courts/solicitation-request-document/rfp-fs-2019-04-lb-notice-intent-award.pdf,secured-cannot-process
private/courts/solicitation-request-document/cjs-2017-08-ml-public-opening-cost-proposals.pdf,secured-cannot-process
private/courts/solicitation-request-document/ccms-program-rfp-intent.pdf,secured-cannot-process
private/courts/solicitation-request-document/qa_no_5-42.pdf,secured-needs-approval
private/courts/solicitation-request-document/hrs-03-13-ss-attachment-2-form-c-sample-wo-template.pdf,secured-cannot-process
private/courts/solicitation-request-document/qamtccpor-rfp-cancel.pdf,secured-cannot-process
private/courts/solicitation-request-document/ogc-adr-04-nn-rfp.pdf,secured-cannot-process
private/courts/solicitation-request-document/duiweb-vdf.pdf,secured-cannot-process
private/courts/solicitation-request-document/manprocfair-rfp-atte.pdf,secured-cannot-process
private/courts/solicitation-request-document/rfp_tv_signal_transmission_services_cjer-sb10-06-ss.pdf,secured-cannot-process
private/courts/solicitation-request-document/tibco-dataint-rfp-attach4.pdf,secured-cannot-process
private/courts/solicitation-request-document/rfp-cfcc-2024-43-sb-qa.pdf,secured-needs-approval
private/courts/solicitation-request-document/devdraftpol-rfp-att1.pdf,secured-cannot-process
private/courts/solicitation-request-document/elearn-rfp-b.pdf,secured-cannot-process
private/courts/solicitation-request-document/ecm-rfp-att5.pdf,secured-cannot-process
private/courts/solicitation-request-document/tcas-2020-08-lb-preliminary-questions-answers_final.pdf,secured-cannot-process
private/courts/solicitation-request-document/scpiv_attachment_e_payee_data_record_form_std_204_2003.pdf,secured-cannot-process
private/courts/solicitation-request-document/cjer92013-lv-attachment-1-rules-governing-rfps-it-goods-and-services.pdf,secured-cannot-process
private/courts/solicitation-request-document/facility-opmod-rfp-agree2.pdf,secured-cannot-process
private/courts/solicitation-request-document/cfcc-032514-pcdr-cf-q.pdf,secured-cannot-process
private/courts/solicitation-request-document/ifb-fs-2025-06-afterhours-call-answering-services.pdf,secured-needs-approval
private/courts/solicitation-request-document/transition-ccmsv3-rfp-attach1.pdf,secured-cannot-process
private/courts/solicitation-request-document/designconstruct-engineerservices11-rfp.pdf,secured-cannot-process
private/courts/solicitation-request-document/refm-2016-02-jt-sample-contract.pdf,secured-cannot-process
private/courts/solicitation-request-document/fso-2018-08-jr-attachment-f-payee-data-record.pdf,secured-needs-approval
private/courts/solicitation-request-document/rfp-lss-2025-09-dm-qa.pdf,secured-cannot-process
private/courts/solicitation-request-document/occm-2012-01-cc-attachment-5.pdf,secured-cannot-process
private/courts/solicitation-request-document/cfcc-2019-16-cd-rfp-designing-and-user-testing-court-forms.pdf,secured-cannot-process
private/courts/solicitation-request-document/jcc-2019-04-dm-addendum-1.pdf,secured-cannot-process
private/courts/solicitation-request-document/jbwcp-2019-07-dm-intent-award.pdf,secured-cannot-process
private/courts/solicitation-request-document/cfcc-201103-rb-attachment-7-reference-form.pdf,secured-cannot-process
private/courts/solicitation-request-document/ifb-isd-052914-aa-std204-payee-data-record.pdf,secured-cannot-process
private/courts/solicitation-request-document/fs-2018-13-bd-rfp.pdf,secured-cannot-process
private/courts/solicitation-request-document/qual-arch-eng-rfq-interviewguideline.pdf,secured-cannot-process
private/courts/solicitation-request-document/jbcp-2015-12-br-attachment-5-payee-data-record.pdf,secured-cannot-process
private/courts/solicitation-request-document/ogc-adr-01a-lm-appendix-b-acceptance-work.pdf,secured-cannot-process
private/courts/solicitation-request-document/fin-2020-21-cd-rfp-actuarial-services-gasb-74-75-compliance.pdf,secured-needs-approval
private/courts/solicitation-request-document/sacramento-dependrep-rfp-add1.pdf,secured-cannot-process
private/courts/solicitation-request-document/elkins-rfp-att4.pdf,secured-cannot-process
private/courts/solicitation-request-document/rfp-fs-2021-02-bd-attachment-i-b-std205.pdf,secured-cannot-process
private/courts/solicitation-request-document/courtordered-debttask-rfp-attach4.pdf,secured-cannot-process
private/courts/solicitation-request-document/asu-dc-007-nn-attachment-6-submission-form-cost-proposal.pdf,secured-cannot-process
private/courts/solicitation-request-document/evaljustcorps-rfp-qna.pdf,secured-cannot-process
private/courts/solicitation-request-document/fs-2017-20-bd-rfp.pdf,secured-cannot-process
private/courts/solicitation-request-document/elkins-rfp-notice.pdf,secured-cannot-process
private/courts/solicitation-request-document/jbcp-2013-01-br-notice-intent-award_yc.pdf,secured-cannot-process
private/courts/solicitation-request-document/ecm-rfp-add2.pdf,secured-cannot-process
private/courts/solicitation-request-document/occm-2012-01-cc-attachment-4.pdf,secured-cannot-process
private/courts/solicitation-request-document/cjs-2018-05-cd-qa.pdf,secured-cannot-process
private/courts/solicitation-request-document/techstaff-augment-rfp-attachg.pdf,secured-cannot-process
private/courts/solicitation-request-document/crs-eg-058-notice-award.pdf,secured-cannot-process
private/courts/solicitation-request-document/famlawworkres-rfp-attach4.pdf,secured-cannot-process
private/courts/solicitation-request-document/facility-opmod-rfp-new.pdf,secured-cannot-process
private/courts/solicitation-request-document/mamlakes-rfp-attf.pdf,secured-cannot-process
private/courts/solicitation-request-document/ecm-rfp-att4.pdf,secured-cannot-process
private/courts/solicitation-request-document/attachment-6-payee-data-record-form_0.pdf,secured-cannot-process
private/courts/solicitation-request-document/ccms-program-rfp-attach4.pdf,secured-cannot-process
private/courts/solicitation-request-document/it-2018-06-lb-notice-intent-award.pdf,secured-cannot-process
private/courts/solicitation-request-document/cfcc-201103-rb-attachment-3-acceptance-terms-and-conditions.pdf,secured-cannot-process
private/courts/solicitation-request-document/rfp-cfcc25-189rb-std205.pdf,secured-cannot-process
private/courts/solicitation-request-document/ifb-isd-9202017-aa-attachment-10-std204-payee-data-record.pdf,secured-cannot-process
private/courts/solicitation-request-document/fs-2018-26-bd-attachment-d-judicial-councils-form-standard-agreement.pdf,secured-cannot-process
private/courts/solicitation-request-document/it-2020-64-rb-attach-12-travel-expense-policy.pdf,secured-cannot-process
private/courts/solicitation-request-document/cfcc-13-13-lm-table-contents.pdf,secured-cannot-process
private/courts/solicitation-request-document/fso-2018-17-jr-attachment-6-sample-ocip-manual.pdf,secured-cannot-process
private/courts/solicitation-request-document/rfp-bms-2024-50-sb_caseflow-managementpdf.pdf,secured-needs-approval
private/courts/solicitation-request-document/evaljustcorps-rfp-att3.pdf,secured-cannot-process
private/courts/solicitation-request-document/tvsignal-services-rfp-attach4.pdf,secured-cannot-process
private/courts/solicitation-request-document/cfcc-2022-02-tq-attachment-6-payee-data-record.pdf,secured-needs-approval
private/courts/solicitation-request-document/cfcc-10-11-lm-exhibit-d-contractors-key-personnel.pdf,secured-cannot-process
private/courts/solicitation-request-document/dcqual-rfp-slsched.pdf,secured-cannot-process
private/courts/solicitation-request-document/42-rfp-13-14-04_housekeeping-janitorial_main-rfp.pdf,secured-cannot-process
private/courts/solicitation-request-document/rfp-cfcc-2023-08-lp-attachment-6b-std205-payee-data-record-supplement.pdf,secured-cannot-process
private/courts/solicitation-request-document/coa2d-1-2014-attachment-1-standard-terms-and-conditions.pdf,secured-cannot-process
private/courts/solicitation-request-document/cfcc-031814-lcdr-cf_att-3_acceptance.pdf,secured-cannot-process
private/courts/solicitation-request-document/maps-202402-ms-attachment5-darfur-contract-act.pdf,secured-cannot-process
private/courts/solicitation-request-document/cfcc-2021-11-lv-rfp-attorney-translation-consultant.pdf,secured-needs-approval
private/courts/solicitation-request-document/hr-tc-2016-04-ml-notice-intent-award.pdf,secured-cannot-process
private/courts/solicitation-request-document/pilotdesign-shriver-rfp-attach2.pdf,secured-cannot-process
private/courts/solicitation-request-document/facility-opmod-rfp-legal2.pdf,secured-cannot-process
private/courts/solicitation-request-document/maps-2015-04-ps-rfp-daily-pick-and-delivery-mail.pdf,secured-cannot-process
private/courts/solicitation-request-document/fs-2017-02-bd-attachment-1-standard-terms-and-conditions.pdf,secured-cannot-process
private/courts/solicitation-request-document/fso-2018-04-jr-questions-and-answers.pdf,secured-cannot-process
private/courts/solicitation-request-document/ecm-rfp-pre.pdf,secured-cannot-process
private/courts/solicitation-request-document/rfp-hr-2022-10-lv-attachment-3-proposers-acceptance-terms-and-conditions.pdf,secured-needs-approval
private/courts/solicitation-request-document/jip-2019-05-dm-california-juror-orientation-video-rfp.pdf,secured-cannot-process
private/courts/solicitation-request-document/famlawworkres-rfp-add1.pdf,secured-cannot-process
private/courts/solicitation-request-document/childsupport-review-rfp-attach3.pdf,secured-cannot-process
private/courts/solicitation-request-document/it-2021-17-dm-non-cost-proposals-scores.pdf,secured-cannot-process
private/courts/solicitation-request-document/efilingdeploy-rfp-intent.pdf,secured-cannot-process
private/courts/solicitation-request-document/jbwcp-2019-06-dm-intent-award.pdf,secured-cannot-process
private/courts/solicitation-request-document/ccjcrtc-rfp-attach2d.pdf,secured-cannot-process
private/courts/solicitation-request-document/jseinterface-rfi.pdf,secured-cannot-process
private/courts/solicitation-request-document/idtrfp.pdf,secured-cannot-process
private/courts/solicitation-request-document/it-2023-58-dm-intent-award.pdf,secured-cannot-process
private/courts/solicitation-request-document/legsvcsp3-rfp_intent.pdf,secured-cannot-process
private/courts/solicitation-request-document/dm-rfp-att4.pdf,secured-cannot-process
private/courts/solicitation-request-document/jbwcp-services-rfp-qna.pdf,secured-cannot-process
private/courts/solicitation-request-document/fs-2019-09-bd-rfp-addendum-2.pdf,secured-needs-approval
private/courts/solicitation-request-document/addendum1revisedscheduleofevents.pdf,secured-cannot-process
private/courts/solicitation-request-document/rfp-fs-2021-04-mb-attachment-j-std204-payee-data-record.pdf,secured-needs-approval
private/courts/solicitation-request-document/2022-37-dm-final-scores.pdf,secured-cannot-process
private/courts/solicitation-request-document/rfp-cfcc-2022-33-dm-juvenile-mental-health-training.pdf,secured-cannot-process
private/courts/solicitation-request-document/ccjcrtc-rfp.pdf,secured-cannot-process
private/courts/solicitation-request-document/lss-2019-15-cd-attachment-6-payee-data-record.pdf,secured-needs-approval
private/courts/solicitation-request-document/cfcc-10-11-lm-exhibit-terms-conditions.pdf,secured-cannot-process
private/courts/solicitation-request-document/refm-2016-27-bd-attach-1-ftp-instructions.pdf,secured-cannot-process
private/courts/solicitation-request-document/it-072414-wxrp-cf_q.pdf,secured-cannot-process
private/courts/solicitation-request-document/hr-2013-01-rb_jbwc-tpa-addendum-2.pdf,secured-cannot-process
private/courts/solicitation-request-document/ogc-adr-01a-lm-rfp.pdf,secured-cannot-process
private/courts/solicitation-request-document/cjdcls_n2a.pdf,secured-cannot-process
private/courts/solicitation-request-document/cfcc-13-13-lm-intent-award.pdf,secured-cannot-process
private/courts/solicitation-request-document/bap-2022-07-sb-attachment-6a_std204.pdf,secured-needs-approval
private/courts/solicitation-request-document/cfcc-201103-rb-attachment-1-admin-rules.pdf,secured-cannot-process
private/courts/solicitation-request-document/tcas-2021-02-aj-attachment-12-bidder-declaration.pdf,secured-needs-approval
private/courts/solicitation-request-document/oas-2018-06-cd-attachment-6-payee-data-record.pdf,secured-needs-approval
private/courts/solicitation-request-document/ogc-adr-01a-lm-appendix-sb-78-non-it-agreements.pdf,secured-cannot-process
private/courts/solicitation-request-document/addendum-1-rfp-hotel-room-block-only-tcpjac.pdf,secured-cannot-process
private/courts/solicitation-request-document/rfp-fs-2022-02-mb-attach-g2-payee-data-record-supplement.pdf,secured-cannot-process
private/courts/solicitation-request-document/aesmcp-rfq-vdf.pdf,secured-cannot-process
private/courts/solicitation-request-document/maps-2015-04-ps-attachment-2-terms-and-conditions.pdf,secured-cannot-process
private/courts/solicitation-request-document/it-2020-64-rb-exhibit-c-glossary-terms.pdf,secured-needs-approval
private/courts/solicitation-request-document/fin-201505-ml-qa-fy-2013-14-reconciliation-net-opeb-obligation.pdf,secured-cannot-process
private/courts/solicitation-request-document/rfp-cfcc-2012-01-rb-questions-and-answers.pdf,secured-cannot-process
private/courts/solicitation-request-document/rfp-it-2020-64-rb-addendum-2.pdf,secured-cannot-process
private/courts/solicitation-request-document/datacomm-projectmanagement-rfp.pdf,secured-cannot-process
private/courts/solicitation-request-document/cjs-2018-05-cd-notice-intent-award.pdf,secured-cannot-process
private/courts/solicitation-request-document/rfq-fso-2019-06-jp_attach_k_security_badging_policy.pdf,secured-cannot-process
private/courts/solicitation-request-document/ifb-fs-2025-06-el-afterhours-call-answering-services.pdf,secured-needs-approval
private/courts/solicitation-request-document/cfcc-2021-21-dm-attachment-1-administrative-rules-governing.pdf,secured-cannot-process
private/courts/solicitation-request-document/oas-2018-06-cd-notice-intent-award.pdf,secured-cannot-process
private/courts/solicitation-request-document/publish-rfp-intent.pdf,secured-cannot-process
private/courts/solicitation-request-document/4-2-13-14-07-lm-table-contents.pdf,secured-cannot-process
private/courts/solicitation-request-document/fs-2018-12-bd-attach-1-dgs-appraisal-specifications.pdf,secured-cannot-process
private/courts/solicitation-request-document/bpr-rfp-att_b_terms_and_cond.pdf,secured-cannot-process
private/courts/solicitation-request-document/3dca212202_attachment5_payeedatarecordsupplement.pdf,secured-cannot-process
private/courts/solicitation-request-document/orefm-2013-jmg-04-legal-agreement-rev-1.pdf,secured-cannot-process
private/courts/solicitation-request-document/stream_vid_rfp_att4.pdf,secured-cannot-process
private/courts/solicitation-request-document/hr-lv-112015-attachment-2-contract-terms-and-conditions.pdf,secured-cannot-process
private/courts/solicitation-request-document/it-2023-50-dm-non-cost-proposals-scores.pdf,secured-cannot-process
private/courts/solicitation-request-document/ifb-bap-06062017-rb-attachment-9-payee-data-record.pdf,secured-cannot-process
private/courts/solicitation-request-document/bs-2020-11-dm-qa-051220.pdf,secured-cannot-process
private/courts/solicitation-request-document/rfp-fs-2024-01-el-attachment-c-consulting-services-master-agreement-sample-document.pdf,secured-needs-approval
private/courts/solicitation-request-document/asu-td-005-nn-attachment-2-aoc-hotel-agreement.pdf,secured-cannot-process
private/courts/solicitation-request-document/preconstsvc-rfp-attachj.pdf,secured-cannot-process
private/courts/solicitation-request-document/childsupport-review-rfp-attach1.pdf,secured-cannot-process
private/courts/solicitation-request-document/cfcc-2018-04-cd-q.pdf,secured-cannot-process
private/courts/solicitation-request-document/rfpfs202301mb-attach-9b-std205-payee-supplement.pdf,secured-cannot-process
private/courts/solicitation-request-document/idiq-occm-rfq-payee.pdf,secured-cannot-process
private/courts/solicitation-request-document/attachment-1-administrative-rules_maps-2024-ms.pdf,secured-needs-approval
private/courts/solicitation-request-document/rfp-bms-2024-50-sb-intent-award.pdf,secured-needs-approval
private/courts/solicitation-request-document/jbcp-2015-11-jt-addendum-1.pdf,secured-cannot-process
private/courts/solicitation-request-document/asu-dc-007-nn-attachment-2-aoc-standard-terms-and-conditions.pdf,secured-cannot-process
private/courts/solicitation-request-document/ecm_add_1_rfp_isd2006ecm-ss_enterprise_content_management.pdf,secured-cannot-process
private/courts/solicitation-request-document/tempserv-rfp_att_f_payee_data_record_form_std_204_2003.pdf,secured-cannot-process
private/courts/solicitation-request-document/notice-intent-award-ifb-bap-22-126rb.pdf,secured-cannot-process
private/courts/solicitation-request-document/occm-2010-25-jmg-rfp-10-05-10.pdf,secured-cannot-process
private/courts/solicitation-request-document/cfcc-14-01-rb-postponed-public-opening-cost-proposals.pdf,secured-cannot-process
private/courts/solicitation-request-document/com-lsd-201504-jr-questions-and-answers.pdf,secured-cannot-process
private/courts/solicitation-request-document/evaljustcorps-rfp-att1.pdf,secured-cannot-process
private/courts/solicitation-request-document/rfp-hr-2023-02-lv-employee-assistance-program_2.pdf,secured-needs-approval
private/courts/solicitation-request-document/rfp-fs-2023-08-ko-answers-submitted-questions.pdf,secured-needs-approval
private/courts/solicitation-request-document/thirdparty-rfp.pdf,secured-cannot-process
private/courts/solicitation-request-document/cfcc-2018-02-cd-notice-cancellation.pdf,secured-needs-approval
private/courts/solicitation-request-document/licagree-rfp-atta.pdf,secured-cannot-process
private/courts/solicitation-request-document/rfp-cfcc-nacjp.pdf,secured-cannot-process
private/courts/solicitation-request-document/rfp-fs-2020-06-df-attach-g2-payee-data-record-supplement.pdf,secured-cannot-process
private/courts/solicitation-request-document/manprocfair-rfp-attf.pdf,secured-cannot-process
private/courts/solicitation-request-document/refm-2014-08-rb-intent-award.pdf,secured-cannot-process
private/courts/solicitation-request-document/cfcc-08-12-lm-attachment-6-darfur-contracting-act-certification-form.pdf,secured-cannot-process
private/courts/solicitation-request-document/rfp-hr-2022-10-lv-attachment-2-standard-terms-and-conditions.pdf,secured-needs-approval
private/courts/solicitation-request-document/ecm-rfp-att6.pdf,secured-cannot-process
private/courts/solicitation-request-document/devdraftpol-rfp-att2.pdf,secured-cannot-process
private/courts/solicitation-request-document/cjs-2018-01-cd-notice-cancellation.pdf,secured-needs-approval
private/courts/solicitation-request-document/tcas-2021-02-aj-exhibit-4-proposer-response-template.pdf,secured-needs-approval
private/courts/solicitation-request-document/transition-ccmsv3-rfp-attach2.pdf,secured-cannot-process
private/courts/solicitation-request-document/rfp-cfcc-2023-03-lp-attachment-6b-std205-payee-data-record-supplement.pdf,secured-cannot-process
private/courts/solicitation-request-document/facility-opmod-rfp-agree1.pdf,secured-cannot-process
private/courts/solicitation-request-document/mamlakes-rfp-attd.pdf,secured-cannot-process
private/courts/solicitation-request-document/bap-2017-02-ms-notice-intent-award.pdf,secured-cannot-process
private/courts/solicitation-request-document/qual-arch-eng-rfq-am-participants.pdf,secured-cannot-process
private/courts/solicitation-request-document/cosso-02-14-lm-attachment-2-aoc-standard-terms-conditions.pdf,secured-cannot-process
private/courts/solicitation-request-document/2022-37-dm-non-cost-proposals-scores.pdf,secured-cannot-process
private/courts/solicitation-request-document/occm-2012-01-cc-attachment-6.pdf,secured-cannot-process
private/courts/solicitation-request-document/fs-2017-01-bd-attach-e-form-standard-agreement.pdf,secured-cannot-process
private/courts/solicitation-request-document/fso-2017-21-hn-attach-1-rfp-rules.pdf,secured-cannot-process
private/courts/solicitation-request-document/ogc-adr-03-nn-appendix-b-acceptance-work.pdf,secured-cannot-process
private/courts/solicitation-request-document/cfcc-10-11-lm-attachment-1-admin-rules-nonit-goods.pdf,secured-cannot-process
private/courts/solicitation-request-document/cjer-2018-01-dm-attachment-6-payee-data-record-form.pdf,secured-needs-approval
private/courts/solicitation-request-document/evaljustcorps-rfp-attlist.pdf,secured-cannot-process
private/courts/solicitation-request-document/fso-2019-08-bd_attach_b_payee_data_record_form.pdf,secured-needs-approval
private/courts/solicitation-request-document/qual-arch-eng-rfq-legalrev.pdf,secured-cannot-process
private/courts/solicitation-request-document/tcas-sapc-2016-01-ml-notice-intent.pdf,secured-cannot-process
private/courts/solicitation-request-document/ogc-adr-04-nn-attachment-5-darfur-contracting-act.pdf,secured-cannot-process
private/courts/solicitation-request-document/fso-2019-08-bd_rfq_electrical_contractors.pdf,secured-cannot-process
private/courts/solicitation-request-document/rfqshortlistclarashortridgefoltz.pdf,secured-cannot-process
private/courts/solicitation-request-document/jcc-2019-01-cd-ifb-sacramento-moving-and-installation-services.pdf,secured-cannot-process
private/courts/solicitation-request-document/it-2021-18-dm-intent-award.pdf,secured-cannot-process
private/courts/solicitation-request-document/occm-2011-19-jmg-sow_attachment-4.pdf,secured-cannot-process
private/courts/solicitation-request-document/rfp-cfcc-2024-43-sb-qa_0.pdf,secured-needs-approval
private/courts/solicitation-request-document/native-curriculumdev-rfp-attach1.pdf,secured-cannot-process
private/courts/solicitation-request-document/hr-2023-54-dm-attachment-6b-std205.pdf,secured-cannot-process
private/courts/solicitation-request-document/confplansvcs-rfp-intent.pdf,secured-cannot-process
private/courts/solicitation-request-document/cfcc-1403-rb-del-norte-dependency-representation-attachment-4-scope-services.pdf,secured-cannot-process
private/courts/solicitation-request-document/mamlakes-rfp-atte.pdf,secured-cannot-process
private/courts/solicitation-request-document/cdupmcjcp-rfp-add1.pdf,secured-cannot-process
private/courts/solicitation-request-document/it-2020-64-rb-exhibit-e-potential-it-project-examples.pdf,secured-cannot-process
private/courts/solicitation-request-document/ga-2017-40-rb-attachment-6-payee-data.pdf,secured-cannot-process
private/courts/solicitation-request-document/ecm-rfp-att7.pdf,secured-cannot-process
private/courts/solicitation-request-document/prequalcontract-sanandreas-rfp-attachd.pdf,secured-cannot-process
private/courts/solicitation-request-document/it-2022-06-lb-attachment-5b-std205.pdf,secured-cannot-process
private/courts/solicitation-request-document/maps-2020-09-lv-request-proposals.pdf,secured-needs-approval
private/courts/solicitation-request-document/ogc-adr-04-nn-appendix-sb-78-non-it-agreements.pdf,secured-cannot-process
private/courts/solicitation-request-document/conffacilserv-rfp-add1.pdf,secured-cannot-process
private/courts/solicitation-request-document/scdeprep-rfp-atte.pdf,secured-cannot-process
private/courts/solicitation-request-document/eval-famfinding-pilotcounties-rfp-add1.pdf,secured-cannot-process
private/courts/solicitation-request-document/jbwcp-2019-08-dm-qa.pdf,secured-cannot-process
private/courts/solicitation-request-document/bap-2022-07-sb-addendum-1.pdf,secured-needs-approval
private/courts/solicitation-request-document/rfqoccm-2009-09-jmgrfq_textpublished_01-29-10.pdf,secured-cannot-process
private/courts/solicitation-request-document/jbwcp-2019-07-dm-attachment-1-administrative-rules-governing.pdf,secured-cannot-process
private/courts/solicitation-request-document/asu-dc-007-nn-attachment-7-conflict-interest-certification-form.pdf,secured-cannot-process
private/courts/solicitation-request-document/ctintrecruit-rfp-attd.pdf,secured-cannot-process
private/courts/solicitation-request-document/pilotdesign-shriver-rfp-attach1.pdf,secured-cannot-process
private/courts/solicitation-request-document/facility-opmod-rfp-legal1.pdf,secured-cannot-process
private/courts/solicitation-request-document/attachment-61-payee-data-record.pdf,secured-cannot-process
private/courts/solicitation-request-document/asu-dc-007-nn-intent-award.pdf,secured-cannot-process
private/courts/solicitation-request-document/fs-2020-07-rl-rfp.pdf,secured-needs-approval
private/courts/solicitation-request-document/rfp-hr-2022-10-lv-attachment-1-administrative-rules-governing-rfps.pdf,secured-needs-approval
private/courts/solicitation-request-document/cfcc-2016-12lb-attachment-8-unruh.pdf,secured-cannot-process
private/courts/solicitation-request-document/juvcourtuserres-rfp-award.pdf,secured-cannot-process
private/courts/solicitation-request-document/attachment-7-payee-data-record-supplement_0.pdf,secured-cannot-process
private/courts/solicitation-request-document/hcrc-ss-071216-attachment-09.pdf,secured-cannot-process
private/courts/solicitation-request-document/lss-2025-09-dm-intent-award.pdf,secured-cannot-process
private/courts/solicitation-request-document/cfcc-13-13-lm-attachment-6-iran-certification-form.pdf,secured-cannot-process
private/courts/solicitation-request-document/it-072414-wxrp-cf-notice-award.pdf,secured-cannot-process
private/courts/solicitation-request-document/attachment-administrative-rules-governing-invitation-bids.pdf,secured-needs-approval
private/courts/solicitation-request-document/preconstsvc-rfp-attachk.pdf,secured-cannot-process
private/courts/solicitation-request-document/refm-2016-04-jp-rfq-ceqa-services.pdf,secured-cannot-process
private/courts/solicitation-request-document/cjer92013-lv-rfp-revision-1.pdf,secured-cannot-process
private/courts/solicitation-request-document/cfcc-032514-pcdr-cf-rfp-addendum-1.pdf,secured-cannot-process
private/courts/solicitation-request-document/cfcc-12-13-lm-attachment-3-proposers-acceptance-terms-conditions.pdf,secured-cannot-process
private/courts/solicitation-request-document/request-proposal-rfp-maps-2025-04-rp.pdf,secured-needs-approval
private/courts/solicitation-request-document/cfcc-2022-11-lv-attachment-2-standard-terms-and-conditions.pdf,secured-needs-approval
private/courts/solicitation-request-document/casa-rfp.pdf,secured-cannot-process
private/courts/solicitation-request-document/rfp-it-2019-60-rb-answers-questions.pdf,secured-cannot-process
private/courts/solicitation-request-document/cjs-2018-05-cd-attachment-6-payee-data-record.pdf,secured-needs-approval
private/courts/solicitation-request-document/attachment-1-administrative-rules-tcas-2020-08-lb.pdf,secured-cannot-process
private/courts/solicitation-request-document/fs-2019-09-bd-rfp-addendum-1.pdf,secured-needs-approval
private/courts/solicitation-request-document/rfp-fs-2024-05-el-real-estate-appraisal-consulting-services.pdf,secured-needs-approval
private/courts/solicitation-request-document/cfwg-consulting-services-agreement-11-30-11.pdf,secured-cannot-process
private/courts/solicitation-request-document/codequality-indassess-rfp-attach4.pdf,secured-cannot-process
private/courts/solicitation-request-document/rfp-it-2020-64-rb-addendum-3.pdf,secured-cannot-process
private/courts/solicitation-request-document/hr-2013-01-rb_jbwc-tpa-addendum-1.pdf,secured-cannot-process
private/courts/solicitation-request-document/cjs-2018-01-cd-rfp-addendum-1-study-veterans-needs.pdf,secured-cannot-process
private/courts/solicitation-request-document/it-2023-46-dm-attachment-1-administrative-rules.pdf,secured-cannot-process
private/courts/solicitation-request-document/it-2023-04-lv-attachment-1-administrative-rules-it-goods.pdf,secured-cannot-process
private/courts/solicitation-request-document/itso-2022-03-sb-attachment-6a-std204.pdf,secured-needs-approval
private/courts/solicitation-request-document/jbcp-2015-01-jt-project-cancellation.pdf,secured-cannot-process
private/courts/solicitation-request-document/cbsfcdcs-rfp-list.pdf,secured-cannot-process
private/courts/solicitation-request-document/asu-td-012-lm-attachment-7-conflict-interest-certification-form.pdf,secured-cannot-process
private/courts/solicitation-request-document/maps-202402-ms-attachment8-bidder-declaration.pdf,secured-needs-approval
private/courts/solicitation-request-document/itso-11-13-lm-attachment-1-administrative-rules-governing-rfps.pdf,secured-cannot-process
private/courts/solicitation-request-document/attachment-4-general-certifications-form_rfp-maps-2024-ms.pdf,secured-cannot-process
private/courts/solicitation-request-document/cjer-2015-03-lv-attachment-2-contract-t-cs.pdf,secured-cannot-process
private/courts/solicitation-request-document/titleescrow-rfp-payeedata.pdf,secured-cannot-process
private/courts/solicitation-request-document/cjer-hb-0712-lm-notice-award.pdf,secured-cannot-process
private/courts/solicitation-request-document/cfcc-1403-rb_addendum_2.pdf,secured-cannot-process
private/courts/solicitation-request-document/avmaintsvcs-rfp-attach4.pdf,secured-cannot-process
private/courts/solicitation-request-document/cfcc-02-16-lv-addendum-1-statewide-translation-services.pdf,secured-cannot-process
private/courts/solicitation-request-document/isd-06192012-slo_notice-intent-award.pdf,secured-cannot-process
private/courts/solicitation-request-document/hr-lv-112015-attachment-5-darfur-contracting-act-certification.pdf,secured-cannot-process
private/courts/solicitation-request-document/refm-2014-08-rb-attachment-2-master-agreement-terms-and-conditions.pdf,secured-cannot-process
private/courts/solicitation-request-document/precon-rfq-rfp-attg.pdf,secured-cannot-process
private/courts/solicitation-request-document/hr-2021-29-dm-addendum-2.pdf,secured-cannot-process
private/courts/solicitation-request-document/cfcc-2019-16-cd-attachment-1-administrative-rules-governing-rfps.pdf,secured-cannot-process
private/courts/solicitation-request-document/it-2022-06-lb-intent-award.pdf,secured-cannot-process
private/courts/solicitation-request-document/planrevsanbern-rfp-attacha.pdf,secured-cannot-process
private/courts/solicitation-request-document/asu-dc-008-lm-rfp.pdf,secured-cannot-process
private/courts/solicitation-request-document/rfp-cfcc-2023-11-lp-attachment-6b-std205-payee-data-record-supplement.pdf,secured-cannot-process
private/courts/solicitation-request-document/wcm-rfp-att1.pdf,secured-cannot-process
private/courts/solicitation-request-document/assessjurorutil-rfp-att4.pdf,secured-cannot-process
private/courts/solicitation-request-document/cfcc-03-12-lm-attachment-2-aoc-terms-and-conditions.pdf,secured-cannot-process
private/courts/solicitation-request-document/2022-37-dm-attachment-5b-std205.pdf,secured-cannot-process
private/courts/solicitation-request-document/ogc-adr-01b-lm-rfp.pdf,secured-cannot-process
private/courts/solicitation-request-document/itso-11-13-lm-attachment-3-proposers-acceptance-t-cs.pdf,secured-cannot-process
private/courts/solicitation-request-document/cosso-2018-01-language-access-ca-courts-psk-intent-award.pdf,secured-cannot-process
private/courts/solicitation-request-document/tempserv-rfp-qna.pdf,secured-cannot-process
private/courts/solicitation-request-document/conffacilserv-rfp.pdf,secured-cannot-process
private/courts/solicitation-request-document/cfcc-031814-lcdr-cf_att-2_ts-cs.pdf,secured-cannot-process
private/courts/solicitation-request-document/dcqual-rfp.pdf,secured-cannot-process
private/courts/solicitation-request-document/rfp-lss-2021-28-dm-notice-intent-award.pdf,secured-cannot-process
private/courts/solicitation-request-document/designconstruct-engineerservices11-rfp-qna.pdf,secured-cannot-process
private/courts/solicitation-request-document/rfp-it-2023-03-lp-attachment-7-std-205-payee-data-record-supplement.pdf,secured-cannot-process
private/courts/solicitation-request-document/sejuvdepct-qdata-rfp-att2e.pdf,secured-cannot-process
private/courts/solicitation-request-document/tcweb-implement-rfp-attach4.pdf,secured-cannot-process
private/courts/solicitation-request-document/rfp-2dca-1-2012-doc-storage-attach7-payee-data-record.pdf,secured-cannot-process
private/courts/solicitation-request-document/ogc-adr-03-nn-attachment-6-conflict-interest-certification-form.pdf,secured-cannot-process
private/courts/solicitation-request-document/rfp-cfcc-2024-49-sb_shriver-data-collectionpdf.pdf,secured-needs-approval
private/courts/solicitation-request-document/cfcc-12-13-lm-attachment-2-contract-terms-and-conditions.pdf,secured-cannot-process
private/courts/solicitation-request-document/evalcivinst-rfp-qa.pdf,secured-cannot-process
private/courts/solicitation-request-document/attach-8b-payee-data-record-supplement.pdf,secured-cannot-process
private/courts/solicitation-request-document/fso-2019-08-bd_attach_e_to_std_agmt_judicial_council_background_check_policy.pdf,secured-cannot-process
private/courts/solicitation-request-document/tcas-2021-01-ms-questions-and-answers.pdf,secured-needs-approval
private/courts/solicitation-request-document/videoprodservrfp.pdf,secured-cannot-process
private/courts/solicitation-request-document/cjer-hb-0712-lm-table-contents.pdf,secured-cannot-process
private/courts/solicitation-request-document/cjer-2018-02-dm-online-course-provider-request-proposal.pdf,secured-cannot-process
private/courts/solicitation-request-document/rfp-it-2023-46-dm-qa.pdf,secured-cannot-process
private/courts/solicitation-request-document/rfpfs202212ko-attach-f-std-205.pdf,secured-cannot-process
private/courts/solicitation-request-document/lss-2019-18-cd-attachment-1-administrative-rules.pdf,secured-needs-approval
private/courts/solicitation-request-document/it-2021-22-dm-addendum-1.pdf,secured-cannot-process
private/courts/solicitation-request-document/jbwcp-2019-08-dm-attachment-1-administrative-rules-governing.pdf,secured-cannot-process
private/courts/solicitation-request-document/efilingdeploy-rfp-list.pdf,secured-cannot-process
private/courts/solicitation-request-document/fso-2020-04-bd-rfq-window-washing-addendum-1.pdf,secured-needs-approval
private/courts/solicitation-request-document/mamlakes-rfp-atth.pdf,secured-cannot-process
private/courts/solicitation-request-document/cfcc-2019-08-ms-attachment-10-unruh-and-feha-certification.pdf,secured-cannot-process
private/courts/solicitation-request-document/fs-2019-09-bd-attachment-administrative-rules-governing-rfps.pdf,secured-needs-approval
private/courts/solicitation-request-document/adagency-rfp-intent.pdf,secured-cannot-process
private/courts/solicitation-request-document/cfcc-2023-45-dm-attachment-6b-std205.pdf,secured-cannot-process
private/courts/solicitation-request-document/scampi-ind-rfp-attach4.pdf,secured-cannot-process
private/courts/solicitation-request-document/clasp-lns2015-language-study-attachment-1-admin-rules.pdf,secured-cannot-process
private/courts/solicitation-request-document/asu-dc-008-lm-attachment-7-conflict-interest-certification-form.pdf,secured-cannot-process
private/courts/solicitation-request-document/childsupport-review-rfp-add1.pdf,secured-cannot-process
private/courts/solicitation-request-document/intent-award-occm-2011-09-cc.pdf,secured-cannot-process
private/courts/solicitation-request-document/fs-2019-09-bd-attachment-k-judicial-council-response-questions.pdf,secured-needs-approval
private/courts/solicitation-request-document/childsupport-review-rfp-intent.pdf,secured-cannot-process
private/courts/solicitation-request-document/ogc-adr-01b-lm-attachment-2-aoc-terms-conditions.pdf,secured-cannot-process
private/courts/solicitation-request-document/sejuvdepct-qdata-rfp-att4.pdf,secured-cannot-process
private/courts/solicitation-request-document/cfcc-12-13-lm-attachment-4-general-certifications-form.pdf,secured-cannot-process
private/courts/solicitation-request-document/cletsmms-rfp-attd.pdf,secured-cannot-process
private/courts/solicitation-request-document/feltrial-rfp-supfinalreport.pdf,secured-cannot-process
private/courts/solicitation-request-document/rfp_cfcc0211lm.pdf,secured-cannot-process
private/courts/solicitation-request-document/addendum-1.pdf,secured-cannot-process
private/courts/solicitation-request-document/asu-dc-008-lm-questions-and-answers.pdf,secured-cannot-process
private/courts/solicitation-request-document/childsupport-guide-rfp-intent.pdf,secured-cannot-process
private/courts/solicitation-request-document/cfcc23-163rb-attach-6b-std205.pdf,secured-cannot-process
private/courts/solicitation-request-document/fin-201505-ml-attachment-6-vendor-data-record-form.pdf,secured-cannot-process
private/courts/solicitation-request-document/4-2-rfp-13-14-05-attachment-6-payee-data-record.pdf,secured-cannot-process
private/courts/solicitation-request-document/fs-2019-05-dgf-attach-d-sample-agreement.pdf,secured-cannot-process
private/courts/solicitation-request-document/jbcp-2015-06-br-attachment-5-payee-data-record-204a.pdf,secured-cannot-process
private/courts/solicitation-request-document/cjer-030614-oscsf-cf-attachment-4-payee-data-form.pdf,secured-cannot-process
private/courts/solicitation-request-document/bs-2020-11-dm-addendum-1.pdf,secured-cannot-process
private/courts/solicitation-request-document/fs-2018-19-rp-attach-6-payee-data-record.pdf,secured-needs-approval
private/courts/solicitation-request-document/rfp-cip-2022-39-dm-addendum-1.pdf,secured-cannot-process
private/courts/solicitation-request-document/mamlakes-rfp-atti.pdf,secured-cannot-process
private/courts/solicitation-request-document/cjer-030614-oscsf-cf-attachment-1-admin-rules.pdf,secured-cannot-process
private/courts/solicitation-request-document/commcorrections-ebp-rfp-qna.pdf,secured-cannot-process
private/courts/solicitation-request-document/tvsignal-intenttoaward-rfp.pdf,secured-cannot-process
private/courts/solicitation-request-document/rfp-cfcc-06-11-lm.pdf,secured-cannot-process
private/courts/solicitation-request-document/rfp-fs-2023-14-my-attachment-8a-payee-data-record-form.pdf,secured-cannot-process
private/courts/solicitation-request-document/it-072414-wxrp-cf_eval-results-non-cost-portion-proposals.pdf,secured-cannot-process
private/courts/solicitation-request-document/ifb-isd-052214-aa-std204-payee-data-record.pdf,secured-cannot-process
private/courts/solicitation-request-document/nativeamerican-justice2-rfp-attach1.pdf,secured-cannot-process
private/courts/solicitation-request-document/fs-2019-09-bd-attachment-k-judicial-council-response-questions_v2.pdf,secured-needs-approval
private/courts/solicitation-request-document/cfcc-03-12-lm-attachment-3-proposers-acceptance-terms-and-conditions.pdf,secured-cannot-process
private/courts/solicitation-request-document/ogc-adr-04-nn-attachment-3-vendors-acceptance-rfps-contract-terms.pdf,secured-cannot-process
private/courts/solicitation-request-document/fs-2021-12-al-attach-8b-payee-data-record-supplement-std205.pdf,secured-cannot-process
private/courts/solicitation-request-document/occm-2012-01-cc-attachment-7-payee-data-record-form.pdf,secured-cannot-process
private/courts/solicitation-request-document/ogc-adr-01a-lm-attachment-3-proposers-acceptance-terms-and-conditions.pdf,secured-cannot-process
private/courts/solicitation-request-document/rfp-412020-mj-attachment-9-payeedatarecord204-paper.pdf,secured-needs-approval
private/courts/solicitation-request-document/maps-202402-ms-attachment9-dvbe-declaration.pdf,secured-needs-approval
private/courts/solicitation-request-document/cpas-201101-rb-_rfp-court-interpreter-exam-admin.pdf,secured-cannot-process
private/courts/solicitation-request-document/tcweb-implement-rfp-attach5.pdf,secured-cannot-process
private/courts/solicitation-request-document/itso-11-13-lm-attachment-6-payee-data-record-form.pdf,secured-cannot-process
private/courts/solicitation-request-document/precon-porterville-rfq-attachg.pdf,secured-cannot-process
private/courts/solicitation-request-document/42-rfp-13-14-04_housekeeping-janitorial-questions-and-answers.pdf,secured-cannot-process
private/courts/solicitation-request-document/cfcc-2021-11-lv-attachment-7-bidder-declaration.pdf,secured-needs-approval
private/courts/solicitation-request-document/sejuvdepct-qdata-rfp-att2d.pdf,secured-cannot-process
private/courts/solicitation-request-document/fs-2019-05-dgf-attach-f-payee-data-record.pdf,secured-needs-approval
private/courts/solicitation-request-document/rfpfs202212ko_request-proposals.pdf,secured-needs-approval
private/courts/solicitation-request-document/cfcc-2019-08-ms-request-proposals.pdf,secured-cannot-process
private/courts/solicitation-request-document/ogc-adr-01b-lm-table-contents.pdf,secured-cannot-process
private/courts/solicitation-request-document/it-2021-30-dm-intent-award.pdf,secured-cannot-process
private/courts/solicitation-request-document/fso-2018-17-jr-notice-firms-20180727.pdf,secured-cannot-process
private/courts/solicitation-request-document/fs-2019-04-lb-questions-and-answers.pdf,secured-cannot-process
private/courts/solicitation-request-document/bms-2024-50-sb-attachment-1_administrative-rules-governing-rfp.pdf,secured-needs-approval
private/courts/solicitation-request-document/42-rfp-13-14-04_housekeeping-janitorial-attachment-3_accept-terms-and-conditions.pdf,secured-cannot-process
private/courts/solicitation-request-document/cfcc-2018-09-cd-rfp-e-learning-modules.pdf,secured-cannot-process
private/courts/solicitation-request-document/bpr-rfp-att_f_ccms_fact_sheet.pdf,secured-cannot-process
private/courts/solicitation-request-document/hrso-04-13-ss-attachment-3-acceptance-terms-and-conditions.pdf,secured-cannot-process
private/courts/solicitation-request-document/42-rfp-13-14-06_q.pdf,secured-cannot-process
private/courts/solicitation-request-document/devdraftpol-rfp-list.pdf,secured-cannot-process
private/courts/solicitation-request-document/fs-2017-20-bd-rfp-attach-d-standard-agreement.pdf,secured-cannot-process
private/courts/solicitation-request-document/aocjobacc-rfp-attd.pdf,secured-cannot-process
private/courts/solicitation-request-document/bs-2020-13-dm-qa.pdf,secured-cannot-process
private/courts/solicitation-request-document/hr-2021-29-dm-addendum-3.pdf,secured-cannot-process
private/courts/solicitation-request-document/attachment-b-terms-and-conditions.pdf,secured-cannot-process
private/courts/solicitation-request-document/hrso-04-13-ss-attachment-7-conflict-interest.pdf,secured-cannot-process
private/courts/solicitation-request-document/cfcc-1403-rb-del-norte-dependency-representation-rfp.pdf,secured-cannot-process
private/courts/solicitation-request-document/it-2020-64-rb-technical-score-posting-cost-opening-notice.pdf,secured-cannot-process
private/courts/solicitation-request-document/itso-11-13-lm-qa.pdf,secured-cannot-process
private/courts/solicitation-request-document/ergoeval-rfp-atte.pdf,secured-cannot-process
private/courts/solicitation-request-document/datacollect-collabresearch-rfp.pdf,secured-cannot-process
private/courts/solicitation-request-document/cfcc-2017-13-lb-notice-intent-award.pdf,secured-cannot-process
private/courts/solicitation-request-document/thirdpartyclaims-rfp-pdr.pdf,secured-cannot-process
private/courts/solicitation-request-document/rfp-cfcc23-159rb-attach-6b-std205.pdf,secured-cannot-process
private/courts/solicitation-request-document/fso-2018-17-jr-notice-intent-award.pdf,secured-cannot-process
private/courts/solicitation-request-document/insurebrokerage-occm-rfp-mod.pdf,secured-cannot-process
private/courts/solicitation-request-document/cfcc-10-11-lm-appendix-b-acceptance-work.pdf,secured-cannot-process
private/courts/solicitation-request-document/ogc-adr-04-nn-attachment-2-aoc-terms-conditions.pdf,secured-cannot-process
private/courts/solicitation-request-document/cfcc-2023-53-dm-attachment-6b-std205.pdf,secured-cannot-process
private/courts/solicitation-request-document/jcc-2019-01-cd-ifb-qa.pdf,secured-cannot-process
private/courts/solicitation-request-document/lso-2019-12-cd-qa.pdf,secured-cannot-process
private/courts/solicitation-request-document/vidproduction-rfp-qna.pdf,secured-cannot-process
private/courts/solicitation-request-document/rfq-fso-2019-06-jp_attach_b_payee_data_record_form.pdf,secured-needs-approval
private/courts/solicitation-request-document/rfp-it-2020-64-rb-it-questions-and-answers-rev-2.pdf,secured-cannot-process
private/courts/solicitation-request-document/rfp-bap-2024-02-dm-attachment-1-administrative-rules.pdf,secured-cannot-process
private/courts/solicitation-request-document/ogc-adr-01a-lm-q.pdf,secured-cannot-process
private/courts/solicitation-request-document/cfcc-2016-12lb-attachment-4-general-cert.pdf,secured-cannot-process
private/courts/solicitation-request-document/fs-2019-11-bd-attachment-b-standard-terms-and-conditions.pdf,secured-needs-approval
private/courts/solicitation-request-document/cfcc-10-13-lm-attachment-2-contract-terms-and-conditions.pdf,secured-cannot-process
private/courts/solicitation-request-document/fs-2018-14-rp-short-list-announcement.pdf,secured-cannot-process
private/courts/solicitation-request-document/manprocfair-rfp-qa.pdf,secured-cannot-process
private/courts/solicitation-request-document/fso-2018-06-jmg_attach_b_payee_data_record_form.pdf,secured-needs-approval
private/courts/solicitation-request-document/rfi-bs-2020-11-dm-data-mining-software.pdf,secured-cannot-process
private/courts/solicitation-request-document/elecpubbenchrfp.pdf,secured-cannot-process
private/courts/solicitation-request-document/cfcc-13-10-rb-cfcc-13-10-rb-marin-dependency-representation-attach-1-admin-rules.pdf,secured-cannot-process
private/courts/solicitation-request-document/cfcc-2022-01-sb-intent-award.pdf,secured-cannot-process
private/courts/solicitation-request-document/jbcp-2015-11-jt-attach-i-payeedatarecordform.pdf,secured-cannot-process
private/courts/solicitation-request-document/rfp-cfcc-nacjp-list.pdf,secured-cannot-process
private/courts/solicitation-request-document/hr-2021-29-dm-addendum-1.pdf,secured-cannot-process
private/courts/solicitation-request-document/planrevsanbern-rfp-attachb.pdf,secured-cannot-process
private/courts/solicitation-request-document/rfp-2023-57-dm-intent-award.pdf,secured-cannot-process
private/courts/solicitation-request-document/cfcc-2020-25-cd-notice-intent-award.pdf,secured-needs-approval
private/courts/solicitation-request-document/maps-202402-ms-attachment3-proposers-acceptance-terms-and-cond.pdf,secured-cannot-process
private/courts/solicitation-request-document/bap-2022-07-sb-attachment-6b_std205.pdf,secured-cannot-process
private/courts/solicitation-request-document/qual-arch-eng-rfq-addendum.pdf,secured-cannot-process
private/courts/solicitation-request-document/prodjustsc-rfp-attd.pdf,secured-cannot-process
private/courts/solicitation-request-document/42-rfp-13-14-06_mechanical-hvac_attachment-6_payee-data-record.pdf,secured-cannot-process
private/courts/solicitation-request-document/ifb-isd-032014-iii-aa-payeedatarecord204a.pdf,secured-cannot-process
private/courts/solicitation-request-document/refm-2016-16-bd-rfp-attach-4-jcc-regional-office-locations-map.pdf,secured-cannot-process
private/courts/solicitation-request-document/occm-2011-19-jmg-cafm-upgrade-contract-final.pdf,secured-cannot-process
private/courts/solicitation-request-document/wcm-rfp-att2.pdf,secured-cannot-process
private/courts/solicitation-request-document/orefm-2012-04-cc-attachment-c-price-proposal.pdf,secured-cannot-process
private/courts/solicitation-request-document/feltrial-rfp-supdoc.pdf,secured-cannot-process
private/courts/solicitation-request-document/scjuvdeprep-rfp-qa.pdf,secured-cannot-process
private/courts/solicitation-request-document/cjs-2017-08-ml-notice-intent-award.pdf,secured-cannot-process
private/courts/solicitation-request-document/it-2019-01-bd-question-and-answer-form.pdf,secured-cannot-process
private/courts/solicitation-request-document/cos-odp-201504-jr-rfp-language-access-california-courts.pdf,secured-cannot-process
private/courts/solicitation-request-document/cfcc-2019-19-cd-qanda.pdf,secured-needs-approval
private/courts/solicitation-request-document/cfcc-08-12-lm-attachment-2-aoc-standard-t-cs.pdf,secured-cannot-process
private/courts/solicitation-request-document/hr-2021-09-lv-attachment-1-administrative-rules-governing-rfps.pdf,secured-needs-approval
private/courts/solicitation-request-document/rfp-bap-2024-02-dm-attachment-1-administrative-rules_0.pdf,secured-cannot-process
private/courts/solicitation-request-document/sejuvdepct-qdata-rfp-add1.pdf,secured-cannot-process
private/courts/solicitation-request-document/fso-2019-08-bd_attach_d_to_std_agmt_judicial_council_tool_control_policy.pdf,secured-cannot-process
private/courts/solicitation-request-document/rfp-occm-2011-16-jmg-v2.pdf,secured-cannot-process
private/courts/solicitation-request-document/arceng-ccrfq-vdr.pdf,secured-cannot-process
private/courts/solicitation-request-document/cfcc-sandiego-dependencyrep-rfp.pdf,secured-cannot-process
private/courts/solicitation-request-document/rfp-fs-2022-13-xc-attach-8b-payee-data-record-supplement.pdf,secured-cannot-process
private/courts/solicitation-request-document/nativeamerican-justice2-rfp-attach3.pdf,secured-cannot-process
private/courts/solicitation-request-document/it-2021-22-dm-addendum-2.pdf,secured-cannot-process
private/courts/solicitation-request-document/cjer-2023-07-lv-attachment-6b-payee-data-record-supplement-205.pdf,secured-cannot-process
private/courts/solicitation-request-document/cfcc-2018-20-lb-qa.pdf,secured-needs-approval
private/courts/solicitation-request-document/refm-2016-27-bd-attach-11-tool-control-policy.pdf,secured-cannot-process
private/courts/solicitation-request-document/tcas-2021-01-ms-request-proposal.pdf,secured-needs-approval
private/courts/solicitation-request-document/fso-2018-08-jr-attachment-admin-rules-rfp.pdf,secured-cannot-process
private/courts/solicitation-request-document/childsupport-review-rfp-add2.pdf,secured-cannot-process
private/courts/solicitation-request-document/orefm-2013-jmg-04-q.pdf,secured-cannot-process
private/courts/solicitation-request-document/cfcc-2016-08-rbb-attachment-6-payee-data-record.pdf,secured-cannot-process
private/courts/solicitation-request-document/os-20150901-rapiscan-jr-qa.pdf,secured-cannot-process
private/courts/solicitation-request-document/coa2d-1-2014-attachment-8-dvbe.pdf,secured-cannot-process
private/courts/solicitation-request-document/cosso-02-14-lm-attachment-3-proposers-acceptance-terms-conditions.pdf,secured-cannot-process
private/courts/solicitation-request-document/cfcc-2022-01-sb-qa.pdf,secured-cannot-process
private/courts/solicitation-request-document/4-2-rfp-13-14-05-rfp.pdf,secured-cannot-process
private/courts/solicitation-request-document/tempserv-rfp_att_b_master_agreement_terms.pdf,secured-cannot-process
private/courts/solicitation-request-document/cfcc-10-11-lm-attachment-3-proposers-acceptance.pdf,secured-cannot-process
private/courts/solicitation-request-document/dcqual-rfp-slannounce.pdf,secured-cannot-process
private/courts/solicitation-request-document/ccms-transitionv3-rfp-attach4.pdf,secured-cannot-process
private/courts/solicitation-request-document/attachment-b-judicial-council-california-regional-map_0.pdf,secured-needs-approval
private/courts/solicitation-request-document/asu-td-005-nn-rfp.pdf,secured-cannot-process
private/courts/solicitation-request-document/cfcc23-164rb-attach-6b-std205.pdf,secured-cannot-process
private/courts/solicitation-request-document/casa-rfp-intent.pdf,secured-cannot-process
private/courts/solicitation-request-document/orefm-2012-04-cc-attachment-e-submission-questions.pdf,secured-cannot-process
private/courts/solicitation-request-document/ogc-adr-04-nn-intent-award.pdf,secured-cannot-process
private/courts/solicitation-request-document/clasp-lns2015-language-study-rfp.pdf,secured-cannot-process
private/courts/solicitation-request-document/jbcp-2015-05-jmg-payee-data-record_form.pdf,secured-cannot-process
private/courts/solicitation-request-document/bsa-webdev-rfp-intent.pdf,secured-cannot-process
private/courts/solicitation-request-document/fso-2017-21-hn-attach-13-descrip-courthouse-construction-projs.pdf,secured-cannot-process
private/courts/solicitation-request-document/it-2022-06-lb-attachment-5a-std204.pdf,secured-needs-approval
private/courts/solicitation-request-document/rfp-cjer-2022-40-dm-cancellation-notice.pdf,secured-cannot-process
private/courts/solicitation-request-document/fs-2019-09-bd-attachment-3-jcc-standard-terms-and-conditions-audio-visual-inventory-list.pdf,secured-cannot-process
private/courts/solicitation-request-document/lss-2024-01-ac-attachment-1-administrative-rules.pdf,secured-cannot-process
private/courts/solicitation-request-document/fs-2017-18-bd-addendum-1.pdf,secured-cannot-process
private/courts/solicitation-request-document/cfcc-2022-34-dm-intent-award.pdf,secured-cannot-process
private/courts/solicitation-request-document/cfcc-2016-12lb-attachment-5-darfur.pdf,secured-cannot-process
private/courts/solicitation-request-document/ecm-rfp-att8.pdf,secured-cannot-process
private/courts/solicitation-request-document/it-2021-22-dm-attachment-1-administrative-rules-it-goods.pdf,secured-cannot-process
private/courts/solicitation-request-document/hr-2021-27-pre-proposal-conference-transcript.pdf,secured-needs-approval
private/courts/solicitation-request-document/orefm-2014-01-jmg-qa.pdf,secured-cannot-process
private/courts/solicitation-request-document/nativeamerican-justice2-rfp-attach2.pdf,secured-cannot-process
private/courts/solicitation-request-document/perfrel-rfp-add2.pdf,secured-cannot-process
private/courts/solicitation-request-document/costest-rfp-vdf.pdf,secured-cannot-process
private/courts/solicitation-request-document/datacomm-projectmanagement-rfp-intent.pdf,secured-cannot-process
private/courts/solicitation-request-document/rfp-cfcc-2022-03-lb-qa.pdf,secured-cannot-process
private/courts/solicitation-request-document/cfcc-2020-12-dm-addendum-1.pdf,secured-cannot-process
private/courts/solicitation-request-document/rfp-tcas-2020-08-lb-notice-intent-award.pdf,secured-cannot-process
private/courts/solicitation-request-document/rfp-bap-2024-02-dm-attachment-1-administrative-rules_1.pdf,secured-cannot-process
private/courts/solicitation-request-document/archrelsvccapproj-rfq.pdf,secured-cannot-process
private/courts/solicitation-request-document/cjer-hb-0712-lm-attachment-6-conflict-interest.pdf,secured-cannot-process
private/courts/solicitation-request-document/rfp-fs-2023-08-ko-attach-c-master-agreement.pdf,secured-needs-approval
private/courts/solicitation-request-document/4-2-13-14-07-lm-intent-award.pdf,secured-cannot-process
private/courts/solicitation-request-document/cfcc-2019-08-ms-attachment-1-administrative-rules-governing-rfps.pdf,secured-cannot-process
private/courts/solicitation-request-document/realestappserv-rfp-vendordataform.pdf,secured-cannot-process
private/courts/solicitation-request-document/sacramento-dependrep-rfp-proposers-qa.pdf,secured-cannot-process
private/courts/solicitation-request-document/titleinsurance-escrowservice-rfp.pdf,secured-cannot-process
private/courts/solicitation-request-document/sacramento-dependrep-rfp-qa.pdf,secured-cannot-process
private/courts/solicitation-request-document/wcm-rfp-att3.pdf,secured-cannot-process
private/courts/solicitation-request-document/bpr-rfp-rfp_ccms_07-02-rb_bpr_train.pdf,secured-cannot-process
private/courts/solicitation-request-document/rfp-cfcc-2021-05-lv.pdf,secured-needs-approval
private/courts/solicitation-request-document/fs-2020-07-bd-attachment-l-jcc-form-standard-agreement.pdf,secured-needs-approval
private/courts/solicitation-request-document/techanalysts-rfp-qna.pdf,secured-cannot-process
private/courts/solicitation-request-document/cfcc-03-12-lm-q.pdf,secured-cannot-process
private/courts/solicitation-request-document/cfcc-032514-pcdr-cf-rfp.pdf,secured-cannot-process
private/courts/solicitation-request-document/fso-2017-21-hn-attach-4-general-certification.pdf,secured-cannot-process
private/courts/solicitation-request-document/analystsupport-ccmsv3t-rfp-attach4.pdf,secured-cannot-process
private/courts/solicitation-request-document/cfcc-13-10-rb-cfcc-13-10-rb-marin-dependency-representation-attach-2-terms.pdf,secured-cannot-process
private/courts/solicitation-request-document/rfp-fs-2020-15-bd-addendum-1.pdf,secured-needs-approval
private/courts/solicitation-request-document/planrevsanbern-rfp-attachc.pdf,secured-needs-approval
private/courts/solicitation-request-document/tibco-dataint-rfp-add1.pdf,secured-cannot-process
private/courts/solicitation-request-document/bpr-rfp-qa.pdf,secured-cannot-process
private/courts/solicitation-request-document/oas-2018-06-cd-attachment-8-unruh-and-feha-certification.pdf,secured-cannot-process
private/courts/solicitation-request-document/techanalysts-rfp-intent.pdf,secured-cannot-process
private/courts/solicitation-request-document/preconstsvc-rfp-attachd.pdf,secured-cannot-process
private/courts/solicitation-request-document/intent-award-cfcc-02-16-lv.pdf,secured-cannot-process
private/courts/solicitation-request-document/juvedumeds-rfp-qna.pdf,secured-cannot-process
private/courts/solicitation-request-document/orefm-2013-06-cc-addendum-1-q.pdf,secured-cannot-process
private/courts/solicitation-request-document/cjer-030614-oscsf-cf-attachment-5-darfur.pdf,secured-cannot-process
private/courts/solicitation-request-document/cbsfcdcs-rfp.pdf,secured-cannot-process
private/courts/solicitation-request-document/ecm_add_1_attachment_6_cost_submission_matrix.pdf,secured-cannot-process
private/courts/solicitation-request-document/fin-2020-21-cd-actuarial-services-gasb-74-75-compliance-addendum-1.pdf,secured-needs-approval
private/courts/solicitation-request-document/jbcmmanagementofparkingfacilities2.pdf,secured-cannot-process
private/courts/solicitation-request-document/lss-2019-15-cd-intent-award.pdf,secured-cannot-process
private/courts/solicitation-request-document/cfcc-1403-rb-del-norte-dependency-representation-attachment-2-contract-terms.pdf,secured-cannot-process
private/courts/solicitation-request-document/lss-2023-07-lv-attachment-1-administrative-rules.pdf,secured-needs-approval
private/courts/solicitation-request-document/form-submission-questions.pdf,secured-needs-approval
private/courts/solicitation-request-document/hr-tc-2016-04-ml-non-cost-scores.pdf,secured-cannot-process
private/courts/solicitation-request-document/duiweb-rfp.pdf,secured-cannot-process
private/courts/solicitation-request-document/designconstruct-engineerservices11-rfp-intent.pdf,secured-cannot-process
private/courts/solicitation-request-document/rfpfs202215ko-add01-attach-m-cost-proposal.pdf,secured-cannot-process
private/courts/solicitation-request-document/rfp-fs-2020-06-df-notice-technical-scores-and-cost-opening.pdf,secured-needs-approval
private/courts/solicitation-request-document/fs-2020-07-rl-rfp-addendum-1.pdf,secured-needs-approval
private/courts/solicitation-request-document/it-072414-wxrp-cf_attachment-3-acceptance-ts-cs.pdf,secured-cannot-process
private/courts/solicitation-request-document/ogc-adr-01a-lm-attachment-1-administrative-rules-governing-rfps.pdf,secured-cannot-process
private/courts/solicitation-request-document/cosso-2018-01-language-access-ca-courts-psk-rfp.pdf,secured-cannot-process
private/courts/solicitation-request-document/fso-2017-17-rp-attach-6-payee-data-record-form.pdf,secured-needs-approval
private/courts/solicitation-request-document/lso-2019-12-cd-rfp-legal-case-and-project-management-system.pdf,secured-cannot-process
private/courts/solicitation-request-document/wcm-rfp-add1.pdf,secured-cannot-process
private/courts/solicitation-request-document/fso-2019-08-bd_rfq_electrical_contractors_addendum_1.pdf,secured-needs-approval
private/courts/solicitation-request-document/lso-09-13-lm-qa.pdf,secured-cannot-process
private/courts/solicitation-request-document/cos-2017-03-lb-attachment-6-payee_data_record.pdf,secured-cannot-process
private/courts/solicitation-request-document/cfcc-2022-34-dm-attachment-1-administrative-rules.pdf,secured-cannot-process
private/courts/solicitation-request-document/rfp-fs-2020-08-al-attachment-6-payee-data-record-form.pdf,secured-cannot-process
private/courts/solicitation-request-document/cfcc-13-10-rb-cfcc-13-10-rb-marin-dependency-representation-attach-5-vendor-payee-data.pdf,secured-cannot-process
private/courts/solicitation-request-document/ifb-isd-051914-aa-std204-payee-data-record.pdf,secured-cannot-process
private/courts/solicitation-request-document/cjer-hb-0712-lm-attachment-3-proposers-acceptance-terms-and-conditions.pdf,secured-cannot-process
private/courts/solicitation-request-document/hrs-03-13-ss-attachment-7-conflict-interest.pdf,secured-cannot-process
private/courts/solicitation-request-document/hr-2024-01-dm-attachment-1-administrative-rules.pdf,secured-cannot-process
private/courts/solicitation-request-document/snapshot-rfp.pdf,secured-cannot-process
private/courts/solicitation-request-document/orefm-2013-06-cc-addendum-2-updates-rfp.pdf,secured-cannot-process
private/courts/solicitation-request-document/hr-lv-112015-attachment-6-rfp-payee-data-record-form.pdf,secured-cannot-process
private/courts/solicitation-request-document/rfp-cfcc-2023-05-lv-attachment-6b-payee-data-record-supplement-205.pdf,secured-cannot-process
private/courts/solicitation-request-document/conffacilserv-rfp-award.pdf,secured-cannot-process
private/courts/solicitation-request-document/fs-2017-18-bd-rfp-project-manual-and-attachments.pdf,secured-cannot-process
private/courts/solicitation-request-document/repjuvdep-sc-rfp-qasm.pdf,secured-cannot-process
private/courts/solicitation-request-document/nativeamerican-justice2-rfp-notice.pdf,secured-cannot-process
private/courts/solicitation-request-document/rfp-cjer-2023-07-lv-updating-civil-proceeding-benchbooks.pdf,secured-needs-approval
private/courts/solicitation-request-document/os-20150901-astrophysics-jr-notice-cancellation.pdf,secured-cannot-process
private/courts/solicitation-request-document/2010study-rfp-attachd.pdf,secured-cannot-process
private/courts/solicitation-request-document/confplansvcs-rfp-atta.pdf,secured-cannot-process
private/courts/solicitation-request-document/tempserv-rfp_att_d_dvbe_participation_form.pdf,secured-cannot-process
private/courts/solicitation-request-document/ogc-adr-04-nn-attachment-6-conflict-interest-certification-form.pdf,secured-cannot-process
private/courts/solicitation-request-document/mamlakes-rfp-shortlist.pdf,secured-cannot-process
private/courts/solicitation-request-document/cfcc-201701-ml-rfi-attachment3.pdf,secured-cannot-process
private/courts/solicitation-request-document/wcm-rfp-att7.pdf,secured-cannot-process
private/courts/solicitation-request-document/elearn-rfp-add1.pdf,secured-cannot-process
private/courts/solicitation-request-document/feltrial-rfp-supmanual.pdf,secured-cannot-process
private/courts/solicitation-request-document/42-rfp-13-14-06_mechanical-hvac_request-proposals.pdf,secured-cannot-process
private/courts/solicitation-request-document/tcweb-implement-rfp-attach2.pdf,secured-cannot-process
private/courts/solicitation-request-document/tcgasbs-rfp-addqna.pdf,secured-cannot-process
private/courts/solicitation-request-document/sejuvdepct-qdata-rfp-att2c.pdf,secured-cannot-process
private/courts/solicitation-request-document/oas-2018-06-cd-qa.pdf,secured-cannot-process
private/courts/solicitation-request-document/clasp-lns2015-rfp_cancellation-notice.pdf,secured-cannot-process
private/courts/solicitation-request-document/attachment-b-rfp-fs-2020-15-bd-judicial-council_standard-terms-and-conditions.pdf,secured-needs-approval
private/courts/solicitation-request-document/hrso-04-13-ss-attachment-6-iran-cert.pdf,secured-cannot-process
private/courts/solicitation-request-document/oocmarchitect-engineer-rfq-qna.pdf,secured-cannot-process
private/courts/solicitation-request-document/fs-2019-04-lb-technical-scores-revised.pdf,secured-cannot-process
private/courts/solicitation-request-document/hr-2017-08-lv-eap-attachment-1-administrative-rules-governing-rfps.pdf,secured-cannot-process
private/courts/solicitation-request-document/famlawworkres-rfp-list.pdf,secured-cannot-process
private/courts/solicitation-request-document/asu-td-012-lm-table-contents.pdf,secured-cannot-process
private/courts/solicitation-request-document/idiq-archengservice-rfp-agreement.pdf,secured-cannot-process
private/courts/solicitation-request-document/fso-2018-09-jr-notice-answer-questions.pdf,secured-cannot-process
private/courts/solicitation-request-document/ifb-bs-061813-rb-attachment-4-std204.pdf,secured-cannot-process
private/courts/solicitation-request-document/oas-2017-10-lv-attachment-6-vendor-payee-data-record.pdf,secured-cannot-process
private/courts/solicitation-request-document/cfcc-031814-lcdr-cf_att-5_payee_data.pdf,secured-cannot-process
private/courts/solicitation-request-document/admin-2018-08-lb-attachment-6-payeedatarecord204.pdf,secured-needs-approval
private/courts/solicitation-request-document/4-2-13-14-07-lm-attachment-2-court-standard-terms-conditions.pdf,secured-cannot-process
private/courts/solicitation-request-document/cfcc-1403-rb-del-norte-dependency-representation-rfp-addendum-1.pdf,secured-cannot-process
private/courts/solicitation-request-document/cancellation-notice-cfcc-2025-07-dm.pdf,secured-cannot-process
private/courts/solicitation-request-document/hr-2017-08-lv-eap-rfp.pdf,secured-cannot-process
private/courts/solicitation-request-document/cfcc-08-12-lm-table-contents.pdf,secured-cannot-process
private/courts/solicitation-request-document/cpas-201101-rb-addendum-1.pdf,secured-cannot-process
private/courts/solicitation-request-document/rfp-cfcc-nacjp-award.pdf,secured-cannot-process
private/courts/solicitation-request-document/cjer-2015-03-lv-rfp.pdf,secured-cannot-process
private/courts/solicitation-request-document/jbwcp-2019-06-dm-qa.pdf,secured-cannot-process
private/courts/solicitation-request-document/it-opd-18-043-rb-attachment-6-payee-data.pdf,secured-cannot-process
private/courts/solicitation-request-document/sejuvdepct-qdata-rfp-att3.pdf,secured-cannot-process
private/courts/solicitation-request-document/cfcc-10-13-lm-attachment-5-payee-data-record-form.pdf,secured-cannot-process
private/courts/solicitation-request-document/dependrep-santabarb-rfp-appd.pdf,secured-cannot-process
private/courts/solicitation-request-document/cfcc-2018-07-cd-attachment-6-payee-data-record.pdf,secured-needs-approval
private/courts/solicitation-request-document/rfp-cfcc-2023-26-lv-attachment-5-darfur-certification.pdf,secured-needs-approval
private/courts/solicitation-request-document/cfcc-2022-03-lb-intent-award.pdf,secured-cannot-process
private/courts/solicitation-request-document/42-rfp-13-14-04_housekeeping-janitorial-attachment-4_general-certifications.pdf,secured-cannot-process
private/courts/solicitation-request-document/enttestmgmt-rfp-att4.pdf,secured-cannot-process
private/courts/solicitation-request-document/rfp-cfcc-2024-49-sb_qa.pdf,secured-needs-approval
private/courts/solicitation-request-document/5yearreview-rfp-attachd.pdf,secured-cannot-process
private/courts/solicitation-request-document/rfp-hr-2024-02-lv-qa.pdf,secured-cannot-process
private/courts/solicitation-request-document/rfp-fs-2021-17-al-attach-std205-payee-data-record-supplement.pdf,secured-cannot-process
private/courts/solicitation-request-document/idiq-archengservice-rfp.pdf,secured-cannot-process
private/courts/solicitation-request-document/cfcc-012414-acdr-cf-attachment-8-lot-ck.pdf,secured-cannot-process
private/courts/solicitation-request-document/attachment-2-aoc-hotel-agreement-template-tcpjac.pdf,secured-cannot-process
private/courts/solicitation-request-document/cfcc-2022-33-dm-intent-award.pdf,secured-cannot-process
private/courts/solicitation-request-document/rfpfs202301mb-attach-9b-std205-payee-supplement_0.pdf,secured-cannot-process
private/courts/solicitation-request-document/rfp-jcc-2023-11-sb-addendum-4.pdf,secured-cannot-process
private/courts/solicitation-request-document/lso-2019-12-cd-qa-additional.pdf,secured-cannot-process
private/courts/solicitation-request-document/orefm-2012-04-cc-addendum-1-1-updated-teleconference-information.pdf,secured-cannot-process
private/courts/solicitation-request-document/fso-2018-3-jmg-qa.pdf,secured-cannot-process
private/courts/solicitation-request-document/rfp-it-2023-46-dm-technical-scores.pdf,secured-cannot-process
private/courts/solicitation-request-document/sejuvdepct-qdata-rfp-att2b.pdf,secured-cannot-process
private/courts/solicitation-request-document/cfcc-2017-08-ml-notice-cancellation.pdf,secured-needs-approval
private/courts/solicitation-request-document/jcc-2018-01-cd-attachment-6-payee-data-record.pdf,secured-needs-approval
private/courts/solicitation-request-document/fso-2018-05-jmg_attach_e_to_std_agmt_judicial_council_background_check_policy.pdf,secured-cannot-process
private/courts/solicitation-request-document/cfcc-sandiego-dependencyrep-rfp-qna.pdf,secured-cannot-process
private/courts/solicitation-request-document/fs-2017-02-bd-notice-intent-award.pdf,secured-cannot-process
private/courts/solicitation-request-document/creldabuseneeds-rfp-att4.pdf,secured-cannot-process
private/courts/solicitation-request-document/fs-2018-13-bd-attachment-12-personal-protective-equipment.pdf,secured-cannot-process
private/courts/solicitation-request-document/appraiserrfp.pdf,secured-needs-approval
private/courts/solicitation-request-document/attachment-1-hr-2024-02-lv-administrative-rules.pdf,secured-cannot-process
private/courts/solicitation-request-document/cfcc-2012-02-rb-attachment-5-payee-data-record-form.pdf,secured-cannot-process
private/courts/solicitation-request-document/wcm-rfp-att6.pdf,secured-cannot-process
private/courts/solicitation-request-document/cfcc-10-13-lm-notice-cancellation.pdf,secured-cannot-process
private/courts/solicitation-request-document/lss-2019-18-cd-master-calendar-scheduling-system-rfp.pdf,secured-needs-approval
private/courts/solicitation-request-document/maps-202402-ms-attachment2-po-tandcs.pdf,secured-cannot-process
private/courts/solicitation-request-document/cfcc-sandiego-dependencyrep-rfp-add1.pdf,secured-cannot-process
private/courts/solicitation-request-document/cfcc-2023-17-sb-attachment-6a-std204.pdf,secured-needs-approval
private/courts/solicitation-request-document/asu-dc-007-nn-attachment-3-vendors-acceptance-rfps-contract-terms.pdf,secured-cannot-process
private/courts/solicitation-request-document/cfcc-032514-pcdr-cf-attachment-2-ts-cs.pdf,secured-cannot-process
private/courts/solicitation-request-document/rfp-cfcc-2022-34-dm-addendum-1.pdf,secured-cannot-process
private/courts/solicitation-request-document/tempserv-rfp_rfp_hr_07-08-ss_temporary_staffing_services.pdf,secured-cannot-process
private/courts/solicitation-request-document/3dca-rfo-17-18-07-attachment-7-payee-data-record.pdf,secured-needs-approval
private/courts/solicitation-request-document/asu-dc-007-nn-request-proposal.pdf,secured-cannot-process
private/courts/solicitation-request-document/bs-2020-13-dm-intent-award.pdf,secured-cannot-process
private/courts/solicitation-request-document/datacollect-collabresearch-rfp-qna.pdf,secured-cannot-process
private/courts/solicitation-request-document/cjer-122013-oscs-cf-intent-award.pdf,secured-cannot-process
private/courts/solicitation-request-document/coa2d-1-2014-attachment-2-vendors-acceptance-s-minimum-contract-terms.pdf,secured-cannot-process
private/courts/solicitation-request-document/analystsupport-ccmsv3t-rfp-attach1.pdf,secured-cannot-process
private/courts/solicitation-request-document/cfcc-1403-rb-del-norte-dependency-representation-attachment-1-administrative-rules.pdf,secured-cannot-process
private/courts/solicitation-request-document/aoc-onsitecatering-sf-rfp-attachd.pdf,secured-cannot-process
private/courts/solicitation-request-document/rfp-refm-sc-av-streaming-2016-61-jp-rfp-notice-intent-award.pdf,secured-cannot-process
private/courts/solicitation-request-document/efilingdeploy-rfp-qna.pdf,secured-cannot-process
private/courts/solicitation-request-document/hr-hrems-2017-03-ml-questions-and-answers.pdf,secured-cannot-process
private/courts/solicitation-request-document/asu-dc-008-lm-attachment-2-jbe-aoc-standard-terms-and-conditions.pdf,secured-cannot-process
private/courts/solicitation-request-document/sejuvdepct-qdata-rfp-intent.pdf,secured-cannot-process
private/courts/solicitation-request-document/42-rfp-13-14-06_mechanical-hvac_attachment-3_accept-ts-cs.pdf,secured-cannot-process
private/courts/solicitation-request-document/jip-2019-05-dm-attachment-1-administrative-rules-governing.pdf,secured-cannot-process
private/courts/solicitation-request-document/cfcc-2019-08-ms-attachment-3-proposer-acceptance-general-terms-and-conditions.pdf,secured-cannot-process
private/courts/solicitation-request-document/coa2d-1-2014-attachment-4-technical-requirements.pdf,secured-cannot-process
private/courts/solicitation-request-document/rfp-2022-37-dm-qa.pdf,secured-cannot-process
private/courts/solicitation-request-document/bpr-rfp-intent.pdf,secured-cannot-process
private/courts/solicitation-request-document/cfcc-012414-acdr-cf-attachment-2-ts-cs.pdf,secured-cannot-process
private/courts/solicitation-request-document/idiq-archengservice-rfp-qa.pdf,secured-cannot-process
private/courts/solicitation-request-document/realestappserv-rfp-vendor.pdf,secured-cannot-process
private/courts/solicitation-request-document/4-2-13-14-07-lm-qa.pdf,secured-cannot-process
private/courts/solicitation-request-document/fs-2019-04-lb-exhibit-5-jcc-project-resources_revised.pdf,secured-cannot-process
private/courts/solicitation-request-document/cfcc-2020-22-cd-notice-intent-award.pdf,secured-needs-approval
private/courts/solicitation-request-document/hr-2017-08-lv-eap-award.pdf,secured-cannot-process
private/courts/solicitation-request-document/cfcc-13-13-lm-addendum-2.pdf,secured-cannot-process
private/courts/solicitation-request-document/cfcc-10-11-lm-rfp.pdf,secured-cannot-process
private/courts/solicitation-request-document/rfp-hr-2022-10-lv-attachment-4-general-certification.pdf,secured-needs-approval
private/courts/solicitation-request-document/cjer-2015-03-lv-attachment-6-vendor-data-record-form.pdf,secured-cannot-process
private/courts/solicitation-request-document/attachment-1-administrative-rules-rfp-pa-2025-10-dm.pdf,secured-cannot-process
private/courts/solicitation-request-document/ifb-it23-151rb-attach-3-std204.pdf,secured-cannot-process
private/courts/solicitation-request-document/eval-famfinding-pilotcounties-rfp-list.pdf,secured-cannot-process
private/courts/solicitation-request-document/wcm-rfp-add2.pdf,secured-cannot-process
private/courts/solicitation-request-document/maderacourthouse-preconstruct-rfp-attachg.pdf,secured-cannot-process
private/courts/solicitation-request-document/callcenter-services-rfq-legal.pdf,secured-cannot-process
private/courts/solicitation-request-document/occm-2011-19-jmg-rfp-2.pdf,secured-cannot-process
private/courts/solicitation-request-document/tas-rfp-attachd.pdf,secured-cannot-process
private/courts/solicitation-request-document/jbwcp-rfp-jbwcp-2019-07-dm-risk-consulting-services.pdf,secured-cannot-process
private/courts/solicitation-request-document/cfcc-02-16-lv-attachment-8-dvbe.pdf,secured-cannot-process
private/courts/solicitation-request-document/insurebrokerage-occm-rfp.pdf,secured-cannot-process
private/courts/solicitation-request-document/efilingdeploy-rfp-award.pdf,secured-cannot-process
private/courts/solicitation-request-document/rfp-cfcc-2022-43-dm-attachment-1-administrative-rules.pdf,secured-cannot-process
private/courts/solicitation-request-document/analystsupport-ccmsv3t-rfp-attach3.pdf,secured-cannot-process
private/courts/solicitation-request-document/fso-2018-05-jmg_attach_b_payee_data_record_form.pdf,secured-needs-approval
private/courts/solicitation-request-document/cfcc-13-10-rb-cfcc-13-10-rb-marin-dependency-representation-rfp.pdf,secured-cannot-process
private/courts/solicitation-request-document/confplansvcs-rfp-attb.pdf,secured-cannot-process
private/courts/solicitation-request-document/crs-so060-notice-award.pdf,secured-cannot-process
private/courts/solicitation-request-document/qamtccpor-rfp.pdf,secured-cannot-process
private/courts/solicitation-request-document/it-2018-06-lb-california-courts-digital-public-opening.pdf,secured-cannot-process
private/courts/solicitation-request-document/bpr-rfp-att_g_vdr-std204.pdf,secured-cannot-process
private/courts/solicitation-request-document/wcm-rfp-att4.pdf,secured-cannot-process
private/courts/solicitation-request-document/occm-2012-01-cc-rfp-modernization-existing-elevators-clara-shortridge-foltz-superior-court.pdf,secured-cannot-process
private/courts/solicitation-request-document/sapc_2013-01-list-participants.pdf,secured-cannot-process
private/courts/solicitation-request-document/bap-2023-19-sb-attachment-6a-std204.pdf,secured-needs-approval
private/courts/solicitation-request-document/tcweb-implement-rfp-attach1.pdf,secured-cannot-process
private/courts/solicitation-request-document/fin-201505-ml-attachment-1-administrative-rules-governing-rfps-non-it-services.pdf,secured-cannot-process
private/courts/solicitation-request-document/rfp-it-2023-46-dm-addendum-1.pdf,secured-cannot-process
private/courts/solicitation-request-document/prequalcontract-attach-c-foltz-elevator-rfq.pdf,secured-cannot-process
private/courts/solicitation-request-document/cfcc-012414-acdr-cf-attachment-6-darfur-certifiction.pdf,secured-cannot-process
private/courts/solicitation-request-document/hr-lv-112015-rfp-ergonomic-assessment-services.pdf,secured-cannot-process
private/courts/solicitation-request-document/ogc-adr-04-nn-table-contents.pdf,secured-cannot-process
private/courts/solicitation-request-document/planrevsanbern-rfp-shortlist_addendum2.pdf,secured-cannot-process
private/courts/solicitation-request-document/tcas-2020-08-lb-technical-score-posting-cost-opening-notice.pdf,secured-cannot-process
private/courts/solicitation-request-document/questions-and-answerstcpjac.pdf,secured-cannot-process
private/courts/solicitation-request-document/asu-dc-008-lm-attachment-3-vendors-acceptance-terms-and-conditions.pdf,secured-cannot-process
private/courts/solicitation-request-document/cjer-030614-oscsf-cf-attachment-3-acceptance.pdf,secured-cannot-process
private/courts/solicitation-request-document/rfp-fs-2023-14-my-attachment-8b-payee-data-record-supplement.pdf,secured-cannot-process
private/courts/solicitation-request-document/bap-2020-14-dm-intent-award.pdf,secured-cannot-process
private/courts/solicitation-request-document/cfcc-2023-57-dm-attachment-5b-std205.pdf,secured-cannot-process
private/courts/solicitation-request-document/42-rfp-13-14-06_mechanical-hvac_attachment-5_darfur-certification.pdf,secured-cannot-process
private/courts/solicitation-request-document/fireprot-rfp-intent.pdf,secured-cannot-process
private/courts/solicitation-request-document/rfp-cfcc-2023-26-lv-request-proposal.pdf,secured-needs-approval
private/courts/solicitation-request-document/familyfunding-toolkit-rfp-intent.pdf,secured-cannot-process
private/courts/solicitation-request-document/cfcc-12-13-lm-attachment-1-administrative-rules-governing-rfps.pdf,secured-cannot-process
private/courts/solicitation-request-document/4-2-13-14-07-lm-attachment-3-proposers-acceptance-t-cs.pdf,secured-cannot-process
private/courts/solicitation-request-document/rfp-cfcc-2019-08-ms-notice-intent-award-translation-services.pdf,secured-cannot-process
private/courts/solicitation-request-document/rfpfs202125al-attach-9b-std205-payee-supplement.pdf,secured-cannot-process
private/courts/solicitation-request-document/hrs-03-13-ss-attachment-3-accept-master-agreement-terms.pdf,secured-cannot-process
private/courts/solicitation-request-document/cjer-122013-oscs-cf-attachment-6-conflict-interest.pdf,secured-cannot-process
private/courts/solicitation-request-document/sejuvdepct-qdata-rfp-att1.pdf,secured-cannot-process
private/courts/solicitation-request-document/orefm-2012-04-cc-rfq-rfp-environmental-consultants.pdf,secured-cannot-process
private/courts/solicitation-request-document/cfcc-13-13-lm-q.pdf,secured-cannot-process
private/courts/solicitation-request-document/cpas-201101-rb-addendum-3.pdf,secured-cannot-process
private/courts/solicitation-request-document/cfcc-2024-49-sb_intent-award.pdf,secured-needs-approval
private/courts/solicitation-request-document/cfcc-2016-08-lv-questions-and-answers.pdf,secured-cannot-process
private/courts/solicitation-request-document/nativeamerican-justice2-rfp-qa.pdf,secured-cannot-process
private/courts/solicitation-request-document/isd2016-01-rb-cost-public-opening.pdf,secured-cannot-process
private/courts/solicitation-request-document/fs-2017-02-bd-attachment-3-rmar-form.pdf,secured-cannot-process
private/courts/solicitation-request-document/cfcc-2019-10-lb-questions-answers.pdf,secured-cannot-process
private/courts/solicitation-request-document/asu-td-012-lm-rfp.pdf,secured-cannot-process
private/courts/solicitation-request-document/it-2022-38a-dm-intent-award.pdf,secured-cannot-process
private/courts/solicitation-request-document/bap-2023-19-sb-attachment-1-administrative-rules-governing.pdf,secured-needs-approval
private/courts/solicitation-request-document/cfcc-03-12-lm-attachment-6-conflict-interest.pdf,secured-cannot-process
private/courts/solicitation-request-document/rfp-cfcc-2023-26-lv-attachment-6a-std205-payee-data-record-supplement.pdf,secured-cannot-process
private/courts/solicitation-request-document/jbcp-2016-03-jt-exhibit-l.pdf,secured-cannot-process
private/courts/solicitation-request-document/fs-2019-04-lb-public-cost-opening-notice.pdf,secured-cannot-process
private/courts/solicitation-request-document/cosso-02-14-lm-questions-answers.pdf,secured-cannot-process
private/courts/solicitation-request-document/creldabuseneeds-rfp-add1.pdf,secured-cannot-process
private/courts/solicitation-request-document/occm-2012-01-cc-letter-intent.pdf,secured-cannot-process
private/courts/solicitation-request-document/cfcc-08-12-lm-attachment-3-proposers-acceptance-terms-and-conditions.pdf,secured-cannot-process
private/courts/solicitation-request-document/it-2018-05-lb-qa-it-website-user-testing.pdf,secured-cannot-process
private/courts/solicitation-request-document/it-2021-18-dm-qa.pdf,secured-cannot-process
private/courts/solicitation-request-document/precon-rfp-attd.pdf,secured-cannot-process
private/courts/solicitation-request-document/cfcc-012414-acdr-cf-rfp.pdf,secured-cannot-process
private/courts/solicitation-request-document/rfp-hr-2021-29-dm-qa.pdf,secured-cannot-process
private/courts/solicitation-request-document/cfcc-2021-11-lv-attachment-2-standard-terms-and-conditions.pdf,secured-needs-approval
private/courts/solicitation-request-document/perfrel-rfp-attd.pdf,secured-cannot-process
private/courts/solicitation-request-document/asu-td-005-nn-attachment-3-vendors-acceptance-rfps-contract-terms.pdf,secured-cannot-process
private/courts/solicitation-request-document/attachment-ib-std205.pdf,secured-cannot-process
private/courts/solicitation-request-document/rfi-juvenile-dependency-legal-representation-cfcc-2020-04-tq.pdf,secured-needs-approval
private/courts/solicitation-request-document/rfp-fs-2021-04-mb-attachment-k-std205-payee-data-record-supplement.pdf,secured-cannot-process
private/courts/solicitation-request-document/cjcso-1301-rb-calrapp-inter-rater-reliability-addendum-1.pdf,secured-cannot-process
private/courts/solicitation-request-document/2010lang-rfp-attd.pdf,secured-cannot-process
private/courts/solicitation-request-document/foms_vdr.pdf,secured-cannot-process
private/courts/solicitation-request-document/statebasedcs-rfp.pdf,secured-cannot-process
private/courts/solicitation-request-document/2010lang-rfp-noaward.pdf,secured-cannot-process
private/courts/solicitation-request-document/cfcc-2018-08-cd-notice-intent-award.pdf,secured-cannot-process
private/courts/solicitation-request-document/thirdpartyclaims-tcservice-rfp-qna.pdf,secured-cannot-process
private/courts/solicitation-request-document/sejuvdepct-qdata-rfp-att2a.pdf,secured-cannot-process
private/courts/solicitation-request-document/facility-opmod-rfprev.pdf,secured-cannot-process
private/courts/solicitation-request-document/rfp-hr-2021-29-dm-intent-award.pdf,secured-cannot-process
private/courts/solicitation-request-document/cfcc-2018-11-cd-rfp-trial-skills-training.pdf,secured-cannot-process
private/courts/solicitation-request-document/eapjb-rfp-attachd.pdf,secured-cannot-process
private/courts/solicitation-request-document/42-rfp-13-14-06_notice-intent-award.pdf,secured-cannot-process
private/courts/solicitation-request-document/hr-2016-03-ml-notice-intent-award.pdf,secured-cannot-process
private/courts/solicitation-request-document/cfcc-2023-17-sb-attachment-7-unruh.pdf,secured-needs-approval
private/courts/solicitation-request-document/rfp-jcc-252020-rb-attachment-9-payeedatarecord204.pdf,secured-needs-approval
private/courts/solicitation-request-document/fin-201505-ml-attachment-4-general-certifications-form.pdf,secured-cannot-process
private/courts/solicitation-request-document/jbcp-2015-10-jmg-rfp-it-services-sutter-court.pdf,secured-cannot-process
private/courts/solicitation-request-document/wcm-rfp-att5.pdf,secured-cannot-process
private/courts/solicitation-request-document/cfcc-201701-ml-rfi-attachment1.pdf,secured-cannot-process
private/courts/solicitation-request-document/ctintexam-rfp.pdf,secured-cannot-process
private/courts/solicitation-request-document/2010study-rfp-attachf.pdf,secured-needs-approval
private/courts/solicitation-request-document/cfcc-2018-11-cd-intent-award.pdf,secured-cannot-process
private/courts/solicitation-request-document/rfp-refm-2016-26-sm-rfp.pdf,secured-cannot-process
private/courts/solicitation-request-document/jbcp-2015-11-jt-short-listed-firms.pdf,secured-cannot-process
private/courts/solicitation-request-document/cfcc-031814-lcdr-cf_att-1_admin_rules.pdf,secured-cannot-process
private/courts/solicitation-request-document/occm-2011-19-jmg-rfp-final.pdf,secured-cannot-process
private/courts/solicitation-request-document/analystsupport-ccmsv3t-rfp-attach2.pdf,secured-cannot-process
private/courts/solicitation-request-document/notice-cancellation.pdf,secured-cannot-process
private/courts/solicitation-request-document/cjer-201601-1-jr-notice-intent-award.pdf,secured-cannot-process
private/courts/solicitation-request-document/cfcc-12-13-lm-qa.pdf,secured-cannot-process
private/courts/solicitation-request-document/juvdepctassess-rfp-att4.pdf,secured-cannot-process
private/courts/solicitation-request-document/cfcc-10-11-lm-appendix-sb-78-non-it-agreements_.pdf,secured-cannot-process
private/courts/solicitation-request-document/attachment-c-master-agreement-sample-document.pdf,secured-cannot-process
private/courts/solicitation-request-document/cfcc-201501-jr-interdisciplinary-training.pdf,secured-cannot-process
private/courts/solicitation-request-document/occm-2011-19-jmg-rfp-3.pdf,secured-cannot-process
private/courts/solicitation-request-document/attachment-5-darfur-contract-act.pdf,secured-cannot-process
private/courts/solicitation-request-document/aocjobacc-rfp-qna.pdf,secured-cannot-process
private/courts/solicitation-request-document/it-2022-38a-dm-attachment-6b-std205.pdf,secured-cannot-process
private/courts/solicitation-request-document/cfcc-13-13-lm-addendum-1.pdf,secured-cannot-process
private/courts/solicitation-request-document/cfcc-2016-08-lv-intent-award.pdf,secured-cannot-process
private/courts/solicitation-request-document/jbcp-2016-03-jt-notice-intent-award.pdf,secured-cannot-process
private/courts/solicitation-request-document/envconsultsvcs-rfp-vdf.pdf,secured-cannot-process
private/courts/solicitation-request-document/elkins-rfp-list.pdf,secured-cannot-process
private/courts/solicitation-request-document/fso-2020-04-bd-attach-c-master-agreement-construction-services.pdf,secured-needs-approval
private/courts/solicitation-request-document/rfq-fso-2019-06-jp_attach_l_judicial_council_background_check_policy.pdf,secured-cannot-process
private/courts/solicitation-request-document/cancellation-notice-rfp-lss-2021-26-dm.pdf,secured-cannot-process
private/courts/solicitation-request-document/legsvcsp3-rfp_qa.pdf,secured-cannot-process
private/courts/solicitation-request-document/tcas-2018-04-ml-notice-intent-award.pdf,secured-cannot-process
private/courts/solicitation-request-document/rfp-fs-2021-20-jp-attachment-8-payee-data-record-std204.pdf,secured-cannot-process
private/courts/solicitation-request-document/fs-2017-20-bd-notice-intent-award.pdf,secured-cannot-process
private/courts/solicitation-request-document/rfq-fs-2021-06-bd-attach-h-payee-data-record.pdf,secured-needs-approval
private/courts/solicitation-request-document/it-2020-64-rb-attach-1-admin-rules.pdf,secured-cannot-process
private/courts/solicitation-request-document/bsa-webdev-rfp-attach1.pdf,secured-cannot-process
private/courts/solicitation-request-document/cos-odp-201504-jr-attachment-4.pdf,secured-cannot-process
private/courts/solicitation-request-document/mantecacourthouse-_rfqpayee-attache.pdf,secured-cannot-process
private/courts/solicitation-request-document/jbcp-2013-01-br-rfq-new-yuba-city.pdf,secured-cannot-process
private/courts/solicitation-request-document/landsurvey-occm-rfp-qna.pdf,secured-cannot-process
private/courts/solicitation-request-document/rfp-hr-2022-08-lv-attachment-7-payee-data-record-205.pdf,secured-cannot-process
private/courts/solicitation-request-document/cjer-hb-0712-lm-attachment-2-aoc-terms-conditions.pdf,secured-cannot-process
private/courts/solicitation-request-document/fso-2018-24-jp_cmr-willows-attachment-5-payee-data-record.pdf,secured-needs-approval
private/courts/solicitation-request-document/fs-2019-11-bd-rfp.pdf,secured-needs-approval
private/courts/solicitation-request-document/photoserv-rfq-intent.pdf,secured-cannot-process
private/courts/solicitation-request-document/tcweb-implement-rfp.pdf,secured-cannot-process
private/courts/solicitation-request-document/paperrfp-fin0301.pdf,secured-needs-approval
private/courts/solicitation-request-document/cfcc-2012-01-rb-intent-award.pdf,secured-cannot-process
private/courts/solicitation-request-document/paperaddendum1.pdf,secured-needs-approval
private/courts/solicitation-request-document/snapshot-rfp-att4.pdf,secured-cannot-process
private/courts/solicitation-request-document/ecm_add_1_appendix_j_technical_administrative_requirements.pdf,secured-cannot-process
private/courts/solicitation-request-document/refm-2014-08-rb-attachment-1-admin-rules.pdf,secured-cannot-process
private/courts/solicitation-request-document/cfcc-08-12-lm-rfp.pdf,secured-cannot-process
private/courts/solicitation-request-document/ecm-rfp-appc.pdf,secured-cannot-process
private/courts/solicitation-request-document/rfp-bms-2024-50-sb-qa.pdf,secured-needs-approval
private/courts/solicitation-request-document/joborder-contract1010-rfp-modrfp.pdf,secured-cannot-process
private/courts/solicitation-request-document/attachment-c-master-agreement-sample-document_0.pdf,secured-needs-approval
private/courts/solicitation-request-document/cjs-2018-01-cd-rfp-study-veterans-needs.pdf,secured-cannot-process
private/courts/solicitation-request-document/asu-dc-008-lm-attachment-1-administrative-rules-governing-rfps.pdf,secured-cannot-process
private/courts/solicitation-request-document/devdraftpol-rfp-qa.pdf,secured-cannot-process
private/courts/solicitation-request-document/4-2-13-14-07-lm-attachment-4-general-certifications-form.pdf,secured-cannot-process
private/courts/solicitation-request-document/cbsfcdcs-rfp-attach3.pdf,secured-cannot-process
private/courts/solicitation-request-document/cfcc-08-12-lm-appendix-jcats-screen-shots.pdf,secured-cannot-process
private/courts/solicitation-request-document/thirdpartyclaims-tcservice-rfp-attach1.pdf,secured-cannot-process
private/courts/solicitation-request-document/jbcp-2016-03-jt-short-list-notice.pdf,secured-cannot-process
private/courts/solicitation-request-document/cfcc-2023-17-sb-attachment-1-administrative-rules-governing-rfp.pdf,secured-needs-approval
private/courts/solicitation-request-document/rfp-cfcc-2024-28-sb-qa-responses.pdf,secured-needs-approval
private/courts/solicitation-request-document/com-lsd-201504-jr-attachment-5.pdf,secured-cannot-process
private/courts/solicitation-request-document/fs-2018-12-bd-rfp.pdf,secured-cannot-process
private/courts/solicitation-request-document/bsadocman-rfp-add2.pdf,secured-cannot-process
private/courts/solicitation-request-document/cjdcls_rfp.pdf,secured-cannot-process
private/courts/solicitation-request-document/childsupport-review-rfp-qna.pdf,secured-cannot-process
private/courts/solicitation-request-document/capitalconstruct-indconsult-rfp-attach1.pdf,secured-cannot-process
private/courts/solicitation-request-document/juvcourtuserres-rfp-list.pdf,secured-cannot-process
private/courts/solicitation-request-document/icwa-curriculum-rfp.pdf,secured-cannot-process
private/courts/solicitation-request-document/fs-2018-12-bd-attach-2-dgs-implied-dedication.pdf,secured-cannot-process
private/courts/solicitation-request-document/fso-2018-17-jr-notice-firms-20180816.pdf,secured-cannot-process
private/courts/solicitation-request-document/bs-2018-03-dm-intent-award.pdf,secured-cannot-process
private/courts/solicitation-request-document/it23-157rb-attach-7-std205.pdf,secured-cannot-process
private/courts/solicitation-request-document/refm-2016-27-bd-request-proposal-revision-6.pdf,secured-cannot-process
private/courts/solicitation-request-document/fin-201505-ml-qa.pdf,secured-cannot-process
private/courts/solicitation-request-document/hcrc-ss-052015-non-cost-scores.pdf,secured-cannot-process
private/courts/solicitation-request-document/cosso-2018-01-language-access-ca-courts-psk-qa.pdf,secured-cannot-process
private/courts/solicitation-request-document/lss-2019-17-cd-attachment-1-administrative-rules.pdf,secured-cannot-process
private/courts/solicitation-request-document/lss-2019-17-cd-master-calendar-scheduling-system-rfp.pdf,secured-cannot-process
private/courts/solicitation-request-document/adr-032814-rb-translation-videos-rfp.pdf,secured-cannot-process
private/courts/solicitation-request-document/asu-td-005-nn-attachment-4-darfur-contracting-act.pdf,secured-cannot-process
private/courts/solicitation-request-document/hr-2016-03-ml-attachment-11-qa.pdf,secured-cannot-process
private/courts/solicitation-request-document/cbsfcdcs-rfp-attach2b.pdf,secured-cannot-process
private/courts/solicitation-request-document/familyfunding-toolkit-rfp-attach2.pdf,secured-cannot-process
private/courts/solicitation-request-document/titleinsurance-escrowservice-rfp-attachh.pdf,secured-cannot-process
private/courts/solicitation-request-document/cfcc-10-13-lm-attachment-1-administrative-rules-governing-rfps.pdf,secured-cannot-process
private/courts/solicitation-request-document/tcas-sapc-2016-01-ml-qa.pdf,secured-cannot-process
private/courts/solicitation-request-document/it-2018-09-lb-notice-intent-award.pdf,secured-cannot-process
private/courts/solicitation-request-document/rfq-fs-2020-15-bd-notice-intent-award.pdf,secured-needs-approval
private/courts/solicitation-request-document/rfp-hr-2021-29-dm-temporary-staffing.pdf,secured-cannot-process
private/courts/solicitation-request-document/42-rfp-13-14-06_mechanical-hvac_attachment-1_admin-rules.pdf,secured-cannot-process
private/courts/solicitation-request-document/cjer-122013-oscs-cf-q.pdf,secured-cannot-process
private/courts/solicitation-request-document/prequalcontract-attach-foltz-elevator-rfq.pdf,secured-cannot-process
private/courts/solicitation-request-document/cjer-2018-02-dm-technical-scores.pdf,secured-cannot-process
private/courts/solicitation-request-document/os-20150901-ceia-jr-notice-cancellation.pdf,secured-cannot-process
private/courts/solicitation-request-document/refm-2014-08-rb-attachment-7-payee-data-record.pdf,secured-cannot-process
private/courts/solicitation-request-document/snapshot-rfp-att2d.pdf,secured-cannot-process
private/courts/solicitation-request-document/workcomptpa-rfp-attd.pdf,secured-cannot-process
private/courts/solicitation-request-document/rfp-cfcc-nacjp-awardnotice.pdf,secured-cannot-process
private/courts/solicitation-request-document/cpas-201101-rb-addendum-3-rfp-rev1.pdf,secured-cannot-process
private/courts/solicitation-request-document/cjer-122013-oscs-cf-attachment-3-terms-acceptance.pdf,secured-cannot-process
private/courts/solicitation-request-document/gcfmti-rfp-vendata.pdf,secured-cannot-process
private/courts/solicitation-request-document/tempserv-rfp_att_c_proposers_acceptance_of_rfps_master_agreement_terms.pdf,secured-cannot-process
private/courts/solicitation-request-document/pilotdesign-shriver-rfp-cancel.pdf,secured-cannot-process
private/courts/solicitation-request-document/clasp-lns2015-2015-language-study-rfp-q-and.pdf,secured-cannot-process
private/courts/solicitation-request-document/ifb-043015-rb-attachment-8-payee-data-record-204a.pdf,secured-cannot-process
private/courts/solicitation-request-document/archrelsvccapproj-rfq-qq.pdf,secured-cannot-process
private/courts/solicitation-request-document/rfp-cfcc-2023-26-lv-attachment-2-terms-and-conditions.pdf,secured-needs-approval
private/courts/solicitation-request-document/evaljustcorps-rfp.pdf,secured-cannot-process
private/courts/solicitation-request-document/hcrc-ss-052015-qa.pdf,secured-cannot-process
private/courts/solicitation-request-document/ogc-adr-04-nn-appendix-b-acceptance-work.pdf,secured-cannot-process
private/courts/solicitation-request-document/hrs-03-13-ss-attachment-4-vendor-payee-data.pdf,secured-cannot-process
private/courts/solicitation-request-document/cos-odp-201604-psk-attachment-2.pdf,secured-cannot-process
private/courts/solicitation-request-document/publish-rfp-att3.pdf,secured-cannot-process
private/courts/solicitation-request-document/perfindmonrfp.pdf,secured-cannot-process
private/courts/solicitation-request-document/evalcivinst-rfp-attf.pdf,secured-cannot-process
private/courts/solicitation-request-document/cos-odp-201604-psk-attachment-3.pdf,secured-cannot-process
private/courts/solicitation-request-document/rfp-sc-91323-ms-attachment-6b-std-205-payee-data-record.pdf,secured-cannot-process
private/courts/solicitation-request-document/publish-rfp-att2.pdf,secured-cannot-process
private/courts/solicitation-request-document/brcpec-rfp-att4.pdf,secured-cannot-process
private/courts/solicitation-request-document/cfcc-031814-lcdr-cf_attx-4_scope-services.pdf,secured-cannot-process
private/courts/solicitation-request-document/cfcc-14-01-rb-attachment-7-payee-data-record.pdf,secured-cannot-process
private/courts/solicitation-request-document/cfcc-2022-34-dm-attachment-7-std205.pdf,secured-cannot-process
private/courts/solicitation-request-document/cfcc-2020-12-dm-technical-scores.pdf,secured-cannot-process
private/courts/solicitation-request-document/refm-2014-08-rb-rfp.pdf,secured-cannot-process
private/courts/solicitation-request-document/sdcourthouse-risk-rfp-attachg.pdf,secured-cannot-process
private/courts/solicitation-request-document/cfcc-04-11-lm-intent-award.pdf,secured-cannot-process
private/courts/solicitation-request-document/bap-2017-01-pc-exhibit-10.pdf,secured-cannot-process
private/courts/solicitation-request-document/jbcp-2016-06-cp-shortlistannouncement.pdf,secured-cannot-process
private/courts/solicitation-request-document/fs-2019-11-bd-attachment-administrative-rules.pdf,secured-needs-approval
private/courts/solicitation-request-document/rfp-fs-2020-09-jp-attachment-d-payee-data-record.pdf,secured-needs-approval
private/courts/solicitation-request-document/cjer-05-13-rb-attachment-4-vendor-payee-data.pdf,secured-cannot-process
private/courts/solicitation-request-document/devdraftpol-rfp-award.pdf,secured-cannot-process
private/courts/solicitation-request-document/designconstruct-engineerservices11-rfp-attacha.pdf,secured-cannot-process
private/courts/solicitation-request-document/bs-2020-13-dm-public-cost-opening-notice.pdf,secured-cannot-process
private/courts/solicitation-request-document/fso-2018-05-jmg_attach_k_to_std_agmt_security_badging_policy.pdf,secured-cannot-process
private/courts/solicitation-request-document/it-2023-10-sb-audio-conference-attachment-5-std204.pdf,secured-needs-approval
private/courts/solicitation-request-document/snapshot-rfp-att2e.pdf,secured-cannot-process
private/courts/solicitation-request-document/fs-2017-02-bd-attachment-2-asbestos-work-permit-management-process.pdf,secured-cannot-process
private/courts/solicitation-request-document/cfcc-201103-rb-rfp-ca-parolee-reentry-evaluation.pdf,secured-cannot-process
private/courts/solicitation-request-document/rfp-cfcc-2022-11-lv-update-every-child-every-hearing.pdf,secured-needs-approval
private/courts/solicitation-request-document/familyfunding-toolkit-rfp-attach3.pdf,secured-cannot-process
private/courts/solicitation-request-document/oocmarchitect-engineer-rfq.pdf,secured-cannot-process
private/courts/solicitation-request-document/cbsfcdcs-rfp-attach2c.pdf,secured-cannot-process
private/courts/solicitation-request-document/cfcc-10-11-lm-attachment-6-conflict-interest.pdf,secured-cannot-process
private/courts/solicitation-request-document/hr-2013-01-rb-jbwc-tpa-request-proposals.pdf,secured-cannot-process
private/courts/solicitation-request-document/cfcc-13-13-lm-rfp.pdf,secured-cannot-process
private/courts/solicitation-request-document/cjer-122013-oscs-cf-notice-award.pdf,secured-cannot-process
private/courts/solicitation-request-document/ogc-adr-03-nn-cancellation-notice.pdf,secured-cannot-process
private/courts/solicitation-request-document/cfcc-2021-23-dm-intent-award.pdf,secured-cannot-process
private/courts/solicitation-request-document/refm-2016-27-bd-request-proposal-revision-7.pdf,secured-cannot-process
private/courts/solicitation-request-document/cfcc-032514-pcdr-cf-attachment-7-certifications.pdf,secured-cannot-process
private/courts/solicitation-request-document/evaljustcorps-rfp-notice.pdf,secured-cannot-process
private/courts/solicitation-request-document/attachment-62-payee-data-record-supplement.pdf,secured-cannot-process
private/courts/solicitation-request-document/appraiserrfp-1.pdf,secured-needs-approval
private/courts/solicitation-request-document/orefm-2012-04-cc-attachment-d-example-work-authorization.pdf,secured-cannot-process
private/courts/solicitation-request-document/qa-fin-2020-21-cd.pdf,secured-needs-approval
private/courts/solicitation-request-document/com-lsd-201504-jr-attachment-4.pdf,secured-cannot-process
private/courts/solicitation-request-document/maps-202402-ms-attachment1-administrativerules.pdf,secured-needs-approval
private/courts/solicitation-request-document/cjcso-1301-rb-calrapp-inter-rater-reliability-attach-1-admin-rules.pdf,secured-cannot-process
private/courts/solicitation-request-document/it-2021-22-dm-intent-award.pdf,secured-cannot-process
private/courts/solicitation-request-document/facility-opmod-rfp-sitevisit.pdf,secured-cannot-process
private/courts/solicitation-request-document/occm-2011-19-jmg-rfp.pdf,secured-cannot-process
private/courts/solicitation-request-document/cfcc-2021-11-lv-attachment-4-general-certification.pdf,secured-needs-approval
private/courts/solicitation-request-document/ecm-rfp-appb.pdf,secured-cannot-process
private/courts/solicitation-request-document/cjer-2018-02-dm-notice-public-opening.pdf,secured-cannot-process
private/courts/solicitation-request-document/hr-2024-02-lv-intent-award.pdf,secured-cannot-process
private/courts/solicitation-request-document/rfp-hr-2023-02-lv-attachment-7-payee-data-record-205.pdf,secured-cannot-process
private/courts/solicitation-request-document/cfcc-032514-pcdr-cf-attachment-5-payee-data-record.pdf,secured-cannot-process
private/courts/solicitation-request-document/rfp-bluerib-cancel.pdf,secured-cannot-process
private/courts/solicitation-request-document/cfcc-201103-rb-attachment-2-terms-and-conditions.pdf,secured-cannot-process
private/courts/solicitation-request-document/orefm-2012-04-cc-attachment-submittal-content.pdf,secured-cannot-process
private/courts/solicitation-request-document/juvdepctassess-rfp.pdf,secured-cannot-process
private/courts/solicitation-request-document/cos-odp-201504-jr-attachment-5.pdf,secured-cannot-process
private/courts/solicitation-request-document/admin-2017-10-ml-technical-scores.pdf,secured-cannot-process
private/courts/solicitation-request-document/juvedumeds-rfp.pdf,secured-cannot-process
private/courts/solicitation-request-document/cfcc-13-13-lm-attachment-5-darfur-certification-form.pdf,secured-cannot-process
private/courts/solicitation-request-document/rfp-it23-153rb-qanda.pdf,secured-needs-approval
private/courts/solicitation-request-document/asu-au-006-lm-attachment-4-darfur-contracting-act-certification.pdf,secured-cannot-process
private/courts/solicitation-request-document/cfcc-2019-08-ms-attachment-5-darfur-certification.pdf,secured-cannot-process
private/courts/solicitation-request-document/rfqfs202205mb-attach-5a-payee-data-record.pdf,secured-cannot-process
private/courts/solicitation-request-document/ogc-adr-03-nn-attachment-3-vendors-acceptance-rfps-contract-terms.pdf,secured-cannot-process
private/courts/solicitation-request-document/cfcc-2016-11-rbb-attachment-6-payee-data-record.pdf,secured-cannot-process
private/courts/solicitation-request-document/publish-rfp-qna.pdf,secured-cannot-process
private/courts/solicitation-request-document/refm-2016-16-bd-rfp-attach-1-standard-master-agreement.pdf,secured-cannot-process
private/courts/solicitation-request-document/hrs-03-13-ss-attachment-8-pricing-form.pdf,secured-cannot-process
private/courts/solicitation-request-document/fs-2018-26-bd-attachment-l-question-and-answer-form.pdf,secured-cannot-process
private/courts/solicitation-request-document/attachment10-rfp-fs-2021-jp-payee-data-record-suppmt-205.pdf,secured-cannot-process
private/courts/solicitation-request-document/rfp-maps-2024-ms.pdf,secured-needs-approval
private/courts/solicitation-request-document/cos-odp-201504-jr-attachment-7.pdf,secured-cannot-process
private/courts/solicitation-request-document/asu-dc-007-nn-attachment-5-submission-form-technical-proposal.pdf,secured-cannot-process
private/courts/solicitation-request-document/cfcc-2018-04-cd-attachment-6-payee-data-record-pdf-format.pdf,secured-needs-approval
private/courts/solicitation-request-document/ccmsv4int-rfp-attd.pdf,secured-cannot-process
private/courts/solicitation-request-document/bsa-webdev-rfp-attach2.pdf,secured-cannot-process
private/courts/solicitation-request-document/calcjcduicoststudy-rfp-att4.pdf,secured-cannot-process
private/courts/solicitation-request-document/a10-payee-form2-std205.pdf,secured-cannot-process
private/courts/solicitation-request-document/bs-2018-03-dm-benchmarks-statewide-collection-entities.pdf,secured-cannot-process
private/courts/solicitation-request-document/lso-2018-12-cd-technical-scores.pdf,secured-cannot-process
private/courts/solicitation-request-document/catering-rfp.pdf,secured-cannot-process
private/courts/solicitation-request-document/ogc-adr-03-nn-attachment-5-darfur-contracting-act.pdf,secured-cannot-process
private/courts/solicitation-request-document/lss-2023-04-lv-attachment-6b-payee-data-record-supplement-205.pdf,secured-cannot-process
private/courts/solicitation-request-document/os-20150901-rapiscan-jr-notice-intent-award.pdf,secured-cannot-process
private/courts/solicitation-request-document/orefm-2013-06-cc-attachment-b.pdf,secured-cannot-process
private/courts/solicitation-request-document/disasterattach1.pdf,secured-cannot-process
private/courts/solicitation-request-document/cfcc-012414-acdr-cf-qa.pdf,secured-cannot-process
private/courts/solicitation-request-document/fs-2018-13-bd-attachment-5-payee-data-record.pdf,secured-needs-approval
private/courts/solicitation-request-document/tvsignal-services-rfp.pdf,secured-cannot-process
private/courts/solicitation-request-document/tempserv-rfp_att_g_customer_reference_form.pdf,secured-cannot-process
private/courts/solicitation-request-document/pilotdesign-shriver-rfp-qna.pdf,secured-cannot-process
private/courts/solicitation-request-document/rfp-cfcc-2022-34-dm-ab1058-virtual-conference.pdf,secured-cannot-process
private/courts/solicitation-request-document/evaljustcorps-rfp-award.pdf,secured-cannot-process
private/courts/solicitation-request-document/juvcourtuserres-rfp.pdf,secured-cannot-process
private/courts/solicitation-request-document/parking-cmjcente-rfp-payee.pdf,secured-cannot-process
private/courts/solicitation-request-document/ccms-rfp-encd-exa-appa7-1.pdf,secured-cannot-process
private/courts/solicitation-request-document/thirdpartyclaims-tcservice-rfp.pdf,secured-cannot-process
private/courts/solicitation-request-document/cfcc-2022-08-sb-attachment-6b-std205.pdf,secured-cannot-process
private/courts/solicitation-request-document/itso-11-13-lm-attachment-5-darfur-contracting-law-certification.pdf,secured-cannot-process
private/courts/solicitation-request-document/vidproduction-rfp-attache.pdf,secured-cannot-process
private/courts/solicitation-request-document/cfcc-2020-12-dm-qa.pdf,secured-cannot-process
private/courts/solicitation-request-document/dcqual-rfp-vdf.pdf,secured-cannot-process
private/courts/solicitation-request-document/cfcc-2019-19-cd-notice-intent-award.pdf,secured-needs-approval
private/courts/solicitation-request-document/snapshot-rfp-add1.pdf,secured-cannot-process
private/courts/solicitation-request-document/hrs-03-13-ss-attachment-2-master-agreement-terms-and-conditions.pdf,secured-cannot-process
private/courts/solicitation-request-document/cfcc-10-11-lm-exhibit-c-work-be-performed.pdf,secured-cannot-process
private/courts/solicitation-request-document/cfcc-012414-acdr-cf-webinar-slides.pdf,secured-cannot-process
private/courts/solicitation-request-document/sejuvdepct-qdata-rfp.pdf,secured-cannot-process
private/courts/solicitation-request-document/cfcc-2022-03-lb-attachment-1-admin-rules.pdf,secured-cannot-process
private/courts/solicitation-request-document/bsadocman-rfp-add1.pdf,secured-cannot-process
private/courts/solicitation-request-document/cfcc-sandiego-dependencyrep-rfp-appendixb.pdf,secured-cannot-process
private/courts/solicitation-request-document/thirdpartyclaims-tcservice-rfp-attach2.pdf,secured-cannot-process
private/courts/solicitation-request-document/itso-11-13-lm-table-contents.pdf,secured-cannot-process
private/courts/solicitation-request-document/jbcp-2012-05-br-notice-intent-award.pdf,secured-cannot-process
private/courts/solicitation-request-document/fs-2018-13-bd-attachment-2-standard-agreement.pdf,secured-cannot-process
private/courts/solicitation-request-document/it-2022-44-dm-attachment-9-std205.pdf,secured-cannot-process
private/courts/solicitation-request-document/refm-2016-27-bd-request-proposal-revision-5.pdf,secured-cannot-process
private/courts/solicitation-request-document/idiq-archengservice-rfp-changes-accepted.pdf,secured-cannot-process
private/courts/solicitation-request-document/thirdparty-rfp-appd.pdf,secured-cannot-process
private/courts/solicitation-request-document/testadmin-rfp_attd.pdf,secured-cannot-process
private/courts/solicitation-request-document/mamlakes-rfp-qna.pdf,secured-cannot-process
private/courts/solicitation-request-document/rfp-ocr-2023-25-lv-resource-assessment-study.pdf,secured-needs-approval
private/courts/solicitation-request-document/familyfunding-toolkit-rfp-attach1.pdf,secured-cannot-process
private/courts/solicitation-request-document/cfcc-2022-11-lv-attachment-10-bidders-declaration.pdf,secured-needs-approval
private/courts/solicitation-request-document/materialtest-inspection-rfp-notice.pdf,secured-cannot-process
private/courts/solicitation-request-document/cbsfcdcs-rfp-attach2a.pdf,secured-cannot-process
private/courts/solicitation-request-document/orefm-2013-jmg-04-rfp.pdf,secured-cannot-process
private/courts/solicitation-request-document/attachment-8-bidder-declaration.pdf,secured-needs-approval
private/courts/solicitation-request-document/cfcc-2016-12-rbb-attachment-6-payee-data-record.pdf,secured-cannot-process
private/courts/solicitation-request-document/parking-rfp-vendata.pdf,secured-cannot-process
private/courts/solicitation-request-document/occm-2012-02-br-cmr-rfq-rfp-new-red-bluff-ch.pdf,secured-cannot-process
private/courts/solicitation-request-document/designconstruct-engineerservices11-rfp-attachc.pdf,secured-cannot-process
private/courts/solicitation-request-document/cfcc-22-117rb-attach-6a-std204.pdf,secured-cannot-process
private/courts/solicitation-request-document/fso-2017-21-hn-attach-3-standard-agreement.pdf,secured-cannot-process
private/courts/solicitation-request-document/orefm-2014-01-jmg-aoc-generic-services-contract.pdf,secured-cannot-process
private/courts/solicitation-request-document/cfcc-2016-12lb-attachment-3-accept-t-and-cs.pdf,secured-cannot-process
private/courts/solicitation-request-document/cfcc-031814-lcdr-cf-notice-cancellation.pdf,secured-cannot-process
private/courts/solicitation-request-document/rfpfs202307ko-attach-l-std205.pdf,secured-cannot-process
private/courts/solicitation-request-document/cos-2017-03-lb-final-questions-and-answers.pdf,secured-cannot-process
private/courts/solicitation-request-document/fso-2018-07-jmg_attach_d_payee_data_record_form.pdf,secured-needs-approval
private/courts/solicitation-request-document/rfp_is_102805_intent_to_award.pdf,secured-cannot-process
private/courts/solicitation-request-document/cjer-hb-0712-lm-qa.pdf,secured-cannot-process
private/courts/solicitation-request-document/it-2021-01-lb-attachment-1-administrative-rules-it-goods.pdf,secured-cannot-process
private/courts/solicitation-request-document/10yearslater-rfp-atte.pdf,secured-cannot-process
private/courts/solicitation-request-document/statetonerrfpattach1.pdf,secured-cannot-process
private/courts/solicitation-request-document/youthpeer2009-rfp-attachd.pdf,secured-cannot-process
private/courts/solicitation-request-document/lso-2018-12-cd-cost-proposal.pdf,secured-cannot-process
private/courts/solicitation-request-document/rfp-bap23-160rb-attach-6b-std205.pdf,secured-cannot-process
private/courts/solicitation-request-document/cfcc-13-13-lm-attachment-1-administrative-rules-governing-rfps.pdf,secured-cannot-process
private/courts/solicitation-request-document/formtrans_att_b_terms_and_conditions.pdf,secured-cannot-process
private/courts/solicitation-request-document/admin-2018-04-lb-qa-calendar-scheduling.pdf,secured-cannot-process
private/courts/solicitation-request-document/cos-odp-201604-psk-attachment-1.pdf,secured-cannot-process
private/courts/solicitation-request-document/ocr23-154rb-attach-7b-std205.pdf,secured-cannot-process
private/courts/solicitation-request-document/facility-opmod-rfp-procure.pdf,secured-cannot-process
private/courts/solicitation-request-document/cfcc-2018-08-cd-rfp-2018-ca-homeless-court-summit.pdf,secured-cannot-process
private/courts/solicitation-request-document/clasp-lns2015-language-study-attachment-6-vendor-payee-data.pdf,secured-cannot-process
private/courts/solicitation-request-document/isd2016-01-rb-notice-intent.pdf,secured-cannot-process
private/courts/solicitation-request-document/capitalconstruct-indconsult-rfp.pdf,secured-cannot-process
private/courts/solicitation-request-document/preconstruct-riskmanage-monterey-rfp-attachg.pdf,secured-cannot-process
private/courts/solicitation-request-document/publish-rfp-att1.pdf,secured-cannot-process
private/courts/solicitation-request-document/cfcc-012414-acdr-cf-contents.pdf,secured-cannot-process
private/courts/solicitation-request-document/rfp-hr-2022-08-lv-rfp.pdf,secured-needs-approval
private/courts/solicitation-request-document/cosso-02-14-lm-attachment-4-general-certifications-form.pdf,secured-cannot-process
private/courts/solicitation-request-document/support-line-document-assembly-program-rfp-cfcc-2020-12-dm.pdf,secured-cannot-process
private/courts/solicitation-request-document/asu-dc-008-lm-attachment-5-submission-form-technical-proposal.pdf,secured-cannot-process
private/courts/solicitation-request-document/cfcc-2021-21-dm-qa.pdf,secured-cannot-process
private/courts/solicitation-request-document/cfcc25-194rb-attach-7-std205.pdf,secured-cannot-process
private/courts/solicitation-request-document/cfcc-10-13-lm-table-contents.pdf,secured-needs-approval
private/courts/solicitation-request-document/tcas-2021-02-aj-attachment-1-administrative-rules-governing-rfps.pdf,secured-needs-approval
private/courts/solicitation-request-document/rfi-ls-2025-01-el-legal-representation-services.pdf,secured-needs-approval
private/courts/solicitation-request-document/hrs-03-13-ss-attachment-6-iran-cert.pdf,secured-cannot-process
private/courts/solicitation-request-document/talentag-rfp-attache.pdf,secured-cannot-process
private/courts/solicitation-request-document/capitalconstruct-indconsult-attendees.pdf,secured-cannot-process
private/courts/solicitation-request-document/cos-odp-201504-jr-qa.pdf,secured-cannot-process
private/courts/solicitation-request-document/rfp-fs-2021-01-mb-attachment-h-payee-data-record.pdf,secured-needs-approval
private/courts/solicitation-request-document/designconstruct-engineerservices11-rfp-attachb.pdf,secured-cannot-process
private/courts/solicitation-request-document/42-rfp-13-14-06_mechanical-hvac_attachment-2_terms-and-conditions.pdf,secured-cannot-process
private/courts/solicitation-request-document/cfcc-2016-12lb-attachment-1-admin-rules.pdf,secured-cannot-process
private/courts/solicitation-request-document/jbcp-2013-01-br-attachment-e-ocip-insurance-manual.pdf,secured-cannot-process
private/courts/solicitation-request-document/ga-2017-40-rb-notice-intent-award.pdf,secured-cannot-process
private/courts/solicitation-request-document/qa-hr-2020-24-cd.pdf,secured-needs-approval
private/courts/solicitation-request-document/fso-2020-01-jp-attachment-f-payee-data-record.pdf,secured-needs-approval
private/courts/solicitation-request-document/cfcc-2021-26-cd-qa.pdf,secured-needs-approval
private/courts/solicitation-request-document/idiq-archengservice-rfp-redline.pdf,secured-cannot-process
private/courts/solicitation-request-document/webredesign-rfp-add1.pdf,secured-cannot-process
private/courts/solicitation-request-document/pilotdesign-shriver-rfp-list.pdf,secured-cannot-process
private/courts/solicitation-request-document/revisedattachment2-listofparkingfacilities.pdf,secured-cannot-process
private/courts/solicitation-request-document/jcc-2019-04-dm-ifb-san-francisco_moving-and-installation-services.pdf,secured-cannot-process
private/courts/solicitation-request-document/hrso-04-13-ss-rfp-2013-classification-and-compensation-study.pdf,secured-cannot-process
private/courts/solicitation-request-document/ccms-transitionv3-rfp-add1.pdf,secured-cannot-process
private/courts/solicitation-request-document/fso-2018-05-jmg_attach_d_to_std_agmt_judicial_council_tool_control_policy.pdf,secured-cannot-process
private/courts/solicitation-request-document/bs-2020-13-dm-attachment-1-administrative-rules.pdf,secured-cannot-process
private/courts/solicitation-request-document/refm-2016-27-bd-request-proposal-revision-4.pdf,secured-cannot-process
private/courts/solicitation-request-document/cfcc-2012-02-rb-intent-award.pdf,secured-cannot-process
private/courts/solicitation-request-document/hr-tc-2016-04-ml-public-opening-cost-proposals.pdf,secured-cannot-process
private/courts/solicitation-request-document/cjer-2015-03-lv-attachment-1-admin-rules.pdf,secured-cannot-process
private/courts/solicitation-request-document/ogc-adr-01a-lm-attachment-5-darfur-contracting-certification.pdf,secured-cannot-process
private/courts/solicitation-request-document/carsadd2.pdf,secured-cannot-process
private/courts/solicitation-request-document/ifb-bap-23-138rb-attach-5a-std205.pdf,secured-cannot-process
private/courts/solicitation-request-document/rfp-cfcc-2023-26-lv-attachment-8-bidder-declaration.pdf,secured-needs-approval
private/courts/solicitation-request-document/childsupport-guide-rfp-award.pdf,secured-cannot-process
private/courts/solicitation-request-document/cosso-02-14-lm-attachment-6-payee-data-record-form.pdf,secured-cannot-process
private/courts/solicitation-request-document/cbsfcdcs-rfp-attach1.pdf,secured-cannot-process
private/courts/solicitation-request-document/cfcc-2021-21-dm-intent-award.pdf,secured-cannot-process
private/courts/solicitation-request-document/tcas-20151101-01-jr-non-cost-scores.pdf,secured-cannot-process
private/courts/solicitation-request-document/hrassessment-rfp-attachd.pdf,secured-cannot-process
private/courts/solicitation-request-document/techanalysts-rfp.pdf,secured-cannot-process
private/courts/solicitation-request-document/hr-2012-01-rb-hr-2012-01-rb-attachment-4-vendor-payee-data.pdf,secured-cannot-process
private/courts/solicitation-request-document/juvcourtuserres-rfp-attach4.pdf,secured-cannot-process
private/courts/solicitation-request-document/tcas-20151101-01-jr-notice-intent.pdf,secured-cannot-process
private/courts/solicitation-request-document/thirdpartyclaims-tcservice-rfp-intent.pdf,secured-cannot-process
private/courts/solicitation-request-document/ecm-rfp-appa.pdf,secured-cannot-process
private/courts/solicitation-request-document/jcc-2019-01-cd-attachment-1-administrative-rules.pdf,secured-cannot-process
private/courts/solicitation-request-document/jbcp-2015-11-jt-qa.pdf,secured-cannot-process
private/courts/solicitation-request-document/orefm-2013-06-cc-attachment-c.pdf,secured-cannot-process
private/courts/solicitation-request-document/refm-2016-27-bd-rfp.pdf,secured-cannot-process
private/courts/solicitation-request-document/refm-2016-16-bd-rfp-attach-2-list-jcc-properties-address.pdf,secured-cannot-process
private/courts/solicitation-request-document/ccmsrfp.pdf,secured-cannot-process
private/courts/solicitation-request-document/cfcc-2018-09-cd-notice-intent-award.pdf,secured-cannot-process
private/courts/solicitation-request-document/cos-odp-201504-jr-attachment-6.pdf,secured-needs-approval
private/courts/solicitation-request-document/attachment-f-payee-data-record-form_.pdf,secured-cannot-process
private/courts/solicitation-request-document/fs-2018-13-bd-attachment-13-asbestos-management-program.pdf,secured-cannot-process
private/courts/solicitation-request-document/cfcc-2022-03-lb-attachment-6a-std204.pdf,secured-needs-approval
private/courts/solicitation-request-document/occm-2011-19-jmg-questions-and-answers.pdf,secured-cannot-process
private/courts/solicitation-request-document/asu-dc-008-lm-notice-intent-award.pdf,secured-cannot-process
private/courts/solicitation-request-document/ccmsv4int-rfp-atta.pdf,secured-cannot-process
private/courts/solicitation-request-document/cos-odp-201504-jr-attachment-2.pdf,secured-cannot-process
private/courts/solicitation-request-document/fso-2018-3-jmg-attach-6-payee_data_record.pdf,secured-needs-approval
private/courts/solicitation-request-document/calcjcduicoststudy-rfp-att1.pdf,secured-cannot-process
private/courts/solicitation-request-document/it-201509-jr-rfi-addendum-no-1.pdf,secured-cannot-process
private/courts/solicitation-request-document/rfp-42dca-19-20-01-janitorialservice-attachment-6.pdf,secured-needs-approval
private/courts/solicitation-request-document/asu-au-006-lm-attachment-2-jbe-aoc-standard-terms-and-conditions.pdf,secured-cannot-process
private/courts/solicitation-request-document/a9-payee-form1-std204.pdf,secured-needs-approval
private/courts/solicitation-request-document/mamlakes-rfp-award.pdf,secured-cannot-process
private/courts/solicitation-request-document/asu-dc-008-lm-attachment-6-submission-form-cost-proposal.pdf,secured-cannot-process
private/courts/solicitation-request-document/ecm-rfp-appe.pdf,secured-cannot-process
private/courts/solicitation-request-document/cfcc-2016-14-rbb-attachment-6-payee-data-record.pdf,secured-cannot-process
private/courts/solicitation-request-document/cfcc-032514-pcdr-cf-attachment-6-darfur.pdf,secured-cannot-process
private/courts/solicitation-request-document/orefm-2013-06-cc-attachment-1.pdf,secured-cannot-process
private/courts/solicitation-request-document/orefm-2013-06-cc-attachment-g.pdf,secured-cannot-process
private/courts/solicitation-request-document/fs-2019-07-dgf-attach-d_payee_data_record.pdf,secured-needs-approval
private/courts/solicitation-request-document/jbwcp-2019-07-dm-addendum-1.pdf,secured-cannot-process
private/courts/solicitation-request-document/hr-2021-27-dm-intent-award.pdf,secured-cannot-process
private/courts/solicitation-request-document/refm-2016-27-bd-instructions-pre-proposal-site-visit.pdf,secured-cannot-process
private/courts/solicitation-request-document/cfcc-201103-rb-attachment-4-vendor-payee-data.pdf,secured-cannot-process
private/courts/solicitation-request-document/calcjcduicoststudy-rfp.pdf,secured-cannot-process
private/courts/solicitation-request-document/ogc-adr-01a-lm-attachment-2-aoc-terms-conditions.pdf,secured-cannot-process
private/courts/solicitation-request-document/rfp-hr-2024-01-dm-qa.pdf,secured-needs-approval
private/courts/solicitation-request-document/sapc_2013-01-jmg-rfp-01-15-13.pdf,secured-cannot-process
private/courts/solicitation-request-document/cfcc-201501-jr-qna.pdf,secured-cannot-process
private/courts/solicitation-request-document/jbwcp-2019-07-dm-qa.pdf,secured-cannot-process
private/courts/solicitation-request-document/lss-2023-16-sb-attachment-6a-std204.pdf,secured-needs-approval
private/courts/solicitation-request-document/asu-dc-008-lm-notice-award.pdf,secured-cannot-process
private/courts/solicitation-request-document/com-lsd-201504-jr-attachment-3.pdf,secured-cannot-process
private/courts/solicitation-request-document/joborder-contract1010-rfp-modlegal.pdf,secured-cannot-process
private/courts/solicitation-request-document/cfcc-2022-11-lv-attachment-3-acceptance-terms-and-conditions.pdf,secured-needs-approval
private/courts/solicitation-request-document/jbcp-2015-03-jt-short-list.pdf,secured-cannot-process
private/courts/solicitation-request-document/ifb-isd-11142017-aa-attachment-7-payee-data-record.pdf,secured-cannot-process
private/courts/solicitation-request-document/cfcc-10-11-lm-exhibit-b-payment-provisions.pdf,secured-cannot-process
private/courts/solicitation-request-document/perfrel-rfp-qa.pdf,secured-cannot-process
private/courts/solicitation-request-document/thirdparty-rfp-appa.pdf,secured-needs-approval
private/courts/solicitation-request-document/hr-2013-01-rb-questions-and-answers-regarding-appendix-1.pdf,secured-cannot-process
private/courts/solicitation-request-document/rfp-refm-2016-26-sm-notice-intent-award.pdf,secured-cannot-process
private/courts/solicitation-request-document/jbcp-2016-01-jmg-rfq.pdf,secured-cannot-process
private/courts/solicitation-request-document/q.pdf,secured-cannot-process
private/courts/solicitation-request-document/childsupport-guide-rfp-attach1.pdf,secured-cannot-process
private/courts/solicitation-request-document/familyfunding-toolkit-rfp-attach4.pdf,secured-cannot-process
private/courts/solicitation-request-document/tcweb-implement-rfp-qna.pdf,secured-cannot-process
private/courts/solicitation-request-document/cfcc-2016-07-rbb-attachment-6-payee-data-record.pdf,secured-cannot-process
private/courts/solicitation-request-document/2022-37-dm-intent-award.pdf,secured-cannot-process
private/courts/solicitation-request-document/analystsupport-ccmsv3t-rfp.pdf,secured-cannot-process
private/courts/solicitation-request-document/cbsfcdcs-rfp-attach2d.pdf,secured-cannot-process
private/courts/solicitation-request-document/efiling-providers-rfi.pdf,secured-cannot-process
private/courts/solicitation-request-document/fs-2017-02-bd-rfp.pdf,secured-cannot-process
private/courts/solicitation-request-document/attachment-6-payee-data-record.pdf,secured-cannot-process
private/courts/solicitation-request-document/marin-depend-rfp-attachf.pdf,secured-cannot-process
private/courts/solicitation-request-document/attachment-6-form-submission-price-proposal-tcpjac.pdf,secured-cannot-process
private/courts/solicitation-request-document/ifb-isd-018349-aa-dell-optiplex-9020-std204-payeedatarecord.pdf,secured-cannot-process
private/courts/solicitation-request-document/rfp-fs-2021-05-mb-attachment-j-payee-data-record.pdf,secured-needs-approval
private/courts/solicitation-request-document/lss-2019-18-cd-qa-master-calendar-scheduling.pdf,secured-cannot-process
private/courts/solicitation-request-document/cfcc-031814-lcdr-cf_appx-a_jcats.pdf,secured-cannot-process
private/courts/solicitation-request-document/cos-odp-201604-psk-attachment-4.pdf,secured-cannot-process
private/courts/solicitation-request-document/hrs-03-13-ss-rfp-temp-staffing-services.pdf,secured-cannot-process
private/courts/solicitation-request-document/rfp-hr-2022-10-lv-attachment-7-payee-data-record-205.pdf,secured-cannot-process
private/courts/solicitation-request-document/creldabuseneeds-rfp.pdf,secured-cannot-process
private/courts/solicitation-request-document/attachment-7-payee-data-record-supplement.pdf,secured-cannot-process
private/courts/solicitation-request-document/eval-famfinding-pilotcounties-rfp-award.pdf,secured-cannot-process
private/courts/solicitation-request-document/itso-17-04-rbb-attachment-6-payee-data.pdf,secured-cannot-process
private/courts/solicitation-request-document/refm-2016-27-bd-attach-3-sample-agreement-revision-1.pdf,secured-cannot-process
private/courts/solicitation-request-document/cjer-hb-0712-lm-intent-award.pdf,secured-cannot-process
private/courts/solicitation-request-document/it-2020-64-rb-notice-intent-posting.pdf,secured-cannot-process
private/courts/solicitation-request-document/oas-2018-06-cd-rfp-site-catering-san-francisco.pdf,secured-cannot-process
private/courts/solicitation-request-document/tcas-2021-02-aj-attachment-3-proposers-acceptance-terms-and-and-conditions.pdf,secured-needs-approval
private/courts/solicitation-request-document/refm-2016-04-jp-attachment-1-standard-master-agreement-ceqa-jp.pdf,secured-cannot-process
private/courts/solicitation-request-document/cos-odp-201604-psk-attachment-5.pdf,secured-cannot-process
private/courts/solicitation-request-document/cfcc-2018-07-cd-rfp-star-court-evaluation-project.pdf,secured-cannot-process
private/courts/solicitation-request-document/familyfunding-toolkit-rfp-noquestion.pdf,secured-cannot-process
private/courts/solicitation-request-document/evalcivinst-rfp-atta.pdf,secured-cannot-process
private/courts/solicitation-request-document/bap-2023-19-sb-attachment-7-unruh.pdf,secured-needs-approval
private/courts/solicitation-request-document/attachment3-parkingfacilityspecifications.pdf,secured-cannot-process
private/courts/solicitation-request-document/snapshot-rfp-att2c.pdf,secured-cannot-process
private/courts/solicitation-request-document/ecm-rfp.pdf,secured-cannot-process
private/courts/solicitation-request-document/modular-rfp-att5.pdf,secured-cannot-process
private/courts/solicitation-request-document/it-2022-06-lb-attachment-1-administrative-rules-it-goods.pdf,secured-cannot-process
private/courts/solicitation-request-document/ccms-transitionv3-rfp.pdf,secured-cannot-process
private/courts/solicitation-request-document/callcenter-services-rfq-rev1.pdf,secured-cannot-process
private/courts/solicitation-request-document/orefm-2013-06-cc-attachment.pdf,secured-cannot-process
private/courts/solicitation-request-document/jcc-2019-01-cd-intent-award.pdf,secured-cannot-process
private/courts/solicitation-request-document/it-2023-50-dm-addendum-3.pdf,secured-cannot-process
private/courts/solicitation-request-document/rfp-cfcc-2023-05-lv-update-every-child-every-hearing-booklet.pdf,secured-needs-approval
private/courts/solicitation-request-document/cbsfcdcs-rfp-attach2e.pdf,secured-cannot-process
private/courts/solicitation-request-document/bap-2017-01-pc-exhibit-9.pdf,secured-cannot-process
private/courts/solicitation-request-document/it-2022-38-dm-attachment-1-administrative-rules.pdf,secured-cannot-process
private/courts/solicitation-request-document/fs-2018-26-bd-attachment-h-payee-data-record.pdf,secured-needs-approval
private/courts/solicitation-request-document/attachment-fs-2020-15-bd-administrative-rules-governing-rfps.pdf,secured-needs-approval
private/courts/solicitation-request-document/coa2d-1-2014-attachment-6-conflict-interest-certification-form.pdf,secured-cannot-process
private/courts/solicitation-request-document/rfpocr-2023-25-lv-attachment-7-unruh-and-feha-certification.pdf,secured-cannot-process
private/courts/solicitation-request-document/hrso-04-13-ss-attachment-4-vendor-payee-data.pdf,secured-cannot-process
private/courts/solicitation-request-document/cip-2022-39-dm-attachment-1-administrative-rules.pdf,secured-cannot-process
private/courts/solicitation-request-document/rfp_tv_attachment_4_payee_data_record_form__std_204_2003_.pdf,secured-cannot-process
private/courts/solicitation-request-document/fso-2018-23-jr-attachment-d-sample-agreement.pdf,secured-cannot-process
private/courts/solicitation-request-document/refm-2016-27-bd-request-proposal-revision-1.pdf,secured-cannot-process
private/courts/solicitation-request-document/rfp_cfcc0211lm-intent.pdf,secured-cannot-process
private/courts/solicitation-request-document/susanville-gencontractors-rfq-attachd.pdf,secured-cannot-process
private/courts/solicitation-request-document/cancellation-notice-rfp-it-2022-38-dm.pdf,secured-cannot-process
private/courts/solicitation-request-document/cjs-2018-01-cd-questions-and-answers.pdf,secured-cannot-process
private/courts/solicitation-request-document/com-lsd-201504-jr-attachment-2.pdf,secured-cannot-process
private/courts/solicitation-request-document/cfcc-2017-08-ml-questions-and-answers.pdf,secured-cannot-process
private/courts/solicitation-request-document/native-curriculumdev-rfp-qna.pdf,secured-cannot-process
private/courts/solicitation-request-document/ecm_add_1_appendix_a_dms_requirements.pdf,secured-cannot-process
private/courts/solicitation-request-document/eval-famfinding-pilotcounties-rfp-notice.pdf,secured-cannot-process
private/courts/solicitation-request-document/fso-2018-08-jr-notice-answer-questions.pdf,secured-cannot-process
private/courts/solicitation-request-document/feltrial-rfp-attach4.pdf,secured-cannot-process
private/courts/solicitation-request-document/juvcourtuserres-rfp-attach1.pdf,secured-cannot-process
private/courts/solicitation-request-document/cbsfcdcs-rfp-attach4.pdf,secured-cannot-process
private/courts/solicitation-request-document/intent-award-notice-eop-201101-rb.pdf,secured-cannot-process
private/courts/solicitation-request-document/cjer-030614-oscsf-cf-attachment-8-checklist.pdf,secured-cannot-process
private/courts/solicitation-request-document/orefm-2013-06-cc-attachment-f.pdf,secured-cannot-process
private/courts/solicitation-request-document/formtrans_att_a_administrative_rules.pdf,secured-cannot-process
private/courts/solicitation-request-document/coa2d-1-2014-attachment-5-cost-proposal-cover.pdf,secured-cannot-process
private/courts/solicitation-request-document/cfcc-2022-01-sb-attachment-6a-std204.pdf,secured-needs-approval
private/courts/solicitation-request-document/snapshot-rfp-att3.pdf,secured-cannot-process
private/courts/solicitation-request-document/tempstaff-rfp-atta.pdf,secured-cannot-process
private/courts/solicitation-request-document/eval-famfinding-pilotcounties-rfp.pdf,secured-cannot-process
private/courts/solicitation-request-document/ccms-transitionv3-rfp-qna.pdf,secured-cannot-process
private/courts/solicitation-request-document/ecm-rfp-appd.pdf,secured-cannot-process
private/courts/solicitation-request-document/cjer-030614-oscsf-cf-content.pdf,secured-cannot-process
private/courts/solicitation-request-document/stream_vid_rfp.pdf,secured-cannot-process
private/courts/solicitation-request-document/statebasedcs-rfp-list.pdf,secured-cannot-process
private/courts/solicitation-request-document/confplansvcs-rfp-qa.pdf,secured-cannot-process
private/courts/solicitation-request-document/cos-odp-201504-jr-attachment-3.pdf,secured-cannot-process
private/courts/solicitation-request-document/rfp082205_vdr-std204.pdf,secured-cannot-process
private/courts/solicitation-request-document/rfp-hr-2024-02-lv-addendum-1.pdf,secured-cannot-process
private/courts/solicitation-request-document/cfcc-2019-16-cd-intent-award.pdf,secured-cannot-process
private/courts/solicitation-request-document/calcjcduicoststudy-rfp-att2.pdf,secured-cannot-process
private/courts/solicitation-request-document/cos-odp-201504-jr-attachment-1.pdf,secured-cannot-process
private/courts/solicitation-request-document/sacramento-dependrep-rfp-appd.pdf,secured-cannot-process
private/courts/solicitation-request-document/attachment-3-vendors-acceptance-rfps-contract-terms.pdf,secured-cannot-process
private/courts/solicitation-request-document/ccmsv4int-rfp-attb.pdf,secured-cannot-process
private/courts/solicitation-request-document/bsa-webdev-rfp-attach4.pdf,secured-cannot-process
private/courts/solicitation-request-document/rfp-jcc-2023-11-sb_attachment-6a_std204.pdf,secured-needs-approval
private/courts/solicitation-request-document/cfcc-10-11-lm-table-contents.pdf,secured-cannot-process
private/courts/solicitation-request-document/cpas-201101-rb-attachment-2-revision-1.pdf,secured-cannot-process
private/courts/solicitation-request-document/feltrial-rfp-intent.pdf,secured-cannot-process
private/courts/solicitation-request-document/orefm-2013-06-cc-attachment-2.pdf,secured-cannot-process
private/courts/solicitation-request-document/tempstaff-rfp-attc.pdf,secured-cannot-process
private/courts/solicitation-request-document/4-2-rfp-13-14-05-notice_of_cancellation.pdf,secured-cannot-process
private/courts/solicitation-request-document/snapshot-rfp-att1.pdf,secured-cannot-process
private/courts/solicitation-request-document/os-20150901-rapiscan-jr-public-opening.pdf,secured-cannot-process
private/courts/solicitation-request-document/ecm-rfp-appf.pdf,secured-cannot-process
private/courts/solicitation-request-document/vps-rfp.pdf,secured-cannot-process
private/courts/solicitation-request-document/it-2019-11-lb-questions-answers.pdf,secured-cannot-process
private/courts/solicitation-request-document/orefm-2013-06-cc-attachment-d.pdf,secured-cannot-process
private/courts/solicitation-request-document/rfp-fs-2021-19-al-attach-8b-payee-data-record-supplement.pdf,secured-cannot-process
private/courts/solicitation-request-document/rfp-fs-2019-04-lb-notice-cancellation.pdf,secured-cannot-process
private/courts/solicitation-request-document/42-rfp-13-14-04_housekeeping-janitorial_addendum-1.pdf,secured-cannot-process
private/courts/solicitation-request-document/insurebrokerage-occm-rfp-qna.pdf,secured-cannot-process
private/courts/solicitation-request-document/juvcourtuserres-rfp-attach3.pdf,secured-cannot-process
private/courts/solicitation-request-document/fs-2020-04-bd-notice-short-listed-contractors.pdf,secured-needs-approval
private/courts/solicitation-request-document/rfpfs202310mb-attach-a_administrative-rules.pdf,secured-needs-approval
private/courts/solicitation-request-document/asu-td-005-nn-attachment-7-conflict-interest-certification-form.pdf,secured-cannot-process
private/courts/solicitation-request-document/occm-2011-16-jmg-list-proposals-received-12-13-11.pdf,secured-cannot-process
private/courts/solicitation-request-document/hrso-04-13-ss-attachment-1-admin-rules.pdf,secured-cannot-process
private/courts/solicitation-request-document/rfp-fs-2021-18-al-attach-std205-payee-data-record-supplement.pdf,secured-cannot-process
private/courts/solicitation-request-document/rfp-cfcc-2025-06-dm-qa.pdf,secured-cannot-process
private/courts/solicitation-request-document/refm-2016-27-bd-request-proposal-revision-3.pdf,secured-cannot-process
private/courts/solicitation-request-document/thirdparty-rfp-appb.pdf,secured-needs-approval
private/courts/solicitation-request-document/cfcc-2022-33-dm-attachment-7-std205.pdf,secured-cannot-process
private/courts/solicitation-request-document/ifb-isd-053014-aa-std204-payee-data-record.pdf,secured-cannot-process
private/courts/solicitation-request-document/fs-2019-11-bd-attachment-f_payee_data_record.pdf,secured-needs-approval
private/courts/solicitation-request-document/testadmin-rfp-rescission.pdf,secured-cannot-process
private/courts/solicitation-request-document/itso-11-13-lm-addendum-1.pdf,secured-cannot-process
private/courts/solicitation-request-document/childsupport-guide-rfp-attach2.pdf,secured-cannot-process
private/courts/solicitation-request-document/clasp-lns2015-language-study-attachment-2-terms-cond.pdf,secured-cannot-process
private/courts/solicitation-request-document/firstaidtraining-rfi.pdf,secured-cannot-process
private/courts/solicitation-request-document/aoclanwanprojman-rfp-attach4.pdf,secured-cannot-process
private/courts/solicitation-request-document/jip-2019-05-dm-intent-award.pdf,secured-cannot-process
private/courts/solicitation-request-document/ogc-adr-03-nn-attachment-2-aoc-terms-conditions.pdf,secured-cannot-process
private/courts/solicitation-request-document/famlawworkres-rfp-qna.pdf,secured-cannot-process
private/courts/solicitation-request-document/snapshot-rfp-att2a.pdf,secured-cannot-process
private/courts/solicitation-request-document/rfp-hr-2020-24-cd-ergonomic-assessments-master-agreement.pdf,secured-needs-approval
private/courts/solicitation-request-document/cfcc-2016-08-lv-rfp.pdf,secured-cannot-process
private/courts/solicitation-request-document/clasp-lns2015-2015-language-study-rfp-addendum-1.pdf,secured-cannot-process
private/courts/solicitation-request-document/fin032811ck-notice-award.pdf,secured-cannot-process
private/courts/solicitation-request-document/revisedattachment3-parkingfacilityspecifications.pdf,secured-cannot-process
private/courts/solicitation-request-document/adr-032814-rb-translation-videos-intent-award.pdf,secured-cannot-process
private/courts/solicitation-request-document/cos-odp-201604-psk-attachment-7.pdf,secured-cannot-process
private/courts/solicitation-request-document/asu-td-005-nn-attachment-5-form-submission-technical-proposal.pdf,secured-cannot-process
private/courts/solicitation-request-document/ogc-adr-01a-lm-cancellation-notice.pdf,secured-cannot-process
private/courts/solicitation-request-document/qanda-cfcc-2020-22-cd.pdf,secured-needs-approval
private/courts/solicitation-request-document/it-2022-38-dm-attachment-6b-std205.pdf,secured-cannot-process
private/courts/solicitation-request-document/attachment-f-fs-2020-15-bd-payee-data-record.pdf,secured-needs-approval
private/courts/solicitation-request-document/cip-2022-39-dm-technical-scores.pdf,secured-cannot-process
private/courts/solicitation-request-document/ccporappdev-rfp-att4.pdf,secured-cannot-process
private/courts/solicitation-request-document/cjer-2022-40-dm-attachment-1-workbench-administrative-rules.pdf,secured-cannot-process
private/courts/solicitation-request-document/evalcivinst-rfp-attb.pdf,secured-cannot-process
private/courts/solicitation-request-document/occm-2011-19-jmg-cafm-upgrade-contract-final-12-10-12.pdf,secured-cannot-process
private/courts/solicitation-request-document/cos-odp-201604-psk-attachment-6.pdf,secured-cannot-process
private/courts/solicitation-request-document/reas-rfp-vdrfrm.pdf,secured-cannot-process
private/courts/solicitation-request-document/cosso-02-14-lm-intent-award.pdf,secured-cannot-process
private/courts/solicitation-request-document/cfcc-10-13-lm-rfp.pdf,secured-cannot-process
private/courts/solicitation-request-document/rfp-ocr-2023-25-lv-attachment-6b-payee-data-record-supplement-205.pdf,secured-cannot-process
private/courts/solicitation-request-document/rfp-cfcc-2023-26-lv-attachment-3-acceptance-terms-conditions.pdf,secured-needs-approval
private/courts/solicitation-request-document/vps_rfp_addendum2.pdf,secured-cannot-process
private/courts/solicitation-request-document/designconstruct-engineerservices11-rfp-attachd.pdf,secured-cannot-process
private/courts/solicitation-request-document/hrs-03-13-ss-attachment-5-darfur-cert.pdf,secured-cannot-process
private/courts/solicitation-request-document/hrso-04-13-ss-questions-and-answers.pdf,secured-cannot-process
private/courts/solicitation-request-document/refm-2014-04-jmg-payee-data-record-form.pdf,secured-cannot-process
private/courts/solicitation-request-document/cfcc-10-13-qa.pdf,secured-cannot-process
private/courts/solicitation-request-document/titleescrow-rfp-legal.pdf,secured-cannot-process
private/courts/solicitation-request-document/com-lsd-201504-jr-online-newsroom-project-rfp.pdf,secured-cannot-process
private/courts/solicitation-request-document/rfp-fs-2022-10-xc-attach-8b-payee-data-record-supplement.pdf,secured-cannot-process
private/courts/solicitation-request-document/cfcc-10-11-lm-attachment-4-payee-data-record-form.pdf,secured-cannot-process
private/courts/solicitation-request-document/4-2-13-14-07-lm-attachment-6-payee-data-record-form.pdf,secured-cannot-process
private/courts/solicitation-request-document/planrevsanbern-rfp.pdf,secured-cannot-process
private/courts/solicitation-request-document/rfq-fso-2019-06-jp_attach_j_judicial_council_tool_control_policy.pdf,secured-cannot-process
private/courts/solicitation-request-document/refm-2016-27-bd-attach-3-sample-agreement.pdf,secured-cannot-process
private/courts/solicitation-request-document/cfcc-012414-acdr-cf-attachment-7-conflict-int-cert.pdf,secured-cannot-process
private/courts/solicitation-request-document/ifb-050416-rb-attachment-8-payee-data-record-204a.pdf,secured-cannot-process
private/courts/solicitation-request-document/realdui-rfp-atte.pdf,secured-cannot-process
private/courts/solicitation-request-document/gcportola-rfq-vendata.pdf,secured-cannot-process
private/courts/solicitation-request-document/fs-2019-09-bd-attachment-b-jcc-standard-terms-and-conditions.pdf,secured-needs-approval
private/courts/solicitation-request-document/feltrial-rfp-qna.pdf,secured-cannot-process
private/courts/solicitation-request-document/refm-2016-27-bd-request-proposal-revision-2.pdf,secured-cannot-process
private/courts/solicitation-request-document/thirdparty-rfp-appc.pdf,secured-cannot-process
private/courts/solicitation-request-document/landsurvey-occm-rfp-legal.pdf,secured-cannot-process
private/courts/solicitation-request-document/cos-odp-201604-psk-qa.pdf,secured-cannot-process
private/courts/solicitation-request-document/cjer92013-lv-attachment-2-jbcl-appendix.pdf,secured-cannot-process
private/courts/solicitation-request-document/tcas-2021-02-aj-attachment-7-electronic-funds-transfer-authorization.pdf,secured-cannot-process
private/courts/solicitation-request-document/cfcc-sandiego-dependencyrep-rfp-appendixe.pdf,secured-cannot-process
private/courts/solicitation-request-document/attachment-3-proposers-acceptance-terms-and-cond.pdf,secured-cannot-process
private/courts/solicitation-request-document/com-lsd-201504-jr-attachment-1.pdf,secured-cannot-process
private/courts/solicitation-request-document/42-rfp-13-14-04_housekeeping-janitorial-attachment-5_darfur-certification.pdf,secured-cannot-process
private/courts/solicitation-request-document/4-2-rfp-13-14-05-attachment-1-admin-rules.pdf,secured-cannot-process
private/courts/solicitation-request-document/rfp-bap-2023-56-dm-attachment-5b-std205.pdf,secured-cannot-process
private/courts/solicitation-request-document/prequalchulavista-rfq-vendordata.pdf,secured-cannot-process
private/courts/solicitation-request-document/occm-2011-13-gs-letter-intent.pdf,secured-cannot-process
private/courts/solicitation-request-document/cfcc-08-12-lm-attachment-7-conflict-interest-certification-form.pdf,secured-cannot-process
private/courts/solicitation-request-document/tvtrans_add1.pdf,secured-cannot-process
private/courts/solicitation-request-document/landsurvey-occm-rfp.pdf,secured-cannot-process
private/courts/solicitation-request-document/juvcourtuserres-rfp-attach2.pdf,secured-cannot-process
private/courts/solicitation-request-document/qual-arch-eng-rfq-pm-participants.pdf,secured-cannot-process
private/courts/solicitation-request-document/it-072414-wxrp-cf_attachment-2-contract-ts-cs.pdf,secured-cannot-process
private/courts/solicitation-request-document/cfcc-2022-04-lv-attachment-7-payee-data-record-205.pdf,secured-cannot-process
private/courts/solicitation-request-document/asu-td-005-nn-attachment-1-admin-rules-non-it-services.pdf,secured-cannot-process
private/courts/solicitation-request-document/cfcc-032514-pcdr-cf-appendix-screen-shots.pdf,secured-cannot-process
private/courts/solicitation-request-document/42-rfp-13-14-04_housekeeping-janitorial-attachment-1_admin-rules.pdf,secured-cannot-process
private/courts/solicitation-request-document/orefm-2013-06-cc-attachment-e.pdf,secured-cannot-process
private/courts/solicitation-request-document/rfp-fs-2025-05-el-title-and-escrow-consulting-services.pdf,secured-needs-approval
private/courts/solicitation-request-document/rfp-cfcc-2023-26-lv-attachment-9-dvbe-declaration.pdf,secured-needs-approval
private/courts/solicitation-request-document/ecm-rfp-appg.pdf,secured-cannot-process
private/courts/solicitation-request-document/bsa-webdev-rfp.pdf,secured-cannot-process
private/courts/solicitation-request-document/refm-2014-04-jmg-rfp-title-escrow-and-related-services.pdf,secured-cannot-process
private/courts/solicitation-request-document/cfcc-13-13-lm-attachment-3-proposers-acceptance-terms-conditions.pdf,secured-cannot-process
private/courts/solicitation-request-document/fin-201505-ml-attachment-2-judicial-council-standard-terms-and-conditions.pdf,secured-cannot-process
private/courts/solicitation-request-document/cfcc-14-01-rb-event-management-system-cancellation.pdf,secured-cannot-process
private/courts/solicitation-request-document/hrso-04-13-ss-attachment-8-pricing-form.pdf,secured-cannot-process
private/courts/solicitation-request-document/rfp-bap23-155rb-attach-6b-std205.pdf,secured-cannot-process
private/courts/solicitation-request-document/calcjcduicoststudy-rfp-att3.pdf,secured-cannot-process
private/courts/solicitation-request-document/asu-dc-008-lm-table-contents.pdf,secured-cannot-process
private/courts/solicitation-request-document/asu-td-005-nn-attachment-6-form-submission-price-proposal.pdf,secured-cannot-process
private/courts/solicitation-request-document/realestappserv-rfp.pdf,secured-cannot-process
private/courts/2025-12/mc420.pdf,secured-cannot-process
private/courts/2025-12/fl643c.pdf,secured-needs-approval
private/courts/2025-12/jv583.pdf,secured-cannot-process
private/courts/2025-12/dv850.pdf,secured-cannot-process
private/courts/2025-12/gv830.pdf,secured-cannot-process
private/courts/2025-12/fl643v.pdf,secured-needs-approval
private/courts/2025-12/sv820.pdf,secured-cannot-process
private/courts/2025-12/sv830.pdf,secured-cannot-process
private/courts/2025-12/jv584.pdf,secured-cannot-process
private/courts/2025-12/fl635c.pdf,secured-needs-approval
private/courts/2025-12/gv820.pdf,secured-cannot-process
private/courts/2025-12/jv585.pdf,secured-cannot-process
private/courts/2025-12/wg015.pdf,secured-cannot-process
private/courts/2025-12/wg017.pdf,secured-cannot-process
private/courts/2025-12/cr127.pdf,secured-cannot-process
private/courts/2025-12/jv587.pdf,secured-cannot-process
private/courts/2025-12/fl635v.pdf,secured-needs-approval
private/courts/2025-12/jv586.pdf,secured-cannot-process
private/courts/2025-12/fl311info.pdf,secured-cannot-process
private/courts/2025-12/cr800.pdf,secured-cannot-process
private/courts/2025-12/jv720.pdf,secured-cannot-process
private/courts/2025-12/ej138.pdf,secured-cannot-process
private/courts/2025-12/jv721.pdf,secured-cannot-process
private/courts/2025-12/sv840.pdf,secured-cannot-process
private/courts/2025-12/jv723.pdf,secured-cannot-process
private/courts/2025-12/fl700.pdf,secured-cannot-process
private/courts/2025-12/dv105info.pdf,secured-cannot-process
private/courts/2025-12/jv722.pdf,secured-cannot-process
private/courts/2025-12/fl710.pdf,secured-cannot-process
private/courts/2025-12/sv850.pdf,secured-cannot-process
private/courts/2025-12/cr800info.pdf,secured-needs-approval
private/courts/2025-12/gv840.pdf,secured-cannot-process
private/courts/2025-12/gc342.pdf,secured-cannot-process
private/courts/2025-12/dv150.pdf,secured-cannot-process
private/courts/2025-12/wv840.pdf,secured-cannot-process
private/courts/2025-12/ea850.pdf,secured-cannot-process
private/courts/2025-12/fl688c.pdf,secured-needs-approval
private/courts/2025-12/ch830.pdf,secured-cannot-process
private/courts/2025-12/cr163.pdf,secured-cannot-process
private/courts/2025-12/fl688v.pdf,secured-needs-approval
private/courts/2025-12/fl720.pdf,secured-cannot-process
private/courts/2025-12/fl693c.pdf,secured-needs-approval
private/courts/2025-12/jv276.pdf,secured-cannot-process
private/courts/2025-12/ej137.pdf,secured-cannot-process
private/courts/2025-12/cr830.pdf,secured-cannot-process
private/courts/2025-12/ej135.pdf,secured-cannot-process
private/courts/2025-12/ch820.pdf,secured-cannot-process
private/courts/2025-12/wv850.pdf,secured-cannot-process
private/courts/2025-12/ea840.pdf,secured-cannot-process
private/courts/2025-12/fl693v.pdf,secured-needs-approval
private/courts/2025-12/fl616c.pdf,secured-needs-approval
private/courts/2025-12/fl351.pdf,secured-cannot-process
private/courts/2025-12/fl635.pdf,secured-cannot-process
private/courts/2025-12/wg018.pdf,secured-cannot-process
private/courts/2025-12/fl700info.pdf,secured-cannot-process
private/courts/2025-12/jv588.pdf,secured-cannot-process
private/courts/2025-12/wv820.pdf,secured-cannot-process
private/courts/2025-12/ea830.pdf,secured-cannot-process
private/courts/2025-12/jv720info.pdf,secured-cannot-process
private/courts/2025-12/ch850.pdf,secured-cannot-process
private/courts/2025-12/fl616v.pdf,secured-needs-approval
private/courts/2025-12/jv576.pdf,secured-cannot-process
private/courts/2025-12/cr840.pdf,secured-cannot-process
private/courts/2025-12/cr850.pdf,secured-cannot-process
private/courts/2025-12/ch840.pdf,secured-cannot-process
private/courts/2025-12/fl635k.pdf,secured-needs-approval
private/courts/2025-12/wv830.pdf,secured-cannot-process
private/courts/2025-12/ea820.pdf,secured-cannot-process
private/courts/2025-12/cr104.pdf,secured-cannot-process
private/courts/2025-12/clets002.pdf,secured-cannot-process
private/courts/2024-12/Amendment-3-Superior-Court-Of-California-and-Staples_1.pdf,secured-needs-approval
private/courts/2024-12/Amendment-3-Superior-Court-Of-California-and-Staples.pdf,secured-needs-approval
private/courts/2024-12/9. Timekeeping and STARS-Handout.pdf,secured-needs-approval
private/courts/2025-02/bof1022s.pdf,secured-needs-approval
private/courts/2025-05/gv120infoc.pdf,secured-needs-approval
private/courts/2025-05/dv320s.pdf,secured-needs-approval
private/courts/2025-05/dv300infot.pdf,secured-needs-approval
private/courts/2025-05/dv300infoc.pdf,secured-needs-approval
private/courts/2025-05/dv100c.pdf,secured-needs-approval
private/courts/2025-05/dv120t.pdf,secured-needs-approval
private/courts/2025-05/dv316s.pdf,secured-needs-approval
private/courts/2025-05/dv100v.pdf,secured-needs-approval
private/courts/2025-05/gv109v.pdf,secured-needs-approval
private/courts/2025-05/dv300s.pdf,secured-needs-approval
private/courts/2025-05/dv300infov.pdf,secured-needs-approval
private/courts/2025-05/gv120infov.pdf,secured-needs-approval
private/courts/2025-05/dv316v.pdf,secured-needs-approval
private/courts/2025-05/dv100s.pdf,secured-needs-approval
private/courts/2025-05/gv020v.pdf,secured-needs-approval
private/courts/2025-05/dv300infos.pdf,secured-needs-approval
private/courts/2025-05/fw001gcv.pdf,secured-needs-approval
private/courts/2025-05/dv320c.pdf,secured-needs-approval
private/courts/2025-05/fl320c.pdf,secured-needs-approval
private/courts/2025-05/fw001c.pdf,secured-needs-approval
private/courts/2025-05/fw001v.pdf,secured-needs-approval
private/courts/2025-05/fl320v.pdf,secured-needs-approval
private/courts/2025-05/dv320v.pdf,secured-needs-approval
private/courts/2025-05/fw001gcc.pdf,secured-needs-approval
private/courts/2025-05/dv300c.pdf,secured-needs-approval
private/courts/2025-05/gv020c.pdf,secured-needs-approval
private/courts/2025-05/dv316t.pdf,secured-needs-approval
private/courts/2025-05/dv316c.pdf,secured-needs-approval
private/courts/2025-05/gv030s.pdf,secured-needs-approval
private/courts/2025-05/dv310s.pdf,secured-needs-approval
private/courts/2025-05/fl320infov.pdf,secured-needs-approval
private/courts/2025-05/cr102s.pdf,secured-needs-approval
private/courts/2025-05/dv325k.pdf,secured-needs-approval
private/courts/2025-05/dv105ak.pdf,secured-needs-approval
private/courts/2025-05/cr160k.pdf,secured-needs-approval
private/courts/2025-05/cr162c.pdf,secured-needs-approval
private/courts/2025-05/cr162v.pdf,secured-needs-approval
private/courts/2025-05/fl632v.pdf,secured-needs-approval
private/courts/2025-05/fl320infoc.pdf,secured-needs-approval
private/courts/2025-05/fl192c.pdf,secured-needs-approval
private/courts/2025-05/dv330s.pdf,secured-needs-approval
private/courts/2025-05/gc335c.pdf,secured-needs-approval
private/courts/2025-05/fl632s.pdf,secured-needs-approval
private/courts/2025-05/gv020infok.pdf,secured-needs-approval
private/courts/2025-05/dv310c.pdf,secured-needs-approval
private/courts/2025-05/gv030c.pdf,secured-needs-approval
private/courts/2025-05/dv330v.pdf,secured-needs-approval
private/courts/2025-05/gv120k.pdf,secured-needs-approval
private/courts/2025-05/dv330c.pdf,secured-needs-approval
private/courts/2025-05/cr210s.pdf,secured-needs-approval
private/courts/2025-05/gv030v.pdf,secured-needs-approval
private/courts/2025-05/dv310v.pdf,secured-needs-approval
private/courts/2025-05/gc335v.pdf,secured-needs-approval
private/courts/2025-05/cr160c.pdf,secured-needs-approval
private/courts/2025-05/dv105ac.pdf,secured-needs-approval
private/courts/2025-05/fl632infov.pdf,secured-needs-approval
private/courts/2025-05/dv325c.pdf,secured-needs-approval
private/courts/2025-05/gv100infoc.pdf,secured-needs-approval
private/courts/2025-05/gv100infov.pdf,secured-needs-approval
private/courts/2025-05/dv325v.pdf,secured-needs-approval
private/courts/2025-05/dv305c.pdf,secured-needs-approval
private/courts/2025-05/fl632infoc.pdf,secured-needs-approval
private/courts/2025-05/cr160v.pdf,secured-needs-approval
private/courts/2025-05/gv100v.pdf,secured-needs-approval
private/courts/2025-05/gv030k.pdf,secured-needs-approval
private/courts/2025-05/cr161v.pdf,secured-needs-approval
private/courts/2025-05/gv020infoc.pdf,secured-needs-approval
private/courts/2025-05/gc120c.pdf,secured-needs-approval
private/courts/2025-05/dv105as.pdf,secured-needs-approval
private/courts/2025-05/cr160s.pdf,secured-needs-approval
private/courts/2025-05/dv305s.pdf,secured-needs-approval
private/courts/2025-05/gc120v.pdf,secured-needs-approval
private/courts/2025-05/gv020infov.pdf,secured-needs-approval
private/courts/2025-05/cr161c.pdf,secured-needs-approval
private/courts/2025-05/gv100c.pdf,secured-needs-approval
private/courts/2025-05/fl105v.pdf,secured-needs-approval
private/courts/2025-05/gv120v.pdf,secured-needs-approval
private/courts/2025-05/fl342c.pdf,secured-needs-approval
private/courts/2025-05/dv100k.pdf,secured-needs-approval
private/courts/2025-05/dv300infok.pdf,secured-needs-approval
private/courts/2025-05/dv315c.pdf,secured-needs-approval
private/courts/2025-05/dv315v.pdf,secured-needs-approval
private/courts/2025-05/ea100infov.pdf,secured-needs-approval
private/courts/2025-05/gv130s.pdf,secured-needs-approval
private/courts/2025-05/fl342v.pdf,secured-needs-approval
private/courts/2025-05/dv315s.pdf,secured-needs-approval
private/courts/2025-05/fl302v.pdf,secured-needs-approval
private/courts/2025-05/gv130v.pdf,secured-needs-approval
private/courts/2025-05/gv110v.pdf,secured-needs-approval
private/courts/2025-05/gv020k.pdf,secured-needs-approval
private/courts/2025-05/gv130c.pdf,secured-needs-approval
private/courts/2025-05/fl302c.pdf,secured-needs-approval
private/courts/2025-05/care101cm.pdf,secured-needs-approval
private/courts/2026-01/dv140s.pdf,secured-needs-approval
private/courts/2026-01/ea716s.pdf,secured-needs-approval
private/courts/2026-01/de305v.pdf,secured-needs-approval
private/courts/2026-01/dv140t.pdf,secured-needs-approval
private/courts/2026-01/dv150s.pdf,secured-needs-approval
private/courts/2026-01/dv105infok.pdf,secured-needs-approval
private/courts/2026-01/dv850k.pdf,secured-needs-approval
private/courts/2026-01/dv150c.pdf,secured-needs-approval
private/courts/2026-01/dv150t.pdf,secured-needs-approval
private/courts/2026-01/dv105infoc.pdf,secured-needs-approval
private/courts/2026-01/dv850t.pdf,secured-needs-approval
private/courts/2026-01/dv105infot.pdf,secured-needs-approval
private/courts/2026-01/dv850c.pdf,secured-needs-approval
private/courts/2026-01/dv850s.pdf,secured-needs-approval
private/courts/2026-01/dv105infos.pdf,secured-needs-approval
private/courts/2026-01/ch100infov.pdf,secured-needs-approval
private/courts/2025-10/jv792k.pdf,secured-needs-approval
private/courts/2025-10/care102s.pdf,secured-needs-approval
private/courts/2025-10/de310k.pdf,secured-needs-approval
private/courts/2025-10/adopt203s.pdf,secured-needs-approval
private/courts/2025-10/care118s.pdf,secured-needs-approval
private/courts/2025-10/adopt200k.pdf,secured-needs-approval
private/courts/2025-10/adopt215c.pdf,secured-needs-approval
private/courts/2025-10/adopt203c.pdf,secured-needs-approval
private/courts/2025-10/care102c.pdf,secured-needs-approval
private/courts/2025-10/care119s.pdf,secured-needs-approval
private/courts/2025-10/cr164s.pdf,secured-needs-approval
private/courts/2025-10/cr110k.pdf,secured-needs-approval
private/courts/2025-10/de315s.pdf,secured-needs-approval
private/courts/2025-10/adopt210k.pdf,secured-needs-approval
private/courts/2025-10/adopt230k.pdf,secured-needs-approval
private/courts/2025-10/de300k.pdf,secured-needs-approval
private/courts/2025-10/adopt210c.pdf,secured-needs-approval
private/courts/2025-10/de315k.pdf,secured-needs-approval
private/courts/2025-10/cr101s.pdf,secured-needs-approval
private/courts/2025-10/jv790k.pdf,secured-needs-approval
private/courts/2025-10/care119k.pdf,secured-needs-approval
private/courts/2025-10/cr164k.pdf,secured-needs-approval
private/courts/2025-10/adopt200c.pdf,secured-needs-approval
private/courts/2025-10/adopt310k.pdf,secured-needs-approval
private/courts/2025-10/cr110s.pdf,secured-needs-approval
private/courts/2025-10/care102k.pdf,secured-needs-approval
private/courts/2025-10/adopt203k.pdf,secured-needs-approval
private/courts/2025-10/adopt215k.pdf,secured-needs-approval
private/courts/2025-10/care118k.pdf,secured-needs-approval
private/courts/2025-10/jv790s_0.pdf,secured-needs-approval
private/courts/2025-10/cr112k.pdf,secured-needs-approval
private/courts/2025-10/de305k.pdf,secured-needs-approval
private/courts/2024-11/AB129-DSSACL-I-0506.pdf,secured-needs-approval
private/courts/opinion-citing/s255262-link6.pdf,secured-cannot-process
private/courts/opinion-citing/s230899-link2.pdf,secured-cannot-process
private/courts/opinion-citing/s255262-link4.pdf,secured-cannot-process
private/courts/opinion-citing/s230899-link1.pdf,secured-cannot-process
private/courts/opinion-citing/s255262-link1.pdf,secured-cannot-process
private/courts/opinion-citing/s255262-link2.pdf,secured-cannot-process
private/courts/opinion-citing/s248130-link3.pdf,secured-needs-approval
private/courts/opinion-citing/s244157-link1.pdf,secured-cannot-process
private/courts/2024-10/AB_1058_Timekeeping_Handbook_021523.pdf,secured-cannot-process
private/courts/2024-10/Title-IV-D-AB1058-Child-Support-Commissioner-and-Family-Law-Facilitator-Program-Grant-Manual-FY2024-25.pdf,secured-needs-approval
private/courts/2024-10/AB_1058_Program_Background_Policy_Services_21523.pdf,secured-needs-approval
private/courts/2024-10/AB_1058_Program_Timekeeping_Fact_Sheet_021523.pdf,secured-needs-approval
